reference_date,target,horizon,target_end_date,location,output_type,output_type_id,value
2025-11-22,wk inc flu hosp,-1,2025-11-15,01,quantile,0.01,9
2025-11-22,wk inc flu hosp,-1,2025-11-15,01,quantile,0.025,9
2025-11-22,wk inc flu hosp,-1,2025-11-15,01,quantile,0.05,10
2025-11-22,wk inc flu hosp,-1,2025-11-15,01,quantile,0.1,12
2025-11-22,wk inc flu hosp,-1,2025-11-15,01,quantile,0.15,13
2025-11-22,wk inc flu hosp,-1,2025-11-15,01,quantile,0.2,14
2025-11-22,wk inc flu hosp,-1,2025-11-15,01,quantile,0.25,15
2025-11-22,wk inc flu hosp,-1,2025-11-15,01,quantile,0.3,16
2025-11-22,wk inc flu hosp,-1,2025-11-15,01,quantile,0.35,16
2025-11-22,wk inc flu hosp,-1,2025-11-15,01,quantile,0.4,16
2025-11-22,wk inc flu hosp,-1,2025-11-15,01,quantile,0.45,17
2025-11-22,wk inc flu hosp,-1,2025-11-15,01,quantile,0.5,18
2025-11-22,wk inc flu hosp,-1,2025-11-15,01,quantile,0.55,18
2025-11-22,wk inc flu hosp,-1,2025-11-15,01,quantile,0.6,19
2025-11-22,wk inc flu hosp,-1,2025-11-15,01,quantile,0.65,20
2025-11-22,wk inc flu hosp,-1,2025-11-15,01,quantile,0.7,20
2025-11-22,wk inc flu hosp,-1,2025-11-15,01,quantile,0.75,22
2025-11-22,wk inc flu hosp,-1,2025-11-15,01,quantile,0.8,23
2025-11-22,wk inc flu hosp,-1,2025-11-15,01,quantile,0.85,24
2025-11-22,wk inc flu hosp,-1,2025-11-15,01,quantile,0.9,26
2025-11-22,wk inc flu hosp,-1,2025-11-15,01,quantile,0.95,30
2025-11-22,wk inc flu hosp,-1,2025-11-15,01,quantile,0.975,36
2025-11-22,wk inc flu hosp,-1,2025-11-15,01,quantile,0.99,43
2025-11-22,wk inc flu hosp,-1,2025-11-15,02,quantile,0.01,0
2025-11-22,wk inc flu hosp,-1,2025-11-15,02,quantile,0.025,0
2025-11-22,wk inc flu hosp,-1,2025-11-15,02,quantile,0.05,0
2025-11-22,wk inc flu hosp,-1,2025-11-15,02,quantile,0.1,0
2025-11-22,wk inc flu hosp,-1,2025-11-15,02,quantile,0.15,0
2025-11-22,wk inc flu hosp,-1,2025-11-15,02,quantile,0.2,1
2025-11-22,wk inc flu hosp,-1,2025-11-15,02,quantile,0.25,1
2025-11-22,wk inc flu hosp,-1,2025-11-15,02,quantile,0.3,1
2025-11-22,wk inc flu hosp,-1,2025-11-15,02,quantile,0.35,1
2025-11-22,wk inc flu hosp,-1,2025-11-15,02,quantile,0.4,1
2025-11-22,wk inc flu hosp,-1,2025-11-15,02,quantile,0.45,1
2025-11-22,wk inc flu hosp,-1,2025-11-15,02,quantile,0.5,2
2025-11-22,wk inc flu hosp,-1,2025-11-15,02,quantile,0.55,2
2025-11-22,wk inc flu hosp,-1,2025-11-15,02,quantile,0.6,2
2025-11-22,wk inc flu hosp,-1,2025-11-15,02,quantile,0.65,2
2025-11-22,wk inc flu hosp,-1,2025-11-15,02,quantile,0.7,3
2025-11-22,wk inc flu hosp,-1,2025-11-15,02,quantile,0.75,3
2025-11-22,wk inc flu hosp,-1,2025-11-15,02,quantile,0.8,4
2025-11-22,wk inc flu hosp,-1,2025-11-15,02,quantile,0.85,4
2025-11-22,wk inc flu hosp,-1,2025-11-15,02,quantile,0.9,5
2025-11-22,wk inc flu hosp,-1,2025-11-15,02,quantile,0.95,7
2025-11-22,wk inc flu hosp,-1,2025-11-15,02,quantile,0.975,10
2025-11-22,wk inc flu hosp,-1,2025-11-15,02,quantile,0.99,13
2025-11-22,wk inc flu hosp,-1,2025-11-15,04,quantile,0.01,5
2025-11-22,wk inc flu hosp,-1,2025-11-15,04,quantile,0.025,5
2025-11-22,wk inc flu hosp,-1,2025-11-15,04,quantile,0.05,6
2025-11-22,wk inc flu hosp,-1,2025-11-15,04,quantile,0.1,7
2025-11-22,wk inc flu hosp,-1,2025-11-15,04,quantile,0.15,8
2025-11-22,wk inc flu hosp,-1,2025-11-15,04,quantile,0.2,9
2025-11-22,wk inc flu hosp,-1,2025-11-15,04,quantile,0.25,10
2025-11-22,wk inc flu hosp,-1,2025-11-15,04,quantile,0.3,11
2025-11-22,wk inc flu hosp,-1,2025-11-15,04,quantile,0.35,11
2025-11-22,wk inc flu hosp,-1,2025-11-15,04,quantile,0.4,11
2025-11-22,wk inc flu hosp,-1,2025-11-15,04,quantile,0.45,12
2025-11-22,wk inc flu hosp,-1,2025-11-15,04,quantile,0.5,13
2025-11-22,wk inc flu hosp,-1,2025-11-15,04,quantile,0.55,14
2025-11-22,wk inc flu hosp,-1,2025-11-15,04,quantile,0.6,15
2025-11-22,wk inc flu hosp,-1,2025-11-15,04,quantile,0.65,16
2025-11-22,wk inc flu hosp,-1,2025-11-15,04,quantile,0.7,17
2025-11-22,wk inc flu hosp,-1,2025-11-15,04,quantile,0.75,18
2025-11-22,wk inc flu hosp,-1,2025-11-15,04,quantile,0.8,19
2025-11-22,wk inc flu hosp,-1,2025-11-15,04,quantile,0.85,21
2025-11-22,wk inc flu hosp,-1,2025-11-15,04,quantile,0.9,24
2025-11-22,wk inc flu hosp,-1,2025-11-15,04,quantile,0.95,30
2025-11-22,wk inc flu hosp,-1,2025-11-15,04,quantile,0.975,37
2025-11-22,wk inc flu hosp,-1,2025-11-15,04,quantile,0.99,47
2025-11-22,wk inc flu hosp,-1,2025-11-15,05,quantile,0.01,2
2025-11-22,wk inc flu hosp,-1,2025-11-15,05,quantile,0.025,2
2025-11-22,wk inc flu hosp,-1,2025-11-15,05,quantile,0.05,3
2025-11-22,wk inc flu hosp,-1,2025-11-15,05,quantile,0.1,3
2025-11-22,wk inc flu hosp,-1,2025-11-15,05,quantile,0.15,4
2025-11-22,wk inc flu hosp,-1,2025-11-15,05,quantile,0.2,4
2025-11-22,wk inc flu hosp,-1,2025-11-15,05,quantile,0.25,5
2025-11-22,wk inc flu hosp,-1,2025-11-15,05,quantile,0.3,5
2025-11-22,wk inc flu hosp,-1,2025-11-15,05,quantile,0.35,5
2025-11-22,wk inc flu hosp,-1,2025-11-15,05,quantile,0.4,5
2025-11-22,wk inc flu hosp,-1,2025-11-15,05,quantile,0.45,6
2025-11-22,wk inc flu hosp,-1,2025-11-15,05,quantile,0.5,6
2025-11-22,wk inc flu hosp,-1,2025-11-15,05,quantile,0.55,7
2025-11-22,wk inc flu hosp,-1,2025-11-15,05,quantile,0.6,7
2025-11-22,wk inc flu hosp,-1,2025-11-15,05,quantile,0.65,8
2025-11-22,wk inc flu hosp,-1,2025-11-15,05,quantile,0.7,8
2025-11-22,wk inc flu hosp,-1,2025-11-15,05,quantile,0.75,9
2025-11-22,wk inc flu hosp,-1,2025-11-15,05,quantile,0.8,10
2025-11-22,wk inc flu hosp,-1,2025-11-15,05,quantile,0.85,11
2025-11-22,wk inc flu hosp,-1,2025-11-15,05,quantile,0.9,12
2025-11-22,wk inc flu hosp,-1,2025-11-15,05,quantile,0.95,15
2025-11-22,wk inc flu hosp,-1,2025-11-15,05,quantile,0.975,19
2025-11-22,wk inc flu hosp,-1,2025-11-15,05,quantile,0.99,24
2025-11-22,wk inc flu hosp,-1,2025-11-15,06,quantile,0.01,104
2025-11-22,wk inc flu hosp,-1,2025-11-15,06,quantile,0.025,105
2025-11-22,wk inc flu hosp,-1,2025-11-15,06,quantile,0.05,113
2025-11-22,wk inc flu hosp,-1,2025-11-15,06,quantile,0.1,122
2025-11-22,wk inc flu hosp,-1,2025-11-15,06,quantile,0.15,130
2025-11-22,wk inc flu hosp,-1,2025-11-15,06,quantile,0.2,133
2025-11-22,wk inc flu hosp,-1,2025-11-15,06,quantile,0.25,138
2025-11-22,wk inc flu hosp,-1,2025-11-15,06,quantile,0.3,141
2025-11-22,wk inc flu hosp,-1,2025-11-15,06,quantile,0.35,142
2025-11-22,wk inc flu hosp,-1,2025-11-15,06,quantile,0.4,143
2025-11-22,wk inc flu hosp,-1,2025-11-15,06,quantile,0.45,146
2025-11-22,wk inc flu hosp,-1,2025-11-15,06,quantile,0.5,150
2025-11-22,wk inc flu hosp,-1,2025-11-15,06,quantile,0.55,152
2025-11-22,wk inc flu hosp,-1,2025-11-15,06,quantile,0.6,155
2025-11-22,wk inc flu hosp,-1,2025-11-15,06,quantile,0.65,158
2025-11-22,wk inc flu hosp,-1,2025-11-15,06,quantile,0.7,162
2025-11-22,wk inc flu hosp,-1,2025-11-15,06,quantile,0.75,165
2025-11-22,wk inc flu hosp,-1,2025-11-15,06,quantile,0.8,170
2025-11-22,wk inc flu hosp,-1,2025-11-15,06,quantile,0.85,176
2025-11-22,wk inc flu hosp,-1,2025-11-15,06,quantile,0.9,183
2025-11-22,wk inc flu hosp,-1,2025-11-15,06,quantile,0.95,197
2025-11-22,wk inc flu hosp,-1,2025-11-15,06,quantile,0.975,216
2025-11-22,wk inc flu hosp,-1,2025-11-15,06,quantile,0.99,238
2025-11-22,wk inc flu hosp,-1,2025-11-15,08,quantile,0.01,8
2025-11-22,wk inc flu hosp,-1,2025-11-15,08,quantile,0.025,8
2025-11-22,wk inc flu hosp,-1,2025-11-15,08,quantile,0.05,10
2025-11-22,wk inc flu hosp,-1,2025-11-15,08,quantile,0.1,12
2025-11-22,wk inc flu hosp,-1,2025-11-15,08,quantile,0.15,14
2025-11-22,wk inc flu hosp,-1,2025-11-15,08,quantile,0.2,16
2025-11-22,wk inc flu hosp,-1,2025-11-15,08,quantile,0.25,17
2025-11-22,wk inc flu hosp,-1,2025-11-15,08,quantile,0.3,18
2025-11-22,wk inc flu hosp,-1,2025-11-15,08,quantile,0.35,19
2025-11-22,wk inc flu hosp,-1,2025-11-15,08,quantile,0.4,19
2025-11-22,wk inc flu hosp,-1,2025-11-15,08,quantile,0.45,20
2025-11-22,wk inc flu hosp,-1,2025-11-15,08,quantile,0.5,22
2025-11-22,wk inc flu hosp,-1,2025-11-15,08,quantile,0.55,23
2025-11-22,wk inc flu hosp,-1,2025-11-15,08,quantile,0.6,24
2025-11-22,wk inc flu hosp,-1,2025-11-15,08,quantile,0.65,26
2025-11-22,wk inc flu hosp,-1,2025-11-15,08,quantile,0.7,27
2025-11-22,wk inc flu hosp,-1,2025-11-15,08,quantile,0.75,29
2025-11-22,wk inc flu hosp,-1,2025-11-15,08,quantile,0.8,30
2025-11-22,wk inc flu hosp,-1,2025-11-15,08,quantile,0.85,33
2025-11-22,wk inc flu hosp,-1,2025-11-15,08,quantile,0.9,37
2025-11-22,wk inc flu hosp,-1,2025-11-15,08,quantile,0.95,45
2025-11-22,wk inc flu hosp,-1,2025-11-15,08,quantile,0.975,54
2025-11-22,wk inc flu hosp,-1,2025-11-15,08,quantile,0.99,67
2025-11-22,wk inc flu hosp,-1,2025-11-15,09,quantile,0.01,4
2025-11-22,wk inc flu hosp,-1,2025-11-15,09,quantile,0.025,4
2025-11-22,wk inc flu hosp,-1,2025-11-15,09,quantile,0.05,5
2025-11-22,wk inc flu hosp,-1,2025-11-15,09,quantile,0.1,6
2025-11-22,wk inc flu hosp,-1,2025-11-15,09,quantile,0.15,7
2025-11-22,wk inc flu hosp,-1,2025-11-15,09,quantile,0.2,8
2025-11-22,wk inc flu hosp,-1,2025-11-15,09,quantile,0.25,9
2025-11-22,wk inc flu hosp,-1,2025-11-15,09,quantile,0.3,9
2025-11-22,wk inc flu hosp,-1,2025-11-15,09,quantile,0.35,10
2025-11-22,wk inc flu hosp,-1,2025-11-15,09,quantile,0.4,10
2025-11-22,wk inc flu hosp,-1,2025-11-15,09,quantile,0.45,11
2025-11-22,wk inc flu hosp,-1,2025-11-15,09,quantile,0.5,11
2025-11-22,wk inc flu hosp,-1,2025-11-15,09,quantile,0.55,12
2025-11-22,wk inc flu hosp,-1,2025-11-15,09,quantile,0.6,13
2025-11-22,wk inc flu hosp,-1,2025-11-15,09,quantile,0.65,14
2025-11-22,wk inc flu hosp,-1,2025-11-15,09,quantile,0.7,15
2025-11-22,wk inc flu hosp,-1,2025-11-15,09,quantile,0.75,16
2025-11-22,wk inc flu hosp,-1,2025-11-15,09,quantile,0.8,17
2025-11-22,wk inc flu hosp,-1,2025-11-15,09,quantile,0.85,19
2025-11-22,wk inc flu hosp,-1,2025-11-15,09,quantile,0.9,21
2025-11-22,wk inc flu hosp,-1,2025-11-15,09,quantile,0.95,26
2025-11-22,wk inc flu hosp,-1,2025-11-15,09,quantile,0.975,32
2025-11-22,wk inc flu hosp,-1,2025-11-15,09,quantile,0.99,40
2025-11-22,wk inc flu hosp,-1,2025-11-15,10,quantile,0.01,0
2025-11-22,wk inc flu hosp,-1,2025-11-15,10,quantile,0.025,0
2025-11-22,wk inc flu hosp,-1,2025-11-15,10,quantile,0.05,0
2025-11-22,wk inc flu hosp,-1,2025-11-15,10,quantile,0.1,0
2025-11-22,wk inc flu hosp,-1,2025-11-15,10,quantile,0.15,1
2025-11-22,wk inc flu hosp,-1,2025-11-15,10,quantile,0.2,1
2025-11-22,wk inc flu hosp,-1,2025-11-15,10,quantile,0.25,1
2025-11-22,wk inc flu hosp,-1,2025-11-15,10,quantile,0.3,1
2025-11-22,wk inc flu hosp,-1,2025-11-15,10,quantile,0.35,2
2025-11-22,wk inc flu hosp,-1,2025-11-15,10,quantile,0.4,2
2025-11-22,wk inc flu hosp,-1,2025-11-15,10,quantile,0.45,2
2025-11-22,wk inc flu hosp,-1,2025-11-15,10,quantile,0.5,2
2025-11-22,wk inc flu hosp,-1,2025-11-15,10,quantile,0.55,2
2025-11-22,wk inc flu hosp,-1,2025-11-15,10,quantile,0.6,3
2025-11-22,wk inc flu hosp,-1,2025-11-15,10,quantile,0.65,3
2025-11-22,wk inc flu hosp,-1,2025-11-15,10,quantile,0.7,4
2025-11-22,wk inc flu hosp,-1,2025-11-15,10,quantile,0.75,4
2025-11-22,wk inc flu hosp,-1,2025-11-15,10,quantile,0.8,5
2025-11-22,wk inc flu hosp,-1,2025-11-15,10,quantile,0.85,6
2025-11-22,wk inc flu hosp,-1,2025-11-15,10,quantile,0.9,7
2025-11-22,wk inc flu hosp,-1,2025-11-15,10,quantile,0.95,9
2025-11-22,wk inc flu hosp,-1,2025-11-15,10,quantile,0.975,12
2025-11-22,wk inc flu hosp,-1,2025-11-15,10,quantile,0.99,16
2025-11-22,wk inc flu hosp,-1,2025-11-15,11,quantile,0.01,0
2025-11-22,wk inc flu hosp,-1,2025-11-15,11,quantile,0.025,0
2025-11-22,wk inc flu hosp,-1,2025-11-15,11,quantile,0.05,0
2025-11-22,wk inc flu hosp,-1,2025-11-15,11,quantile,0.1,0
2025-11-22,wk inc flu hosp,-1,2025-11-15,11,quantile,0.15,0
2025-11-22,wk inc flu hosp,-1,2025-11-15,11,quantile,0.2,0
2025-11-22,wk inc flu hosp,-1,2025-11-15,11,quantile,0.25,1
2025-11-22,wk inc flu hosp,-1,2025-11-15,11,quantile,0.3,1
2025-11-22,wk inc flu hosp,-1,2025-11-15,11,quantile,0.35,1
2025-11-22,wk inc flu hosp,-1,2025-11-15,11,quantile,0.4,1
2025-11-22,wk inc flu hosp,-1,2025-11-15,11,quantile,0.45,1
2025-11-22,wk inc flu hosp,-1,2025-11-15,11,quantile,0.5,1
2025-11-22,wk inc flu hosp,-1,2025-11-15,11,quantile,0.55,1
2025-11-22,wk inc flu hosp,-1,2025-11-15,11,quantile,0.6,2
2025-11-22,wk inc flu hosp,-1,2025-11-15,11,quantile,0.65,2
2025-11-22,wk inc flu hosp,-1,2025-11-15,11,quantile,0.7,2
2025-11-22,wk inc flu hosp,-1,2025-11-15,11,quantile,0.75,3
2025-11-22,wk inc flu hosp,-1,2025-11-15,11,quantile,0.8,3
2025-11-22,wk inc flu hosp,-1,2025-11-15,11,quantile,0.85,4
2025-11-22,wk inc flu hosp,-1,2025-11-15,11,quantile,0.9,4
2025-11-22,wk inc flu hosp,-1,2025-11-15,11,quantile,0.95,6
2025-11-22,wk inc flu hosp,-1,2025-11-15,11,quantile,0.975,8
2025-11-22,wk inc flu hosp,-1,2025-11-15,11,quantile,0.99,12
2025-11-22,wk inc flu hosp,-1,2025-11-15,12,quantile,0.01,166
2025-11-22,wk inc flu hosp,-1,2025-11-15,12,quantile,0.025,167
2025-11-22,wk inc flu hosp,-1,2025-11-15,12,quantile,0.05,181
2025-11-22,wk inc flu hosp,-1,2025-11-15,12,quantile,0.1,197
2025-11-22,wk inc flu hosp,-1,2025-11-15,12,quantile,0.15,211
2025-11-22,wk inc flu hosp,-1,2025-11-15,12,quantile,0.2,219
2025-11-22,wk inc flu hosp,-1,2025-11-15,12,quantile,0.25,231
2025-11-22,wk inc flu hosp,-1,2025-11-15,12,quantile,0.3,237
2025-11-22,wk inc flu hosp,-1,2025-11-15,12,quantile,0.35,240
2025-11-22,wk inc flu hosp,-1,2025-11-15,12,quantile,0.4,243
2025-11-22,wk inc flu hosp,-1,2025-11-15,12,quantile,0.45,249
2025-11-22,wk inc flu hosp,-1,2025-11-15,12,quantile,0.5,257
2025-11-22,wk inc flu hosp,-1,2025-11-15,12,quantile,0.55,262
2025-11-22,wk inc flu hosp,-1,2025-11-15,12,quantile,0.6,270
2025-11-22,wk inc flu hosp,-1,2025-11-15,12,quantile,0.65,278
2025-11-22,wk inc flu hosp,-1,2025-11-15,12,quantile,0.7,286
2025-11-22,wk inc flu hosp,-1,2025-11-15,12,quantile,0.75,294
2025-11-22,wk inc flu hosp,-1,2025-11-15,12,quantile,0.8,305
2025-11-22,wk inc flu hosp,-1,2025-11-15,12,quantile,0.85,318
2025-11-22,wk inc flu hosp,-1,2025-11-15,12,quantile,0.9,337
2025-11-22,wk inc flu hosp,-1,2025-11-15,12,quantile,0.95,372
2025-11-22,wk inc flu hosp,-1,2025-11-15,12,quantile,0.975,417
2025-11-22,wk inc flu hosp,-1,2025-11-15,12,quantile,0.99,470
2025-11-22,wk inc flu hosp,-1,2025-11-15,13,quantile,0.01,19
2025-11-22,wk inc flu hosp,-1,2025-11-15,13,quantile,0.025,19
2025-11-22,wk inc flu hosp,-1,2025-11-15,13,quantile,0.05,22
2025-11-22,wk inc flu hosp,-1,2025-11-15,13,quantile,0.1,24
2025-11-22,wk inc flu hosp,-1,2025-11-15,13,quantile,0.15,27
2025-11-22,wk inc flu hosp,-1,2025-11-15,13,quantile,0.2,29
2025-11-22,wk inc flu hosp,-1,2025-11-15,13,quantile,0.25,32
2025-11-22,wk inc flu hosp,-1,2025-11-15,13,quantile,0.3,33
2025-11-22,wk inc flu hosp,-1,2025-11-15,13,quantile,0.35,34
2025-11-22,wk inc flu hosp,-1,2025-11-15,13,quantile,0.4,35
2025-11-22,wk inc flu hosp,-1,2025-11-15,13,quantile,0.45,36
2025-11-22,wk inc flu hosp,-1,2025-11-15,13,quantile,0.5,39
2025-11-22,wk inc flu hosp,-1,2025-11-15,13,quantile,0.55,40
2025-11-22,wk inc flu hosp,-1,2025-11-15,13,quantile,0.6,42
2025-11-22,wk inc flu hosp,-1,2025-11-15,13,quantile,0.65,44
2025-11-22,wk inc flu hosp,-1,2025-11-15,13,quantile,0.7,46
2025-11-22,wk inc flu hosp,-1,2025-11-15,13,quantile,0.75,49
2025-11-22,wk inc flu hosp,-1,2025-11-15,13,quantile,0.8,51
2025-11-22,wk inc flu hosp,-1,2025-11-15,13,quantile,0.85,55
2025-11-22,wk inc flu hosp,-1,2025-11-15,13,quantile,0.9,61
2025-11-22,wk inc flu hosp,-1,2025-11-15,13,quantile,0.95,71
2025-11-22,wk inc flu hosp,-1,2025-11-15,13,quantile,0.975,85
2025-11-22,wk inc flu hosp,-1,2025-11-15,13,quantile,0.99,102
2025-11-22,wk inc flu hosp,-1,2025-11-15,15,quantile,0.01,1
2025-11-22,wk inc flu hosp,-1,2025-11-15,15,quantile,0.025,1
2025-11-22,wk inc flu hosp,-1,2025-11-15,15,quantile,0.05,2
2025-11-22,wk inc flu hosp,-1,2025-11-15,15,quantile,0.1,2
2025-11-22,wk inc flu hosp,-1,2025-11-15,15,quantile,0.15,3
2025-11-22,wk inc flu hosp,-1,2025-11-15,15,quantile,0.2,4
2025-11-22,wk inc flu hosp,-1,2025-11-15,15,quantile,0.25,5
2025-11-22,wk inc flu hosp,-1,2025-11-15,15,quantile,0.3,5
2025-11-22,wk inc flu hosp,-1,2025-11-15,15,quantile,0.35,5
2025-11-22,wk inc flu hosp,-1,2025-11-15,15,quantile,0.4,5
2025-11-22,wk inc flu hosp,-1,2025-11-15,15,quantile,0.45,6
2025-11-22,wk inc flu hosp,-1,2025-11-15,15,quantile,0.5,7
2025-11-22,wk inc flu hosp,-1,2025-11-15,15,quantile,0.55,7
2025-11-22,wk inc flu hosp,-1,2025-11-15,15,quantile,0.6,8
2025-11-22,wk inc flu hosp,-1,2025-11-15,15,quantile,0.65,8
2025-11-22,wk inc flu hosp,-1,2025-11-15,15,quantile,0.7,9
2025-11-22,wk inc flu hosp,-1,2025-11-15,15,quantile,0.75,10
2025-11-22,wk inc flu hosp,-1,2025-11-15,15,quantile,0.8,11
2025-11-22,wk inc flu hosp,-1,2025-11-15,15,quantile,0.85,13
2025-11-22,wk inc flu hosp,-1,2025-11-15,15,quantile,0.9,15
2025-11-22,wk inc flu hosp,-1,2025-11-15,15,quantile,0.95,19
2025-11-22,wk inc flu hosp,-1,2025-11-15,15,quantile,0.975,24
2025-11-22,wk inc flu hosp,-1,2025-11-15,15,quantile,0.99,31
2025-11-22,wk inc flu hosp,-1,2025-11-15,16,quantile,0.01,4
2025-11-22,wk inc flu hosp,-1,2025-11-15,16,quantile,0.025,4
2025-11-22,wk inc flu hosp,-1,2025-11-15,16,quantile,0.05,5
2025-11-22,wk inc flu hosp,-1,2025-11-15,16,quantile,0.1,6
2025-11-22,wk inc flu hosp,-1,2025-11-15,16,quantile,0.15,7
2025-11-22,wk inc flu hosp,-1,2025-11-15,16,quantile,0.2,8
2025-11-22,wk inc flu hosp,-1,2025-11-15,16,quantile,0.25,9
2025-11-22,wk inc flu hosp,-1,2025-11-15,16,quantile,0.3,9
2025-11-22,wk inc flu hosp,-1,2025-11-15,16,quantile,0.35,9
2025-11-22,wk inc flu hosp,-1,2025-11-15,16,quantile,0.4,10
2025-11-22,wk inc flu hosp,-1,2025-11-15,16,quantile,0.45,11
2025-11-22,wk inc flu hosp,-1,2025-11-15,16,quantile,0.5,11
2025-11-22,wk inc flu hosp,-1,2025-11-15,16,quantile,0.55,12
2025-11-22,wk inc flu hosp,-1,2025-11-15,16,quantile,0.6,13
2025-11-22,wk inc flu hosp,-1,2025-11-15,16,quantile,0.65,14
2025-11-22,wk inc flu hosp,-1,2025-11-15,16,quantile,0.7,15
2025-11-22,wk inc flu hosp,-1,2025-11-15,16,quantile,0.75,16
2025-11-22,wk inc flu hosp,-1,2025-11-15,16,quantile,0.8,17
2025-11-22,wk inc flu hosp,-1,2025-11-15,16,quantile,0.85,20
2025-11-22,wk inc flu hosp,-1,2025-11-15,16,quantile,0.9,22
2025-11-22,wk inc flu hosp,-1,2025-11-15,16,quantile,0.95,28
2025-11-22,wk inc flu hosp,-1,2025-11-15,16,quantile,0.975,35
2025-11-22,wk inc flu hosp,-1,2025-11-15,16,quantile,0.99,45
2025-11-22,wk inc flu hosp,-1,2025-11-15,17,quantile,0.01,14
2025-11-22,wk inc flu hosp,-1,2025-11-15,17,quantile,0.025,14
2025-11-22,wk inc flu hosp,-1,2025-11-15,17,quantile,0.05,17
2025-11-22,wk inc flu hosp,-1,2025-11-15,17,quantile,0.1,19
2025-11-22,wk inc flu hosp,-1,2025-11-15,17,quantile,0.15,21
2025-11-22,wk inc flu hosp,-1,2025-11-15,17,quantile,0.2,23
2025-11-22,wk inc flu hosp,-1,2025-11-15,17,quantile,0.25,25
2025-11-22,wk inc flu hosp,-1,2025-11-15,17,quantile,0.3,26
2025-11-22,wk inc flu hosp,-1,2025-11-15,17,quantile,0.35,26
2025-11-22,wk inc flu hosp,-1,2025-11-15,17,quantile,0.4,27
2025-11-22,wk inc flu hosp,-1,2025-11-15,17,quantile,0.45,28
2025-11-22,wk inc flu hosp,-1,2025-11-15,17,quantile,0.5,29
2025-11-22,wk inc flu hosp,-1,2025-11-15,17,quantile,0.55,30
2025-11-22,wk inc flu hosp,-1,2025-11-15,17,quantile,0.6,32
2025-11-22,wk inc flu hosp,-1,2025-11-15,17,quantile,0.65,33
2025-11-22,wk inc flu hosp,-1,2025-11-15,17,quantile,0.7,35
2025-11-22,wk inc flu hosp,-1,2025-11-15,17,quantile,0.75,36
2025-11-22,wk inc flu hosp,-1,2025-11-15,17,quantile,0.8,39
2025-11-22,wk inc flu hosp,-1,2025-11-15,17,quantile,0.85,41
2025-11-22,wk inc flu hosp,-1,2025-11-15,17,quantile,0.9,45
2025-11-22,wk inc flu hosp,-1,2025-11-15,17,quantile,0.95,53
2025-11-22,wk inc flu hosp,-1,2025-11-15,17,quantile,0.975,62
2025-11-22,wk inc flu hosp,-1,2025-11-15,17,quantile,0.99,73
2025-11-22,wk inc flu hosp,-1,2025-11-15,18,quantile,0.01,10
2025-11-22,wk inc flu hosp,-1,2025-11-15,18,quantile,0.025,10
2025-11-22,wk inc flu hosp,-1,2025-11-15,18,quantile,0.05,11
2025-11-22,wk inc flu hosp,-1,2025-11-15,18,quantile,0.1,13
2025-11-22,wk inc flu hosp,-1,2025-11-15,18,quantile,0.15,15
2025-11-22,wk inc flu hosp,-1,2025-11-15,18,quantile,0.2,16
2025-11-22,wk inc flu hosp,-1,2025-11-15,18,quantile,0.25,17
2025-11-22,wk inc flu hosp,-1,2025-11-15,18,quantile,0.3,18
2025-11-22,wk inc flu hosp,-1,2025-11-15,18,quantile,0.35,18
2025-11-22,wk inc flu hosp,-1,2025-11-15,18,quantile,0.4,19
2025-11-22,wk inc flu hosp,-1,2025-11-15,18,quantile,0.45,20
2025-11-22,wk inc flu hosp,-1,2025-11-15,18,quantile,0.5,21
2025-11-22,wk inc flu hosp,-1,2025-11-15,18,quantile,0.55,21
2025-11-22,wk inc flu hosp,-1,2025-11-15,18,quantile,0.6,23
2025-11-22,wk inc flu hosp,-1,2025-11-15,18,quantile,0.65,24
2025-11-22,wk inc flu hosp,-1,2025-11-15,18,quantile,0.7,25
2025-11-22,wk inc flu hosp,-1,2025-11-15,18,quantile,0.75,26
2025-11-22,wk inc flu hosp,-1,2025-11-15,18,quantile,0.8,27
2025-11-22,wk inc flu hosp,-1,2025-11-15,18,quantile,0.85,30
2025-11-22,wk inc flu hosp,-1,2025-11-15,18,quantile,0.9,32
2025-11-22,wk inc flu hosp,-1,2025-11-15,18,quantile,0.95,38
2025-11-22,wk inc flu hosp,-1,2025-11-15,18,quantile,0.975,45
2025-11-22,wk inc flu hosp,-1,2025-11-15,18,quantile,0.99,54
2025-11-22,wk inc flu hosp,-1,2025-11-15,19,quantile,0.01,0
2025-11-22,wk inc flu hosp,-1,2025-11-15,19,quantile,0.025,0
2025-11-22,wk inc flu hosp,-1,2025-11-15,19,quantile,0.05,0
2025-11-22,wk inc flu hosp,-1,2025-11-15,19,quantile,0.1,0
2025-11-22,wk inc flu hosp,-1,2025-11-15,19,quantile,0.15,1
2025-11-22,wk inc flu hosp,-1,2025-11-15,19,quantile,0.2,2
2025-11-22,wk inc flu hosp,-1,2025-11-15,19,quantile,0.25,2
2025-11-22,wk inc flu hosp,-1,2025-11-15,19,quantile,0.3,2
2025-11-22,wk inc flu hosp,-1,2025-11-15,19,quantile,0.35,3
2025-11-22,wk inc flu hosp,-1,2025-11-15,19,quantile,0.4,3
2025-11-22,wk inc flu hosp,-1,2025-11-15,19,quantile,0.45,3
2025-11-22,wk inc flu hosp,-1,2025-11-15,19,quantile,0.5,4
2025-11-22,wk inc flu hosp,-1,2025-11-15,19,quantile,0.55,4
2025-11-22,wk inc flu hosp,-1,2025-11-15,19,quantile,0.6,5
2025-11-22,wk inc flu hosp,-1,2025-11-15,19,quantile,0.65,6
2025-11-22,wk inc flu hosp,-1,2025-11-15,19,quantile,0.7,6
2025-11-22,wk inc flu hosp,-1,2025-11-15,19,quantile,0.75,7
2025-11-22,wk inc flu hosp,-1,2025-11-15,19,quantile,0.8,8
2025-11-22,wk inc flu hosp,-1,2025-11-15,19,quantile,0.85,9
2025-11-22,wk inc flu hosp,-1,2025-11-15,19,quantile,0.9,11
2025-11-22,wk inc flu hosp,-1,2025-11-15,19,quantile,0.95,15
2025-11-22,wk inc flu hosp,-1,2025-11-15,19,quantile,0.975,19
2025-11-22,wk inc flu hosp,-1,2025-11-15,19,quantile,0.99,26
2025-11-22,wk inc flu hosp,-1,2025-11-15,20,quantile,0.01,3
2025-11-22,wk inc flu hosp,-1,2025-11-15,20,quantile,0.025,3
2025-11-22,wk inc flu hosp,-1,2025-11-15,20,quantile,0.05,4
2025-11-22,wk inc flu hosp,-1,2025-11-15,20,quantile,0.1,4
2025-11-22,wk inc flu hosp,-1,2025-11-15,20,quantile,0.15,5
2025-11-22,wk inc flu hosp,-1,2025-11-15,20,quantile,0.2,6
2025-11-22,wk inc flu hosp,-1,2025-11-15,20,quantile,0.25,6
2025-11-22,wk inc flu hosp,-1,2025-11-15,20,quantile,0.3,7
2025-11-22,wk inc flu hosp,-1,2025-11-15,20,quantile,0.35,7
2025-11-22,wk inc flu hosp,-1,2025-11-15,20,quantile,0.4,7
2025-11-22,wk inc flu hosp,-1,2025-11-15,20,quantile,0.45,8
2025-11-22,wk inc flu hosp,-1,2025-11-15,20,quantile,0.5,8
2025-11-22,wk inc flu hosp,-1,2025-11-15,20,quantile,0.55,8
2025-11-22,wk inc flu hosp,-1,2025-11-15,20,quantile,0.6,9
2025-11-22,wk inc flu hosp,-1,2025-11-15,20,quantile,0.65,10
2025-11-22,wk inc flu hosp,-1,2025-11-15,20,quantile,0.7,10
2025-11-22,wk inc flu hosp,-1,2025-11-15,20,quantile,0.75,11
2025-11-22,wk inc flu hosp,-1,2025-11-15,20,quantile,0.8,12
2025-11-22,wk inc flu hosp,-1,2025-11-15,20,quantile,0.85,13
2025-11-22,wk inc flu hosp,-1,2025-11-15,20,quantile,0.9,14
2025-11-22,wk inc flu hosp,-1,2025-11-15,20,quantile,0.95,17
2025-11-22,wk inc flu hosp,-1,2025-11-15,20,quantile,0.975,21
2025-11-22,wk inc flu hosp,-1,2025-11-15,20,quantile,0.99,26
2025-11-22,wk inc flu hosp,-1,2025-11-15,21,quantile,0.01,7
2025-11-22,wk inc flu hosp,-1,2025-11-15,21,quantile,0.025,7
2025-11-22,wk inc flu hosp,-1,2025-11-15,21,quantile,0.05,8
2025-11-22,wk inc flu hosp,-1,2025-11-15,21,quantile,0.1,9
2025-11-22,wk inc flu hosp,-1,2025-11-15,21,quantile,0.15,11
2025-11-22,wk inc flu hosp,-1,2025-11-15,21,quantile,0.2,12
2025-11-22,wk inc flu hosp,-1,2025-11-15,21,quantile,0.25,13
2025-11-22,wk inc flu hosp,-1,2025-11-15,21,quantile,0.3,14
2025-11-22,wk inc flu hosp,-1,2025-11-15,21,quantile,0.35,14
2025-11-22,wk inc flu hosp,-1,2025-11-15,21,quantile,0.4,15
2025-11-22,wk inc flu hosp,-1,2025-11-15,21,quantile,0.45,15
2025-11-22,wk inc flu hosp,-1,2025-11-15,21,quantile,0.5,16
2025-11-22,wk inc flu hosp,-1,2025-11-15,21,quantile,0.55,17
2025-11-22,wk inc flu hosp,-1,2025-11-15,21,quantile,0.6,18
2025-11-22,wk inc flu hosp,-1,2025-11-15,21,quantile,0.65,19
2025-11-22,wk inc flu hosp,-1,2025-11-15,21,quantile,0.7,20
2025-11-22,wk inc flu hosp,-1,2025-11-15,21,quantile,0.75,22
2025-11-22,wk inc flu hosp,-1,2025-11-15,21,quantile,0.8,23
2025-11-22,wk inc flu hosp,-1,2025-11-15,21,quantile,0.85,25
2025-11-22,wk inc flu hosp,-1,2025-11-15,21,quantile,0.9,28
2025-11-22,wk inc flu hosp,-1,2025-11-15,21,quantile,0.95,34
2025-11-22,wk inc flu hosp,-1,2025-11-15,21,quantile,0.975,41
2025-11-22,wk inc flu hosp,-1,2025-11-15,21,quantile,0.99,51
2025-11-22,wk inc flu hosp,-1,2025-11-15,22,quantile,0.01,36
2025-11-22,wk inc flu hosp,-1,2025-11-15,22,quantile,0.025,36
2025-11-22,wk inc flu hosp,-1,2025-11-15,22,quantile,0.05,41
2025-11-22,wk inc flu hosp,-1,2025-11-15,22,quantile,0.1,47
2025-11-22,wk inc flu hosp,-1,2025-11-15,22,quantile,0.15,51
2025-11-22,wk inc flu hosp,-1,2025-11-15,22,quantile,0.2,53
2025-11-22,wk inc flu hosp,-1,2025-11-15,22,quantile,0.25,57
2025-11-22,wk inc flu hosp,-1,2025-11-15,22,quantile,0.3,58
2025-11-22,wk inc flu hosp,-1,2025-11-15,22,quantile,0.35,59
2025-11-22,wk inc flu hosp,-1,2025-11-15,22,quantile,0.4,60
2025-11-22,wk inc flu hosp,-1,2025-11-15,22,quantile,0.45,62
2025-11-22,wk inc flu hosp,-1,2025-11-15,22,quantile,0.5,64
2025-11-22,wk inc flu hosp,-1,2025-11-15,22,quantile,0.55,65
2025-11-22,wk inc flu hosp,-1,2025-11-15,22,quantile,0.6,68
2025-11-22,wk inc flu hosp,-1,2025-11-15,22,quantile,0.65,70
2025-11-22,wk inc flu hosp,-1,2025-11-15,22,quantile,0.7,72
2025-11-22,wk inc flu hosp,-1,2025-11-15,22,quantile,0.75,74
2025-11-22,wk inc flu hosp,-1,2025-11-15,22,quantile,0.8,77
2025-11-22,wk inc flu hosp,-1,2025-11-15,22,quantile,0.85,81
2025-11-22,wk inc flu hosp,-1,2025-11-15,22,quantile,0.9,86
2025-11-22,wk inc flu hosp,-1,2025-11-15,22,quantile,0.95,96
2025-11-22,wk inc flu hosp,-1,2025-11-15,22,quantile,0.975,109
2025-11-22,wk inc flu hosp,-1,2025-11-15,22,quantile,0.99,124
2025-11-22,wk inc flu hosp,-1,2025-11-15,23,quantile,0.01,0
2025-11-22,wk inc flu hosp,-1,2025-11-15,23,quantile,0.025,0
2025-11-22,wk inc flu hosp,-1,2025-11-15,23,quantile,0.05,1
2025-11-22,wk inc flu hosp,-1,2025-11-15,23,quantile,0.1,1
2025-11-22,wk inc flu hosp,-1,2025-11-15,23,quantile,0.15,1
2025-11-22,wk inc flu hosp,-1,2025-11-15,23,quantile,0.2,1
2025-11-22,wk inc flu hosp,-1,2025-11-15,23,quantile,0.25,2
2025-11-22,wk inc flu hosp,-1,2025-11-15,23,quantile,0.3,2
2025-11-22,wk inc flu hosp,-1,2025-11-15,23,quantile,0.35,2
2025-11-22,wk inc flu hosp,-1,2025-11-15,23,quantile,0.4,2
2025-11-22,wk inc flu hosp,-1,2025-11-15,23,quantile,0.45,2
2025-11-22,wk inc flu hosp,-1,2025-11-15,23,quantile,0.5,3
2025-11-22,wk inc flu hosp,-1,2025-11-15,23,quantile,0.55,3
2025-11-22,wk inc flu hosp,-1,2025-11-15,23,quantile,0.6,3
2025-11-22,wk inc flu hosp,-1,2025-11-15,23,quantile,0.65,4
2025-11-22,wk inc flu hosp,-1,2025-11-15,23,quantile,0.7,4
2025-11-22,wk inc flu hosp,-1,2025-11-15,23,quantile,0.75,4
2025-11-22,wk inc flu hosp,-1,2025-11-15,23,quantile,0.8,5
2025-11-22,wk inc flu hosp,-1,2025-11-15,23,quantile,0.85,5
2025-11-22,wk inc flu hosp,-1,2025-11-15,23,quantile,0.9,6
2025-11-22,wk inc flu hosp,-1,2025-11-15,23,quantile,0.95,9
2025-11-22,wk inc flu hosp,-1,2025-11-15,23,quantile,0.975,11
2025-11-22,wk inc flu hosp,-1,2025-11-15,23,quantile,0.99,15
2025-11-22,wk inc flu hosp,-1,2025-11-15,24,quantile,0.01,5
2025-11-22,wk inc flu hosp,-1,2025-11-15,24,quantile,0.025,5
2025-11-22,wk inc flu hosp,-1,2025-11-15,24,quantile,0.05,6
2025-11-22,wk inc flu hosp,-1,2025-11-15,24,quantile,0.1,7
2025-11-22,wk inc flu hosp,-1,2025-11-15,24,quantile,0.15,9
2025-11-22,wk inc flu hosp,-1,2025-11-15,24,quantile,0.2,10
2025-11-22,wk inc flu hosp,-1,2025-11-15,24,quantile,0.25,11
2025-11-22,wk inc flu hosp,-1,2025-11-15,24,quantile,0.3,12
2025-11-22,wk inc flu hosp,-1,2025-11-15,24,quantile,0.35,12
2025-11-22,wk inc flu hosp,-1,2025-11-15,24,quantile,0.4,13
2025-11-22,wk inc flu hosp,-1,2025-11-15,24,quantile,0.45,14
2025-11-22,wk inc flu hosp,-1,2025-11-15,24,quantile,0.5,15
2025-11-22,wk inc flu hosp,-1,2025-11-15,24,quantile,0.55,15
2025-11-22,wk inc flu hosp,-1,2025-11-15,24,quantile,0.6,17
2025-11-22,wk inc flu hosp,-1,2025-11-15,24,quantile,0.65,18
2025-11-22,wk inc flu hosp,-1,2025-11-15,24,quantile,0.7,19
2025-11-22,wk inc flu hosp,-1,2025-11-15,24,quantile,0.75,20
2025-11-22,wk inc flu hosp,-1,2025-11-15,24,quantile,0.8,22
2025-11-22,wk inc flu hosp,-1,2025-11-15,24,quantile,0.85,24
2025-11-22,wk inc flu hosp,-1,2025-11-15,24,quantile,0.9,27
2025-11-22,wk inc flu hosp,-1,2025-11-15,24,quantile,0.95,33
2025-11-22,wk inc flu hosp,-1,2025-11-15,24,quantile,0.975,41
2025-11-22,wk inc flu hosp,-1,2025-11-15,24,quantile,0.99,52
2025-11-22,wk inc flu hosp,-1,2025-11-15,25,quantile,0.01,8
2025-11-22,wk inc flu hosp,-1,2025-11-15,25,quantile,0.025,8
2025-11-22,wk inc flu hosp,-1,2025-11-15,25,quantile,0.05,10
2025-11-22,wk inc flu hosp,-1,2025-11-15,25,quantile,0.1,11
2025-11-22,wk inc flu hosp,-1,2025-11-15,25,quantile,0.15,13
2025-11-22,wk inc flu hosp,-1,2025-11-15,25,quantile,0.2,14
2025-11-22,wk inc flu hosp,-1,2025-11-15,25,quantile,0.25,15
2025-11-22,wk inc flu hosp,-1,2025-11-15,25,quantile,0.3,16
2025-11-22,wk inc flu hosp,-1,2025-11-15,25,quantile,0.35,16
2025-11-22,wk inc flu hosp,-1,2025-11-15,25,quantile,0.4,17
2025-11-22,wk inc flu hosp,-1,2025-11-15,25,quantile,0.45,18
2025-11-22,wk inc flu hosp,-1,2025-11-15,25,quantile,0.5,19
2025-11-22,wk inc flu hosp,-1,2025-11-15,25,quantile,0.55,19
2025-11-22,wk inc flu hosp,-1,2025-11-15,25,quantile,0.6,21
2025-11-22,wk inc flu hosp,-1,2025-11-15,25,quantile,0.65,22
2025-11-22,wk inc flu hosp,-1,2025-11-15,25,quantile,0.7,23
2025-11-22,wk inc flu hosp,-1,2025-11-15,25,quantile,0.75,24
2025-11-22,wk inc flu hosp,-1,2025-11-15,25,quantile,0.8,25
2025-11-22,wk inc flu hosp,-1,2025-11-15,25,quantile,0.85,27
2025-11-22,wk inc flu hosp,-1,2025-11-15,25,quantile,0.9,30
2025-11-22,wk inc flu hosp,-1,2025-11-15,25,quantile,0.95,35
2025-11-22,wk inc flu hosp,-1,2025-11-15,25,quantile,0.975,42
2025-11-22,wk inc flu hosp,-1,2025-11-15,25,quantile,0.99,50
2025-11-22,wk inc flu hosp,-1,2025-11-15,26,quantile,0.01,7
2025-11-22,wk inc flu hosp,-1,2025-11-15,26,quantile,0.025,7
2025-11-22,wk inc flu hosp,-1,2025-11-15,26,quantile,0.05,9
2025-11-22,wk inc flu hosp,-1,2025-11-15,26,quantile,0.1,11
2025-11-22,wk inc flu hosp,-1,2025-11-15,26,quantile,0.15,13
2025-11-22,wk inc flu hosp,-1,2025-11-15,26,quantile,0.2,14
2025-11-22,wk inc flu hosp,-1,2025-11-15,26,quantile,0.25,16
2025-11-22,wk inc flu hosp,-1,2025-11-15,26,quantile,0.3,17
2025-11-22,wk inc flu hosp,-1,2025-11-15,26,quantile,0.35,17
2025-11-22,wk inc flu hosp,-1,2025-11-15,26,quantile,0.4,18
2025-11-22,wk inc flu hosp,-1,2025-11-15,26,quantile,0.45,19
2025-11-22,wk inc flu hosp,-1,2025-11-15,26,quantile,0.5,21
2025-11-22,wk inc flu hosp,-1,2025-11-15,26,quantile,0.55,21
2025-11-22,wk inc flu hosp,-1,2025-11-15,26,quantile,0.6,23
2025-11-22,wk inc flu hosp,-1,2025-11-15,26,quantile,0.65,24
2025-11-22,wk inc flu hosp,-1,2025-11-15,26,quantile,0.7,26
2025-11-22,wk inc flu hosp,-1,2025-11-15,26,quantile,0.75,27
2025-11-22,wk inc flu hosp,-1,2025-11-15,26,quantile,0.8,29
2025-11-22,wk inc flu hosp,-1,2025-11-15,26,quantile,0.85,32
2025-11-22,wk inc flu hosp,-1,2025-11-15,26,quantile,0.9,36
2025-11-22,wk inc flu hosp,-1,2025-11-15,26,quantile,0.95,43
2025-11-22,wk inc flu hosp,-1,2025-11-15,26,quantile,0.975,53
2025-11-22,wk inc flu hosp,-1,2025-11-15,26,quantile,0.99,65
2025-11-22,wk inc flu hosp,-1,2025-11-15,27,quantile,0.01,1
2025-11-22,wk inc flu hosp,-1,2025-11-15,27,quantile,0.025,1
2025-11-22,wk inc flu hosp,-1,2025-11-15,27,quantile,0.05,1
2025-11-22,wk inc flu hosp,-1,2025-11-15,27,quantile,0.1,2
2025-11-22,wk inc flu hosp,-1,2025-11-15,27,quantile,0.15,2
2025-11-22,wk inc flu hosp,-1,2025-11-15,27,quantile,0.2,2
2025-11-22,wk inc flu hosp,-1,2025-11-15,27,quantile,0.25,3
2025-11-22,wk inc flu hosp,-1,2025-11-15,27,quantile,0.3,3
2025-11-22,wk inc flu hosp,-1,2025-11-15,27,quantile,0.35,3
2025-11-22,wk inc flu hosp,-1,2025-11-15,27,quantile,0.4,4
2025-11-22,wk inc flu hosp,-1,2025-11-15,27,quantile,0.45,4
2025-11-22,wk inc flu hosp,-1,2025-11-15,27,quantile,0.5,4
2025-11-22,wk inc flu hosp,-1,2025-11-15,27,quantile,0.55,5
2025-11-22,wk inc flu hosp,-1,2025-11-15,27,quantile,0.6,5
2025-11-22,wk inc flu hosp,-1,2025-11-15,27,quantile,0.65,6
2025-11-22,wk inc flu hosp,-1,2025-11-15,27,quantile,0.7,6
2025-11-22,wk inc flu hosp,-1,2025-11-15,27,quantile,0.75,7
2025-11-22,wk inc flu hosp,-1,2025-11-15,27,quantile,0.8,8
2025-11-22,wk inc flu hosp,-1,2025-11-15,27,quantile,0.85,9
2025-11-22,wk inc flu hosp,-1,2025-11-15,27,quantile,0.9,10
2025-11-22,wk inc flu hosp,-1,2025-11-15,27,quantile,0.95,13
2025-11-22,wk inc flu hosp,-1,2025-11-15,27,quantile,0.975,17
2025-11-22,wk inc flu hosp,-1,2025-11-15,27,quantile,0.99,23
2025-11-22,wk inc flu hosp,-1,2025-11-15,28,quantile,0.01,9
2025-11-22,wk inc flu hosp,-1,2025-11-15,28,quantile,0.025,9
2025-11-22,wk inc flu hosp,-1,2025-11-15,28,quantile,0.05,11
2025-11-22,wk inc flu hosp,-1,2025-11-15,28,quantile,0.1,13
2025-11-22,wk inc flu hosp,-1,2025-11-15,28,quantile,0.15,14
2025-11-22,wk inc flu hosp,-1,2025-11-15,28,quantile,0.2,14
2025-11-22,wk inc flu hosp,-1,2025-11-15,28,quantile,0.25,15
2025-11-22,wk inc flu hosp,-1,2025-11-15,28,quantile,0.3,16
2025-11-22,wk inc flu hosp,-1,2025-11-15,28,quantile,0.35,16
2025-11-22,wk inc flu hosp,-1,2025-11-15,28,quantile,0.4,17
2025-11-22,wk inc flu hosp,-1,2025-11-15,28,quantile,0.45,17
2025-11-22,wk inc flu hosp,-1,2025-11-15,28,quantile,0.5,18
2025-11-22,wk inc flu hosp,-1,2025-11-15,28,quantile,0.55,18
2025-11-22,wk inc flu hosp,-1,2025-11-15,28,quantile,0.6,19
2025-11-22,wk inc flu hosp,-1,2025-11-15,28,quantile,0.65,19
2025-11-22,wk inc flu hosp,-1,2025-11-15,28,quantile,0.7,20
2025-11-22,wk inc flu hosp,-1,2025-11-15,28,quantile,0.75,21
2025-11-22,wk inc flu hosp,-1,2025-11-15,28,quantile,0.8,22
2025-11-22,wk inc flu hosp,-1,2025-11-15,28,quantile,0.85,23
2025-11-22,wk inc flu hosp,-1,2025-11-15,28,quantile,0.9,25
2025-11-22,wk inc flu hosp,-1,2025-11-15,28,quantile,0.95,28
2025-11-22,wk inc flu hosp,-1,2025-11-15,28,quantile,0.975,33
2025-11-22,wk inc flu hosp,-1,2025-11-15,28,quantile,0.99,38
2025-11-22,wk inc flu hosp,-1,2025-11-15,29,quantile,0.01,11
2025-11-22,wk inc flu hosp,-1,2025-11-15,29,quantile,0.025,11
2025-11-22,wk inc flu hosp,-1,2025-11-15,29,quantile,0.05,12
2025-11-22,wk inc flu hosp,-1,2025-11-15,29,quantile,0.1,14
2025-11-22,wk inc flu hosp,-1,2025-11-15,29,quantile,0.15,15
2025-11-22,wk inc flu hosp,-1,2025-11-15,29,quantile,0.2,16
2025-11-22,wk inc flu hosp,-1,2025-11-15,29,quantile,0.25,17
2025-11-22,wk inc flu hosp,-1,2025-11-15,29,quantile,0.3,18
2025-11-22,wk inc flu hosp,-1,2025-11-15,29,quantile,0.35,18
2025-11-22,wk inc flu hosp,-1,2025-11-15,29,quantile,0.4,18
2025-11-22,wk inc flu hosp,-1,2025-11-15,29,quantile,0.45,19
2025-11-22,wk inc flu hosp,-1,2025-11-15,29,quantile,0.5,20
2025-11-22,wk inc flu hosp,-1,2025-11-15,29,quantile,0.55,21
2025-11-22,wk inc flu hosp,-1,2025-11-15,29,quantile,0.6,22
2025-11-22,wk inc flu hosp,-1,2025-11-15,29,quantile,0.65,23
2025-11-22,wk inc flu hosp,-1,2025-11-15,29,quantile,0.7,24
2025-11-22,wk inc flu hosp,-1,2025-11-15,29,quantile,0.75,25
2025-11-22,wk inc flu hosp,-1,2025-11-15,29,quantile,0.8,26
2025-11-22,wk inc flu hosp,-1,2025-11-15,29,quantile,0.85,28
2025-11-22,wk inc flu hosp,-1,2025-11-15,29,quantile,0.9,31
2025-11-22,wk inc flu hosp,-1,2025-11-15,29,quantile,0.95,36
2025-11-22,wk inc flu hosp,-1,2025-11-15,29,quantile,0.975,42
2025-11-22,wk inc flu hosp,-1,2025-11-15,29,quantile,0.99,51
2025-11-22,wk inc flu hosp,-1,2025-11-15,30,quantile,0.01,0
2025-11-22,wk inc flu hosp,-1,2025-11-15,30,quantile,0.025,0
2025-11-22,wk inc flu hosp,-1,2025-11-15,30,quantile,0.05,0
2025-11-22,wk inc flu hosp,-1,2025-11-15,30,quantile,0.1,0
2025-11-22,wk inc flu hosp,-1,2025-11-15,30,quantile,0.15,1
2025-11-22,wk inc flu hosp,-1,2025-11-15,30,quantile,0.2,1
2025-11-22,wk inc flu hosp,-1,2025-11-15,30,quantile,0.25,2
2025-11-22,wk inc flu hosp,-1,2025-11-15,30,quantile,0.3,2
2025-11-22,wk inc flu hosp,-1,2025-11-15,30,quantile,0.35,2
2025-11-22,wk inc flu hosp,-1,2025-11-15,30,quantile,0.4,2
2025-11-22,wk inc flu hosp,-1,2025-11-15,30,quantile,0.45,3
2025-11-22,wk inc flu hosp,-1,2025-11-15,30,quantile,0.5,3
2025-11-22,wk inc flu hosp,-1,2025-11-15,30,quantile,0.55,4
2025-11-22,wk inc flu hosp,-1,2025-11-15,30,quantile,0.6,4
2025-11-22,wk inc flu hosp,-1,2025-11-15,30,quantile,0.65,5
2025-11-22,wk inc flu hosp,-1,2025-11-15,30,quantile,0.7,5
2025-11-22,wk inc flu hosp,-1,2025-11-15,30,quantile,0.75,6
2025-11-22,wk inc flu hosp,-1,2025-11-15,30,quantile,0.8,7
2025-11-22,wk inc flu hosp,-1,2025-11-15,30,quantile,0.85,8
2025-11-22,wk inc flu hosp,-1,2025-11-15,30,quantile,0.9,10
2025-11-22,wk inc flu hosp,-1,2025-11-15,30,quantile,0.95,14
2025-11-22,wk inc flu hosp,-1,2025-11-15,30,quantile,0.975,19
2025-11-22,wk inc flu hosp,-1,2025-11-15,30,quantile,0.99,26
2025-11-22,wk inc flu hosp,-1,2025-11-15,31,quantile,0.01,0
2025-11-22,wk inc flu hosp,-1,2025-11-15,31,quantile,0.025,0
2025-11-22,wk inc flu hosp,-1,2025-11-15,31,quantile,0.05,0
2025-11-22,wk inc flu hosp,-1,2025-11-15,31,quantile,0.1,0
2025-11-22,wk inc flu hosp,-1,2025-11-15,31,quantile,0.15,1
2025-11-22,wk inc flu hosp,-1,2025-11-15,31,quantile,0.2,1
2025-11-22,wk inc flu hosp,-1,2025-11-15,31,quantile,0.25,1
2025-11-22,wk inc flu hosp,-1,2025-11-15,31,quantile,0.3,2
2025-11-22,wk inc flu hosp,-1,2025-11-15,31,quantile,0.35,2
2025-11-22,wk inc flu hosp,-1,2025-11-15,31,quantile,0.4,2
2025-11-22,wk inc flu hosp,-1,2025-11-15,31,quantile,0.45,2
2025-11-22,wk inc flu hosp,-1,2025-11-15,31,quantile,0.5,2
2025-11-22,wk inc flu hosp,-1,2025-11-15,31,quantile,0.55,3
2025-11-22,wk inc flu hosp,-1,2025-11-15,31,quantile,0.6,3
2025-11-22,wk inc flu hosp,-1,2025-11-15,31,quantile,0.65,3
2025-11-22,wk inc flu hosp,-1,2025-11-15,31,quantile,0.7,4
2025-11-22,wk inc flu hosp,-1,2025-11-15,31,quantile,0.75,4
2025-11-22,wk inc flu hosp,-1,2025-11-15,31,quantile,0.8,4
2025-11-22,wk inc flu hosp,-1,2025-11-15,31,quantile,0.85,5
2025-11-22,wk inc flu hosp,-1,2025-11-15,31,quantile,0.9,6
2025-11-22,wk inc flu hosp,-1,2025-11-15,31,quantile,0.95,8
2025-11-22,wk inc flu hosp,-1,2025-11-15,31,quantile,0.975,11
2025-11-22,wk inc flu hosp,-1,2025-11-15,31,quantile,0.99,14
2025-11-22,wk inc flu hosp,-1,2025-11-15,32,quantile,0.01,3
2025-11-22,wk inc flu hosp,-1,2025-11-15,32,quantile,0.025,3
2025-11-22,wk inc flu hosp,-1,2025-11-15,32,quantile,0.05,3
2025-11-22,wk inc flu hosp,-1,2025-11-15,32,quantile,0.1,4
2025-11-22,wk inc flu hosp,-1,2025-11-15,32,quantile,0.15,5
2025-11-22,wk inc flu hosp,-1,2025-11-15,32,quantile,0.2,6
2025-11-22,wk inc flu hosp,-1,2025-11-15,32,quantile,0.25,7
2025-11-22,wk inc flu hosp,-1,2025-11-15,32,quantile,0.3,7
2025-11-22,wk inc flu hosp,-1,2025-11-15,32,quantile,0.35,8
2025-11-22,wk inc flu hosp,-1,2025-11-15,32,quantile,0.4,8
2025-11-22,wk inc flu hosp,-1,2025-11-15,32,quantile,0.45,8
2025-11-22,wk inc flu hosp,-1,2025-11-15,32,quantile,0.5,9
2025-11-22,wk inc flu hosp,-1,2025-11-15,32,quantile,0.55,10
2025-11-22,wk inc flu hosp,-1,2025-11-15,32,quantile,0.6,11
2025-11-22,wk inc flu hosp,-1,2025-11-15,32,quantile,0.65,11
2025-11-22,wk inc flu hosp,-1,2025-11-15,32,quantile,0.7,12
2025-11-22,wk inc flu hosp,-1,2025-11-15,32,quantile,0.75,13
2025-11-22,wk inc flu hosp,-1,2025-11-15,32,quantile,0.8,14
2025-11-22,wk inc flu hosp,-1,2025-11-15,32,quantile,0.85,16
2025-11-22,wk inc flu hosp,-1,2025-11-15,32,quantile,0.9,18
2025-11-22,wk inc flu hosp,-1,2025-11-15,32,quantile,0.95,22
2025-11-22,wk inc flu hosp,-1,2025-11-15,32,quantile,0.975,28
2025-11-22,wk inc flu hosp,-1,2025-11-15,32,quantile,0.99,35
2025-11-22,wk inc flu hosp,-1,2025-11-15,33,quantile,0.01,0
2025-11-22,wk inc flu hosp,-1,2025-11-15,33,quantile,0.025,0
2025-11-22,wk inc flu hosp,-1,2025-11-15,33,quantile,0.05,0
2025-11-22,wk inc flu hosp,-1,2025-11-15,33,quantile,0.1,0
2025-11-22,wk inc flu hosp,-1,2025-11-15,33,quantile,0.15,0
2025-11-22,wk inc flu hosp,-1,2025-11-15,33,quantile,0.2,1
2025-11-22,wk inc flu hosp,-1,2025-11-15,33,quantile,0.25,1
2025-11-22,wk inc flu hosp,-1,2025-11-15,33,quantile,0.3,1
2025-11-22,wk inc flu hosp,-1,2025-11-15,33,quantile,0.35,1
2025-11-22,wk inc flu hosp,-1,2025-11-15,33,quantile,0.4,1
2025-11-22,wk inc flu hosp,-1,2025-11-15,33,quantile,0.45,2
2025-11-22,wk inc flu hosp,-1,2025-11-15,33,quantile,0.5,2
2025-11-22,wk inc flu hosp,-1,2025-11-15,33,quantile,0.55,2
2025-11-22,wk inc flu hosp,-1,2025-11-15,33,quantile,0.6,3
2025-11-22,wk inc flu hosp,-1,2025-11-15,33,quantile,0.65,3
2025-11-22,wk inc flu hosp,-1,2025-11-15,33,quantile,0.7,4
2025-11-22,wk inc flu hosp,-1,2025-11-15,33,quantile,0.75,4
2025-11-22,wk inc flu hosp,-1,2025-11-15,33,quantile,0.8,5
2025-11-22,wk inc flu hosp,-1,2025-11-15,33,quantile,0.85,6
2025-11-22,wk inc flu hosp,-1,2025-11-15,33,quantile,0.9,7
2025-11-22,wk inc flu hosp,-1,2025-11-15,33,quantile,0.95,10
2025-11-22,wk inc flu hosp,-1,2025-11-15,33,quantile,0.975,13
2025-11-22,wk inc flu hosp,-1,2025-11-15,33,quantile,0.99,19
2025-11-22,wk inc flu hosp,-1,2025-11-15,34,quantile,0.01,22
2025-11-22,wk inc flu hosp,-1,2025-11-15,34,quantile,0.025,22
2025-11-22,wk inc flu hosp,-1,2025-11-15,34,quantile,0.05,25
2025-11-22,wk inc flu hosp,-1,2025-11-15,34,quantile,0.1,29
2025-11-22,wk inc flu hosp,-1,2025-11-15,34,quantile,0.15,32
2025-11-22,wk inc flu hosp,-1,2025-11-15,34,quantile,0.2,34
2025-11-22,wk inc flu hosp,-1,2025-11-15,34,quantile,0.25,36
2025-11-22,wk inc flu hosp,-1,2025-11-15,34,quantile,0.3,37
2025-11-22,wk inc flu hosp,-1,2025-11-15,34,quantile,0.35,38
2025-11-22,wk inc flu hosp,-1,2025-11-15,34,quantile,0.4,39
2025-11-22,wk inc flu hosp,-1,2025-11-15,34,quantile,0.45,40
2025-11-22,wk inc flu hosp,-1,2025-11-15,34,quantile,0.5,42
2025-11-22,wk inc flu hosp,-1,2025-11-15,34,quantile,0.55,43
2025-11-22,wk inc flu hosp,-1,2025-11-15,34,quantile,0.6,45
2025-11-22,wk inc flu hosp,-1,2025-11-15,34,quantile,0.65,46
2025-11-22,wk inc flu hosp,-1,2025-11-15,34,quantile,0.7,48
2025-11-22,wk inc flu hosp,-1,2025-11-15,34,quantile,0.75,50
2025-11-22,wk inc flu hosp,-1,2025-11-15,34,quantile,0.8,52
2025-11-22,wk inc flu hosp,-1,2025-11-15,34,quantile,0.85,55
2025-11-22,wk inc flu hosp,-1,2025-11-15,34,quantile,0.9,59
2025-11-22,wk inc flu hosp,-1,2025-11-15,34,quantile,0.95,67
2025-11-22,wk inc flu hosp,-1,2025-11-15,34,quantile,0.975,77
2025-11-22,wk inc flu hosp,-1,2025-11-15,34,quantile,0.99,89
2025-11-22,wk inc flu hosp,-1,2025-11-15,35,quantile,0.01,1
2025-11-22,wk inc flu hosp,-1,2025-11-15,35,quantile,0.025,1
2025-11-22,wk inc flu hosp,-1,2025-11-15,35,quantile,0.05,2
2025-11-22,wk inc flu hosp,-1,2025-11-15,35,quantile,0.1,2
2025-11-22,wk inc flu hosp,-1,2025-11-15,35,quantile,0.15,3
2025-11-22,wk inc flu hosp,-1,2025-11-15,35,quantile,0.2,3
2025-11-22,wk inc flu hosp,-1,2025-11-15,35,quantile,0.25,4
2025-11-22,wk inc flu hosp,-1,2025-11-15,35,quantile,0.3,4
2025-11-22,wk inc flu hosp,-1,2025-11-15,35,quantile,0.35,4
2025-11-22,wk inc flu hosp,-1,2025-11-15,35,quantile,0.4,5
2025-11-22,wk inc flu hosp,-1,2025-11-15,35,quantile,0.45,5
2025-11-22,wk inc flu hosp,-1,2025-11-15,35,quantile,0.5,6
2025-11-22,wk inc flu hosp,-1,2025-11-15,35,quantile,0.55,6
2025-11-22,wk inc flu hosp,-1,2025-11-15,35,quantile,0.6,7
2025-11-22,wk inc flu hosp,-1,2025-11-15,35,quantile,0.65,7
2025-11-22,wk inc flu hosp,-1,2025-11-15,35,quantile,0.7,8
2025-11-22,wk inc flu hosp,-1,2025-11-15,35,quantile,0.75,8
2025-11-22,wk inc flu hosp,-1,2025-11-15,35,quantile,0.8,9
2025-11-22,wk inc flu hosp,-1,2025-11-15,35,quantile,0.85,10
2025-11-22,wk inc flu hosp,-1,2025-11-15,35,quantile,0.9,12
2025-11-22,wk inc flu hosp,-1,2025-11-15,35,quantile,0.95,15
2025-11-22,wk inc flu hosp,-1,2025-11-15,35,quantile,0.975,20
2025-11-22,wk inc flu hosp,-1,2025-11-15,35,quantile,0.99,26
2025-11-22,wk inc flu hosp,-1,2025-11-15,36,quantile,0.01,34
2025-11-22,wk inc flu hosp,-1,2025-11-15,36,quantile,0.025,35
2025-11-22,wk inc flu hosp,-1,2025-11-15,36,quantile,0.05,40
2025-11-22,wk inc flu hosp,-1,2025-11-15,36,quantile,0.1,45
2025-11-22,wk inc flu hosp,-1,2025-11-15,36,quantile,0.15,50
2025-11-22,wk inc flu hosp,-1,2025-11-15,36,quantile,0.2,52
2025-11-22,wk inc flu hosp,-1,2025-11-15,36,quantile,0.25,57
2025-11-22,wk inc flu hosp,-1,2025-11-15,36,quantile,0.3,59
2025-11-22,wk inc flu hosp,-1,2025-11-15,36,quantile,0.35,60
2025-11-22,wk inc flu hosp,-1,2025-11-15,36,quantile,0.4,61
2025-11-22,wk inc flu hosp,-1,2025-11-15,36,quantile,0.45,63
2025-11-22,wk inc flu hosp,-1,2025-11-15,36,quantile,0.5,66
2025-11-22,wk inc flu hosp,-1,2025-11-15,36,quantile,0.55,68
2025-11-22,wk inc flu hosp,-1,2025-11-15,36,quantile,0.6,71
2025-11-22,wk inc flu hosp,-1,2025-11-15,36,quantile,0.65,74
2025-11-22,wk inc flu hosp,-1,2025-11-15,36,quantile,0.7,77
2025-11-22,wk inc flu hosp,-1,2025-11-15,36,quantile,0.75,80
2025-11-22,wk inc flu hosp,-1,2025-11-15,36,quantile,0.8,84
2025-11-22,wk inc flu hosp,-1,2025-11-15,36,quantile,0.85,89
2025-11-22,wk inc flu hosp,-1,2025-11-15,36,quantile,0.9,96
2025-11-22,wk inc flu hosp,-1,2025-11-15,36,quantile,0.95,110
2025-11-22,wk inc flu hosp,-1,2025-11-15,36,quantile,0.975,128
2025-11-22,wk inc flu hosp,-1,2025-11-15,36,quantile,0.99,150
2025-11-22,wk inc flu hosp,-1,2025-11-15,37,quantile,0.01,21
2025-11-22,wk inc flu hosp,-1,2025-11-15,37,quantile,0.025,21
2025-11-22,wk inc flu hosp,-1,2025-11-15,37,quantile,0.05,23
2025-11-22,wk inc flu hosp,-1,2025-11-15,37,quantile,0.1,26
2025-11-22,wk inc flu hosp,-1,2025-11-15,37,quantile,0.15,29
2025-11-22,wk inc flu hosp,-1,2025-11-15,37,quantile,0.2,30
2025-11-22,wk inc flu hosp,-1,2025-11-15,37,quantile,0.25,32
2025-11-22,wk inc flu hosp,-1,2025-11-15,37,quantile,0.3,33
2025-11-22,wk inc flu hosp,-1,2025-11-15,37,quantile,0.35,34
2025-11-22,wk inc flu hosp,-1,2025-11-15,37,quantile,0.4,34
2025-11-22,wk inc flu hosp,-1,2025-11-15,37,quantile,0.45,36
2025-11-22,wk inc flu hosp,-1,2025-11-15,37,quantile,0.5,37
2025-11-22,wk inc flu hosp,-1,2025-11-15,37,quantile,0.55,38
2025-11-22,wk inc flu hosp,-1,2025-11-15,37,quantile,0.6,40
2025-11-22,wk inc flu hosp,-1,2025-11-15,37,quantile,0.65,41
2025-11-22,wk inc flu hosp,-1,2025-11-15,37,quantile,0.7,43
2025-11-22,wk inc flu hosp,-1,2025-11-15,37,quantile,0.75,44
2025-11-22,wk inc flu hosp,-1,2025-11-15,37,quantile,0.8,46
2025-11-22,wk inc flu hosp,-1,2025-11-15,37,quantile,0.85,49
2025-11-22,wk inc flu hosp,-1,2025-11-15,37,quantile,0.9,53
2025-11-22,wk inc flu hosp,-1,2025-11-15,37,quantile,0.95,60
2025-11-22,wk inc flu hosp,-1,2025-11-15,37,quantile,0.975,70
2025-11-22,wk inc flu hosp,-1,2025-11-15,37,quantile,0.99,81
2025-11-22,wk inc flu hosp,-1,2025-11-15,38,quantile,0.01,0
2025-11-22,wk inc flu hosp,-1,2025-11-15,38,quantile,0.025,0
2025-11-22,wk inc flu hosp,-1,2025-11-15,38,quantile,0.05,0
2025-11-22,wk inc flu hosp,-1,2025-11-15,38,quantile,0.1,1
2025-11-22,wk inc flu hosp,-1,2025-11-15,38,quantile,0.15,1
2025-11-22,wk inc flu hosp,-1,2025-11-15,38,quantile,0.2,2
2025-11-22,wk inc flu hosp,-1,2025-11-15,38,quantile,0.25,2
2025-11-22,wk inc flu hosp,-1,2025-11-15,38,quantile,0.3,3
2025-11-22,wk inc flu hosp,-1,2025-11-15,38,quantile,0.35,3
2025-11-22,wk inc flu hosp,-1,2025-11-15,38,quantile,0.4,3
2025-11-22,wk inc flu hosp,-1,2025-11-15,38,quantile,0.45,3
2025-11-22,wk inc flu hosp,-1,2025-11-15,38,quantile,0.5,4
2025-11-22,wk inc flu hosp,-1,2025-11-15,38,quantile,0.55,4
2025-11-22,wk inc flu hosp,-1,2025-11-15,38,quantile,0.6,5
2025-11-22,wk inc flu hosp,-1,2025-11-15,38,quantile,0.65,5
2025-11-22,wk inc flu hosp,-1,2025-11-15,38,quantile,0.7,6
2025-11-22,wk inc flu hosp,-1,2025-11-15,38,quantile,0.75,7
2025-11-22,wk inc flu hosp,-1,2025-11-15,38,quantile,0.8,7
2025-11-22,wk inc flu hosp,-1,2025-11-15,38,quantile,0.85,9
2025-11-22,wk inc flu hosp,-1,2025-11-15,38,quantile,0.9,10
2025-11-22,wk inc flu hosp,-1,2025-11-15,38,quantile,0.95,14
2025-11-22,wk inc flu hosp,-1,2025-11-15,38,quantile,0.975,18
2025-11-22,wk inc flu hosp,-1,2025-11-15,38,quantile,0.99,24
2025-11-22,wk inc flu hosp,-1,2025-11-15,39,quantile,0.01,13
2025-11-22,wk inc flu hosp,-1,2025-11-15,39,quantile,0.025,13
2025-11-22,wk inc flu hosp,-1,2025-11-15,39,quantile,0.05,16
2025-11-22,wk inc flu hosp,-1,2025-11-15,39,quantile,0.1,18
2025-11-22,wk inc flu hosp,-1,2025-11-15,39,quantile,0.15,21
2025-11-22,wk inc flu hosp,-1,2025-11-15,39,quantile,0.2,23
2025-11-22,wk inc flu hosp,-1,2025-11-15,39,quantile,0.25,26
2025-11-22,wk inc flu hosp,-1,2025-11-15,39,quantile,0.3,27
2025-11-22,wk inc flu hosp,-1,2025-11-15,39,quantile,0.35,28
2025-11-22,wk inc flu hosp,-1,2025-11-15,39,quantile,0.4,29
2025-11-22,wk inc flu hosp,-1,2025-11-15,39,quantile,0.45,30
2025-11-22,wk inc flu hosp,-1,2025-11-15,39,quantile,0.5,32
2025-11-22,wk inc flu hosp,-1,2025-11-15,39,quantile,0.55,34
2025-11-22,wk inc flu hosp,-1,2025-11-15,39,quantile,0.6,36
2025-11-22,wk inc flu hosp,-1,2025-11-15,39,quantile,0.65,38
2025-11-22,wk inc flu hosp,-1,2025-11-15,39,quantile,0.7,40
2025-11-22,wk inc flu hosp,-1,2025-11-15,39,quantile,0.75,42
2025-11-22,wk inc flu hosp,-1,2025-11-15,39,quantile,0.8,45
2025-11-22,wk inc flu hosp,-1,2025-11-15,39,quantile,0.85,50
2025-11-22,wk inc flu hosp,-1,2025-11-15,39,quantile,0.9,55
2025-11-22,wk inc flu hosp,-1,2025-11-15,39,quantile,0.95,67
2025-11-22,wk inc flu hosp,-1,2025-11-15,39,quantile,0.975,81
2025-11-22,wk inc flu hosp,-1,2025-11-15,39,quantile,0.99,101
2025-11-22,wk inc flu hosp,-1,2025-11-15,40,quantile,0.01,5
2025-11-22,wk inc flu hosp,-1,2025-11-15,40,quantile,0.025,5
2025-11-22,wk inc flu hosp,-1,2025-11-15,40,quantile,0.05,6
2025-11-22,wk inc flu hosp,-1,2025-11-15,40,quantile,0.1,7
2025-11-22,wk inc flu hosp,-1,2025-11-15,40,quantile,0.15,9
2025-11-22,wk inc flu hosp,-1,2025-11-15,40,quantile,0.2,10
2025-11-22,wk inc flu hosp,-1,2025-11-15,40,quantile,0.25,11
2025-11-22,wk inc flu hosp,-1,2025-11-15,40,quantile,0.3,12
2025-11-22,wk inc flu hosp,-1,2025-11-15,40,quantile,0.35,12
2025-11-22,wk inc flu hosp,-1,2025-11-15,40,quantile,0.4,13
2025-11-22,wk inc flu hosp,-1,2025-11-15,40,quantile,0.45,14
2025-11-22,wk inc flu hosp,-1,2025-11-15,40,quantile,0.5,15
2025-11-22,wk inc flu hosp,-1,2025-11-15,40,quantile,0.55,16
2025-11-22,wk inc flu hosp,-1,2025-11-15,40,quantile,0.6,17
2025-11-22,wk inc flu hosp,-1,2025-11-15,40,quantile,0.65,18
2025-11-22,wk inc flu hosp,-1,2025-11-15,40,quantile,0.7,19
2025-11-22,wk inc flu hosp,-1,2025-11-15,40,quantile,0.75,21
2025-11-22,wk inc flu hosp,-1,2025-11-15,40,quantile,0.8,23
2025-11-22,wk inc flu hosp,-1,2025-11-15,40,quantile,0.85,25
2025-11-22,wk inc flu hosp,-1,2025-11-15,40,quantile,0.9,28
2025-11-22,wk inc flu hosp,-1,2025-11-15,40,quantile,0.95,35
2025-11-22,wk inc flu hosp,-1,2025-11-15,40,quantile,0.975,42
2025-11-22,wk inc flu hosp,-1,2025-11-15,40,quantile,0.99,53
2025-11-22,wk inc flu hosp,-1,2025-11-15,41,quantile,0.01,2
2025-11-22,wk inc flu hosp,-1,2025-11-15,41,quantile,0.025,2
2025-11-22,wk inc flu hosp,-1,2025-11-15,41,quantile,0.05,2
2025-11-22,wk inc flu hosp,-1,2025-11-15,41,quantile,0.1,3
2025-11-22,wk inc flu hosp,-1,2025-11-15,41,quantile,0.15,4
2025-11-22,wk inc flu hosp,-1,2025-11-15,41,quantile,0.2,4
2025-11-22,wk inc flu hosp,-1,2025-11-15,41,quantile,0.25,5
2025-11-22,wk inc flu hosp,-1,2025-11-15,41,quantile,0.3,5
2025-11-22,wk inc flu hosp,-1,2025-11-15,41,quantile,0.35,5
2025-11-22,wk inc flu hosp,-1,2025-11-15,41,quantile,0.4,5
2025-11-22,wk inc flu hosp,-1,2025-11-15,41,quantile,0.45,6
2025-11-22,wk inc flu hosp,-1,2025-11-15,41,quantile,0.5,6
2025-11-22,wk inc flu hosp,-1,2025-11-15,41,quantile,0.55,7
2025-11-22,wk inc flu hosp,-1,2025-11-15,41,quantile,0.6,8
2025-11-22,wk inc flu hosp,-1,2025-11-15,41,quantile,0.65,8
2025-11-22,wk inc flu hosp,-1,2025-11-15,41,quantile,0.7,9
2025-11-22,wk inc flu hosp,-1,2025-11-15,41,quantile,0.75,9
2025-11-22,wk inc flu hosp,-1,2025-11-15,41,quantile,0.8,10
2025-11-22,wk inc flu hosp,-1,2025-11-15,41,quantile,0.85,12
2025-11-22,wk inc flu hosp,-1,2025-11-15,41,quantile,0.9,13
2025-11-22,wk inc flu hosp,-1,2025-11-15,41,quantile,0.95,17
2025-11-22,wk inc flu hosp,-1,2025-11-15,41,quantile,0.975,21
2025-11-22,wk inc flu hosp,-1,2025-11-15,41,quantile,0.99,28
2025-11-22,wk inc flu hosp,-1,2025-11-15,42,quantile,0.01,84
2025-11-22,wk inc flu hosp,-1,2025-11-15,42,quantile,0.025,85
2025-11-22,wk inc flu hosp,-1,2025-11-15,42,quantile,0.05,89
2025-11-22,wk inc flu hosp,-1,2025-11-15,42,quantile,0.1,95
2025-11-22,wk inc flu hosp,-1,2025-11-15,42,quantile,0.15,100
2025-11-22,wk inc flu hosp,-1,2025-11-15,42,quantile,0.2,103
2025-11-22,wk inc flu hosp,-1,2025-11-15,42,quantile,0.25,107
2025-11-22,wk inc flu hosp,-1,2025-11-15,42,quantile,0.3,109
2025-11-22,wk inc flu hosp,-1,2025-11-15,42,quantile,0.35,110
2025-11-22,wk inc flu hosp,-1,2025-11-15,42,quantile,0.4,111
2025-11-22,wk inc flu hosp,-1,2025-11-15,42,quantile,0.45,114
2025-11-22,wk inc flu hosp,-1,2025-11-15,42,quantile,0.5,116
2025-11-22,wk inc flu hosp,-1,2025-11-15,42,quantile,0.55,118
2025-11-22,wk inc flu hosp,-1,2025-11-15,42,quantile,0.6,122
2025-11-22,wk inc flu hosp,-1,2025-11-15,42,quantile,0.65,125
2025-11-22,wk inc flu hosp,-1,2025-11-15,42,quantile,0.7,128
2025-11-22,wk inc flu hosp,-1,2025-11-15,42,quantile,0.75,131
2025-11-22,wk inc flu hosp,-1,2025-11-15,42,quantile,0.8,136
2025-11-22,wk inc flu hosp,-1,2025-11-15,42,quantile,0.85,142
2025-11-22,wk inc flu hosp,-1,2025-11-15,42,quantile,0.9,149
2025-11-22,wk inc flu hosp,-1,2025-11-15,42,quantile,0.95,164
2025-11-22,wk inc flu hosp,-1,2025-11-15,42,quantile,0.975,181
2025-11-22,wk inc flu hosp,-1,2025-11-15,42,quantile,0.99,202
2025-11-22,wk inc flu hosp,-1,2025-11-15,72,quantile,0.01,39
2025-11-22,wk inc flu hosp,-1,2025-11-15,72,quantile,0.025,39
2025-11-22,wk inc flu hosp,-1,2025-11-15,72,quantile,0.05,45
2025-11-22,wk inc flu hosp,-1,2025-11-15,72,quantile,0.1,50
2025-11-22,wk inc flu hosp,-1,2025-11-15,72,quantile,0.15,55
2025-11-22,wk inc flu hosp,-1,2025-11-15,72,quantile,0.2,59
2025-11-22,wk inc flu hosp,-1,2025-11-15,72,quantile,0.25,65
2025-11-22,wk inc flu hosp,-1,2025-11-15,72,quantile,0.3,67
2025-11-22,wk inc flu hosp,-1,2025-11-15,72,quantile,0.35,68
2025-11-22,wk inc flu hosp,-1,2025-11-15,72,quantile,0.4,70
2025-11-22,wk inc flu hosp,-1,2025-11-15,72,quantile,0.45,73
2025-11-22,wk inc flu hosp,-1,2025-11-15,72,quantile,0.5,77
2025-11-22,wk inc flu hosp,-1,2025-11-15,72,quantile,0.55,80
2025-11-22,wk inc flu hosp,-1,2025-11-15,72,quantile,0.6,84
2025-11-22,wk inc flu hosp,-1,2025-11-15,72,quantile,0.65,89
2025-11-22,wk inc flu hosp,-1,2025-11-15,72,quantile,0.7,93
2025-11-22,wk inc flu hosp,-1,2025-11-15,72,quantile,0.75,98
2025-11-22,wk inc flu hosp,-1,2025-11-15,72,quantile,0.8,104
2025-11-22,wk inc flu hosp,-1,2025-11-15,72,quantile,0.85,113
2025-11-22,wk inc flu hosp,-1,2025-11-15,72,quantile,0.9,124
2025-11-22,wk inc flu hosp,-1,2025-11-15,72,quantile,0.95,149
2025-11-22,wk inc flu hosp,-1,2025-11-15,72,quantile,0.975,179
2025-11-22,wk inc flu hosp,-1,2025-11-15,72,quantile,0.99,221
2025-11-22,wk inc flu hosp,-1,2025-11-15,44,quantile,0.01,0
2025-11-22,wk inc flu hosp,-1,2025-11-15,44,quantile,0.025,0
2025-11-22,wk inc flu hosp,-1,2025-11-15,44,quantile,0.05,0
2025-11-22,wk inc flu hosp,-1,2025-11-15,44,quantile,0.1,0
2025-11-22,wk inc flu hosp,-1,2025-11-15,44,quantile,0.15,1
2025-11-22,wk inc flu hosp,-1,2025-11-15,44,quantile,0.2,1
2025-11-22,wk inc flu hosp,-1,2025-11-15,44,quantile,0.25,1
2025-11-22,wk inc flu hosp,-1,2025-11-15,44,quantile,0.3,1
2025-11-22,wk inc flu hosp,-1,2025-11-15,44,quantile,0.35,2
2025-11-22,wk inc flu hosp,-1,2025-11-15,44,quantile,0.4,2
2025-11-22,wk inc flu hosp,-1,2025-11-15,44,quantile,0.45,2
2025-11-22,wk inc flu hosp,-1,2025-11-15,44,quantile,0.5,2
2025-11-22,wk inc flu hosp,-1,2025-11-15,44,quantile,0.55,2
2025-11-22,wk inc flu hosp,-1,2025-11-15,44,quantile,0.6,3
2025-11-22,wk inc flu hosp,-1,2025-11-15,44,quantile,0.65,3
2025-11-22,wk inc flu hosp,-1,2025-11-15,44,quantile,0.7,3
2025-11-22,wk inc flu hosp,-1,2025-11-15,44,quantile,0.75,4
2025-11-22,wk inc flu hosp,-1,2025-11-15,44,quantile,0.8,4
2025-11-22,wk inc flu hosp,-1,2025-11-15,44,quantile,0.85,5
2025-11-22,wk inc flu hosp,-1,2025-11-15,44,quantile,0.9,6
2025-11-22,wk inc flu hosp,-1,2025-11-15,44,quantile,0.95,8
2025-11-22,wk inc flu hosp,-1,2025-11-15,44,quantile,0.975,11
2025-11-22,wk inc flu hosp,-1,2025-11-15,44,quantile,0.99,14
2025-11-22,wk inc flu hosp,-1,2025-11-15,45,quantile,0.01,3
2025-11-22,wk inc flu hosp,-1,2025-11-15,45,quantile,0.025,3
2025-11-22,wk inc flu hosp,-1,2025-11-15,45,quantile,0.05,4
2025-11-22,wk inc flu hosp,-1,2025-11-15,45,quantile,0.1,6
2025-11-22,wk inc flu hosp,-1,2025-11-15,45,quantile,0.15,7
2025-11-22,wk inc flu hosp,-1,2025-11-15,45,quantile,0.2,8
2025-11-22,wk inc flu hosp,-1,2025-11-15,45,quantile,0.25,10
2025-11-22,wk inc flu hosp,-1,2025-11-15,45,quantile,0.3,11
2025-11-22,wk inc flu hosp,-1,2025-11-15,45,quantile,0.35,11
2025-11-22,wk inc flu hosp,-1,2025-11-15,45,quantile,0.4,11
2025-11-22,wk inc flu hosp,-1,2025-11-15,45,quantile,0.45,12
2025-11-22,wk inc flu hosp,-1,2025-11-15,45,quantile,0.5,14
2025-11-22,wk inc flu hosp,-1,2025-11-15,45,quantile,0.55,15
2025-11-22,wk inc flu hosp,-1,2025-11-15,45,quantile,0.6,16
2025-11-22,wk inc flu hosp,-1,2025-11-15,45,quantile,0.65,17
2025-11-22,wk inc flu hosp,-1,2025-11-15,45,quantile,0.7,18
2025-11-22,wk inc flu hosp,-1,2025-11-15,45,quantile,0.75,20
2025-11-22,wk inc flu hosp,-1,2025-11-15,45,quantile,0.8,22
2025-11-22,wk inc flu hosp,-1,2025-11-15,45,quantile,0.85,25
2025-11-22,wk inc flu hosp,-1,2025-11-15,45,quantile,0.9,28
2025-11-22,wk inc flu hosp,-1,2025-11-15,45,quantile,0.95,36
2025-11-22,wk inc flu hosp,-1,2025-11-15,45,quantile,0.975,44
2025-11-22,wk inc flu hosp,-1,2025-11-15,45,quantile,0.99,56
2025-11-22,wk inc flu hosp,-1,2025-11-15,46,quantile,0.01,0
2025-11-22,wk inc flu hosp,-1,2025-11-15,46,quantile,0.025,0
2025-11-22,wk inc flu hosp,-1,2025-11-15,46,quantile,0.05,0
2025-11-22,wk inc flu hosp,-1,2025-11-15,46,quantile,0.1,0
2025-11-22,wk inc flu hosp,-1,2025-11-15,46,quantile,0.15,0
2025-11-22,wk inc flu hosp,-1,2025-11-15,46,quantile,0.2,0
2025-11-22,wk inc flu hosp,-1,2025-11-15,46,quantile,0.25,0
2025-11-22,wk inc flu hosp,-1,2025-11-15,46,quantile,0.3,1
2025-11-22,wk inc flu hosp,-1,2025-11-15,46,quantile,0.35,1
2025-11-22,wk inc flu hosp,-1,2025-11-15,46,quantile,0.4,1
2025-11-22,wk inc flu hosp,-1,2025-11-15,46,quantile,0.45,1
2025-11-22,wk inc flu hosp,-1,2025-11-15,46,quantile,0.5,1
2025-11-22,wk inc flu hosp,-1,2025-11-15,46,quantile,0.55,1
2025-11-22,wk inc flu hosp,-1,2025-11-15,46,quantile,0.6,1
2025-11-22,wk inc flu hosp,-1,2025-11-15,46,quantile,0.65,1
2025-11-22,wk inc flu hosp,-1,2025-11-15,46,quantile,0.7,1
2025-11-22,wk inc flu hosp,-1,2025-11-15,46,quantile,0.75,2
2025-11-22,wk inc flu hosp,-1,2025-11-15,46,quantile,0.8,2
2025-11-22,wk inc flu hosp,-1,2025-11-15,46,quantile,0.85,2
2025-11-22,wk inc flu hosp,-1,2025-11-15,46,quantile,0.9,3
2025-11-22,wk inc flu hosp,-1,2025-11-15,46,quantile,0.95,4
2025-11-22,wk inc flu hosp,-1,2025-11-15,46,quantile,0.975,5
2025-11-22,wk inc flu hosp,-1,2025-11-15,46,quantile,0.99,7
2025-11-22,wk inc flu hosp,-1,2025-11-15,47,quantile,0.01,25
2025-11-22,wk inc flu hosp,-1,2025-11-15,47,quantile,0.025,25
2025-11-22,wk inc flu hosp,-1,2025-11-15,47,quantile,0.05,28
2025-11-22,wk inc flu hosp,-1,2025-11-15,47,quantile,0.1,32
2025-11-22,wk inc flu hosp,-1,2025-11-15,47,quantile,0.15,35
2025-11-22,wk inc flu hosp,-1,2025-11-15,47,quantile,0.2,38
2025-11-22,wk inc flu hosp,-1,2025-11-15,47,quantile,0.25,41
2025-11-22,wk inc flu hosp,-1,2025-11-15,47,quantile,0.3,43
2025-11-22,wk inc flu hosp,-1,2025-11-15,47,quantile,0.35,44
2025-11-22,wk inc flu hosp,-1,2025-11-15,47,quantile,0.4,45
2025-11-22,wk inc flu hosp,-1,2025-11-15,47,quantile,0.45,46
2025-11-22,wk inc flu hosp,-1,2025-11-15,47,quantile,0.5,49
2025-11-22,wk inc flu hosp,-1,2025-11-15,47,quantile,0.55,51
2025-11-22,wk inc flu hosp,-1,2025-11-15,47,quantile,0.6,53
2025-11-22,wk inc flu hosp,-1,2025-11-15,47,quantile,0.65,56
2025-11-22,wk inc flu hosp,-1,2025-11-15,47,quantile,0.7,58
2025-11-22,wk inc flu hosp,-1,2025-11-15,47,quantile,0.75,61
2025-11-22,wk inc flu hosp,-1,2025-11-15,47,quantile,0.8,64
2025-11-22,wk inc flu hosp,-1,2025-11-15,47,quantile,0.85,68
2025-11-22,wk inc flu hosp,-1,2025-11-15,47,quantile,0.9,75
2025-11-22,wk inc flu hosp,-1,2025-11-15,47,quantile,0.95,87
2025-11-22,wk inc flu hosp,-1,2025-11-15,47,quantile,0.975,102
2025-11-22,wk inc flu hosp,-1,2025-11-15,47,quantile,0.99,122
2025-11-22,wk inc flu hosp,-1,2025-11-15,48,quantile,0.01,134
2025-11-22,wk inc flu hosp,-1,2025-11-15,48,quantile,0.025,135
2025-11-22,wk inc flu hosp,-1,2025-11-15,48,quantile,0.05,148
2025-11-22,wk inc flu hosp,-1,2025-11-15,48,quantile,0.1,163
2025-11-22,wk inc flu hosp,-1,2025-11-15,48,quantile,0.15,175
2025-11-22,wk inc flu hosp,-1,2025-11-15,48,quantile,0.2,181
2025-11-22,wk inc flu hosp,-1,2025-11-15,48,quantile,0.25,191
2025-11-22,wk inc flu hosp,-1,2025-11-15,48,quantile,0.3,196
2025-11-22,wk inc flu hosp,-1,2025-11-15,48,quantile,0.35,198
2025-11-22,wk inc flu hosp,-1,2025-11-15,48,quantile,0.4,201
2025-11-22,wk inc flu hosp,-1,2025-11-15,48,quantile,0.45,206
2025-11-22,wk inc flu hosp,-1,2025-11-15,48,quantile,0.5,212
2025-11-22,wk inc flu hosp,-1,2025-11-15,48,quantile,0.55,216
2025-11-22,wk inc flu hosp,-1,2025-11-15,48,quantile,0.6,223
2025-11-22,wk inc flu hosp,-1,2025-11-15,48,quantile,0.65,229
2025-11-22,wk inc flu hosp,-1,2025-11-15,48,quantile,0.7,235
2025-11-22,wk inc flu hosp,-1,2025-11-15,48,quantile,0.75,241
2025-11-22,wk inc flu hosp,-1,2025-11-15,48,quantile,0.8,250
2025-11-22,wk inc flu hosp,-1,2025-11-15,48,quantile,0.85,260
2025-11-22,wk inc flu hosp,-1,2025-11-15,48,quantile,0.9,275
2025-11-22,wk inc flu hosp,-1,2025-11-15,48,quantile,0.95,302
2025-11-22,wk inc flu hosp,-1,2025-11-15,48,quantile,0.975,339
2025-11-22,wk inc flu hosp,-1,2025-11-15,48,quantile,0.99,381
2025-11-22,wk inc flu hosp,-1,2025-11-15,US,quantile,0.01,1188
2025-11-22,wk inc flu hosp,-1,2025-11-15,US,quantile,0.025,1196
2025-11-22,wk inc flu hosp,-1,2025-11-15,US,quantile,0.05,1285
2025-11-22,wk inc flu hosp,-1,2025-11-15,US,quantile,0.1,1391
2025-11-22,wk inc flu hosp,-1,2025-11-15,US,quantile,0.15,1465
2025-11-22,wk inc flu hosp,-1,2025-11-15,US,quantile,0.2,1498
2025-11-22,wk inc flu hosp,-1,2025-11-15,US,quantile,0.25,1555
2025-11-22,wk inc flu hosp,-1,2025-11-15,US,quantile,0.3,1581
2025-11-22,wk inc flu hosp,-1,2025-11-15,US,quantile,0.35,1595
2025-11-22,wk inc flu hosp,-1,2025-11-15,US,quantile,0.4,1607
2025-11-22,wk inc flu hosp,-1,2025-11-15,US,quantile,0.45,1636
2025-11-22,wk inc flu hosp,-1,2025-11-15,US,quantile,0.5,1670
2025-11-22,wk inc flu hosp,-1,2025-11-15,US,quantile,0.55,1691
2025-11-22,wk inc flu hosp,-1,2025-11-15,US,quantile,0.6,1729
2025-11-22,wk inc flu hosp,-1,2025-11-15,US,quantile,0.65,1759
2025-11-22,wk inc flu hosp,-1,2025-11-15,US,quantile,0.7,1795
2025-11-22,wk inc flu hosp,-1,2025-11-15,US,quantile,0.75,1829
2025-11-22,wk inc flu hosp,-1,2025-11-15,US,quantile,0.8,1876
2025-11-22,wk inc flu hosp,-1,2025-11-15,US,quantile,0.85,1931
2025-11-22,wk inc flu hosp,-1,2025-11-15,US,quantile,0.9,2009
2025-11-22,wk inc flu hosp,-1,2025-11-15,US,quantile,0.95,2152
2025-11-22,wk inc flu hosp,-1,2025-11-15,US,quantile,0.975,2352
2025-11-22,wk inc flu hosp,-1,2025-11-15,US,quantile,0.99,2573
2025-11-22,wk inc flu hosp,-1,2025-11-15,49,quantile,0.01,0
2025-11-22,wk inc flu hosp,-1,2025-11-15,49,quantile,0.025,0
2025-11-22,wk inc flu hosp,-1,2025-11-15,49,quantile,0.05,0
2025-11-22,wk inc flu hosp,-1,2025-11-15,49,quantile,0.1,0
2025-11-22,wk inc flu hosp,-1,2025-11-15,49,quantile,0.15,1
2025-11-22,wk inc flu hosp,-1,2025-11-15,49,quantile,0.2,1
2025-11-22,wk inc flu hosp,-1,2025-11-15,49,quantile,0.25,1
2025-11-22,wk inc flu hosp,-1,2025-11-15,49,quantile,0.3,1
2025-11-22,wk inc flu hosp,-1,2025-11-15,49,quantile,0.35,1
2025-11-22,wk inc flu hosp,-1,2025-11-15,49,quantile,0.4,1
2025-11-22,wk inc flu hosp,-1,2025-11-15,49,quantile,0.45,2
2025-11-22,wk inc flu hosp,-1,2025-11-15,49,quantile,0.5,2
2025-11-22,wk inc flu hosp,-1,2025-11-15,49,quantile,0.55,2
2025-11-22,wk inc flu hosp,-1,2025-11-15,49,quantile,0.6,2
2025-11-22,wk inc flu hosp,-1,2025-11-15,49,quantile,0.65,2
2025-11-22,wk inc flu hosp,-1,2025-11-15,49,quantile,0.7,3
2025-11-22,wk inc flu hosp,-1,2025-11-15,49,quantile,0.75,3
2025-11-22,wk inc flu hosp,-1,2025-11-15,49,quantile,0.8,3
2025-11-22,wk inc flu hosp,-1,2025-11-15,49,quantile,0.85,4
2025-11-22,wk inc flu hosp,-1,2025-11-15,49,quantile,0.9,5
2025-11-22,wk inc flu hosp,-1,2025-11-15,49,quantile,0.95,6
2025-11-22,wk inc flu hosp,-1,2025-11-15,49,quantile,0.975,8
2025-11-22,wk inc flu hosp,-1,2025-11-15,49,quantile,0.99,11
2025-11-22,wk inc flu hosp,-1,2025-11-15,50,quantile,0.01,0
2025-11-22,wk inc flu hosp,-1,2025-11-15,50,quantile,0.025,0
2025-11-22,wk inc flu hosp,-1,2025-11-15,50,quantile,0.05,0
2025-11-22,wk inc flu hosp,-1,2025-11-15,50,quantile,0.1,0
2025-11-22,wk inc flu hosp,-1,2025-11-15,50,quantile,0.15,0
2025-11-22,wk inc flu hosp,-1,2025-11-15,50,quantile,0.2,1
2025-11-22,wk inc flu hosp,-1,2025-11-15,50,quantile,0.25,1
2025-11-22,wk inc flu hosp,-1,2025-11-15,50,quantile,0.3,1
2025-11-22,wk inc flu hosp,-1,2025-11-15,50,quantile,0.35,1
2025-11-22,wk inc flu hosp,-1,2025-11-15,50,quantile,0.4,1
2025-11-22,wk inc flu hosp,-1,2025-11-15,50,quantile,0.45,1
2025-11-22,wk inc flu hosp,-1,2025-11-15,50,quantile,0.5,1
2025-11-22,wk inc flu hosp,-1,2025-11-15,50,quantile,0.55,2
2025-11-22,wk inc flu hosp,-1,2025-11-15,50,quantile,0.6,2
2025-11-22,wk inc flu hosp,-1,2025-11-15,50,quantile,0.65,2
2025-11-22,wk inc flu hosp,-1,2025-11-15,50,quantile,0.7,2
2025-11-22,wk inc flu hosp,-1,2025-11-15,50,quantile,0.75,3
2025-11-22,wk inc flu hosp,-1,2025-11-15,50,quantile,0.8,3
2025-11-22,wk inc flu hosp,-1,2025-11-15,50,quantile,0.85,4
2025-11-22,wk inc flu hosp,-1,2025-11-15,50,quantile,0.9,4
2025-11-22,wk inc flu hosp,-1,2025-11-15,50,quantile,0.95,6
2025-11-22,wk inc flu hosp,-1,2025-11-15,50,quantile,0.975,8
2025-11-22,wk inc flu hosp,-1,2025-11-15,50,quantile,0.99,10
2025-11-22,wk inc flu hosp,-1,2025-11-15,51,quantile,0.01,15
2025-11-22,wk inc flu hosp,-1,2025-11-15,51,quantile,0.025,15
2025-11-22,wk inc flu hosp,-1,2025-11-15,51,quantile,0.05,17
2025-11-22,wk inc flu hosp,-1,2025-11-15,51,quantile,0.1,18
2025-11-22,wk inc flu hosp,-1,2025-11-15,51,quantile,0.15,20
2025-11-22,wk inc flu hosp,-1,2025-11-15,51,quantile,0.2,21
2025-11-22,wk inc flu hosp,-1,2025-11-15,51,quantile,0.25,22
2025-11-22,wk inc flu hosp,-1,2025-11-15,51,quantile,0.3,23
2025-11-22,wk inc flu hosp,-1,2025-11-15,51,quantile,0.35,23
2025-11-22,wk inc flu hosp,-1,2025-11-15,51,quantile,0.4,23
2025-11-22,wk inc flu hosp,-1,2025-11-15,51,quantile,0.45,24
2025-11-22,wk inc flu hosp,-1,2025-11-15,51,quantile,0.5,25
2025-11-22,wk inc flu hosp,-1,2025-11-15,51,quantile,0.55,26
2025-11-22,wk inc flu hosp,-1,2025-11-15,51,quantile,0.6,27
2025-11-22,wk inc flu hosp,-1,2025-11-15,51,quantile,0.65,28
2025-11-22,wk inc flu hosp,-1,2025-11-15,51,quantile,0.7,28
2025-11-22,wk inc flu hosp,-1,2025-11-15,51,quantile,0.75,29
2025-11-22,wk inc flu hosp,-1,2025-11-15,51,quantile,0.8,31
2025-11-22,wk inc flu hosp,-1,2025-11-15,51,quantile,0.85,32
2025-11-22,wk inc flu hosp,-1,2025-11-15,51,quantile,0.9,34
2025-11-22,wk inc flu hosp,-1,2025-11-15,51,quantile,0.95,39
2025-11-22,wk inc flu hosp,-1,2025-11-15,51,quantile,0.975,44
2025-11-22,wk inc flu hosp,-1,2025-11-15,51,quantile,0.99,51
2025-11-22,wk inc flu hosp,-1,2025-11-15,53,quantile,0.01,6
2025-11-22,wk inc flu hosp,-1,2025-11-15,53,quantile,0.025,6
2025-11-22,wk inc flu hosp,-1,2025-11-15,53,quantile,0.05,7
2025-11-22,wk inc flu hosp,-1,2025-11-15,53,quantile,0.1,8
2025-11-22,wk inc flu hosp,-1,2025-11-15,53,quantile,0.15,9
2025-11-22,wk inc flu hosp,-1,2025-11-15,53,quantile,0.2,10
2025-11-22,wk inc flu hosp,-1,2025-11-15,53,quantile,0.25,11
2025-11-22,wk inc flu hosp,-1,2025-11-15,53,quantile,0.3,12
2025-11-22,wk inc flu hosp,-1,2025-11-15,53,quantile,0.35,12
2025-11-22,wk inc flu hosp,-1,2025-11-15,53,quantile,0.4,12
2025-11-22,wk inc flu hosp,-1,2025-11-15,53,quantile,0.45,13
2025-11-22,wk inc flu hosp,-1,2025-11-15,53,quantile,0.5,14
2025-11-22,wk inc flu hosp,-1,2025-11-15,53,quantile,0.55,14
2025-11-22,wk inc flu hosp,-1,2025-11-15,53,quantile,0.6,15
2025-11-22,wk inc flu hosp,-1,2025-11-15,53,quantile,0.65,16
2025-11-22,wk inc flu hosp,-1,2025-11-15,53,quantile,0.7,17
2025-11-22,wk inc flu hosp,-1,2025-11-15,53,quantile,0.75,18
2025-11-22,wk inc flu hosp,-1,2025-11-15,53,quantile,0.8,19
2025-11-22,wk inc flu hosp,-1,2025-11-15,53,quantile,0.85,20
2025-11-22,wk inc flu hosp,-1,2025-11-15,53,quantile,0.9,23
2025-11-22,wk inc flu hosp,-1,2025-11-15,53,quantile,0.95,27
2025-11-22,wk inc flu hosp,-1,2025-11-15,53,quantile,0.975,32
2025-11-22,wk inc flu hosp,-1,2025-11-15,53,quantile,0.99,39
2025-11-22,wk inc flu hosp,-1,2025-11-15,54,quantile,0.01,0
2025-11-22,wk inc flu hosp,-1,2025-11-15,54,quantile,0.025,0
2025-11-22,wk inc flu hosp,-1,2025-11-15,54,quantile,0.05,0
2025-11-22,wk inc flu hosp,-1,2025-11-15,54,quantile,0.1,0
2025-11-22,wk inc flu hosp,-1,2025-11-15,54,quantile,0.15,1
2025-11-22,wk inc flu hosp,-1,2025-11-15,54,quantile,0.2,1
2025-11-22,wk inc flu hosp,-1,2025-11-15,54,quantile,0.25,1
2025-11-22,wk inc flu hosp,-1,2025-11-15,54,quantile,0.3,1
2025-11-22,wk inc flu hosp,-1,2025-11-15,54,quantile,0.35,1
2025-11-22,wk inc flu hosp,-1,2025-11-15,54,quantile,0.4,1
2025-11-22,wk inc flu hosp,-1,2025-11-15,54,quantile,0.45,2
2025-11-22,wk inc flu hosp,-1,2025-11-15,54,quantile,0.5,2
2025-11-22,wk inc flu hosp,-1,2025-11-15,54,quantile,0.55,2
2025-11-22,wk inc flu hosp,-1,2025-11-15,54,quantile,0.6,3
2025-11-22,wk inc flu hosp,-1,2025-11-15,54,quantile,0.65,3
2025-11-22,wk inc flu hosp,-1,2025-11-15,54,quantile,0.7,3
2025-11-22,wk inc flu hosp,-1,2025-11-15,54,quantile,0.75,4
2025-11-22,wk inc flu hosp,-1,2025-11-15,54,quantile,0.8,4
2025-11-22,wk inc flu hosp,-1,2025-11-15,54,quantile,0.85,5
2025-11-22,wk inc flu hosp,-1,2025-11-15,54,quantile,0.9,6
2025-11-22,wk inc flu hosp,-1,2025-11-15,54,quantile,0.95,8
2025-11-22,wk inc flu hosp,-1,2025-11-15,54,quantile,0.975,11
2025-11-22,wk inc flu hosp,-1,2025-11-15,54,quantile,0.99,15
2025-11-22,wk inc flu hosp,-1,2025-11-15,55,quantile,0.01,2
2025-11-22,wk inc flu hosp,-1,2025-11-15,55,quantile,0.025,2
2025-11-22,wk inc flu hosp,-1,2025-11-15,55,quantile,0.05,2
2025-11-22,wk inc flu hosp,-1,2025-11-15,55,quantile,0.1,3
2025-11-22,wk inc flu hosp,-1,2025-11-15,55,quantile,0.15,4
2025-11-22,wk inc flu hosp,-1,2025-11-15,55,quantile,0.2,4
2025-11-22,wk inc flu hosp,-1,2025-11-15,55,quantile,0.25,5
2025-11-22,wk inc flu hosp,-1,2025-11-15,55,quantile,0.3,5
2025-11-22,wk inc flu hosp,-1,2025-11-15,55,quantile,0.35,6
2025-11-22,wk inc flu hosp,-1,2025-11-15,55,quantile,0.4,6
2025-11-22,wk inc flu hosp,-1,2025-11-15,55,quantile,0.45,6
2025-11-22,wk inc flu hosp,-1,2025-11-15,55,quantile,0.5,7
2025-11-22,wk inc flu hosp,-1,2025-11-15,55,quantile,0.55,7
2025-11-22,wk inc flu hosp,-1,2025-11-15,55,quantile,0.6,8
2025-11-22,wk inc flu hosp,-1,2025-11-15,55,quantile,0.65,8
2025-11-22,wk inc flu hosp,-1,2025-11-15,55,quantile,0.7,9
2025-11-22,wk inc flu hosp,-1,2025-11-15,55,quantile,0.75,9
2025-11-22,wk inc flu hosp,-1,2025-11-15,55,quantile,0.8,10
2025-11-22,wk inc flu hosp,-1,2025-11-15,55,quantile,0.85,11
2025-11-22,wk inc flu hosp,-1,2025-11-15,55,quantile,0.9,13
2025-11-22,wk inc flu hosp,-1,2025-11-15,55,quantile,0.95,16
2025-11-22,wk inc flu hosp,-1,2025-11-15,55,quantile,0.975,19
2025-11-22,wk inc flu hosp,-1,2025-11-15,55,quantile,0.99,24
2025-11-22,wk inc flu hosp,-1,2025-11-15,56,quantile,0.01,0
2025-11-22,wk inc flu hosp,-1,2025-11-15,56,quantile,0.025,0
2025-11-22,wk inc flu hosp,-1,2025-11-15,56,quantile,0.05,1
2025-11-22,wk inc flu hosp,-1,2025-11-15,56,quantile,0.1,1
2025-11-22,wk inc flu hosp,-1,2025-11-15,56,quantile,0.15,1
2025-11-22,wk inc flu hosp,-1,2025-11-15,56,quantile,0.2,1
2025-11-22,wk inc flu hosp,-1,2025-11-15,56,quantile,0.25,2
2025-11-22,wk inc flu hosp,-1,2025-11-15,56,quantile,0.3,2
2025-11-22,wk inc flu hosp,-1,2025-11-15,56,quantile,0.35,2
2025-11-22,wk inc flu hosp,-1,2025-11-15,56,quantile,0.4,2
2025-11-22,wk inc flu hosp,-1,2025-11-15,56,quantile,0.45,2
2025-11-22,wk inc flu hosp,-1,2025-11-15,56,quantile,0.5,3
2025-11-22,wk inc flu hosp,-1,2025-11-15,56,quantile,0.55,3
2025-11-22,wk inc flu hosp,-1,2025-11-15,56,quantile,0.6,3
2025-11-22,wk inc flu hosp,-1,2025-11-15,56,quantile,0.65,4
2025-11-22,wk inc flu hosp,-1,2025-11-15,56,quantile,0.7,4
2025-11-22,wk inc flu hosp,-1,2025-11-15,56,quantile,0.75,5
2025-11-22,wk inc flu hosp,-1,2025-11-15,56,quantile,0.8,5
2025-11-22,wk inc flu hosp,-1,2025-11-15,56,quantile,0.85,6
2025-11-22,wk inc flu hosp,-1,2025-11-15,56,quantile,0.9,7
2025-11-22,wk inc flu hosp,-1,2025-11-15,56,quantile,0.95,10
2025-11-22,wk inc flu hosp,-1,2025-11-15,56,quantile,0.975,13
2025-11-22,wk inc flu hosp,-1,2025-11-15,56,quantile,0.99,18
2025-11-22,wk inc flu prop ed visits,-1,2025-11-15,01,quantile,0.01,0.00243070894250296
2025-11-22,wk inc flu prop ed visits,-1,2025-11-15,01,quantile,0.025,0.0024541292076677
2025-11-22,wk inc flu prop ed visits,-1,2025-11-15,01,quantile,0.05,0.00274760927345089
2025-11-22,wk inc flu prop ed visits,-1,2025-11-15,01,quantile,0.1,0.00306906841773177
2025-11-22,wk inc flu prop ed visits,-1,2025-11-15,01,quantile,0.15,0.00335394484316377
2025-11-22,wk inc flu prop ed visits,-1,2025-11-15,01,quantile,0.2,0.00351679694808054
2025-11-22,wk inc flu prop ed visits,-1,2025-11-15,01,quantile,0.25,0.00375965300251356
2025-11-22,wk inc flu prop ed visits,-1,2025-11-15,01,quantile,0.3,0.00386486769222514
2025-11-22,wk inc flu prop ed visits,-1,2025-11-15,01,quantile,0.35,0.00392692895912785
2025-11-22,wk inc flu prop ed visits,-1,2025-11-15,01,quantile,0.4,0.00398845734443444
2025-11-22,wk inc flu prop ed visits,-1,2025-11-15,01,quantile,0.45,0.00412359913521768
2025-11-22,wk inc flu prop ed visits,-1,2025-11-15,01,quantile,0.5,0.00428318037962523
2025-11-22,wk inc flu prop ed visits,-1,2025-11-15,01,quantile,0.55,0.00437149681530501
2025-11-22,wk inc flu prop ed visits,-1,2025-11-15,01,quantile,0.6,0.00455512728591069
2025-11-22,wk inc flu prop ed visits,-1,2025-11-15,01,quantile,0.65,0.00469411073076199
2025-11-22,wk inc flu prop ed visits,-1,2025-11-15,01,quantile,0.7,0.00485732900951461
2025-11-22,wk inc flu prop ed visits,-1,2025-11-15,01,quantile,0.75,0.00502288935943372
2025-11-22,wk inc flu prop ed visits,-1,2025-11-15,01,quantile,0.8,0.00522802749083132
2025-11-22,wk inc flu prop ed visits,-1,2025-11-15,01,quantile,0.85,0.0054969870776637
2025-11-22,wk inc flu prop ed visits,-1,2025-11-15,01,quantile,0.9,0.00588245577212951
2025-11-22,wk inc flu prop ed visits,-1,2025-11-15,01,quantile,0.95,0.00658144796666744
2025-11-22,wk inc flu prop ed visits,-1,2025-11-15,01,quantile,0.975,0.00753323253336798
2025-11-22,wk inc flu prop ed visits,-1,2025-11-15,01,quantile,0.99,0.00866933195302979
2025-11-22,wk inc flu prop ed visits,-1,2025-11-15,02,quantile,0.01,7.2306673959699e-4
2025-11-22,wk inc flu prop ed visits,-1,2025-11-15,02,quantile,0.025,7.377219449345e-4
2025-11-22,wk inc flu prop ed visits,-1,2025-11-15,02,quantile,0.05,9.2147770352873e-4
2025-11-22,wk inc flu prop ed visits,-1,2025-11-15,02,quantile,0.1,0.00111781157622628
2025-11-22,wk inc flu prop ed visits,-1,2025-11-15,02,quantile,0.15,0.00129584777340002
2025-11-22,wk inc flu prop ed visits,-1,2025-11-15,02,quantile,0.2,0.00141656705887969
2025-11-22,wk inc flu prop ed visits,-1,2025-11-15,02,quantile,0.25,0.00160100519822166
2025-11-22,wk inc flu prop ed visits,-1,2025-11-15,02,quantile,0.3,0.00167959516628448
2025-11-22,wk inc flu prop ed visits,-1,2025-11-15,02,quantile,0.35,0.00172374194570416
2025-11-22,wk inc flu prop ed visits,-1,2025-11-15,02,quantile,0.4,0.00177520647799052
2025-11-22,wk inc flu prop ed visits,-1,2025-11-15,02,quantile,0.45,0.0018849569549532
2025-11-22,wk inc flu prop ed visits,-1,2025-11-15,02,quantile,0.5,0.00201625199278819
2025-11-22,wk inc flu prop ed visits,-1,2025-11-15,02,quantile,0.55,0.00211234347091374
2025-11-22,wk inc flu prop ed visits,-1,2025-11-15,02,quantile,0.6,0.00225795649186009
2025-11-22,wk inc flu prop ed visits,-1,2025-11-15,02,quantile,0.65,0.00239921090007776
2025-11-22,wk inc flu prop ed visits,-1,2025-11-15,02,quantile,0.7,0.00254287277100158
2025-11-22,wk inc flu prop ed visits,-1,2025-11-15,02,quantile,0.75,0.00271001806174435
2025-11-22,wk inc flu prop ed visits,-1,2025-11-15,02,quantile,0.8,0.00290093627820887
2025-11-22,wk inc flu prop ed visits,-1,2025-11-15,02,quantile,0.85,0.00317699149718019
2025-11-22,wk inc flu prop ed visits,-1,2025-11-15,02,quantile,0.9,0.00354774102950714
2025-11-22,wk inc flu prop ed visits,-1,2025-11-15,02,quantile,0.95,0.0043309658453314
2025-11-22,wk inc flu prop ed visits,-1,2025-11-15,02,quantile,0.975,0.00532705926140787
2025-11-22,wk inc flu prop ed visits,-1,2025-11-15,02,quantile,0.99,0.00669046444783457
2025-11-22,wk inc flu prop ed visits,-1,2025-11-15,04,quantile,0.01,7.0956937684793e-4
2025-11-22,wk inc flu prop ed visits,-1,2025-11-15,04,quantile,0.025,7.1569148795608e-4
2025-11-22,wk inc flu prop ed visits,-1,2025-11-15,04,quantile,0.05,7.9246711878933e-4
2025-11-22,wk inc flu prop ed visits,-1,2025-11-15,04,quantile,0.1,8.7966469049577e-4
2025-11-22,wk inc flu prop ed visits,-1,2025-11-15,04,quantile,0.15,9.6883710430425e-4
2025-11-22,wk inc flu prop ed visits,-1,2025-11-15,04,quantile,0.2,0.00102381877441547
2025-11-22,wk inc flu prop ed visits,-1,2025-11-15,04,quantile,0.25,0.00110897050784845
2025-11-22,wk inc flu prop ed visits,-1,2025-11-15,04,quantile,0.3,0.00114468526135869
2025-11-22,wk inc flu prop ed visits,-1,2025-11-15,04,quantile,0.35,0.0011677777098537
2025-11-22,wk inc flu prop ed visits,-1,2025-11-15,04,quantile,0.4,0.00118872201967455
2025-11-22,wk inc flu prop ed visits,-1,2025-11-15,04,quantile,0.45,0.00123412002819558
2025-11-22,wk inc flu prop ed visits,-1,2025-11-15,04,quantile,0.5,0.00129443974684966
2025-11-22,wk inc flu prop ed visits,-1,2025-11-15,04,quantile,0.55,0.00133091170812377
2025-11-22,wk inc flu prop ed visits,-1,2025-11-15,04,quantile,0.6,0.00139666078245514
2025-11-22,wk inc flu prop ed visits,-1,2025-11-15,04,quantile,0.65,0.00145263685437731
2025-11-22,wk inc flu prop ed visits,-1,2025-11-15,04,quantile,0.7,0.00151266341909866
2025-11-22,wk inc flu prop ed visits,-1,2025-11-15,04,quantile,0.75,0.00157343907105324
2025-11-22,wk inc flu prop ed visits,-1,2025-11-15,04,quantile,0.8,0.00165762152370434
2025-11-22,wk inc flu prop ed visits,-1,2025-11-15,04,quantile,0.85,0.00176986471116868
2025-11-22,wk inc flu prop ed visits,-1,2025-11-15,04,quantile,0.9,0.00192506210175291
2025-11-22,wk inc flu prop ed visits,-1,2025-11-15,04,quantile,0.95,0.00221381490438179
2025-11-22,wk inc flu prop ed visits,-1,2025-11-15,04,quantile,0.975,0.00258610025162187
2025-11-22,wk inc flu prop ed visits,-1,2025-11-15,04,quantile,0.99,0.00306339295980217
2025-11-22,wk inc flu prop ed visits,-1,2025-11-15,05,quantile,0.01,7.6073915942538e-4
2025-11-22,wk inc flu prop ed visits,-1,2025-11-15,05,quantile,0.025,7.7275165878203e-4
2025-11-22,wk inc flu prop ed visits,-1,2025-11-15,05,quantile,0.05,9.2341546085881e-4
2025-11-22,wk inc flu prop ed visits,-1,2025-11-15,05,quantile,0.1,0.00109569313045045
2025-11-22,wk inc flu prop ed visits,-1,2025-11-15,05,quantile,0.15,0.00129255825443254
2025-11-22,wk inc flu prop ed visits,-1,2025-11-15,05,quantile,0.2,0.00142462017208473
2025-11-22,wk inc flu prop ed visits,-1,2025-11-15,05,quantile,0.25,0.00162422596036716
2025-11-22,wk inc flu prop ed visits,-1,2025-11-15,05,quantile,0.3,0.00170455691175347
2025-11-22,wk inc flu prop ed visits,-1,2025-11-15,05,quantile,0.35,0.00175740643499828
2025-11-22,wk inc flu prop ed visits,-1,2025-11-15,05,quantile,0.4,0.00180866675961683
2025-11-22,wk inc flu prop ed visits,-1,2025-11-15,05,quantile,0.45,0.00192736691169991
2025-11-22,wk inc flu prop ed visits,-1,2025-11-15,05,quantile,0.5,0.00207944901363496
2025-11-22,wk inc flu prop ed visits,-1,2025-11-15,05,quantile,0.55,0.00217206330764171
2025-11-22,wk inc flu prop ed visits,-1,2025-11-15,05,quantile,0.6,0.00234134671331527
2025-11-22,wk inc flu prop ed visits,-1,2025-11-15,05,quantile,0.65,0.00248606924624755
2025-11-22,wk inc flu prop ed visits,-1,2025-11-15,05,quantile,0.7,0.00264409495943997
2025-11-22,wk inc flu prop ed visits,-1,2025-11-15,05,quantile,0.75,0.00281515027161984
2025-11-22,wk inc flu prop ed visits,-1,2025-11-15,05,quantile,0.8,0.00302180035500179
2025-11-22,wk inc flu prop ed visits,-1,2025-11-15,05,quantile,0.85,0.00333571535336096
2025-11-22,wk inc flu prop ed visits,-1,2025-11-15,05,quantile,0.9,0.00375667480093501
2025-11-22,wk inc flu prop ed visits,-1,2025-11-15,05,quantile,0.95,0.00461041564370607
2025-11-22,wk inc flu prop ed visits,-1,2025-11-15,05,quantile,0.975,0.00567624685544519
2025-11-22,wk inc flu prop ed visits,-1,2025-11-15,05,quantile,0.99,0.00714773037677928
2025-11-22,wk inc flu prop ed visits,-1,2025-11-15,06,quantile,0.01,0.00149282648139044
2025-11-22,wk inc flu prop ed visits,-1,2025-11-15,06,quantile,0.025,0.00150324204663416
2025-11-22,wk inc flu prop ed visits,-1,2025-11-15,06,quantile,0.05,0.00163379283399463
2025-11-22,wk inc flu prop ed visits,-1,2025-11-15,06,quantile,0.1,0.0017832178755412
2025-11-22,wk inc flu prop ed visits,-1,2025-11-15,06,quantile,0.15,0.00190341603514434
2025-11-22,wk inc flu prop ed visits,-1,2025-11-15,06,quantile,0.2,0.0019644509148639
2025-11-22,wk inc flu prop ed visits,-1,2025-11-15,06,quantile,0.25,0.00206360111721274
2025-11-22,wk inc flu prop ed visits,-1,2025-11-15,06,quantile,0.3,0.00210763189103615
2025-11-22,wk inc flu prop ed visits,-1,2025-11-15,06,quantile,0.35,0.00213288885404433
2025-11-22,wk inc flu prop ed visits,-1,2025-11-15,06,quantile,0.4,0.00215606375513496
2025-11-22,wk inc flu prop ed visits,-1,2025-11-15,06,quantile,0.45,0.00220731461367294
2025-11-22,wk inc flu prop ed visits,-1,2025-11-15,06,quantile,0.5,0.00226994399983656
2025-11-22,wk inc flu prop ed visits,-1,2025-11-15,06,quantile,0.55,0.00230697474247649
2025-11-22,wk inc flu prop ed visits,-1,2025-11-15,06,quantile,0.6,0.00237663094672646
2025-11-22,wk inc flu prop ed visits,-1,2025-11-15,06,quantile,0.65,0.00243248195696949
2025-11-22,wk inc flu prop ed visits,-1,2025-11-15,06,quantile,0.7,0.00249626137088324
2025-11-22,wk inc flu prop ed visits,-1,2025-11-15,06,quantile,0.75,0.00255698004553405
2025-11-22,wk inc flu prop ed visits,-1,2025-11-15,06,quantile,0.8,0.00264190808301181
2025-11-22,wk inc flu prop ed visits,-1,2025-11-15,06,quantile,0.85,0.00274600513791734
2025-11-22,wk inc flu prop ed visits,-1,2025-11-15,06,quantile,0.9,0.00289179737484567
2025-11-22,wk inc flu prop ed visits,-1,2025-11-15,06,quantile,0.95,0.00315457493819618
2025-11-22,wk inc flu prop ed visits,-1,2025-11-15,06,quantile,0.975,0.00351443439605454
2025-11-22,wk inc flu prop ed visits,-1,2025-11-15,06,quantile,0.99,0.00393233481651929
2025-11-22,wk inc flu prop ed visits,-1,2025-11-15,08,quantile,0.01,0.00195081367582467
2025-11-22,wk inc flu prop ed visits,-1,2025-11-15,08,quantile,0.025,0.00197580806857338
2025-11-22,wk inc flu prop ed visits,-1,2025-11-15,08,quantile,0.05,0.00228929111174196
2025-11-22,wk inc flu prop ed visits,-1,2025-11-15,08,quantile,0.1,0.00262581957242301
2025-11-22,wk inc flu prop ed visits,-1,2025-11-15,08,quantile,0.15,0.00295134198051435
2025-11-22,wk inc flu prop ed visits,-1,2025-11-15,08,quantile,0.2,0.00316484122049006
2025-11-22,wk inc flu prop ed visits,-1,2025-11-15,08,quantile,0.25,0.00349614110695004
2025-11-22,wk inc flu prop ed visits,-1,2025-11-15,08,quantile,0.3,0.00363051552710459
2025-11-22,wk inc flu prop ed visits,-1,2025-11-15,08,quantile,0.35,0.00370978782319934
2025-11-22,wk inc flu prop ed visits,-1,2025-11-15,08,quantile,0.4,0.00379247354256786
2025-11-22,wk inc flu prop ed visits,-1,2025-11-15,08,quantile,0.45,0.00397017778253782
2025-11-22,wk inc flu prop ed visits,-1,2025-11-15,08,quantile,0.5,0.00420074886211175
2025-11-22,wk inc flu prop ed visits,-1,2025-11-15,08,quantile,0.55,0.00433666678486129
2025-11-22,wk inc flu prop ed visits,-1,2025-11-15,08,quantile,0.6,0.00459092620532457
2025-11-22,wk inc flu prop ed visits,-1,2025-11-15,08,quantile,0.65,0.00480198332502283
2025-11-22,wk inc flu prop ed visits,-1,2025-11-15,08,quantile,0.7,0.00503904269574682
2025-11-22,wk inc flu prop ed visits,-1,2025-11-15,08,quantile,0.75,0.00528358678755462
2025-11-22,wk inc flu prop ed visits,-1,2025-11-15,08,quantile,0.8,0.00557815026234398
2025-11-22,wk inc flu prop ed visits,-1,2025-11-15,08,quantile,0.85,0.00600996498910355
2025-11-22,wk inc flu prop ed visits,-1,2025-11-15,08,quantile,0.9,0.00660216495551225
2025-11-22,wk inc flu prop ed visits,-1,2025-11-15,08,quantile,0.95,0.00781641046832665
2025-11-22,wk inc flu prop ed visits,-1,2025-11-15,08,quantile,0.975,0.00933514883883796
2025-11-22,wk inc flu prop ed visits,-1,2025-11-15,08,quantile,0.99,0.0113217292535493
2025-11-22,wk inc flu prop ed visits,-1,2025-11-15,09,quantile,0.01,0.00100984156449051
2025-11-22,wk inc flu prop ed visits,-1,2025-11-15,09,quantile,0.025,0.00101988711329089
2025-11-22,wk inc flu prop ed visits,-1,2025-11-15,09,quantile,0.05,0.00114585895943064
2025-11-22,wk inc flu prop ed visits,-1,2025-11-15,09,quantile,0.1,0.00127463225937452
2025-11-22,wk inc flu prop ed visits,-1,2025-11-15,09,quantile,0.15,0.00139148121606484
2025-11-22,wk inc flu prop ed visits,-1,2025-11-15,09,quantile,0.2,0.00146501233206929
2025-11-22,wk inc flu prop ed visits,-1,2025-11-15,09,quantile,0.25,0.00158007894512316
2025-11-22,wk inc flu prop ed visits,-1,2025-11-15,09,quantile,0.3,0.00162933806357575
2025-11-22,wk inc flu prop ed visits,-1,2025-11-15,09,quantile,0.35,0.00165636604683817
2025-11-22,wk inc flu prop ed visits,-1,2025-11-15,09,quantile,0.4,0.00168634178846606
2025-11-22,wk inc flu prop ed visits,-1,2025-11-15,09,quantile,0.45,0.00174517194565132
2025-11-22,wk inc flu prop ed visits,-1,2025-11-15,09,quantile,0.5,0.00182028830526059
2025-11-22,wk inc flu prop ed visits,-1,2025-11-15,09,quantile,0.55,0.0018669980630866
2025-11-22,wk inc flu prop ed visits,-1,2025-11-15,09,quantile,0.6,0.00194971395802745
2025-11-22,wk inc flu prop ed visits,-1,2025-11-15,09,quantile,0.65,0.00202061413909358
2025-11-22,wk inc flu prop ed visits,-1,2025-11-15,09,quantile,0.7,0.00209642064457925
2025-11-22,wk inc flu prop ed visits,-1,2025-11-15,09,quantile,0.75,0.00217262707305116
2025-11-22,wk inc flu prop ed visits,-1,2025-11-15,09,quantile,0.8,0.00227375721490883
2025-11-22,wk inc flu prop ed visits,-1,2025-11-15,09,quantile,0.85,0.00240309084455489
2025-11-22,wk inc flu prop ed visits,-1,2025-11-15,09,quantile,0.9,0.00258695921428838
2025-11-22,wk inc flu prop ed visits,-1,2025-11-15,09,quantile,0.95,0.00293097080786934
2025-11-22,wk inc flu prop ed visits,-1,2025-11-15,09,quantile,0.975,0.0033765837929107
2025-11-22,wk inc flu prop ed visits,-1,2025-11-15,09,quantile,0.99,0.00391296840185836
2025-11-22,wk inc flu prop ed visits,-1,2025-11-15,10,quantile,0.01,6.9209452503287e-4
2025-11-22,wk inc flu prop ed visits,-1,2025-11-15,10,quantile,0.025,7.0402707790774e-4
2025-11-22,wk inc flu prop ed visits,-1,2025-11-15,10,quantile,0.05,8.5361610895982e-4
2025-11-22,wk inc flu prop ed visits,-1,2025-11-15,10,quantile,0.1,0.00100676350774394
2025-11-22,wk inc flu prop ed visits,-1,2025-11-15,10,quantile,0.15,0.00114336334939386
2025-11-22,wk inc flu prop ed visits,-1,2025-11-15,10,quantile,0.2,0.00122855091806316
2025-11-22,wk inc flu prop ed visits,-1,2025-11-15,10,quantile,0.25,0.00135546944267493
2025-11-22,wk inc flu prop ed visits,-1,2025-11-15,10,quantile,0.3,0.00140915696811093
2025-11-22,wk inc flu prop ed visits,-1,2025-11-15,10,quantile,0.35,0.00143926739239216
2025-11-22,wk inc flu prop ed visits,-1,2025-11-15,10,quantile,0.4,0.00147121733341803
2025-11-22,wk inc flu prop ed visits,-1,2025-11-15,10,quantile,0.45,0.00154171991948836
2025-11-22,wk inc flu prop ed visits,-1,2025-11-15,10,quantile,0.5,0.00162518099608623
2025-11-22,wk inc flu prop ed visits,-1,2025-11-15,10,quantile,0.55,0.00167308450110263
2025-11-22,wk inc flu prop ed visits,-1,2025-11-15,10,quantile,0.6,0.00177416397004637
2025-11-22,wk inc flu prop ed visits,-1,2025-11-15,10,quantile,0.65,0.0018501013601541
2025-11-22,wk inc flu prop ed visits,-1,2025-11-15,10,quantile,0.7,0.00194103263301188
2025-11-22,wk inc flu prop ed visits,-1,2025-11-15,10,quantile,0.75,0.00203806795524414
2025-11-22,wk inc flu prop ed visits,-1,2025-11-15,10,quantile,0.8,0.00215501186531447
2025-11-22,wk inc flu prop ed visits,-1,2025-11-15,10,quantile,0.85,0.00231377578972786
2025-11-22,wk inc flu prop ed visits,-1,2025-11-15,10,quantile,0.9,0.00253506343592409
2025-11-22,wk inc flu prop ed visits,-1,2025-11-15,10,quantile,0.95,0.00296844585909473
2025-11-22,wk inc flu prop ed visits,-1,2025-11-15,10,quantile,0.975,0.00351107019649573
2025-11-22,wk inc flu prop ed visits,-1,2025-11-15,10,quantile,0.99,0.0042075618691065
2025-11-22,wk inc flu prop ed visits,-1,2025-11-15,11,quantile,0.01,4.8217305082896e-4
2025-11-22,wk inc flu prop ed visits,-1,2025-11-15,11,quantile,0.025,4.8945656967299e-4
2025-11-22,wk inc flu prop ed visits,-1,2025-11-15,11,quantile,0.05,5.8079792494448e-4
2025-11-22,wk inc flu prop ed visits,-1,2025-11-15,11,quantile,0.1,6.8167454999452e-4
2025-11-22,wk inc flu prop ed visits,-1,2025-11-15,11,quantile,0.15,7.9585456360968e-4
2025-11-22,wk inc flu prop ed visits,-1,2025-11-15,11,quantile,0.2,8.7997161015777e-4
2025-11-22,wk inc flu prop ed visits,-1,2025-11-15,11,quantile,0.25,0.00100707061808318
2025-11-22,wk inc flu prop ed visits,-1,2025-11-15,11,quantile,0.3,0.00105651341984343
2025-11-22,wk inc flu prop ed visits,-1,2025-11-15,11,quantile,0.35,0.00108803548859812
2025-11-22,wk inc flu prop ed visits,-1,2025-11-15,11,quantile,0.4,0.0011206730493253901
2025-11-22,wk inc flu prop ed visits,-1,2025-11-15,11,quantile,0.45,0.0011988055634458
2025-11-22,wk inc flu prop ed visits,-1,2025-11-15,11,quantile,0.5,0.00129374950523205
2025-11-22,wk inc flu prop ed visits,-1,2025-11-15,11,quantile,0.55,0.00135930488739987
2025-11-22,wk inc flu prop ed visits,-1,2025-11-15,11,quantile,0.6,0.00146880364746498
2025-11-22,wk inc flu prop ed visits,-1,2025-11-15,11,quantile,0.65,0.0015669222471596
2025-11-22,wk inc flu prop ed visits,-1,2025-11-15,11,quantile,0.7,0.00167154442073418
2025-11-22,wk inc flu prop ed visits,-1,2025-11-15,11,quantile,0.75,0.00179341543899169
2025-11-22,wk inc flu prop ed visits,-1,2025-11-15,11,quantile,0.8,0.00193380727961421
2025-11-22,wk inc flu prop ed visits,-1,2025-11-15,11,quantile,0.85,0.0021500056415832
2025-11-22,wk inc flu prop ed visits,-1,2025-11-15,11,quantile,0.9,0.00243117020820385
2025-11-22,wk inc flu prop ed visits,-1,2025-11-15,11,quantile,0.95,0.00302701393995169
2025-11-22,wk inc flu prop ed visits,-1,2025-11-15,11,quantile,0.975,0.00374179779317224
2025-11-22,wk inc flu prop ed visits,-1,2025-11-15,11,quantile,0.99,0.00474417860597149
2025-11-22,wk inc flu prop ed visits,-1,2025-11-15,12,quantile,0.01,0.00618167431569696
2025-11-22,wk inc flu prop ed visits,-1,2025-11-15,12,quantile,0.025,0.00623196774912069
2025-11-22,wk inc flu prop ed visits,-1,2025-11-15,12,quantile,0.05,0.00686261468567253
2025-11-22,wk inc flu prop ed visits,-1,2025-11-15,12,quantile,0.1,0.00756028726099538
2025-11-22,wk inc flu prop ed visits,-1,2025-11-15,12,quantile,0.15,0.00801600946180335
2025-11-22,wk inc flu prop ed visits,-1,2025-11-15,12,quantile,0.2,0.00825130200081697
2025-11-22,wk inc flu prop ed visits,-1,2025-11-15,12,quantile,0.25,0.00862260307510979
2025-11-22,wk inc flu prop ed visits,-1,2025-11-15,12,quantile,0.3,0.00879055991721969
2025-11-22,wk inc flu prop ed visits,-1,2025-11-15,12,quantile,0.35,0.00887221623992711
2025-11-22,wk inc flu prop ed visits,-1,2025-11-15,12,quantile,0.4,0.00895991043378926
2025-11-22,wk inc flu prop ed visits,-1,2025-11-15,12,quantile,0.45,0.00914712275379972
2025-11-22,wk inc flu prop ed visits,-1,2025-11-15,12,quantile,0.5,0.00935146048381316
2025-11-22,wk inc flu prop ed visits,-1,2025-11-15,12,quantile,0.55,0.00947832344260388
2025-11-22,wk inc flu prop ed visits,-1,2025-11-15,12,quantile,0.6,0.00971479573456821
2025-11-22,wk inc flu prop ed visits,-1,2025-11-15,12,quantile,0.65,0.00990296137742345
2025-11-22,wk inc flu prop ed visits,-1,2025-11-15,12,quantile,0.7,0.0101096639594215
2025-11-22,wk inc flu prop ed visits,-1,2025-11-15,12,quantile,0.75,0.0103123168051906
2025-11-22,wk inc flu prop ed visits,-1,2025-11-15,12,quantile,0.8,0.0105901099843248
2025-11-22,wk inc flu prop ed visits,-1,2025-11-15,12,quantile,0.85,0.0109128905409722
2025-11-22,wk inc flu prop ed visits,-1,2025-11-15,12,quantile,0.9,0.0113508045747443
2025-11-22,wk inc flu prop ed visits,-1,2025-11-15,12,quantile,0.95,0.0121698777192048
2025-11-22,wk inc flu prop ed visits,-1,2025-11-15,12,quantile,0.975,0.013267957264795
2025-11-22,wk inc flu prop ed visits,-1,2025-11-15,12,quantile,0.99,0.0144740200058156
2025-11-22,wk inc flu prop ed visits,-1,2025-11-15,13,quantile,0.01,0.00152911654119843
2025-11-22,wk inc flu prop ed visits,-1,2025-11-15,13,quantile,0.025,0.00154889773962865
2025-11-22,wk inc flu prop ed visits,-1,2025-11-15,13,quantile,0.05,0.00179691510444132
2025-11-22,wk inc flu prop ed visits,-1,2025-11-15,13,quantile,0.1,0.00205813582103706
2025-11-22,wk inc flu prop ed visits,-1,2025-11-15,13,quantile,0.15,0.00227888452963565
2025-11-22,wk inc flu prop ed visits,-1,2025-11-15,13,quantile,0.2,0.00240635193543852
2025-11-22,wk inc flu prop ed visits,-1,2025-11-15,13,quantile,0.25,0.00260559425341436
2025-11-22,wk inc flu prop ed visits,-1,2025-11-15,13,quantile,0.3,0.00269471890629441
2025-11-22,wk inc flu prop ed visits,-1,2025-11-15,13,quantile,0.35,0.00274188033467202
2025-11-22,wk inc flu prop ed visits,-1,2025-11-15,13,quantile,0.4,0.00279314199650689
2025-11-22,wk inc flu prop ed visits,-1,2025-11-15,13,quantile,0.45,0.00290000998382146
2025-11-22,wk inc flu prop ed visits,-1,2025-11-15,13,quantile,0.5,0.00302944186407236
2025-11-22,wk inc flu prop ed visits,-1,2025-11-15,13,quantile,0.55,0.00310403523286898
2025-11-22,wk inc flu prop ed visits,-1,2025-11-15,13,quantile,0.6,0.0032512350572337
2025-11-22,wk inc flu prop ed visits,-1,2025-11-15,13,quantile,0.65,0.00336736176550898
2025-11-22,wk inc flu prop ed visits,-1,2025-11-15,13,quantile,0.7,0.00350007814182207
2025-11-22,wk inc flu prop ed visits,-1,2025-11-15,13,quantile,0.75,0.00364009740299576
2025-11-22,wk inc flu prop ed visits,-1,2025-11-15,13,quantile,0.8,0.00380509528696956
2025-11-22,wk inc flu prop ed visits,-1,2025-11-15,13,quantile,0.85,0.00402602046089663
2025-11-22,wk inc flu prop ed visits,-1,2025-11-15,13,quantile,0.9,0.00433695392705217
2025-11-22,wk inc flu prop ed visits,-1,2025-11-15,13,quantile,0.95,0.00493460353274768
2025-11-22,wk inc flu prop ed visits,-1,2025-11-15,13,quantile,0.975,0.00571962992290269
2025-11-22,wk inc flu prop ed visits,-1,2025-11-15,13,quantile,0.99,0.0066664226307309
2025-11-22,wk inc flu prop ed visits,-1,2025-11-15,15,quantile,0.01,0.00782277031566124
2025-11-22,wk inc flu prop ed visits,-1,2025-11-15,15,quantile,0.025,0.00790660663619666
2025-11-22,wk inc flu prop ed visits,-1,2025-11-15,15,quantile,0.05,0.00895802455907563
2025-11-22,wk inc flu prop ed visits,-1,2025-11-15,15,quantile,0.1,0.0100241849642781
2025-11-22,wk inc flu prop ed visits,-1,2025-11-15,15,quantile,0.15,0.0109158994914925
2025-11-22,wk inc flu prop ed visits,-1,2025-11-15,15,quantile,0.2,0.0114400317485109
2025-11-22,wk inc flu prop ed visits,-1,2025-11-15,15,quantile,0.25,0.0123014433556066
2025-11-22,wk inc flu prop ed visits,-1,2025-11-15,15,quantile,0.3,0.0126690462692299
2025-11-22,wk inc flu prop ed visits,-1,2025-11-15,15,quantile,0.35,0.0128581385165198
2025-11-22,wk inc flu prop ed visits,-1,2025-11-15,15,quantile,0.4,0.0130598026609678
2025-11-22,wk inc flu prop ed visits,-1,2025-11-15,15,quantile,0.45,0.01348821301535
2025-11-22,wk inc flu prop ed visits,-1,2025-11-15,15,quantile,0.5,0.014029726538031
2025-11-22,wk inc flu prop ed visits,-1,2025-11-15,15,quantile,0.55,0.0143565334823176
2025-11-22,wk inc flu prop ed visits,-1,2025-11-15,15,quantile,0.6,0.0149658949601671
2025-11-22,wk inc flu prop ed visits,-1,2025-11-15,15,quantile,0.65,0.0154654930583849
2025-11-22,wk inc flu prop ed visits,-1,2025-11-15,15,quantile,0.7,0.0160240162450172
2025-11-22,wk inc flu prop ed visits,-1,2025-11-15,15,quantile,0.75,0.0166019198764646
2025-11-22,wk inc flu prop ed visits,-1,2025-11-15,15,quantile,0.8,0.017331023824705
2025-11-22,wk inc flu prop ed visits,-1,2025-11-15,15,quantile,0.85,0.0182860699730649
2025-11-22,wk inc flu prop ed visits,-1,2025-11-15,15,quantile,0.9,0.0196122829897639
2025-11-22,wk inc flu prop ed visits,-1,2025-11-15,15,quantile,0.95,0.0222364284371276
2025-11-22,wk inc flu prop ed visits,-1,2025-11-15,15,quantile,0.975,0.0255221973581771
2025-11-22,wk inc flu prop ed visits,-1,2025-11-15,15,quantile,0.99,0.0295060661862629
2025-11-22,wk inc flu prop ed visits,-1,2025-11-15,16,quantile,0.01,0.00128187859684773
2025-11-22,wk inc flu prop ed visits,-1,2025-11-15,16,quantile,0.025,0.00129857980894882
2025-11-22,wk inc flu prop ed visits,-1,2025-11-15,16,quantile,0.05,0.00150804350505379
2025-11-22,wk inc flu prop ed visits,-1,2025-11-15,16,quantile,0.1,0.00173767261622031
2025-11-22,wk inc flu prop ed visits,-1,2025-11-15,16,quantile,0.15,0.0019786842852246
2025-11-22,wk inc flu prop ed visits,-1,2025-11-15,16,quantile,0.2,0.00213110188318419
2025-11-22,wk inc flu prop ed visits,-1,2025-11-15,16,quantile,0.25,0.00236828644450619
2025-11-22,wk inc flu prop ed visits,-1,2025-11-15,16,quantile,0.3,0.00246619555418244
2025-11-22,wk inc flu prop ed visits,-1,2025-11-15,16,quantile,0.35,0.00252708809130398
2025-11-22,wk inc flu prop ed visits,-1,2025-11-15,16,quantile,0.4,0.00258658388223607
2025-11-22,wk inc flu prop ed visits,-1,2025-11-15,16,quantile,0.45,0.002714476044815
2025-11-22,wk inc flu prop ed visits,-1,2025-11-15,16,quantile,0.5,0.00288716861164823
2025-11-22,wk inc flu prop ed visits,-1,2025-11-15,16,quantile,0.55,0.00298666541408527
2025-11-22,wk inc flu prop ed visits,-1,2025-11-15,16,quantile,0.6,0.00317239494914662
2025-11-22,wk inc flu prop ed visits,-1,2025-11-15,16,quantile,0.65,0.00332706163695572
2025-11-22,wk inc flu prop ed visits,-1,2025-11-15,16,quantile,0.7,0.00349772384265659
2025-11-22,wk inc flu prop ed visits,-1,2025-11-15,16,quantile,0.75,0.00368053790820328
2025-11-22,wk inc flu prop ed visits,-1,2025-11-15,16,quantile,0.8,0.00390201649571662
2025-11-22,wk inc flu prop ed visits,-1,2025-11-15,16,quantile,0.85,0.00422619282344407
2025-11-22,wk inc flu prop ed visits,-1,2025-11-15,16,quantile,0.9,0.00466688134772145
2025-11-22,wk inc flu prop ed visits,-1,2025-11-15,16,quantile,0.95,0.00552488838984704
2025-11-22,wk inc flu prop ed visits,-1,2025-11-15,16,quantile,0.975,0.00662352672476541
2025-11-22,wk inc flu prop ed visits,-1,2025-11-15,16,quantile,0.99,0.00805718974384709
2025-11-22,wk inc flu prop ed visits,-1,2025-11-15,17,quantile,0.01,0.00113372355966071
2025-11-22,wk inc flu prop ed visits,-1,2025-11-15,17,quantile,0.025,0.00114564155838614
2025-11-22,wk inc flu prop ed visits,-1,2025-11-15,17,quantile,0.05,0.00129509734561015
2025-11-22,wk inc flu prop ed visits,-1,2025-11-15,17,quantile,0.1,0.0014520778466074
2025-11-22,wk inc flu prop ed visits,-1,2025-11-15,17,quantile,0.15,0.00157914692941671
2025-11-22,wk inc flu prop ed visits,-1,2025-11-15,17,quantile,0.2,0.00165334826634587
2025-11-22,wk inc flu prop ed visits,-1,2025-11-15,17,quantile,0.25,0.00177025186041921
2025-11-22,wk inc flu prop ed visits,-1,2025-11-15,17,quantile,0.3,0.00182120780046695
2025-11-22,wk inc flu prop ed visits,-1,2025-11-15,17,quantile,0.35,0.00184793369200129
2025-11-22,wk inc flu prop ed visits,-1,2025-11-15,17,quantile,0.4,0.00187635391564004
2025-11-22,wk inc flu prop ed visits,-1,2025-11-15,17,quantile,0.45,0.00193563002621157
2025-11-22,wk inc flu prop ed visits,-1,2025-11-15,17,quantile,0.5,0.00200931707721299
2025-11-22,wk inc flu prop ed visits,-1,2025-11-15,17,quantile,0.55,0.0020519797650079
2025-11-22,wk inc flu prop ed visits,-1,2025-11-15,17,quantile,0.6,0.00213474563701693
2025-11-22,wk inc flu prop ed visits,-1,2025-11-15,17,quantile,0.65,0.00220036621115268
2025-11-22,wk inc flu prop ed visits,-1,2025-11-15,17,quantile,0.7,0.00227483801729446
2025-11-22,wk inc flu prop ed visits,-1,2025-11-15,17,quantile,0.75,0.00235010253551016
2025-11-22,wk inc flu prop ed visits,-1,2025-11-15,17,quantile,0.8,0.00244544867421338
2025-11-22,wk inc flu prop ed visits,-1,2025-11-15,17,quantile,0.85,0.00256838120644399
2025-11-22,wk inc flu prop ed visits,-1,2025-11-15,17,quantile,0.9,0.00274165206318942
2025-11-22,wk inc flu prop ed visits,-1,2025-11-15,17,quantile,0.95,0.00307680261273375
2025-11-22,wk inc flu prop ed visits,-1,2025-11-15,17,quantile,0.975,0.00350815116827316
2025-11-22,wk inc flu prop ed visits,-1,2025-11-15,17,quantile,0.99,0.00401748915666168
2025-11-22,wk inc flu prop ed visits,-1,2025-11-15,18,quantile,0.01,7.8191620012375e-4
2025-11-22,wk inc flu prop ed visits,-1,2025-11-15,18,quantile,0.025,7.9053733370632e-4
2025-11-22,wk inc flu prop ed visits,-1,2025-11-15,18,quantile,0.05,8.9864352964864e-4
2025-11-22,wk inc flu prop ed visits,-1,2025-11-15,18,quantile,0.1,0.00101159124855633
2025-11-22,wk inc flu prop ed visits,-1,2025-11-15,18,quantile,0.15,0.00111307016887442
2025-11-22,wk inc flu prop ed visits,-1,2025-11-15,18,quantile,0.2,0.00117502170020215
2025-11-22,wk inc flu prop ed visits,-1,2025-11-15,18,quantile,0.25,0.00127260629064034
2025-11-22,wk inc flu prop ed visits,-1,2025-11-15,18,quantile,0.3,0.0013158591774395
2025-11-22,wk inc flu prop ed visits,-1,2025-11-15,18,quantile,0.35,0.00133932368280685
2025-11-22,wk inc flu prop ed visits,-1,2025-11-15,18,quantile,0.4,0.00136457155108316
2025-11-22,wk inc flu prop ed visits,-1,2025-11-15,18,quantile,0.45,0.00141691121141
2025-11-22,wk inc flu prop ed visits,-1,2025-11-15,18,quantile,0.5,0.00148190771121776
2025-11-22,wk inc flu prop ed visits,-1,2025-11-15,18,quantile,0.55,0.00152250454949147
2025-11-22,wk inc flu prop ed visits,-1,2025-11-15,18,quantile,0.6,0.00159563420658245
2025-11-22,wk inc flu prop ed visits,-1,2025-11-15,18,quantile,0.65,0.00165773914088845
2025-11-22,wk inc flu prop ed visits,-1,2025-11-15,18,quantile,0.7,0.00172575340174557
2025-11-22,wk inc flu prop ed visits,-1,2025-11-15,18,quantile,0.75,0.00179524370954931
2025-11-22,wk inc flu prop ed visits,-1,2025-11-15,18,quantile,0.8,0.00188311438493829
2025-11-22,wk inc flu prop ed visits,-1,2025-11-15,18,quantile,0.85,0.00199822406573935
2025-11-22,wk inc flu prop ed visits,-1,2025-11-15,18,quantile,0.9,0.00216326677854168
2025-11-22,wk inc flu prop ed visits,-1,2025-11-15,18,quantile,0.95,0.00248319509137142
2025-11-22,wk inc flu prop ed visits,-1,2025-11-15,18,quantile,0.975,0.00289718929054243
2025-11-22,wk inc flu prop ed visits,-1,2025-11-15,18,quantile,0.99,0.00340725456787065
2025-11-22,wk inc flu prop ed visits,-1,2025-11-15,19,quantile,0.01,3.7366272203254e-4
2025-11-22,wk inc flu prop ed visits,-1,2025-11-15,19,quantile,0.025,3.7899340621897e-4
2025-11-22,wk inc flu prop ed visits,-1,2025-11-15,19,quantile,0.05,4.4560959279526e-4
2025-11-22,wk inc flu prop ed visits,-1,2025-11-15,19,quantile,0.1,5.1223793645292e-4
2025-11-22,wk inc flu prop ed visits,-1,2025-11-15,19,quantile,0.15,5.7060210461574e-4
2025-11-22,wk inc flu prop ed visits,-1,2025-11-15,19,quantile,0.2,6.1296107702863e-4
2025-11-22,wk inc flu prop ed visits,-1,2025-11-15,19,quantile,0.25,6.7421973967629e-4
2025-11-22,wk inc flu prop ed visits,-1,2025-11-15,19,quantile,0.3,7.0162726339081e-4
2025-11-22,wk inc flu prop ed visits,-1,2025-11-15,19,quantile,0.35,7.15496906291e-4
2025-11-22,wk inc flu prop ed visits,-1,2025-11-15,19,quantile,0.4,7.3345525063873e-4
2025-11-22,wk inc flu prop ed visits,-1,2025-11-15,19,quantile,0.45,7.6846211023375e-4
2025-11-22,wk inc flu prop ed visits,-1,2025-11-15,19,quantile,0.5,8.0926423275533e-4
2025-11-22,wk inc flu prop ed visits,-1,2025-11-15,19,quantile,0.55,8.3623997377218e-4
2025-11-22,wk inc flu prop ed visits,-1,2025-11-15,19,quantile,0.6,8.8531855634963e-4
2025-11-22,wk inc flu prop ed visits,-1,2025-11-15,19,quantile,0.65,9.2654099175325e-4
2025-11-22,wk inc flu prop ed visits,-1,2025-11-15,19,quantile,0.7,9.7058311471883e-4
2025-11-22,wk inc flu prop ed visits,-1,2025-11-15,19,quantile,0.75,0.00102423124819371
2025-11-22,wk inc flu prop ed visits,-1,2025-11-15,19,quantile,0.8,0.00108670118489858
2025-11-22,wk inc flu prop ed visits,-1,2025-11-15,19,quantile,0.85,0.00116576161024998
2025-11-22,wk inc flu prop ed visits,-1,2025-11-15,19,quantile,0.9,0.00127862405260462
2025-11-22,wk inc flu prop ed visits,-1,2025-11-15,19,quantile,0.95,0.00148866856526871
2025-11-22,wk inc flu prop ed visits,-1,2025-11-15,19,quantile,0.975,0.00173473262211465
2025-11-22,wk inc flu prop ed visits,-1,2025-11-15,19,quantile,0.99,0.00205059968776735
2025-11-22,wk inc flu prop ed visits,-1,2025-11-15,20,quantile,0.01,6.1290440169488e-4
2025-11-22,wk inc flu prop ed visits,-1,2025-11-15,20,quantile,0.025,6.2145689707867e-4
2025-11-22,wk inc flu prop ed visits,-1,2025-11-15,20,quantile,0.05,7.2869616645973e-4
2025-11-22,wk inc flu prop ed visits,-1,2025-11-15,20,quantile,0.1,8.3866260568652e-4
2025-11-22,wk inc flu prop ed visits,-1,2025-11-15,20,quantile,0.15,9.4473770089712e-4
2025-11-22,wk inc flu prop ed visits,-1,2025-11-15,20,quantile,0.2,0.00101398996803274
2025-11-22,wk inc flu prop ed visits,-1,2025-11-15,20,quantile,0.25,0.00112077483939988
2025-11-22,wk inc flu prop ed visits,-1,2025-11-15,20,quantile,0.3,0.00116487728935424
2025-11-22,wk inc flu prop ed visits,-1,2025-11-15,20,quantile,0.35,0.00119055301760983
2025-11-22,wk inc flu prop ed visits,-1,2025-11-15,20,quantile,0.4,0.00121848480935756
2025-11-22,wk inc flu prop ed visits,-1,2025-11-15,20,quantile,0.45,0.00127337920399544
2025-11-22,wk inc flu prop ed visits,-1,2025-11-15,20,quantile,0.5,0.00134585039615101
2025-11-22,wk inc flu prop ed visits,-1,2025-11-15,20,quantile,0.55,0.00139054636599007
2025-11-22,wk inc flu prop ed visits,-1,2025-11-15,20,quantile,0.6,0.00146968766212606
2025-11-22,wk inc flu prop ed visits,-1,2025-11-15,20,quantile,0.65,0.00153688276770801
2025-11-22,wk inc flu prop ed visits,-1,2025-11-15,20,quantile,0.7,0.00160898385668319
2025-11-22,wk inc flu prop ed visits,-1,2025-11-15,20,quantile,0.75,0.0016859085432947
2025-11-22,wk inc flu prop ed visits,-1,2025-11-15,20,quantile,0.8,0.00178287747280433
2025-11-22,wk inc flu prop ed visits,-1,2025-11-15,20,quantile,0.85,0.00191447726250049
2025-11-22,wk inc flu prop ed visits,-1,2025-11-15,20,quantile,0.9,0.00209397977249391
2025-11-22,wk inc flu prop ed visits,-1,2025-11-15,20,quantile,0.95,0.00243140503909309
2025-11-22,wk inc flu prop ed visits,-1,2025-11-15,20,quantile,0.975,0.00286094375121162
2025-11-22,wk inc flu prop ed visits,-1,2025-11-15,20,quantile,0.99,0.0033910228589326
2025-11-22,wk inc flu prop ed visits,-1,2025-11-15,21,quantile,0.01,9.24046894912e-4
2025-11-22,wk inc flu prop ed visits,-1,2025-11-15,21,quantile,0.025,9.3509312462913e-4
2025-11-22,wk inc flu prop ed visits,-1,2025-11-15,21,quantile,0.05,0.00107361802331699
2025-11-22,wk inc flu prop ed visits,-1,2025-11-15,21,quantile,0.1,0.00121574687085745
2025-11-22,wk inc flu prop ed visits,-1,2025-11-15,21,quantile,0.15,0.00134592873869717
2025-11-22,wk inc flu prop ed visits,-1,2025-11-15,21,quantile,0.2,0.00142993565017848
2025-11-22,wk inc flu prop ed visits,-1,2025-11-15,21,quantile,0.25,0.00155856229940458
2025-11-22,wk inc flu prop ed visits,-1,2025-11-15,21,quantile,0.3,0.00161049283128118
2025-11-22,wk inc flu prop ed visits,-1,2025-11-15,21,quantile,0.35,0.0016410129400322
2025-11-22,wk inc flu prop ed visits,-1,2025-11-15,21,quantile,0.4,0.00167217818212692
2025-11-22,wk inc flu prop ed visits,-1,2025-11-15,21,quantile,0.45,0.00173880792639608
2025-11-22,wk inc flu prop ed visits,-1,2025-11-15,21,quantile,0.5,0.00182155976023282
2025-11-22,wk inc flu prop ed visits,-1,2025-11-15,21,quantile,0.55,0.00187323693994655
2025-11-22,wk inc flu prop ed visits,-1,2025-11-15,21,quantile,0.6,0.00196642293469249
2025-11-22,wk inc flu prop ed visits,-1,2025-11-15,21,quantile,0.65,0.00204488904610958
2025-11-22,wk inc flu prop ed visits,-1,2025-11-15,21,quantile,0.7,0.0021306076021506
2025-11-22,wk inc flu prop ed visits,-1,2025-11-15,21,quantile,0.75,0.00221628454009777
2025-11-22,wk inc flu prop ed visits,-1,2025-11-15,21,quantile,0.8,0.00233169342089662
2025-11-22,wk inc flu prop ed visits,-1,2025-11-15,21,quantile,0.85,0.00248198797305266
2025-11-22,wk inc flu prop ed visits,-1,2025-11-15,21,quantile,0.9,0.00269173932273061
2025-11-22,wk inc flu prop ed visits,-1,2025-11-15,21,quantile,0.95,0.00309118351547763
2025-11-22,wk inc flu prop ed visits,-1,2025-11-15,21,quantile,0.975,0.00360197931157752
2025-11-22,wk inc flu prop ed visits,-1,2025-11-15,21,quantile,0.99,0.00423099077100933
2025-11-22,wk inc flu prop ed visits,-1,2025-11-15,22,quantile,0.01,0.00541617511216698
2025-11-22,wk inc flu prop ed visits,-1,2025-11-15,22,quantile,0.025,0.00548055770134831
2025-11-22,wk inc flu prop ed visits,-1,2025-11-15,22,quantile,0.05,0.00628786028858995
2025-11-22,wk inc flu prop ed visits,-1,2025-11-15,22,quantile,0.1,0.0071046811164693
2025-11-22,wk inc flu prop ed visits,-1,2025-11-15,22,quantile,0.15,0.00774367199027292
2025-11-22,wk inc flu prop ed visits,-1,2025-11-15,22,quantile,0.2,0.00811453244989214
2025-11-22,wk inc flu prop ed visits,-1,2025-11-15,22,quantile,0.25,0.00870443988098396
2025-11-22,wk inc flu prop ed visits,-1,2025-11-15,22,quantile,0.3,0.00896686731315898
2025-11-22,wk inc flu prop ed visits,-1,2025-11-15,22,quantile,0.35,0.00909132585455091
2025-11-22,wk inc flu prop ed visits,-1,2025-11-15,22,quantile,0.4,0.00923919790858788
2025-11-22,wk inc flu prop ed visits,-1,2025-11-15,22,quantile,0.45,0.00954723463888519
2025-11-22,wk inc flu prop ed visits,-1,2025-11-15,22,quantile,0.5,0.00990764477653608
2025-11-22,wk inc flu prop ed visits,-1,2025-11-15,22,quantile,0.55,0.0101211299823476
2025-11-22,wk inc flu prop ed visits,-1,2025-11-15,22,quantile,0.6,0.0105445493234095
2025-11-22,wk inc flu prop ed visits,-1,2025-11-15,22,quantile,0.65,0.0108750872755322
2025-11-22,wk inc flu prop ed visits,-1,2025-11-15,22,quantile,0.7,0.0112552433555308
2025-11-22,wk inc flu prop ed visits,-1,2025-11-15,22,quantile,0.75,0.0116487231237654
2025-11-22,wk inc flu prop ed visits,-1,2025-11-15,22,quantile,0.8,0.012131062051853
2025-11-22,wk inc flu prop ed visits,-1,2025-11-15,22,quantile,0.85,0.0127473039138167
2025-11-22,wk inc flu prop ed visits,-1,2025-11-15,22,quantile,0.9,0.013616246284188
2025-11-22,wk inc flu prop ed visits,-1,2025-11-15,22,quantile,0.95,0.0153152142857668
2025-11-22,wk inc flu prop ed visits,-1,2025-11-15,22,quantile,0.975,0.0174182838565987
2025-11-22,wk inc flu prop ed visits,-1,2025-11-15,22,quantile,0.99,0.0199368307582785
2025-11-22,wk inc flu prop ed visits,-1,2025-11-15,23,quantile,0.01,4.6916338818282e-4
2025-11-22,wk inc flu prop ed visits,-1,2025-11-15,23,quantile,0.025,4.7673892057326e-4
2025-11-22,wk inc flu prop ed visits,-1,2025-11-15,23,quantile,0.05,5.7175461358276e-4
2025-11-22,wk inc flu prop ed visits,-1,2025-11-15,23,quantile,0.1,6.7816158307208e-4
2025-11-22,wk inc flu prop ed visits,-1,2025-11-15,23,quantile,0.15,0.00080261227604929005
2025-11-22,wk inc flu prop ed visits,-1,2025-11-15,23,quantile,0.2,8.9120295467861e-4
2025-11-22,wk inc flu prop ed visits,-1,2025-11-15,23,quantile,0.25,0.00102745252898711
2025-11-22,wk inc flu prop ed visits,-1,2025-11-15,23,quantile,0.3,0.00107931337132097
2025-11-22,wk inc flu prop ed visits,-1,2025-11-15,23,quantile,0.35,0.00111472286986045
2025-11-22,wk inc flu prop ed visits,-1,2025-11-15,23,quantile,0.4,0.00114695404227856
2025-11-22,wk inc flu prop ed visits,-1,2025-11-15,23,quantile,0.45,0.00122482034924725
2025-11-22,wk inc flu prop ed visits,-1,2025-11-15,23,quantile,0.5,0.00132732024281981
2025-11-22,wk inc flu prop ed visits,-1,2025-11-15,23,quantile,0.55,0.00139470554771105
2025-11-22,wk inc flu prop ed visits,-1,2025-11-15,23,quantile,0.6,0.00150870929354822
2025-11-22,wk inc flu prop ed visits,-1,2025-11-15,23,quantile,0.65,0.00161040001732305
2025-11-22,wk inc flu prop ed visits,-1,2025-11-15,23,quantile,0.7,0.0017184284484838
2025-11-22,wk inc flu prop ed visits,-1,2025-11-15,23,quantile,0.75,0.00183691396047402
2025-11-22,wk inc flu prop ed visits,-1,2025-11-15,23,quantile,0.8,0.00198841640136365
2025-11-22,wk inc flu prop ed visits,-1,2025-11-15,23,quantile,0.85,0.00221572793845641
2025-11-22,wk inc flu prop ed visits,-1,2025-11-15,23,quantile,0.9,0.00250923868903096
2025-11-22,wk inc flu prop ed visits,-1,2025-11-15,23,quantile,0.95,0.00310690787773599
2025-11-22,wk inc flu prop ed visits,-1,2025-11-15,23,quantile,0.975,0.00382463749554485
2025-11-22,wk inc flu prop ed visits,-1,2025-11-15,23,quantile,0.99,0.00482897342327121
2025-11-22,wk inc flu prop ed visits,-1,2025-11-15,24,quantile,0.01,0.00177151464534249
2025-11-22,wk inc flu prop ed visits,-1,2025-11-15,24,quantile,0.025,0.00179081742344949
2025-11-22,wk inc flu prop ed visits,-1,2025-11-15,24,quantile,0.05,0.00203286651022416
2025-11-22,wk inc flu prop ed visits,-1,2025-11-15,24,quantile,0.1,0.00228398875835379
2025-11-22,wk inc flu prop ed visits,-1,2025-11-15,24,quantile,0.15,0.00248769435680324
2025-11-22,wk inc flu prop ed visits,-1,2025-11-15,24,quantile,0.2,0.00260821066043276
2025-11-22,wk inc flu prop ed visits,-1,2025-11-15,24,quantile,0.25,0.00279713793787934
2025-11-22,wk inc flu prop ed visits,-1,2025-11-15,24,quantile,0.3,0.00288205556994756
2025-11-22,wk inc flu prop ed visits,-1,2025-11-15,24,quantile,0.35,0.00292531326711454
2025-11-22,wk inc flu prop ed visits,-1,2025-11-15,24,quantile,0.4,0.00297492443143645
2025-11-22,wk inc flu prop ed visits,-1,2025-11-15,24,quantile,0.45,0.00307249768177079
2025-11-22,wk inc flu prop ed visits,-1,2025-11-15,24,quantile,0.5,0.00319066628245495
2025-11-22,wk inc flu prop ed visits,-1,2025-11-15,24,quantile,0.55,0.00326191127751139
2025-11-22,wk inc flu prop ed visits,-1,2025-11-15,24,quantile,0.6,0.00339408758690245
2025-11-22,wk inc flu prop ed visits,-1,2025-11-15,24,quantile,0.65,0.00350338173324086
2025-11-22,wk inc flu prop ed visits,-1,2025-11-15,24,quantile,0.7,0.00362181624824073
2025-11-22,wk inc flu prop ed visits,-1,2025-11-15,24,quantile,0.75,0.0037451921902952
2025-11-22,wk inc flu prop ed visits,-1,2025-11-15,24,quantile,0.8,0.00389908404141805
2025-11-22,wk inc flu prop ed visits,-1,2025-11-15,24,quantile,0.85,0.00409423656187891
2025-11-22,wk inc flu prop ed visits,-1,2025-11-15,24,quantile,0.9,0.00436925287252855
2025-11-22,wk inc flu prop ed visits,-1,2025-11-15,24,quantile,0.95,0.00489033821737894
2025-11-22,wk inc flu prop ed visits,-1,2025-11-15,24,quantile,0.975,0.00557171812693412
2025-11-22,wk inc flu prop ed visits,-1,2025-11-15,24,quantile,0.99,0.00637375542223144
2025-11-22,wk inc flu prop ed visits,-1,2025-11-15,25,quantile,0.01,8.3147856260603e-4
2025-11-22,wk inc flu prop ed visits,-1,2025-11-15,25,quantile,0.025,8.4014115230175e-4
2025-11-22,wk inc flu prop ed visits,-1,2025-11-15,25,quantile,0.05,9.487593062221e-4
2025-11-22,wk inc flu prop ed visits,-1,2025-11-15,25,quantile,0.1,0.00106262943481224
2025-11-22,wk inc flu prop ed visits,-1,2025-11-15,25,quantile,0.15,0.00115796503878005
2025-11-22,wk inc flu prop ed visits,-1,2025-11-15,25,quantile,0.2,0.00121762864193858
2025-11-22,wk inc flu prop ed visits,-1,2025-11-15,25,quantile,0.25,0.00130622678051018
2025-11-22,wk inc flu prop ed visits,-1,2025-11-15,25,quantile,0.3,0.00134559543725015
2025-11-22,wk inc flu prop ed visits,-1,2025-11-15,25,quantile,0.35,0.00136749980666704
2025-11-22,wk inc flu prop ed visits,-1,2025-11-15,25,quantile,0.4,0.00139209101886255
2025-11-22,wk inc flu prop ed visits,-1,2025-11-15,25,quantile,0.45,0.00143828100716044
2025-11-22,wk inc flu prop ed visits,-1,2025-11-15,25,quantile,0.5,0.00149391172522425
2025-11-22,wk inc flu prop ed visits,-1,2025-11-15,25,quantile,0.55,0.00152893458655437
2025-11-22,wk inc flu prop ed visits,-1,2025-11-15,25,quantile,0.6,0.00159136496274817
2025-11-22,wk inc flu prop ed visits,-1,2025-11-15,25,quantile,0.65,0.00164478182256834
2025-11-22,wk inc flu prop ed visits,-1,2025-11-15,25,quantile,0.7,0.00170007662594167
2025-11-22,wk inc flu prop ed visits,-1,2025-11-15,25,quantile,0.75,0.00175728183828287
2025-11-22,wk inc flu prop ed visits,-1,2025-11-15,25,quantile,0.8,0.00183395193657794
2025-11-22,wk inc flu prop ed visits,-1,2025-11-15,25,quantile,0.85,0.00192784052776363
2025-11-22,wk inc flu prop ed visits,-1,2025-11-15,25,quantile,0.9,0.00205915240514666
2025-11-22,wk inc flu prop ed visits,-1,2025-11-15,25,quantile,0.95,0.00229985242385641
2025-11-22,wk inc flu prop ed visits,-1,2025-11-15,25,quantile,0.975,0.00261820496973333
2025-11-22,wk inc flu prop ed visits,-1,2025-11-15,25,quantile,0.99,0.00299857262008773
2025-11-22,wk inc flu prop ed visits,-1,2025-11-15,26,quantile,0.01,8.7109413141413e-4
2025-11-22,wk inc flu prop ed visits,-1,2025-11-15,26,quantile,0.025,8.8094398427164e-4
2025-11-22,wk inc flu prop ed visits,-1,2025-11-15,26,quantile,0.05,0.00100447605889269
2025-11-22,wk inc flu prop ed visits,-1,2025-11-15,26,quantile,0.1,0.00113832594540986
2025-11-22,wk inc flu prop ed visits,-1,2025-11-15,26,quantile,0.15,0.00126110724694382
2025-11-22,wk inc flu prop ed visits,-1,2025-11-15,26,quantile,0.2,0.00133670692549125
2025-11-22,wk inc flu prop ed visits,-1,2025-11-15,26,quantile,0.25,0.00145581575070582
2025-11-22,wk inc flu prop ed visits,-1,2025-11-15,26,quantile,0.3,0.00150545242518975
2025-11-22,wk inc flu prop ed visits,-1,2025-11-15,26,quantile,0.35,0.00153421423823951
2025-11-22,wk inc flu prop ed visits,-1,2025-11-15,26,quantile,0.4,0.00156308313504744
2025-11-22,wk inc flu prop ed visits,-1,2025-11-15,26,quantile,0.45,0.00162720424951431
2025-11-22,wk inc flu prop ed visits,-1,2025-11-15,26,quantile,0.5,0.00170684794295463
2025-11-22,wk inc flu prop ed visits,-1,2025-11-15,26,quantile,0.55,0.00175537584595275
2025-11-22,wk inc flu prop ed visits,-1,2025-11-15,26,quantile,0.6,0.00184409278721634
2025-11-22,wk inc flu prop ed visits,-1,2025-11-15,26,quantile,0.65,0.0019185894657246
2025-11-22,wk inc flu prop ed visits,-1,2025-11-15,26,quantile,0.7,0.00200150862429622
2025-11-22,wk inc flu prop ed visits,-1,2025-11-15,26,quantile,0.75,0.0020837951848706
2025-11-22,wk inc flu prop ed visits,-1,2025-11-15,26,quantile,0.8,0.00218805579849808
2025-11-22,wk inc flu prop ed visits,-1,2025-11-15,26,quantile,0.85,0.00233164448570794
2025-11-22,wk inc flu prop ed visits,-1,2025-11-15,26,quantile,0.9,0.00253324891477313
2025-11-22,wk inc flu prop ed visits,-1,2025-11-15,26,quantile,0.95,0.00293825760006557
2025-11-22,wk inc flu prop ed visits,-1,2025-11-15,26,quantile,0.975,0.00345645227703438
2025-11-22,wk inc flu prop ed visits,-1,2025-11-15,26,quantile,0.99,0.00411148312777129
2025-11-22,wk inc flu prop ed visits,-1,2025-11-15,27,quantile,0.01,7.9765397501402e-4
2025-11-22,wk inc flu prop ed visits,-1,2025-11-15,27,quantile,0.025,8.078905456131e-4
2025-11-22,wk inc flu prop ed visits,-1,2025-11-15,27,quantile,0.05,9.3626406678186e-4
2025-11-22,wk inc flu prop ed visits,-1,2025-11-15,27,quantile,0.1,0.00108022579814496
2025-11-22,wk inc flu prop ed visits,-1,2025-11-15,27,quantile,0.15,0.00122680016031201
2025-11-22,wk inc flu prop ed visits,-1,2025-11-15,27,quantile,0.2,0.00131719020092147
2025-11-22,wk inc flu prop ed visits,-1,2025-11-15,27,quantile,0.25,0.00145858822251461
2025-11-22,wk inc flu prop ed visits,-1,2025-11-15,27,quantile,0.3,0.00151701103713738
2025-11-22,wk inc flu prop ed visits,-1,2025-11-15,27,quantile,0.35,0.00155397091391565
2025-11-22,wk inc flu prop ed visits,-1,2025-11-15,27,quantile,0.4,0.00158848294354845
2025-11-22,wk inc flu prop ed visits,-1,2025-11-15,27,quantile,0.45,0.00166426663495922
2025-11-22,wk inc flu prop ed visits,-1,2025-11-15,27,quantile,0.5,0.0017644654535648
2025-11-22,wk inc flu prop ed visits,-1,2025-11-15,27,quantile,0.55,0.00182338958348968
2025-11-22,wk inc flu prop ed visits,-1,2025-11-15,27,quantile,0.6,0.00192972541112096
2025-11-22,wk inc flu prop ed visits,-1,2025-11-15,27,quantile,0.65,0.00202004595215624
2025-11-22,wk inc flu prop ed visits,-1,2025-11-15,27,quantile,0.7,0.00211778498762562
2025-11-22,wk inc flu prop ed visits,-1,2025-11-15,27,quantile,0.75,0.00221909830969048
2025-11-22,wk inc flu prop ed visits,-1,2025-11-15,27,quantile,0.8,0.00234699465552511
2025-11-22,wk inc flu prop ed visits,-1,2025-11-15,27,quantile,0.85,0.00252737408337993
2025-11-22,wk inc flu prop ed visits,-1,2025-11-15,27,quantile,0.9,0.00277806607709729
2025-11-22,wk inc flu prop ed visits,-1,2025-11-15,27,quantile,0.95,0.00324926089023079
2025-11-22,wk inc flu prop ed visits,-1,2025-11-15,27,quantile,0.975,0.00386947368618572
2025-11-22,wk inc flu prop ed visits,-1,2025-11-15,27,quantile,0.99,0.00464980723936553
2025-11-22,wk inc flu prop ed visits,-1,2025-11-15,28,quantile,0.01,0.00280395075169526
2025-11-22,wk inc flu prop ed visits,-1,2025-11-15,28,quantile,0.025,0.0028324784211508
2025-11-22,wk inc flu prop ed visits,-1,2025-11-15,28,quantile,0.05,0.00319026713728029
2025-11-22,wk inc flu prop ed visits,-1,2025-11-15,28,quantile,0.1,0.00359177441392438
2025-11-22,wk inc flu prop ed visits,-1,2025-11-15,28,quantile,0.15,0.00398117489903632
2025-11-22,wk inc flu prop ed visits,-1,2025-11-15,28,quantile,0.2,0.00420840785343295
2025-11-22,wk inc flu prop ed visits,-1,2025-11-15,28,quantile,0.25,0.00456358704027218
2025-11-22,wk inc flu prop ed visits,-1,2025-11-15,28,quantile,0.3,0.00470989285488159
2025-11-22,wk inc flu prop ed visits,-1,2025-11-15,28,quantile,0.35,0.00480497529374382
2025-11-22,wk inc flu prop ed visits,-1,2025-11-15,28,quantile,0.4,0.0048823839567952
2025-11-22,wk inc flu prop ed visits,-1,2025-11-15,28,quantile,0.45,0.00507424734036071
2025-11-22,wk inc flu prop ed visits,-1,2025-11-15,28,quantile,0.5,0.00532079410279451
2025-11-22,wk inc flu prop ed visits,-1,2025-11-15,28,quantile,0.55,0.00546208106767597
2025-11-22,wk inc flu prop ed visits,-1,2025-11-15,28,quantile,0.6,0.00573438039348163
2025-11-22,wk inc flu prop ed visits,-1,2025-11-15,28,quantile,0.65,0.00595429334873572
2025-11-22,wk inc flu prop ed visits,-1,2025-11-15,28,quantile,0.7,0.00620948884527022
2025-11-22,wk inc flu prop ed visits,-1,2025-11-15,28,quantile,0.75,0.00646547978536122
2025-11-22,wk inc flu prop ed visits,-1,2025-11-15,28,quantile,0.8,0.00678876985171631
2025-11-22,wk inc flu prop ed visits,-1,2025-11-15,28,quantile,0.85,0.00724665167228707
2025-11-22,wk inc flu prop ed visits,-1,2025-11-15,28,quantile,0.9,0.0078822834146533
2025-11-22,wk inc flu prop ed visits,-1,2025-11-15,28,quantile,0.95,0.00912753670442742
2025-11-22,wk inc flu prop ed visits,-1,2025-11-15,28,quantile,0.975,0.0107727770044313
2025-11-22,wk inc flu prop ed visits,-1,2025-11-15,28,quantile,0.99,0.0128662552440032
2025-11-22,wk inc flu prop ed visits,-1,2025-11-15,30,quantile,0.01,3.2375890465055e-4
2025-11-22,wk inc flu prop ed visits,-1,2025-11-15,30,quantile,0.025,3.3125670465859e-4
2025-11-22,wk inc flu prop ed visits,-1,2025-11-15,30,quantile,0.05,4.2529873755332e-4
2025-11-22,wk inc flu prop ed visits,-1,2025-11-15,30,quantile,0.1,5.3030723804519e-4
2025-11-22,wk inc flu prop ed visits,-1,2025-11-15,30,quantile,0.15,6.5497239664615e-4
2025-11-22,wk inc flu prop ed visits,-1,2025-11-15,30,quantile,0.2,7.4341496666308e-4
2025-11-22,wk inc flu prop ed visits,-1,2025-11-15,30,quantile,0.25,8.8031324036171e-4
2025-11-22,wk inc flu prop ed visits,-1,2025-11-15,30,quantile,0.3,9.3183918711717e-4
2025-11-22,wk inc flu prop ed visits,-1,2025-11-15,30,quantile,0.35,9.6741312066914e-4
2025-11-22,wk inc flu prop ed visits,-1,2025-11-15,30,quantile,0.4,9.9822856358706e-4
2025-11-22,wk inc flu prop ed visits,-1,2025-11-15,30,quantile,0.45,0.0010768707924282
2025-11-22,wk inc flu prop ed visits,-1,2025-11-15,30,quantile,0.5,0.0011825796883332
2025-11-22,wk inc flu prop ed visits,-1,2025-11-15,30,quantile,0.55,0.00124945487723439
2025-11-22,wk inc flu prop ed visits,-1,2025-11-15,30,quantile,0.6,0.00136374307839272
2025-11-22,wk inc flu prop ed visits,-1,2025-11-15,30,quantile,0.65,0.00146492482106384
2025-11-22,wk inc flu prop ed visits,-1,2025-11-15,30,quantile,0.7,0.00157451367062176
2025-11-22,wk inc flu prop ed visits,-1,2025-11-15,30,quantile,0.75,0.00170020014949757
2025-11-22,wk inc flu prop ed visits,-1,2025-11-15,30,quantile,0.8,0.001846564051101
2025-11-22,wk inc flu prop ed visits,-1,2025-11-15,30,quantile,0.85,0.00208001284898352
2025-11-22,wk inc flu prop ed visits,-1,2025-11-15,30,quantile,0.9,0.00237952004377339
2025-11-22,wk inc flu prop ed visits,-1,2025-11-15,30,quantile,0.95,0.00299502670006589
2025-11-22,wk inc flu prop ed visits,-1,2025-11-15,30,quantile,0.975,0.00374453835921672
2025-11-22,wk inc flu prop ed visits,-1,2025-11-15,30,quantile,0.99,0.00478667219204534
2025-11-22,wk inc flu prop ed visits,-1,2025-11-15,31,quantile,0.01,6.48778227934281e-5
2025-11-22,wk inc flu prop ed visits,-1,2025-11-15,31,quantile,0.025,6.76041070413368e-5
2025-11-22,wk inc flu prop ed visits,-1,2025-11-15,31,quantile,0.05,1.0175254898912e-4
2025-11-22,wk inc flu prop ed visits,-1,2025-11-15,31,quantile,0.1,1.3862005510729e-4
2025-11-22,wk inc flu prop ed visits,-1,2025-11-15,31,quantile,0.15,1.7824502859462e-4
2025-11-22,wk inc flu prop ed visits,-1,2025-11-15,31,quantile,0.2,2.0861894163503e-4
2025-11-22,wk inc flu prop ed visits,-1,2025-11-15,31,quantile,0.25,2.4942564566229e-4
2025-11-22,wk inc flu prop ed visits,-1,2025-11-15,31,quantile,0.3,2.6561908395726e-4
2025-11-22,wk inc flu prop ed visits,-1,2025-11-15,31,quantile,0.35,2.7545318033429e-4
2025-11-22,wk inc flu prop ed visits,-1,2025-11-15,31,quantile,0.4,2.8829362718917e-4
2025-11-22,wk inc flu prop ed visits,-1,2025-11-15,31,quantile,0.45,3.1659175026541e-4
2025-11-22,wk inc flu prop ed visits,-1,2025-11-15,31,quantile,0.5,3.4622038070614e-4
2025-11-22,wk inc flu prop ed visits,-1,2025-11-15,31,quantile,0.55,3.6574055336187e-4
2025-11-22,wk inc flu prop ed visits,-1,2025-11-15,31,quantile,0.6,4.0300167974022e-4
2025-11-22,wk inc flu prop ed visits,-1,2025-11-15,31,quantile,0.65,4.3393805470569e-4
2025-11-22,wk inc flu prop ed visits,-1,2025-11-15,31,quantile,0.7,4.6810998196789e-4
2025-11-22,wk inc flu prop ed visits,-1,2025-11-15,31,quantile,0.75,5.0936215843763e-4
2025-11-22,wk inc flu prop ed visits,-1,2025-11-15,31,quantile,0.8,5.5366555858059e-4
2025-11-22,wk inc flu prop ed visits,-1,2025-11-15,31,quantile,0.85,6.1954292458149e-4
2025-11-22,wk inc flu prop ed visits,-1,2025-11-15,31,quantile,0.9,7.0856848164089e-4
2025-11-22,wk inc flu prop ed visits,-1,2025-11-15,31,quantile,0.95,8.989033944131e-4
2025-11-22,wk inc flu prop ed visits,-1,2025-11-15,31,quantile,0.975,0.00113077448897707
2025-11-22,wk inc flu prop ed visits,-1,2025-11-15,31,quantile,0.99,0.00146204214436699
2025-11-22,wk inc flu prop ed visits,-1,2025-11-15,32,quantile,0.01,0.00151972907813929
2025-11-22,wk inc flu prop ed visits,-1,2025-11-15,32,quantile,0.025,0.00153262359931606
2025-11-22,wk inc flu prop ed visits,-1,2025-11-15,32,quantile,0.05,0.00169432101975452
2025-11-22,wk inc flu prop ed visits,-1,2025-11-15,32,quantile,0.1,0.00187285233382636
2025-11-22,wk inc flu prop ed visits,-1,2025-11-15,32,quantile,0.15,0.00201259550712099
2025-11-22,wk inc flu prop ed visits,-1,2025-11-15,32,quantile,0.2,0.0020849219090074
2025-11-22,wk inc flu prop ed visits,-1,2025-11-15,32,quantile,0.25,0.00219983646810654
2025-11-22,wk inc flu prop ed visits,-1,2025-11-15,32,quantile,0.3,0.00224973040172315
2025-11-22,wk inc flu prop ed visits,-1,2025-11-15,32,quantile,0.35,0.00227715295895648
2025-11-22,wk inc flu prop ed visits,-1,2025-11-15,32,quantile,0.4,0.00230192655989203
2025-11-22,wk inc flu prop ed visits,-1,2025-11-15,32,quantile,0.45,0.00235983544429463
2025-11-22,wk inc flu prop ed visits,-1,2025-11-15,32,quantile,0.5,0.00243032976811866
2025-11-22,wk inc flu prop ed visits,-1,2025-11-15,32,quantile,0.55,0.00246953139155844
2025-11-22,wk inc flu prop ed visits,-1,2025-11-15,32,quantile,0.6,0.00254772148078754
2025-11-22,wk inc flu prop ed visits,-1,2025-11-15,32,quantile,0.65,0.00260758108043685
2025-11-22,wk inc flu prop ed visits,-1,2025-11-15,32,quantile,0.7,0.00267655673540867
2025-11-22,wk inc flu prop ed visits,-1,2025-11-15,32,quantile,0.75,0.00274417514489567
2025-11-22,wk inc flu prop ed visits,-1,2025-11-15,32,quantile,0.8,0.00283444704428639
2025-11-22,wk inc flu prop ed visits,-1,2025-11-15,32,quantile,0.85,0.00294609852436545
2025-11-22,wk inc flu prop ed visits,-1,2025-11-15,32,quantile,0.9,0.00310338016829562
2025-11-22,wk inc flu prop ed visits,-1,2025-11-15,32,quantile,0.95,0.0033922787593189
2025-11-22,wk inc flu prop ed visits,-1,2025-11-15,32,quantile,0.975,0.003793072492613
2025-11-22,wk inc flu prop ed visits,-1,2025-11-15,32,quantile,0.99,0.00423326452141675
2025-11-22,wk inc flu prop ed visits,-1,2025-11-15,33,quantile,0.01,8.4421467370343e-4
2025-11-22,wk inc flu prop ed visits,-1,2025-11-15,33,quantile,0.025,8.5521223557403e-4
2025-11-22,wk inc flu prop ed visits,-1,2025-11-15,33,quantile,0.05,9.9313897949148e-4
2025-11-22,wk inc flu prop ed visits,-1,2025-11-15,33,quantile,0.1,0.00114112831569277
2025-11-22,wk inc flu prop ed visits,-1,2025-11-15,33,quantile,0.15,0.00129982993842596
2025-11-22,wk inc flu prop ed visits,-1,2025-11-15,33,quantile,0.2,0.00140686033380818
2025-11-22,wk inc flu prop ed visits,-1,2025-11-15,33,quantile,0.25,0.00157163914069153
2025-11-22,wk inc flu prop ed visits,-1,2025-11-15,33,quantile,0.3,0.00163755620110409
2025-11-22,wk inc flu prop ed visits,-1,2025-11-15,33,quantile,0.35,0.00167893939604469
2025-11-22,wk inc flu prop ed visits,-1,2025-11-15,33,quantile,0.4,0.00172039793658336
2025-11-22,wk inc flu prop ed visits,-1,2025-11-15,33,quantile,0.45,0.00180915399603628
2025-11-22,wk inc flu prop ed visits,-1,2025-11-15,33,quantile,0.5,0.00192886456569145
2025-11-22,wk inc flu prop ed visits,-1,2025-11-15,33,quantile,0.55,0.00200158711098945
2025-11-22,wk inc flu prop ed visits,-1,2025-11-15,33,quantile,0.6,0.00213101104820108
2025-11-22,wk inc flu prop ed visits,-1,2025-11-15,33,quantile,0.65,0.00224190989958055
2025-11-22,wk inc flu prop ed visits,-1,2025-11-15,33,quantile,0.7,0.00236128122439435
2025-11-22,wk inc flu prop ed visits,-1,2025-11-15,33,quantile,0.75,0.00249186865408429
2025-11-22,wk inc flu prop ed visits,-1,2025-11-15,33,quantile,0.8,0.00265241107304365
2025-11-22,wk inc flu prop ed visits,-1,2025-11-15,33,quantile,0.85,0.00288771559279608
2025-11-22,wk inc flu prop ed visits,-1,2025-11-15,33,quantile,0.9,0.00320172620592004
2025-11-22,wk inc flu prop ed visits,-1,2025-11-15,33,quantile,0.95,0.00381856709625092
2025-11-22,wk inc flu prop ed visits,-1,2025-11-15,33,quantile,0.975,0.0045838440782742
2025-11-22,wk inc flu prop ed visits,-1,2025-11-15,33,quantile,0.99,0.00559622703833163
2025-11-22,wk inc flu prop ed visits,-1,2025-11-15,34,quantile,0.01,0.00226242037658602
2025-11-22,wk inc flu prop ed visits,-1,2025-11-15,34,quantile,0.025,0.00228428972297262
2025-11-22,wk inc flu prop ed visits,-1,2025-11-15,34,quantile,0.05,0.00255850916831218
2025-11-22,wk inc flu prop ed visits,-1,2025-11-15,34,quantile,0.1,0.00284417287035014
2025-11-22,wk inc flu prop ed visits,-1,2025-11-15,34,quantile,0.15,0.00305251306498019
2025-11-22,wk inc flu prop ed visits,-1,2025-11-15,34,quantile,0.2,0.00317108797863705
2025-11-22,wk inc flu prop ed visits,-1,2025-11-15,34,quantile,0.25,0.00335285517292284
2025-11-22,wk inc flu prop ed visits,-1,2025-11-15,34,quantile,0.3,0.00343464357134201
2025-11-22,wk inc flu prop ed visits,-1,2025-11-15,34,quantile,0.35,0.00347509996566489
2025-11-22,wk inc flu prop ed visits,-1,2025-11-15,34,quantile,0.4,0.00351985538887028
2025-11-22,wk inc flu prop ed visits,-1,2025-11-15,34,quantile,0.45,0.00361511261983353
2025-11-22,wk inc flu prop ed visits,-1,2025-11-15,34,quantile,0.5,0.00372089591589007
2025-11-22,wk inc flu prop ed visits,-1,2025-11-15,34,quantile,0.55,0.00378673577778131
2025-11-22,wk inc flu prop ed visits,-1,2025-11-15,34,quantile,0.6,0.00391168727143022
2025-11-22,wk inc flu prop ed visits,-1,2025-11-15,34,quantile,0.65,0.00401182318745356
2025-11-22,wk inc flu prop ed visits,-1,2025-11-15,34,quantile,0.7,0.00412239533518914
2025-11-22,wk inc flu prop ed visits,-1,2025-11-15,34,quantile,0.75,0.00423359469294303
2025-11-22,wk inc flu prop ed visits,-1,2025-11-15,34,quantile,0.8,0.00438211308008452
2025-11-22,wk inc flu prop ed visits,-1,2025-11-15,34,quantile,0.85,0.00455787653349449
2025-11-22,wk inc flu prop ed visits,-1,2025-11-15,34,quantile,0.9,0.0048057389381842
2025-11-22,wk inc flu prop ed visits,-1,2025-11-15,34,quantile,0.95,0.00527743470863549
2025-11-22,wk inc flu prop ed visits,-1,2025-11-15,34,quantile,0.975,0.00587759498232087
2025-11-22,wk inc flu prop ed visits,-1,2025-11-15,34,quantile,0.99,0.00656932202917624
2025-11-22,wk inc flu prop ed visits,-1,2025-11-15,35,quantile,0.01,9.5990993796268e-4
2025-11-22,wk inc flu prop ed visits,-1,2025-11-15,35,quantile,0.025,9.7107830257386e-4
2025-11-22,wk inc flu prop ed visits,-1,2025-11-15,35,quantile,0.05,0.00111114154792527
2025-11-22,wk inc flu prop ed visits,-1,2025-11-15,35,quantile,0.1,0.0012630447936763
2025-11-22,wk inc flu prop ed visits,-1,2025-11-15,35,quantile,0.15,0.00142554585849741
2025-11-22,wk inc flu prop ed visits,-1,2025-11-15,35,quantile,0.2,0.0015352004197527
2025-11-22,wk inc flu prop ed visits,-1,2025-11-15,35,quantile,0.25,0.00169723163311506
2025-11-22,wk inc flu prop ed visits,-1,2025-11-15,35,quantile,0.3,0.00176152446872207
2025-11-22,wk inc flu prop ed visits,-1,2025-11-15,35,quantile,0.35,0.00180293842707373
2025-11-22,wk inc flu prop ed visits,-1,2025-11-15,35,quantile,0.4,0.00184524424327549
2025-11-22,wk inc flu prop ed visits,-1,2025-11-15,35,quantile,0.45,0.00193820521461562
2025-11-22,wk inc flu prop ed visits,-1,2025-11-15,35,quantile,0.5,0.00205406216797366
2025-11-22,wk inc flu prop ed visits,-1,2025-11-15,35,quantile,0.55,0.00212545995721255
2025-11-22,wk inc flu prop ed visits,-1,2025-11-15,35,quantile,0.6,0.00225828593706384
2025-11-22,wk inc flu prop ed visits,-1,2025-11-15,35,quantile,0.65,0.00236902173988768
2025-11-22,wk inc flu prop ed visits,-1,2025-11-15,35,quantile,0.7,0.00249101487102666
2025-11-22,wk inc flu prop ed visits,-1,2025-11-15,35,quantile,0.75,0.00261908807585272
2025-11-22,wk inc flu prop ed visits,-1,2025-11-15,35,quantile,0.8,0.00278223435473802
2025-11-22,wk inc flu prop ed visits,-1,2025-11-15,35,quantile,0.85,0.00301621267552959
2025-11-22,wk inc flu prop ed visits,-1,2025-11-15,35,quantile,0.9,0.00333073136707918
2025-11-22,wk inc flu prop ed visits,-1,2025-11-15,35,quantile,0.95,0.00396158603079609
2025-11-22,wk inc flu prop ed visits,-1,2025-11-15,35,quantile,0.975,0.00474240007998189
2025-11-22,wk inc flu prop ed visits,-1,2025-11-15,35,quantile,0.99,0.00579979889224777
2025-11-22,wk inc flu prop ed visits,-1,2025-11-15,36,quantile,0.01,0.00153202566313997
2025-11-22,wk inc flu prop ed visits,-1,2025-11-15,36,quantile,0.025,0.00154909800485523
2025-11-22,wk inc flu prop ed visits,-1,2025-11-15,36,quantile,0.05,0.0017632022014606
2025-11-22,wk inc flu prop ed visits,-1,2025-11-15,36,quantile,0.1,0.0019894155728794
2025-11-22,wk inc flu prop ed visits,-1,2025-11-15,36,quantile,0.15,0.0021852778593852
2025-11-22,wk inc flu prop ed visits,-1,2025-11-15,36,quantile,0.2,0.00230289740342845
2025-11-22,wk inc flu prop ed visits,-1,2025-11-15,36,quantile,0.25,0.0024908091093054
2025-11-22,wk inc flu prop ed visits,-1,2025-11-15,36,quantile,0.3,0.00257145694988065
2025-11-22,wk inc flu prop ed visits,-1,2025-11-15,36,quantile,0.35,0.00261412194251758
2025-11-22,wk inc flu prop ed visits,-1,2025-11-15,36,quantile,0.4,0.00266080016219193
2025-11-22,wk inc flu prop ed visits,-1,2025-11-15,36,quantile,0.45,0.00275870917253591
2025-11-22,wk inc flu prop ed visits,-1,2025-11-15,36,quantile,0.5,0.00288266641091499
2025-11-22,wk inc flu prop ed visits,-1,2025-11-15,36,quantile,0.55,0.00295401640112439
2025-11-22,wk inc flu prop ed visits,-1,2025-11-15,36,quantile,0.6,0.00309265143340188
2025-11-22,wk inc flu prop ed visits,-1,2025-11-15,36,quantile,0.65,0.00320330115084844
2025-11-22,wk inc flu prop ed visits,-1,2025-11-15,36,quantile,0.7,0.00332975504680143
2025-11-22,wk inc flu prop ed visits,-1,2025-11-15,36,quantile,0.75,0.00346165203051672
2025-11-22,wk inc flu prop ed visits,-1,2025-11-15,36,quantile,0.8,0.00361852075426855
2025-11-22,wk inc flu prop ed visits,-1,2025-11-15,36,quantile,0.85,0.00383569585519975
2025-11-22,wk inc flu prop ed visits,-1,2025-11-15,36,quantile,0.9,0.00413706679166853
2025-11-22,wk inc flu prop ed visits,-1,2025-11-15,36,quantile,0.95,0.00474112722072106
2025-11-22,wk inc flu prop ed visits,-1,2025-11-15,36,quantile,0.975,0.00550341211506023
2025-11-22,wk inc flu prop ed visits,-1,2025-11-15,36,quantile,0.99,0.00644995044524812
2025-11-22,wk inc flu prop ed visits,-1,2025-11-15,37,quantile,0.01,0.00605058146912577
2025-11-22,wk inc flu prop ed visits,-1,2025-11-15,37,quantile,0.025,0.00610436998859983
2025-11-22,wk inc flu prop ed visits,-1,2025-11-15,37,quantile,0.05,0.00677826292029164
2025-11-22,wk inc flu prop ed visits,-1,2025-11-15,37,quantile,0.1,0.0075590223058375
2025-11-22,wk inc flu prop ed visits,-1,2025-11-15,37,quantile,0.15,0.0081086029615108
2025-11-22,wk inc flu prop ed visits,-1,2025-11-15,37,quantile,0.2,0.00839401728143297
2025-11-22,wk inc flu prop ed visits,-1,2025-11-15,37,quantile,0.25,0.00886519783283407
2025-11-22,wk inc flu prop ed visits,-1,2025-11-15,37,quantile,0.3,0.0090867737316075
2025-11-22,wk inc flu prop ed visits,-1,2025-11-15,37,quantile,0.35,0.00920198476523359
2025-11-22,wk inc flu prop ed visits,-1,2025-11-15,37,quantile,0.4,0.009318707058285
2025-11-22,wk inc flu prop ed visits,-1,2025-11-15,37,quantile,0.45,0.00956004485797258
2025-11-22,wk inc flu prop ed visits,-1,2025-11-15,37,quantile,0.5,0.009850218267951
2025-11-22,wk inc flu prop ed visits,-1,2025-11-15,37,quantile,0.55,0.0100560061302941
2025-11-22,wk inc flu prop ed visits,-1,2025-11-15,37,quantile,0.6,0.0103639472441372
2025-11-22,wk inc flu prop ed visits,-1,2025-11-15,37,quantile,0.65,0.010653139838907
2025-11-22,wk inc flu prop ed visits,-1,2025-11-15,37,quantile,0.7,0.0109638541640624
2025-11-22,wk inc flu prop ed visits,-1,2025-11-15,37,quantile,0.75,0.0112680279256913
2025-11-22,wk inc flu prop ed visits,-1,2025-11-15,37,quantile,0.8,0.0116720426742125
2025-11-22,wk inc flu prop ed visits,-1,2025-11-15,37,quantile,0.85,0.0121564160507015
2025-11-22,wk inc flu prop ed visits,-1,2025-11-15,37,quantile,0.9,0.0128324859457732
2025-11-22,wk inc flu prop ed visits,-1,2025-11-15,37,quantile,0.95,0.0140824490594325
2025-11-22,wk inc flu prop ed visits,-1,2025-11-15,37,quantile,0.975,0.0158368988117577
2025-11-22,wk inc flu prop ed visits,-1,2025-11-15,37,quantile,0.99,0.0178269397114617
2025-11-22,wk inc flu prop ed visits,-1,2025-11-15,38,quantile,0.01,1.2256739314174e-4
2025-11-22,wk inc flu prop ed visits,-1,2025-11-15,38,quantile,0.025,1.2666885129265e-4
2025-11-22,wk inc flu prop ed visits,-1,2025-11-15,38,quantile,0.05,1.7811237221946e-4
2025-11-22,wk inc flu prop ed visits,-1,2025-11-15,38,quantile,0.1,2.3923744054733e-4
2025-11-22,wk inc flu prop ed visits,-1,2025-11-15,38,quantile,0.15,3.2175131019742e-4
2025-11-22,wk inc flu prop ed visits,-1,2025-11-15,38,quantile,0.2,3.8296945705295e-4
2025-11-22,wk inc flu prop ed visits,-1,2025-11-15,38,quantile,0.25,4.7551647761323e-4
2025-11-22,wk inc flu prop ed visits,-1,2025-11-15,38,quantile,0.3,5.0938348440241e-4
2025-11-22,wk inc flu prop ed visits,-1,2025-11-15,38,quantile,0.35,5.3454671877645e-4
2025-11-22,wk inc flu prop ed visits,-1,2025-11-15,38,quantile,0.4,5.5666509046942e-4
2025-11-22,wk inc flu prop ed visits,-1,2025-11-15,38,quantile,0.45,6.1401992485044e-4
2025-11-22,wk inc flu prop ed visits,-1,2025-11-15,38,quantile,0.5,6.8902154270609e-4
2025-11-22,wk inc flu prop ed visits,-1,2025-11-15,38,quantile,0.55,7.3838087271897e-4
2025-11-22,wk inc flu prop ed visits,-1,2025-11-15,38,quantile,0.6,8.1996069461012e-4
2025-11-22,wk inc flu prop ed visits,-1,2025-11-15,38,quantile,0.65,8.9473266695914e-4
2025-11-22,wk inc flu prop ed visits,-1,2025-11-15,38,quantile,0.7,9.7316894590889e-4
2025-11-22,wk inc flu prop ed visits,-1,2025-11-15,38,quantile,0.75,0.00106215787026561
2025-11-22,wk inc flu prop ed visits,-1,2025-11-15,38,quantile,0.8,0.00116852171754258
2025-11-22,wk inc flu prop ed visits,-1,2025-11-15,38,quantile,0.85,0.00134038028388001
2025-11-22,wk inc flu prop ed visits,-1,2025-11-15,38,quantile,0.9,0.00155910270169165
2025-11-22,wk inc flu prop ed visits,-1,2025-11-15,38,quantile,0.95,0.00200724174449026
2025-11-22,wk inc flu prop ed visits,-1,2025-11-15,38,quantile,0.975,0.0025511680587788
2025-11-22,wk inc flu prop ed visits,-1,2025-11-15,38,quantile,0.99,0.00332881305123954
2025-11-22,wk inc flu prop ed visits,-1,2025-11-15,39,quantile,0.01,7.2698643983189e-4
2025-11-22,wk inc flu prop ed visits,-1,2025-11-15,39,quantile,0.025,0.00073499418128348995
2025-11-22,wk inc flu prop ed visits,-1,2025-11-15,39,quantile,0.05,8.354081849474e-4
2025-11-22,wk inc flu prop ed visits,-1,2025-11-15,39,quantile,0.1,9.3859791273475e-4
2025-11-22,wk inc flu prop ed visits,-1,2025-11-15,39,quantile,0.15,0.00102499286650937
2025-11-22,wk inc flu prop ed visits,-1,2025-11-15,39,quantile,0.2,0.00107849812725219
2025-11-22,wk inc flu prop ed visits,-1,2025-11-15,39,quantile,0.25,0.0011612555544125
2025-11-22,wk inc flu prop ed visits,-1,2025-11-15,39,quantile,0.3,0.00119735131312124
2025-11-22,wk inc flu prop ed visits,-1,2025-11-15,39,quantile,0.35,0.00121646495542299
2025-11-22,wk inc flu prop ed visits,-1,2025-11-15,39,quantile,0.4,0.00123756681009011
2025-11-22,wk inc flu prop ed visits,-1,2025-11-15,39,quantile,0.45,0.00128059934113051
2025-11-22,wk inc flu prop ed visits,-1,2025-11-15,39,quantile,0.5,0.0013326518023562
2025-11-22,wk inc flu prop ed visits,-1,2025-11-15,39,quantile,0.55,0.00136496946540281
2025-11-22,wk inc flu prop ed visits,-1,2025-11-15,39,quantile,0.6,0.00142327448490844
2025-11-22,wk inc flu prop ed visits,-1,2025-11-15,39,quantile,0.65,0.0014725995810783
2025-11-22,wk inc flu prop ed visits,-1,2025-11-15,39,quantile,0.7,0.00152564522658961
2025-11-22,wk inc flu prop ed visits,-1,2025-11-15,39,quantile,0.75,0.00157969743949714
2025-11-22,wk inc flu prop ed visits,-1,2025-11-15,39,quantile,0.8,0.00164991885995288
2025-11-22,wk inc flu prop ed visits,-1,2025-11-15,39,quantile,0.85,0.0017382776895805
2025-11-22,wk inc flu prop ed visits,-1,2025-11-15,39,quantile,0.9,0.00186484812545746
2025-11-22,wk inc flu prop ed visits,-1,2025-11-15,39,quantile,0.95,0.00210453569111152
2025-11-22,wk inc flu prop ed visits,-1,2025-11-15,39,quantile,0.975,0.00241461978233893
2025-11-22,wk inc flu prop ed visits,-1,2025-11-15,39,quantile,0.99,0.00278350281778853
2025-11-22,wk inc flu prop ed visits,-1,2025-11-15,40,quantile,0.01,6.1093128527775e-4
2025-11-22,wk inc flu prop ed visits,-1,2025-11-15,40,quantile,0.025,6.1945505554239e-4
2025-11-22,wk inc flu prop ed visits,-1,2025-11-15,40,quantile,0.05,7.2624994608436e-4
2025-11-22,wk inc flu prop ed visits,-1,2025-11-15,40,quantile,0.1,8.3683293082526e-4
2025-11-22,wk inc flu prop ed visits,-1,2025-11-15,40,quantile,0.15,9.3393744608818e-4
2025-11-22,wk inc flu prop ed visits,-1,2025-11-15,40,quantile,0.2,9.9741480145613e-4
2025-11-22,wk inc flu prop ed visits,-1,2025-11-15,40,quantile,0.25,0.00109370438301118
2025-11-22,wk inc flu prop ed visits,-1,2025-11-15,40,quantile,0.3,0.0011367960252545
2025-11-22,wk inc flu prop ed visits,-1,2025-11-15,40,quantile,0.35,0.00115953953456455
2025-11-22,wk inc flu prop ed visits,-1,2025-11-15,40,quantile,0.4,0.0011860727054495701
2025-11-22,wk inc flu prop ed visits,-1,2025-11-15,40,quantile,0.45,0.00124110660665649
2025-11-22,wk inc flu prop ed visits,-1,2025-11-15,40,quantile,0.5,0.00130698351276688
2025-11-22,wk inc flu prop ed visits,-1,2025-11-15,40,quantile,0.55,0.00134992098596507
2025-11-22,wk inc flu prop ed visits,-1,2025-11-15,40,quantile,0.6,0.00142590218986857
2025-11-22,wk inc flu prop ed visits,-1,2025-11-15,40,quantile,0.65,0.00149069479230686
2025-11-22,wk inc flu prop ed visits,-1,2025-11-15,40,quantile,0.7,0.00156247348704628
2025-11-22,wk inc flu prop ed visits,-1,2025-11-15,40,quantile,0.75,0.00164397761219122
2025-11-22,wk inc flu prop ed visits,-1,2025-11-15,40,quantile,0.8,0.00173616276478359
2025-11-22,wk inc flu prop ed visits,-1,2025-11-15,40,quantile,0.85,0.00186166217669233
2025-11-22,wk inc flu prop ed visits,-1,2025-11-15,40,quantile,0.9,0.00203911736386201
2025-11-22,wk inc flu prop ed visits,-1,2025-11-15,40,quantile,0.95,0.00239410581951234
2025-11-22,wk inc flu prop ed visits,-1,2025-11-15,40,quantile,0.975,0.00283809517062153
2025-11-22,wk inc flu prop ed visits,-1,2025-11-15,40,quantile,0.99,0.00340406100103548
2025-11-22,wk inc flu prop ed visits,-1,2025-11-15,41,quantile,0.01,7.9083844898097e-4
2025-11-22,wk inc flu prop ed visits,-1,2025-11-15,41,quantile,0.025,8.0040866797467e-4
2025-11-22,wk inc flu prop ed visits,-1,2025-11-15,41,quantile,0.05,9.2043601330602e-4
2025-11-22,wk inc flu prop ed visits,-1,2025-11-15,41,quantile,0.1,0.00105115517220456
2025-11-22,wk inc flu prop ed visits,-1,2025-11-15,41,quantile,0.15,0.00118333650490189
2025-11-22,wk inc flu prop ed visits,-1,2025-11-15,41,quantile,0.2,0.00126541927459543
2025-11-22,wk inc flu prop ed visits,-1,2025-11-15,41,quantile,0.25,0.00139538547759451
2025-11-22,wk inc flu prop ed visits,-1,2025-11-15,41,quantile,0.3,0.00144987326946268
2025-11-22,wk inc flu prop ed visits,-1,2025-11-15,41,quantile,0.35,0.00148255220714014
2025-11-22,wk inc flu prop ed visits,-1,2025-11-15,41,quantile,0.4,0.00151520960969311
2025-11-22,wk inc flu prop ed visits,-1,2025-11-15,41,quantile,0.45,0.00158564589731457
2025-11-22,wk inc flu prop ed visits,-1,2025-11-15,41,quantile,0.5,0.00167801287196085
2025-11-22,wk inc flu prop ed visits,-1,2025-11-15,41,quantile,0.55,0.00173377158414716
2025-11-22,wk inc flu prop ed visits,-1,2025-11-15,41,quantile,0.6,0.00183443621516697
2025-11-22,wk inc flu prop ed visits,-1,2025-11-15,41,quantile,0.65,0.00192009267076505
2025-11-22,wk inc flu prop ed visits,-1,2025-11-15,41,quantile,0.7,0.00201399080498098
2025-11-22,wk inc flu prop ed visits,-1,2025-11-15,41,quantile,0.75,0.00211247629055045
2025-11-22,wk inc flu prop ed visits,-1,2025-11-15,41,quantile,0.8,0.00223281063270846
2025-11-22,wk inc flu prop ed visits,-1,2025-11-15,41,quantile,0.85,0.00240567608507619
2025-11-22,wk inc flu prop ed visits,-1,2025-11-15,41,quantile,0.9,0.00264198191199382
2025-11-22,wk inc flu prop ed visits,-1,2025-11-15,41,quantile,0.95,0.00311034875830451
2025-11-22,wk inc flu prop ed visits,-1,2025-11-15,41,quantile,0.975,0.00371139825731679
2025-11-22,wk inc flu prop ed visits,-1,2025-11-15,41,quantile,0.99,0.00448944925620504
2025-11-22,wk inc flu prop ed visits,-1,2025-11-15,42,quantile,0.01,8.0435473284584e-4
2025-11-22,wk inc flu prop ed visits,-1,2025-11-15,42,quantile,0.025,8.1190284542057e-4
2025-11-22,wk inc flu prop ed visits,-1,2025-11-15,42,quantile,0.05,9.0655328925407e-4
2025-11-22,wk inc flu prop ed visits,-1,2025-11-15,42,quantile,0.1,0.00100660929398379
2025-11-22,wk inc flu prop ed visits,-1,2025-11-15,42,quantile,0.15,0.00109069122752403
2025-11-22,wk inc flu prop ed visits,-1,2025-11-15,42,quantile,0.2,0.00114333192341102
2025-11-22,wk inc flu prop ed visits,-1,2025-11-15,42,quantile,0.25,0.00122302597243466
2025-11-22,wk inc flu prop ed visits,-1,2025-11-15,42,quantile,0.3,0.0012566329198991301
2025-11-22,wk inc flu prop ed visits,-1,2025-11-15,42,quantile,0.35,0.0012759629450536
2025-11-22,wk inc flu prop ed visits,-1,2025-11-15,42,quantile,0.4,0.00129616306773544
2025-11-22,wk inc flu prop ed visits,-1,2025-11-15,42,quantile,0.45,0.00133825526854948
2025-11-22,wk inc flu prop ed visits,-1,2025-11-15,42,quantile,0.5,0.00138668499654429
2025-11-22,wk inc flu prop ed visits,-1,2025-11-15,42,quantile,0.55,0.00141915773609616
2025-11-22,wk inc flu prop ed visits,-1,2025-11-15,42,quantile,0.6,0.00147352901693528
2025-11-22,wk inc flu prop ed visits,-1,2025-11-15,42,quantile,0.65,0.00152211086239335
2025-11-22,wk inc flu prop ed visits,-1,2025-11-15,42,quantile,0.7,0.00157206505080514
2025-11-22,wk inc flu prop ed visits,-1,2025-11-15,42,quantile,0.75,0.00162069291889052
2025-11-22,wk inc flu prop ed visits,-1,2025-11-15,42,quantile,0.8,0.00168876670357888
2025-11-22,wk inc flu prop ed visits,-1,2025-11-15,42,quantile,0.85,0.0017707933453359
2025-11-22,wk inc flu prop ed visits,-1,2025-11-15,42,quantile,0.9,0.00188797484816424
2025-11-22,wk inc flu prop ed visits,-1,2025-11-15,42,quantile,0.95,0.00210478505698214
2025-11-22,wk inc flu prop ed visits,-1,2025-11-15,42,quantile,0.975,0.00239487680284041
2025-11-22,wk inc flu prop ed visits,-1,2025-11-15,42,quantile,0.99,0.00273525481549234
2025-11-22,wk inc flu prop ed visits,-1,2025-11-15,44,quantile,0.01,6.7181538903363e-4
2025-11-22,wk inc flu prop ed visits,-1,2025-11-15,44,quantile,0.025,6.8506461935101e-4
2025-11-22,wk inc flu prop ed visits,-1,2025-11-15,44,quantile,0.05,8.5108558285903e-4
2025-11-22,wk inc flu prop ed visits,-1,2025-11-15,44,quantile,0.1,0.00101715310974501
2025-11-22,wk inc flu prop ed visits,-1,2025-11-15,44,quantile,0.15,0.00116360876320998
2025-11-22,wk inc flu prop ed visits,-1,2025-11-15,44,quantile,0.2,0.00125930949009859
2025-11-22,wk inc flu prop ed visits,-1,2025-11-15,44,quantile,0.25,0.0014013455139289
2025-11-22,wk inc flu prop ed visits,-1,2025-11-15,44,quantile,0.3,0.00146203067586892
2025-11-22,wk inc flu prop ed visits,-1,2025-11-15,44,quantile,0.35,0.00149413903918092
2025-11-22,wk inc flu prop ed visits,-1,2025-11-15,44,quantile,0.4,0.00153153866148827
2025-11-22,wk inc flu prop ed visits,-1,2025-11-15,44,quantile,0.45,0.00161153392594983
2025-11-22,wk inc flu prop ed visits,-1,2025-11-15,44,quantile,0.5,0.00170435859781524
2025-11-22,wk inc flu prop ed visits,-1,2025-11-15,44,quantile,0.55,0.00175822735138867
2025-11-22,wk inc flu prop ed visits,-1,2025-11-15,44,quantile,0.6,0.00187267772411523
2025-11-22,wk inc flu prop ed visits,-1,2025-11-15,44,quantile,0.65,0.00195848274489597
2025-11-22,wk inc flu prop ed visits,-1,2025-11-15,44,quantile,0.7,0.00206056320721398
2025-11-22,wk inc flu prop ed visits,-1,2025-11-15,44,quantile,0.75,0.00217306896892247
2025-11-22,wk inc flu prop ed visits,-1,2025-11-15,44,quantile,0.8,0.00230600195455438
2025-11-22,wk inc flu prop ed visits,-1,2025-11-15,44,quantile,0.85,0.00248574193725065
2025-11-22,wk inc flu prop ed visits,-1,2025-11-15,44,quantile,0.9,0.00273861430769597
2025-11-22,wk inc flu prop ed visits,-1,2025-11-15,44,quantile,0.95,0.00322816153789398
2025-11-22,wk inc flu prop ed visits,-1,2025-11-15,44,quantile,0.975,0.00382698230604934
2025-11-22,wk inc flu prop ed visits,-1,2025-11-15,44,quantile,0.99,0.00460556649373746
2025-11-22,wk inc flu prop ed visits,-1,2025-11-15,45,quantile,0.01,0.0013891577312321
2025-11-22,wk inc flu prop ed visits,-1,2025-11-15,45,quantile,0.025,0.00140351116364558
2025-11-22,wk inc flu prop ed visits,-1,2025-11-15,45,quantile,0.05,0.00158349918705787
2025-11-22,wk inc flu prop ed visits,-1,2025-11-15,45,quantile,0.1,0.00177831347720765
2025-11-22,wk inc flu prop ed visits,-1,2025-11-15,45,quantile,0.15,0.00195041493504004
2025-11-22,wk inc flu prop ed visits,-1,2025-11-15,45,quantile,0.2,0.00205738416485094
2025-11-22,wk inc flu prop ed visits,-1,2025-11-15,45,quantile,0.25,0.00221881551948229
2025-11-22,wk inc flu prop ed visits,-1,2025-11-15,45,quantile,0.3,0.00228552888624546
2025-11-22,wk inc flu prop ed visits,-1,2025-11-15,45,quantile,0.35,0.00232617897208935
2025-11-22,wk inc flu prop ed visits,-1,2025-11-15,45,quantile,0.4,0.00236640652649577
2025-11-22,wk inc flu prop ed visits,-1,2025-11-15,45,quantile,0.45,0.00245177058207966
2025-11-22,wk inc flu prop ed visits,-1,2025-11-15,45,quantile,0.5,0.00255300031117695
2025-11-22,wk inc flu prop ed visits,-1,2025-11-15,45,quantile,0.55,0.00261617757270666
2025-11-22,wk inc flu prop ed visits,-1,2025-11-15,45,quantile,0.6,0.00272745857224148
2025-11-22,wk inc flu prop ed visits,-1,2025-11-15,45,quantile,0.65,0.00282368711401425
2025-11-22,wk inc flu prop ed visits,-1,2025-11-15,45,quantile,0.7,0.00292477025583847
2025-11-22,wk inc flu prop ed visits,-1,2025-11-15,45,quantile,0.75,0.00302437795718183
2025-11-22,wk inc flu prop ed visits,-1,2025-11-15,45,quantile,0.8,0.00315952101860619
2025-11-22,wk inc flu prop ed visits,-1,2025-11-15,45,quantile,0.85,0.00333075231107424
2025-11-22,wk inc flu prop ed visits,-1,2025-11-15,45,quantile,0.9,0.00357347901925319
2025-11-22,wk inc flu prop ed visits,-1,2025-11-15,45,quantile,0.95,0.00401628872042092
2025-11-22,wk inc flu prop ed visits,-1,2025-11-15,45,quantile,0.975,0.00462246684815838
2025-11-22,wk inc flu prop ed visits,-1,2025-11-15,45,quantile,0.99,0.00534339257144716
2025-11-22,wk inc flu prop ed visits,-1,2025-11-15,46,quantile,0.01,1.3725950692259e-4
2025-11-22,wk inc flu prop ed visits,-1,2025-11-15,46,quantile,0.025,1.4082589462357e-4
2025-11-22,wk inc flu prop ed visits,-1,2025-11-15,46,quantile,0.05,1.8554932611329e-4
2025-11-22,wk inc flu prop ed visits,-1,2025-11-15,46,quantile,0.1,2.3152896482011e-4
2025-11-22,wk inc flu prop ed visits,-1,2025-11-15,46,quantile,0.15,2.8341032996321e-4
2025-11-22,wk inc flu prop ed visits,-1,2025-11-15,46,quantile,0.2,3.2741357110086e-4
2025-11-22,wk inc flu prop ed visits,-1,2025-11-15,46,quantile,0.25,3.92915644112e-4
2025-11-22,wk inc flu prop ed visits,-1,2025-11-15,46,quantile,0.3,4.1650301230182e-4
2025-11-22,wk inc flu prop ed visits,-1,2025-11-15,46,quantile,0.35,4.3087844285432e-4
2025-11-22,wk inc flu prop ed visits,-1,2025-11-15,46,quantile,0.4,4.4878096865449e-4
2025-11-22,wk inc flu prop ed visits,-1,2025-11-15,46,quantile,0.45,4.882297778512e-4
2025-11-22,wk inc flu prop ed visits,-1,2025-11-15,46,quantile,0.5,5.3408741001504e-4
2025-11-22,wk inc flu prop ed visits,-1,2025-11-15,46,quantile,0.55,5.6949702545203e-4
2025-11-22,wk inc flu prop ed visits,-1,2025-11-15,46,quantile,0.6,6.2412916499791e-4
2025-11-22,wk inc flu prop ed visits,-1,2025-11-15,46,quantile,0.65,6.7572206739552e-4
2025-11-22,wk inc flu prop ed visits,-1,2025-11-15,46,quantile,0.7,7.276331243035e-4
2025-11-22,wk inc flu prop ed visits,-1,2025-11-15,46,quantile,0.75,7.8808975591512e-4
2025-11-22,wk inc flu prop ed visits,-1,2025-11-15,46,quantile,0.8,8.6282807408832e-4
2025-11-22,wk inc flu prop ed visits,-1,2025-11-15,46,quantile,0.85,9.7267211517436e-4
2025-11-22,wk inc flu prop ed visits,-1,2025-11-15,46,quantile,0.9,0.0011124517283182
2025-11-22,wk inc flu prop ed visits,-1,2025-11-15,46,quantile,0.95,0.00141203056718669
2025-11-22,wk inc flu prop ed visits,-1,2025-11-15,46,quantile,0.975,0.00175274068072881
2025-11-22,wk inc flu prop ed visits,-1,2025-11-15,46,quantile,0.99,0.00224031542347715
2025-11-22,wk inc flu prop ed visits,-1,2025-11-15,47,quantile,0.01,0.00195549232071143
2025-11-22,wk inc flu prop ed visits,-1,2025-11-15,47,quantile,0.025,0.00197412705937827
2025-11-22,wk inc flu prop ed visits,-1,2025-11-15,47,quantile,0.05,0.00220770110436966
2025-11-22,wk inc flu prop ed visits,-1,2025-11-15,47,quantile,0.1,0.0024758368752571
2025-11-22,wk inc flu prop ed visits,-1,2025-11-15,47,quantile,0.15,0.00267806835656207
2025-11-22,wk inc flu prop ed visits,-1,2025-11-15,47,quantile,0.2,0.00278579778435172
2025-11-22,wk inc flu prop ed visits,-1,2025-11-15,47,quantile,0.25,0.00294774538665394
2025-11-22,wk inc flu prop ed visits,-1,2025-11-15,47,quantile,0.3,0.00301836473451727
2025-11-22,wk inc flu prop ed visits,-1,2025-11-15,47,quantile,0.35,0.00305959355914803
2025-11-22,wk inc flu prop ed visits,-1,2025-11-15,47,quantile,0.4,0.00309760888919379
2025-11-22,wk inc flu prop ed visits,-1,2025-11-15,47,quantile,0.45,0.00318501870278762
2025-11-22,wk inc flu prop ed visits,-1,2025-11-15,47,quantile,0.5,0.00328176860528795
2025-11-22,wk inc flu prop ed visits,-1,2025-11-15,47,quantile,0.55,0.00333879686289662
2025-11-22,wk inc flu prop ed visits,-1,2025-11-15,47,quantile,0.6,0.00344911895014227
2025-11-22,wk inc flu prop ed visits,-1,2025-11-15,47,quantile,0.65,0.00353607052426229
2025-11-22,wk inc flu prop ed visits,-1,2025-11-15,47,quantile,0.7,0.00363533267146673
2025-11-22,wk inc flu prop ed visits,-1,2025-11-15,47,quantile,0.75,0.00373237514872823
2025-11-22,wk inc flu prop ed visits,-1,2025-11-15,47,quantile,0.8,0.00385953451086543
2025-11-22,wk inc flu prop ed visits,-1,2025-11-15,47,quantile,0.85,0.00401674018803408
2025-11-22,wk inc flu prop ed visits,-1,2025-11-15,47,quantile,0.9,0.00423882023708467
2025-11-22,wk inc flu prop ed visits,-1,2025-11-15,47,quantile,0.95,0.00463976497798033
2025-11-22,wk inc flu prop ed visits,-1,2025-11-15,47,quantile,0.975,0.0052143486285084004
2025-11-22,wk inc flu prop ed visits,-1,2025-11-15,47,quantile,0.99,0.00587055129248807
2025-11-22,wk inc flu prop ed visits,-1,2025-11-15,48,quantile,0.01,0.00496184263462232
2025-11-22,wk inc flu prop ed visits,-1,2025-11-15,48,quantile,0.025,0.00500964133530107
2025-11-22,wk inc flu prop ed visits,-1,2025-11-15,48,quantile,0.05,0.00560901814522163
2025-11-22,wk inc flu prop ed visits,-1,2025-11-15,48,quantile,0.1,0.00626881881153343
2025-11-22,wk inc flu prop ed visits,-1,2025-11-15,48,quantile,0.15,0.00673821943153987
2025-11-22,wk inc flu prop ed visits,-1,2025-11-15,48,quantile,0.2,0.00699191642728974
2025-11-22,wk inc flu prop ed visits,-1,2025-11-15,48,quantile,0.25,0.00738712964533128
2025-11-22,wk inc flu prop ed visits,-1,2025-11-15,48,quantile,0.3,0.00755982662303594
2025-11-22,wk inc flu prop ed visits,-1,2025-11-15,48,quantile,0.35,0.00765308359908094
2025-11-22,wk inc flu prop ed visits,-1,2025-11-15,48,quantile,0.4,0.00774025781440785
2025-11-22,wk inc flu prop ed visits,-1,2025-11-15,48,quantile,0.45,0.00794619211573498
2025-11-22,wk inc flu prop ed visits,-1,2025-11-15,48,quantile,0.5,0.00817088580897558
2025-11-22,wk inc flu prop ed visits,-1,2025-11-15,48,quantile,0.55,0.00830858085715734
2025-11-22,wk inc flu prop ed visits,-1,2025-11-15,48,quantile,0.6,0.00857204082158994
2025-11-22,wk inc flu prop ed visits,-1,2025-11-15,48,quantile,0.65,0.00878067600059707
2025-11-22,wk inc flu prop ed visits,-1,2025-11-15,48,quantile,0.7,0.00901727085079989
2025-11-22,wk inc flu prop ed visits,-1,2025-11-15,48,quantile,0.75,0.00924483907142878
2025-11-22,wk inc flu prop ed visits,-1,2025-11-15,48,quantile,0.8,0.00955487039576777
2025-11-22,wk inc flu prop ed visits,-1,2025-11-15,48,quantile,0.85,0.00992145539806523
2025-11-22,wk inc flu prop ed visits,-1,2025-11-15,48,quantile,0.9,0.0104399115346604
2025-11-22,wk inc flu prop ed visits,-1,2025-11-15,48,quantile,0.95,0.0114249359976662
2025-11-22,wk inc flu prop ed visits,-1,2025-11-15,48,quantile,0.975,0.0127469623505066
2025-11-22,wk inc flu prop ed visits,-1,2025-11-15,48,quantile,0.99,0.0142336297195914
2025-11-22,wk inc flu prop ed visits,-1,2025-11-15,US,quantile,0.01,0.00270235707840066
2025-11-22,wk inc flu prop ed visits,-1,2025-11-15,US,quantile,0.025,0.00272583151662939
2025-11-22,wk inc flu prop ed visits,-1,2025-11-15,US,quantile,0.05,0.00302014999215021
2025-11-22,wk inc flu prop ed visits,-1,2025-11-15,US,quantile,0.1,0.00336267976714804
2025-11-22,wk inc flu prop ed visits,-1,2025-11-15,US,quantile,0.15,0.00358403096678817
2025-11-22,wk inc flu prop ed visits,-1,2025-11-15,US,quantile,0.2,0.0036948952716661
2025-11-22,wk inc flu prop ed visits,-1,2025-11-15,US,quantile,0.25,0.00386623106379908
2025-11-22,wk inc flu prop ed visits,-1,2025-11-15,US,quantile,0.3,0.00394238138699947
2025-11-22,wk inc flu prop ed visits,-1,2025-11-15,US,quantile,0.35,0.00398437191995356
2025-11-22,wk inc flu prop ed visits,-1,2025-11-15,US,quantile,0.4,0.00402175044862598
2025-11-22,wk inc flu prop ed visits,-1,2025-11-15,US,quantile,0.45,0.00411052216546208
2025-11-22,wk inc flu prop ed visits,-1,2025-11-15,US,quantile,0.5,0.00420384109764419
2025-11-22,wk inc flu prop ed visits,-1,2025-11-15,US,quantile,0.55,0.0042617401547744
2025-11-22,wk inc flu prop ed visits,-1,2025-11-15,US,quantile,0.6,0.00437128841829576
2025-11-22,wk inc flu prop ed visits,-1,2025-11-15,US,quantile,0.65,0.00445750101071383
2025-11-22,wk inc flu prop ed visits,-1,2025-11-15,US,quantile,0.7,0.00455648373742463
2025-11-22,wk inc flu prop ed visits,-1,2025-11-15,US,quantile,0.75,0.0046492050021432
2025-11-22,wk inc flu prop ed visits,-1,2025-11-15,US,quantile,0.8,0.00477968285041205
2025-11-22,wk inc flu prop ed visits,-1,2025-11-15,US,quantile,0.85,0.00493094298533753
2025-11-22,wk inc flu prop ed visits,-1,2025-11-15,US,quantile,0.9,0.00513821276606669
2025-11-22,wk inc flu prop ed visits,-1,2025-11-15,US,quantile,0.95,0.00552219922833344
2025-11-22,wk inc flu prop ed visits,-1,2025-11-15,US,quantile,0.975,0.00606247497522311
2025-11-22,wk inc flu prop ed visits,-1,2025-11-15,US,quantile,0.99,0.00666243700506688
2025-11-22,wk inc flu prop ed visits,-1,2025-11-15,49,quantile,0.01,0.00147314802018666
2025-11-22,wk inc flu prop ed visits,-1,2025-11-15,49,quantile,0.025,0.00148903525023931
2025-11-22,wk inc flu prop ed visits,-1,2025-11-15,49,quantile,0.05,0.00168830463727443
2025-11-22,wk inc flu prop ed visits,-1,2025-11-15,49,quantile,0.1,0.00191170336455188
2025-11-22,wk inc flu prop ed visits,-1,2025-11-15,49,quantile,0.15,0.00217789407000634
2025-11-22,wk inc flu prop ed visits,-1,2025-11-15,49,quantile,0.2,0.002368641024486
2025-11-22,wk inc flu prop ed visits,-1,2025-11-15,49,quantile,0.25,0.00267375101469346
2025-11-22,wk inc flu prop ed visits,-1,2025-11-15,49,quantile,0.3,0.00279326500179758
2025-11-22,wk inc flu prop ed visits,-1,2025-11-15,49,quantile,0.35,0.00286955345431665
2025-11-22,wk inc flu prop ed visits,-1,2025-11-15,49,quantile,0.4,0.00294214883299391
2025-11-22,wk inc flu prop ed visits,-1,2025-11-15,49,quantile,0.45,0.00311764468539116
2025-11-22,wk inc flu prop ed visits,-1,2025-11-15,49,quantile,0.5,0.00335382153463862
2025-11-22,wk inc flu prop ed visits,-1,2025-11-15,49,quantile,0.55,0.00351126538064802
2025-11-22,wk inc flu prop ed visits,-1,2025-11-15,49,quantile,0.6,0.0037625501212326
2025-11-22,wk inc flu prop ed visits,-1,2025-11-15,49,quantile,0.65,0.00400045236019106
2025-11-22,wk inc flu prop ed visits,-1,2025-11-15,49,quantile,0.7,0.00424584064510976
2025-11-22,wk inc flu prop ed visits,-1,2025-11-15,49,quantile,0.75,0.00452263197792728
2025-11-22,wk inc flu prop ed visits,-1,2025-11-15,49,quantile,0.8,0.00485044132264411
2025-11-22,wk inc flu prop ed visits,-1,2025-11-15,49,quantile,0.85,0.00536048288665846
2025-11-22,wk inc flu prop ed visits,-1,2025-11-15,49,quantile,0.9,0.00603041260370663
2025-11-22,wk inc flu prop ed visits,-1,2025-11-15,49,quantile,0.95,0.00741577629710319
2025-11-22,wk inc flu prop ed visits,-1,2025-11-15,49,quantile,0.975,0.00912388874978838
2025-11-22,wk inc flu prop ed visits,-1,2025-11-15,49,quantile,0.99,0.0114989152843634
2025-11-22,wk inc flu prop ed visits,-1,2025-11-15,50,quantile,0.01,4.5196670656934e-4
2025-11-22,wk inc flu prop ed visits,-1,2025-11-15,50,quantile,0.025,4.6469353437721e-4
2025-11-22,wk inc flu prop ed visits,-1,2025-11-15,50,quantile,0.05,6.2432281951833e-4
2025-11-22,wk inc flu prop ed visits,-1,2025-11-15,50,quantile,0.1,8.1278021301026e-4
2025-11-22,wk inc flu prop ed visits,-1,2025-11-15,50,quantile,0.15,0.0010529305048144
2025-11-22,wk inc flu prop ed visits,-1,2025-11-15,50,quantile,0.2,0.00122428793624668
2025-11-22,wk inc flu prop ed visits,-1,2025-11-15,50,quantile,0.25,0.00148844737654389
2025-11-22,wk inc flu prop ed visits,-1,2025-11-15,50,quantile,0.3,0.00159042130881533
2025-11-22,wk inc flu prop ed visits,-1,2025-11-15,50,quantile,0.35,0.00165983648914391
2025-11-22,wk inc flu prop ed visits,-1,2025-11-15,50,quantile,0.4,0.00172634944430329
2025-11-22,wk inc flu prop ed visits,-1,2025-11-15,50,quantile,0.45,0.00188891788073224
2025-11-22,wk inc flu prop ed visits,-1,2025-11-15,50,quantile,0.5,0.00210128109542388
2025-11-22,wk inc flu prop ed visits,-1,2025-11-15,50,quantile,0.55,0.00223468229972499
2025-11-22,wk inc flu prop ed visits,-1,2025-11-15,50,quantile,0.6,0.00246706840262647
2025-11-22,wk inc flu prop ed visits,-1,2025-11-15,50,quantile,0.65,0.00267444288062945
2025-11-22,wk inc flu prop ed visits,-1,2025-11-15,50,quantile,0.7,0.00289552023035379
2025-11-22,wk inc flu prop ed visits,-1,2025-11-15,50,quantile,0.75,0.00314910670332978
2025-11-22,wk inc flu prop ed visits,-1,2025-11-15,50,quantile,0.8,0.00343938410152366
2025-11-22,wk inc flu prop ed visits,-1,2025-11-15,50,quantile,0.85,0.00390621148768813
2025-11-22,wk inc flu prop ed visits,-1,2025-11-15,50,quantile,0.9,0.00451530376497323
2025-11-22,wk inc flu prop ed visits,-1,2025-11-15,50,quantile,0.95,0.00576245414324575
2025-11-22,wk inc flu prop ed visits,-1,2025-11-15,50,quantile,0.975,0.00731479055455973
2025-11-22,wk inc flu prop ed visits,-1,2025-11-15,50,quantile,0.99,0.00950973447178783
2025-11-22,wk inc flu prop ed visits,-1,2025-11-15,51,quantile,0.01,0.00143200984044516
2025-11-22,wk inc flu prop ed visits,-1,2025-11-15,51,quantile,0.025,0.00144616495681714
2025-11-22,wk inc flu prop ed visits,-1,2025-11-15,51,quantile,0.05,0.00162368182087993
2025-11-22,wk inc flu prop ed visits,-1,2025-11-15,51,quantile,0.1,0.00181769326954736
2025-11-22,wk inc flu prop ed visits,-1,2025-11-15,51,quantile,0.15,0.00199194074246325
2025-11-22,wk inc flu prop ed visits,-1,2025-11-15,51,quantile,0.2,0.00209452193343611
2025-11-22,wk inc flu prop ed visits,-1,2025-11-15,51,quantile,0.25,0.00225817166261911
2025-11-22,wk inc flu prop ed visits,-1,2025-11-15,51,quantile,0.3,0.00232629375360201
2025-11-22,wk inc flu prop ed visits,-1,2025-11-15,51,quantile,0.35,0.0023668216044723
2025-11-22,wk inc flu prop ed visits,-1,2025-11-15,51,quantile,0.4,0.00240405538696941
2025-11-22,wk inc flu prop ed visits,-1,2025-11-15,51,quantile,0.45,0.00249148902632064
2025-11-22,wk inc flu prop ed visits,-1,2025-11-15,51,quantile,0.5,0.00259703972307936
2025-11-22,wk inc flu prop ed visits,-1,2025-11-15,51,quantile,0.55,0.00266294760635642
2025-11-22,wk inc flu prop ed visits,-1,2025-11-15,51,quantile,0.6,0.00277871770794436
2025-11-22,wk inc flu prop ed visits,-1,2025-11-15,51,quantile,0.65,0.00287859013808364
2025-11-22,wk inc flu prop ed visits,-1,2025-11-15,51,quantile,0.7,0.00298790870624234
2025-11-22,wk inc flu prop ed visits,-1,2025-11-15,51,quantile,0.75,0.00309330888479562
2025-11-22,wk inc flu prop ed visits,-1,2025-11-15,51,quantile,0.8,0.00323204826651174
2025-11-22,wk inc flu prop ed visits,-1,2025-11-15,51,quantile,0.85,0.0034141479608417
2025-11-22,wk inc flu prop ed visits,-1,2025-11-15,51,quantile,0.9,0.00367644756989946
2025-11-22,wk inc flu prop ed visits,-1,2025-11-15,51,quantile,0.95,0.00417888060633118
2025-11-22,wk inc flu prop ed visits,-1,2025-11-15,51,quantile,0.975,0.00485655708199704
2025-11-22,wk inc flu prop ed visits,-1,2025-11-15,51,quantile,0.99,0.00566970763200114
2025-11-22,wk inc flu prop ed visits,-1,2025-11-15,53,quantile,0.01,0.00170729605056626
2025-11-22,wk inc flu prop ed visits,-1,2025-11-15,53,quantile,0.025,0.00172335453057302
2025-11-22,wk inc flu prop ed visits,-1,2025-11-15,53,quantile,0.05,0.00192464715738118
2025-11-22,wk inc flu prop ed visits,-1,2025-11-15,53,quantile,0.1,0.0021372331174798
2025-11-22,wk inc flu prop ed visits,-1,2025-11-15,53,quantile,0.15,0.00229523944908105
2025-11-22,wk inc flu prop ed visits,-1,2025-11-15,53,quantile,0.2,0.00238478293163523
2025-11-22,wk inc flu prop ed visits,-1,2025-11-15,53,quantile,0.25,0.00251769001359862
2025-11-22,wk inc flu prop ed visits,-1,2025-11-15,53,quantile,0.3,0.00257839243216334
2025-11-22,wk inc flu prop ed visits,-1,2025-11-15,53,quantile,0.35,0.00260941937903845
2025-11-22,wk inc flu prop ed visits,-1,2025-11-15,53,quantile,0.4,0.00264496466281973
2025-11-22,wk inc flu prop ed visits,-1,2025-11-15,53,quantile,0.45,0.00271582835040694
2025-11-22,wk inc flu prop ed visits,-1,2025-11-15,53,quantile,0.5,0.00279564630686829
2025-11-22,wk inc flu prop ed visits,-1,2025-11-15,53,quantile,0.55,0.00284511124095964
2025-11-22,wk inc flu prop ed visits,-1,2025-11-15,53,quantile,0.6,0.00293997815783589
2025-11-22,wk inc flu prop ed visits,-1,2025-11-15,53,quantile,0.65,0.00301509020543981
2025-11-22,wk inc flu prop ed visits,-1,2025-11-15,53,quantile,0.7,0.00309901814079265
2025-11-22,wk inc flu prop ed visits,-1,2025-11-15,53,quantile,0.75,0.00318345859093549
2025-11-22,wk inc flu prop ed visits,-1,2025-11-15,53,quantile,0.8,0.00329718086860547
2025-11-22,wk inc flu prop ed visits,-1,2025-11-15,53,quantile,0.85,0.00343203518301619
2025-11-22,wk inc flu prop ed visits,-1,2025-11-15,53,quantile,0.9,0.00361900837150358
2025-11-22,wk inc flu prop ed visits,-1,2025-11-15,53,quantile,0.95,0.00396749350014622
2025-11-22,wk inc flu prop ed visits,-1,2025-11-15,53,quantile,0.975,0.00441085049670207
2025-11-22,wk inc flu prop ed visits,-1,2025-11-15,53,quantile,0.99,0.00493531306674593
2025-11-22,wk inc flu prop ed visits,-1,2025-11-15,54,quantile,0.01,3.7094696560235e-4
2025-11-22,wk inc flu prop ed visits,-1,2025-11-15,54,quantile,0.025,3.7612400815e-4
2025-11-22,wk inc flu prop ed visits,-1,2025-11-15,54,quantile,0.05,4.4094433281694e-4
2025-11-22,wk inc flu prop ed visits,-1,2025-11-15,54,quantile,0.1,5.0558206829886e-4
2025-11-22,wk inc flu prop ed visits,-1,2025-11-15,54,quantile,0.15,5.643223884306e-4
2025-11-22,wk inc flu prop ed visits,-1,2025-11-15,54,quantile,0.2,6.0905910798915e-4
2025-11-22,wk inc flu prop ed visits,-1,2025-11-15,54,quantile,0.25,6.7498814995232e-4
2025-11-22,wk inc flu prop ed visits,-1,2025-11-15,54,quantile,0.3,7.0294191114055e-4
2025-11-22,wk inc flu prop ed visits,-1,2025-11-15,54,quantile,0.35,7.1725546711533e-4
2025-11-22,wk inc flu prop ed visits,-1,2025-11-15,54,quantile,0.4,7.3658384015734e-4
2025-11-22,wk inc flu prop ed visits,-1,2025-11-15,54,quantile,0.45,7.7504154123108e-4
2025-11-22,wk inc flu prop ed visits,-1,2025-11-15,54,quantile,0.5,8.1847522089119e-4
2025-11-22,wk inc flu prop ed visits,-1,2025-11-15,54,quantile,0.55,8.4963841766832e-4
2025-11-22,wk inc flu prop ed visits,-1,2025-11-15,54,quantile,0.6,9.033586821848e-4
2025-11-22,wk inc flu prop ed visits,-1,2025-11-15,54,quantile,0.65,9.5040142730196e-4
2025-11-22,wk inc flu prop ed visits,-1,2025-11-15,54,quantile,0.7,9.9948434256736e-4
2025-11-22,wk inc flu prop ed visits,-1,2025-11-15,54,quantile,0.75,0.00105675101220924
2025-11-22,wk inc flu prop ed visits,-1,2025-11-15,54,quantile,0.8,0.00112772174118399
2025-11-22,wk inc flu prop ed visits,-1,2025-11-15,54,quantile,0.85,0.00121878099129436
2025-11-22,wk inc flu prop ed visits,-1,2025-11-15,54,quantile,0.9,0.0013457962293234
2025-11-22,wk inc flu prop ed visits,-1,2025-11-15,54,quantile,0.95,0.0015957988164061
2025-11-22,wk inc flu prop ed visits,-1,2025-11-15,54,quantile,0.975,0.00188032630932694
2025-11-22,wk inc flu prop ed visits,-1,2025-11-15,54,quantile,0.99,0.00226583980958949
2025-11-22,wk inc flu prop ed visits,-1,2025-11-15,55,quantile,0.01,5.9685916346141e-4
2025-11-22,wk inc flu prop ed visits,-1,2025-11-15,55,quantile,0.025,6.0384375980896e-4
2025-11-22,wk inc flu prop ed visits,-1,2025-11-15,55,quantile,0.05,6.9141901350403e-4
2025-11-22,wk inc flu prop ed visits,-1,2025-11-15,55,quantile,0.1,7.8230944567015e-4
2025-11-22,wk inc flu prop ed visits,-1,2025-11-15,55,quantile,0.15,8.6590254032296e-4
2025-11-22,wk inc flu prop ed visits,-1,2025-11-15,55,quantile,0.2,9.1846580085534e-4
2025-11-22,wk inc flu prop ed visits,-1,2025-11-15,55,quantile,0.25,0.0010016132396332
2025-11-22,wk inc flu prop ed visits,-1,2025-11-15,55,quantile,0.3,0.00103779157362961
2025-11-22,wk inc flu prop ed visits,-1,2025-11-15,55,quantile,0.35,0.00105756203735277
2025-11-22,wk inc flu prop ed visits,-1,2025-11-15,55,quantile,0.4,0.00107953348267618
2025-11-22,wk inc flu prop ed visits,-1,2025-11-15,55,quantile,0.45,0.0011235505382955
2025-11-22,wk inc flu prop ed visits,-1,2025-11-15,55,quantile,0.5,0.00117937531781766
2025-11-22,wk inc flu prop ed visits,-1,2025-11-15,55,quantile,0.55,0.00121489224277285
2025-11-22,wk inc flu prop ed visits,-1,2025-11-15,55,quantile,0.6,0.00127717344356859
2025-11-22,wk inc flu prop ed visits,-1,2025-11-15,55,quantile,0.65,0.00133072898434375
2025-11-22,wk inc flu prop ed visits,-1,2025-11-15,55,quantile,0.7,0.00138831599259902
2025-11-22,wk inc flu prop ed visits,-1,2025-11-15,55,quantile,0.75,0.00144881218648571
2025-11-22,wk inc flu prop ed visits,-1,2025-11-15,55,quantile,0.8,0.00152485338288497
2025-11-22,wk inc flu prop ed visits,-1,2025-11-15,55,quantile,0.85,0.00162569561665794
2025-11-22,wk inc flu prop ed visits,-1,2025-11-15,55,quantile,0.9,0.00176681198137838
2025-11-22,wk inc flu prop ed visits,-1,2025-11-15,55,quantile,0.95,0.00203679088106138
2025-11-22,wk inc flu prop ed visits,-1,2025-11-15,55,quantile,0.975,0.00237978768788981
2025-11-22,wk inc flu prop ed visits,-1,2025-11-15,55,quantile,0.99,0.00280392886563315
2025-11-22,wk inc flu prop ed visits,-1,2025-11-15,56,quantile,0.01,0
2025-11-22,wk inc flu prop ed visits,-1,2025-11-15,56,quantile,0.025,0
2025-11-22,wk inc flu prop ed visits,-1,2025-11-15,56,quantile,0.05,0
2025-11-22,wk inc flu prop ed visits,-1,2025-11-15,56,quantile,0.1,0
2025-11-22,wk inc flu prop ed visits,-1,2025-11-15,56,quantile,0.15,0
2025-11-22,wk inc flu prop ed visits,-1,2025-11-15,56,quantile,0.2,0
2025-11-22,wk inc flu prop ed visits,-1,2025-11-15,56,quantile,0.25,0
2025-11-22,wk inc flu prop ed visits,-1,2025-11-15,56,quantile,0.3,0
2025-11-22,wk inc flu prop ed visits,-1,2025-11-15,56,quantile,0.35,0
2025-11-22,wk inc flu prop ed visits,-1,2025-11-15,56,quantile,0.4,0
2025-11-22,wk inc flu prop ed visits,-1,2025-11-15,56,quantile,0.45,0
2025-11-22,wk inc flu prop ed visits,-1,2025-11-15,56,quantile,0.5,1.7459705002948e-4
2025-11-22,wk inc flu prop ed visits,-1,2025-11-15,56,quantile,0.55,7.8213691875625e-4
2025-11-22,wk inc flu prop ed visits,-1,2025-11-15,56,quantile,0.6,0.00123367861030609
2025-11-22,wk inc flu prop ed visits,-1,2025-11-15,56,quantile,0.65,0.00194094915346928
2025-11-22,wk inc flu prop ed visits,-1,2025-11-15,56,quantile,0.7,0.00258497141496966
2025-11-22,wk inc flu prop ed visits,-1,2025-11-15,56,quantile,0.75,0.00321928934374852
2025-11-22,wk inc flu prop ed visits,-1,2025-11-15,56,quantile,0.8,0.00388622850906558
2025-11-22,wk inc flu prop ed visits,-1,2025-11-15,56,quantile,0.85,0.00512772613523791
2025-11-22,wk inc flu prop ed visits,-1,2025-11-15,56,quantile,0.9,0.00659594149863134
2025-11-22,wk inc flu prop ed visits,-1,2025-11-15,56,quantile,0.95,0.00979068684146592
2025-11-22,wk inc flu prop ed visits,-1,2025-11-15,56,quantile,0.975,0.0137690481685046
2025-11-22,wk inc flu prop ed visits,-1,2025-11-15,56,quantile,0.99,0.0190856659815118
2025-11-22,wk inc flu hosp,0,2025-11-22,01,quantile,0.01,11
2025-11-22,wk inc flu hosp,0,2025-11-22,01,quantile,0.025,12
2025-11-22,wk inc flu hosp,0,2025-11-22,01,quantile,0.05,14
2025-11-22,wk inc flu hosp,0,2025-11-22,01,quantile,0.1,15
2025-11-22,wk inc flu hosp,0,2025-11-22,01,quantile,0.15,19
2025-11-22,wk inc flu hosp,0,2025-11-22,01,quantile,0.2,20
2025-11-22,wk inc flu hosp,0,2025-11-22,01,quantile,0.25,20
2025-11-22,wk inc flu hosp,0,2025-11-22,01,quantile,0.3,22
2025-11-22,wk inc flu hosp,0,2025-11-22,01,quantile,0.35,23
2025-11-22,wk inc flu hosp,0,2025-11-22,01,quantile,0.4,24
2025-11-22,wk inc flu hosp,0,2025-11-22,01,quantile,0.45,25
2025-11-22,wk inc flu hosp,0,2025-11-22,01,quantile,0.5,27
2025-11-22,wk inc flu hosp,0,2025-11-22,01,quantile,0.55,27
2025-11-22,wk inc flu hosp,0,2025-11-22,01,quantile,0.6,28
2025-11-22,wk inc flu hosp,0,2025-11-22,01,quantile,0.65,30
2025-11-22,wk inc flu hosp,0,2025-11-22,01,quantile,0.7,31
2025-11-22,wk inc flu hosp,0,2025-11-22,01,quantile,0.75,33
2025-11-22,wk inc flu hosp,0,2025-11-22,01,quantile,0.8,35
2025-11-22,wk inc flu hosp,0,2025-11-22,01,quantile,0.85,37
2025-11-22,wk inc flu hosp,0,2025-11-22,01,quantile,0.9,41
2025-11-22,wk inc flu hosp,0,2025-11-22,01,quantile,0.95,47
2025-11-22,wk inc flu hosp,0,2025-11-22,01,quantile,0.975,54
2025-11-22,wk inc flu hosp,0,2025-11-22,01,quantile,0.99,63
2025-11-22,wk inc flu hosp,1,2025-11-29,01,quantile,0.01,10
2025-11-22,wk inc flu hosp,1,2025-11-29,01,quantile,0.025,12
2025-11-22,wk inc flu hosp,1,2025-11-29,01,quantile,0.05,14
2025-11-22,wk inc flu hosp,1,2025-11-29,01,quantile,0.1,18
2025-11-22,wk inc flu hosp,1,2025-11-29,01,quantile,0.15,19
2025-11-22,wk inc flu hosp,1,2025-11-29,01,quantile,0.2,20
2025-11-22,wk inc flu hosp,1,2025-11-29,01,quantile,0.25,22
2025-11-22,wk inc flu hosp,1,2025-11-29,01,quantile,0.3,23
2025-11-22,wk inc flu hosp,1,2025-11-29,01,quantile,0.35,24
2025-11-22,wk inc flu hosp,1,2025-11-29,01,quantile,0.4,25
2025-11-22,wk inc flu hosp,1,2025-11-29,01,quantile,0.45,26
2025-11-22,wk inc flu hosp,1,2025-11-29,01,quantile,0.5,27
2025-11-22,wk inc flu hosp,1,2025-11-29,01,quantile,0.55,29
2025-11-22,wk inc flu hosp,1,2025-11-29,01,quantile,0.6,31
2025-11-22,wk inc flu hosp,1,2025-11-29,01,quantile,0.65,32
2025-11-22,wk inc flu hosp,1,2025-11-29,01,quantile,0.7,35
2025-11-22,wk inc flu hosp,1,2025-11-29,01,quantile,0.75,37
2025-11-22,wk inc flu hosp,1,2025-11-29,01,quantile,0.8,41
2025-11-22,wk inc flu hosp,1,2025-11-29,01,quantile,0.85,45
2025-11-22,wk inc flu hosp,1,2025-11-29,01,quantile,0.9,54
2025-11-22,wk inc flu hosp,1,2025-11-29,01,quantile,0.95,67
2025-11-22,wk inc flu hosp,1,2025-11-29,01,quantile,0.975,81
2025-11-22,wk inc flu hosp,1,2025-11-29,01,quantile,0.99,82
2025-11-22,wk inc flu hosp,2,2025-12-06,01,quantile,0.01,8
2025-11-22,wk inc flu hosp,2,2025-12-06,01,quantile,0.025,11
2025-11-22,wk inc flu hosp,2,2025-12-06,01,quantile,0.05,14
2025-11-22,wk inc flu hosp,2,2025-12-06,01,quantile,0.1,17
2025-11-22,wk inc flu hosp,2,2025-12-06,01,quantile,0.15,19
2025-11-22,wk inc flu hosp,2,2025-12-06,01,quantile,0.2,21
2025-11-22,wk inc flu hosp,2,2025-12-06,01,quantile,0.25,23
2025-11-22,wk inc flu hosp,2,2025-12-06,01,quantile,0.3,23
2025-11-22,wk inc flu hosp,2,2025-12-06,01,quantile,0.35,25
2025-11-22,wk inc flu hosp,2,2025-12-06,01,quantile,0.4,26
2025-11-22,wk inc flu hosp,2,2025-12-06,01,quantile,0.45,28
2025-11-22,wk inc flu hosp,2,2025-12-06,01,quantile,0.5,30
2025-11-22,wk inc flu hosp,2,2025-12-06,01,quantile,0.55,32
2025-11-22,wk inc flu hosp,2,2025-12-06,01,quantile,0.6,34
2025-11-22,wk inc flu hosp,2,2025-12-06,01,quantile,0.65,37
2025-11-22,wk inc flu hosp,2,2025-12-06,01,quantile,0.7,40
2025-11-22,wk inc flu hosp,2,2025-12-06,01,quantile,0.75,44
2025-11-22,wk inc flu hosp,2,2025-12-06,01,quantile,0.8,49
2025-11-22,wk inc flu hosp,2,2025-12-06,01,quantile,0.85,56
2025-11-22,wk inc flu hosp,2,2025-12-06,01,quantile,0.9,70
2025-11-22,wk inc flu hosp,2,2025-12-06,01,quantile,0.95,95
2025-11-22,wk inc flu hosp,2,2025-12-06,01,quantile,0.975,99
2025-11-22,wk inc flu hosp,2,2025-12-06,01,quantile,0.99,99
2025-11-22,wk inc flu hosp,3,2025-12-13,01,quantile,0.01,8
2025-11-22,wk inc flu hosp,3,2025-12-13,01,quantile,0.025,12
2025-11-22,wk inc flu hosp,3,2025-12-13,01,quantile,0.05,15
2025-11-22,wk inc flu hosp,3,2025-12-13,01,quantile,0.1,19
2025-11-22,wk inc flu hosp,3,2025-12-13,01,quantile,0.15,22
2025-11-22,wk inc flu hosp,3,2025-12-13,01,quantile,0.2,23
2025-11-22,wk inc flu hosp,3,2025-12-13,01,quantile,0.25,24
2025-11-22,wk inc flu hosp,3,2025-12-13,01,quantile,0.3,27
2025-11-22,wk inc flu hosp,3,2025-12-13,01,quantile,0.35,29
2025-11-22,wk inc flu hosp,3,2025-12-13,01,quantile,0.4,31
2025-11-22,wk inc flu hosp,3,2025-12-13,01,quantile,0.45,34
2025-11-22,wk inc flu hosp,3,2025-12-13,01,quantile,0.5,36
2025-11-22,wk inc flu hosp,3,2025-12-13,01,quantile,0.55,39
2025-11-22,wk inc flu hosp,3,2025-12-13,01,quantile,0.6,41
2025-11-22,wk inc flu hosp,3,2025-12-13,01,quantile,0.65,45
2025-11-22,wk inc flu hosp,3,2025-12-13,01,quantile,0.7,49
2025-11-22,wk inc flu hosp,3,2025-12-13,01,quantile,0.75,55
2025-11-22,wk inc flu hosp,3,2025-12-13,01,quantile,0.8,64
2025-11-22,wk inc flu hosp,3,2025-12-13,01,quantile,0.85,78
2025-11-22,wk inc flu hosp,3,2025-12-13,01,quantile,0.9,99
2025-11-22,wk inc flu hosp,3,2025-12-13,01,quantile,0.95,132
2025-11-22,wk inc flu hosp,3,2025-12-13,01,quantile,0.975,132
2025-11-22,wk inc flu hosp,3,2025-12-13,01,quantile,0.99,132
2025-11-22,wk inc flu hosp,0,2025-11-22,02,quantile,0.01,0
2025-11-22,wk inc flu hosp,0,2025-11-22,02,quantile,0.025,0
2025-11-22,wk inc flu hosp,0,2025-11-22,02,quantile,0.05,0
2025-11-22,wk inc flu hosp,0,2025-11-22,02,quantile,0.1,0
2025-11-22,wk inc flu hosp,0,2025-11-22,02,quantile,0.15,0
2025-11-22,wk inc flu hosp,0,2025-11-22,02,quantile,0.2,1
2025-11-22,wk inc flu hosp,0,2025-11-22,02,quantile,0.25,1
2025-11-22,wk inc flu hosp,0,2025-11-22,02,quantile,0.3,1
2025-11-22,wk inc flu hosp,0,2025-11-22,02,quantile,0.35,1
2025-11-22,wk inc flu hosp,0,2025-11-22,02,quantile,0.4,1
2025-11-22,wk inc flu hosp,0,2025-11-22,02,quantile,0.45,2
2025-11-22,wk inc flu hosp,0,2025-11-22,02,quantile,0.5,2
2025-11-22,wk inc flu hosp,0,2025-11-22,02,quantile,0.55,2
2025-11-22,wk inc flu hosp,0,2025-11-22,02,quantile,0.6,2
2025-11-22,wk inc flu hosp,0,2025-11-22,02,quantile,0.65,3
2025-11-22,wk inc flu hosp,0,2025-11-22,02,quantile,0.7,3
2025-11-22,wk inc flu hosp,0,2025-11-22,02,quantile,0.75,3
2025-11-22,wk inc flu hosp,0,2025-11-22,02,quantile,0.8,4
2025-11-22,wk inc flu hosp,0,2025-11-22,02,quantile,0.85,5
2025-11-22,wk inc flu hosp,0,2025-11-22,02,quantile,0.9,6
2025-11-22,wk inc flu hosp,0,2025-11-22,02,quantile,0.95,8
2025-11-22,wk inc flu hosp,0,2025-11-22,02,quantile,0.975,10
2025-11-22,wk inc flu hosp,0,2025-11-22,02,quantile,0.99,13
2025-11-22,wk inc flu hosp,1,2025-11-29,02,quantile,0.01,0
2025-11-22,wk inc flu hosp,1,2025-11-29,02,quantile,0.025,0
2025-11-22,wk inc flu hosp,1,2025-11-29,02,quantile,0.05,0
2025-11-22,wk inc flu hosp,1,2025-11-29,02,quantile,0.1,0
2025-11-22,wk inc flu hosp,1,2025-11-29,02,quantile,0.15,0
2025-11-22,wk inc flu hosp,1,2025-11-29,02,quantile,0.2,1
2025-11-22,wk inc flu hosp,1,2025-11-29,02,quantile,0.25,1
2025-11-22,wk inc flu hosp,1,2025-11-29,02,quantile,0.3,1
2025-11-22,wk inc flu hosp,1,2025-11-29,02,quantile,0.35,1
2025-11-22,wk inc flu hosp,1,2025-11-29,02,quantile,0.4,1
2025-11-22,wk inc flu hosp,1,2025-11-29,02,quantile,0.45,2
2025-11-22,wk inc flu hosp,1,2025-11-29,02,quantile,0.5,2
2025-11-22,wk inc flu hosp,1,2025-11-29,02,quantile,0.55,2
2025-11-22,wk inc flu hosp,1,2025-11-29,02,quantile,0.6,3
2025-11-22,wk inc flu hosp,1,2025-11-29,02,quantile,0.65,3
2025-11-22,wk inc flu hosp,1,2025-11-29,02,quantile,0.7,4
2025-11-22,wk inc flu hosp,1,2025-11-29,02,quantile,0.75,4
2025-11-22,wk inc flu hosp,1,2025-11-29,02,quantile,0.8,5
2025-11-22,wk inc flu hosp,1,2025-11-29,02,quantile,0.85,6
2025-11-22,wk inc flu hosp,1,2025-11-29,02,quantile,0.9,9
2025-11-22,wk inc flu hosp,1,2025-11-29,02,quantile,0.95,14
2025-11-22,wk inc flu hosp,1,2025-11-29,02,quantile,0.975,18
2025-11-22,wk inc flu hosp,1,2025-11-29,02,quantile,0.99,18
2025-11-22,wk inc flu hosp,2,2025-12-06,02,quantile,0.01,0
2025-11-22,wk inc flu hosp,2,2025-12-06,02,quantile,0.025,0
2025-11-22,wk inc flu hosp,2,2025-12-06,02,quantile,0.05,0
2025-11-22,wk inc flu hosp,2,2025-12-06,02,quantile,0.1,0
2025-11-22,wk inc flu hosp,2,2025-12-06,02,quantile,0.15,1
2025-11-22,wk inc flu hosp,2,2025-12-06,02,quantile,0.2,1
2025-11-22,wk inc flu hosp,2,2025-12-06,02,quantile,0.25,1
2025-11-22,wk inc flu hosp,2,2025-12-06,02,quantile,0.3,1
2025-11-22,wk inc flu hosp,2,2025-12-06,02,quantile,0.35,1
2025-11-22,wk inc flu hosp,2,2025-12-06,02,quantile,0.4,2
2025-11-22,wk inc flu hosp,2,2025-12-06,02,quantile,0.45,2
2025-11-22,wk inc flu hosp,2,2025-12-06,02,quantile,0.5,2
2025-11-22,wk inc flu hosp,2,2025-12-06,02,quantile,0.55,3
2025-11-22,wk inc flu hosp,2,2025-12-06,02,quantile,0.6,3
2025-11-22,wk inc flu hosp,2,2025-12-06,02,quantile,0.65,4
2025-11-22,wk inc flu hosp,2,2025-12-06,02,quantile,0.7,4
2025-11-22,wk inc flu hosp,2,2025-12-06,02,quantile,0.75,5
2025-11-22,wk inc flu hosp,2,2025-12-06,02,quantile,0.8,6
2025-11-22,wk inc flu hosp,2,2025-12-06,02,quantile,0.85,8
2025-11-22,wk inc flu hosp,2,2025-12-06,02,quantile,0.9,12
2025-11-22,wk inc flu hosp,2,2025-12-06,02,quantile,0.95,19
2025-11-22,wk inc flu hosp,2,2025-12-06,02,quantile,0.975,21
2025-11-22,wk inc flu hosp,2,2025-12-06,02,quantile,0.99,21
2025-11-22,wk inc flu hosp,3,2025-12-13,02,quantile,0.01,0
2025-11-22,wk inc flu hosp,3,2025-12-13,02,quantile,0.025,0
2025-11-22,wk inc flu hosp,3,2025-12-13,02,quantile,0.05,0
2025-11-22,wk inc flu hosp,3,2025-12-13,02,quantile,0.1,0
2025-11-22,wk inc flu hosp,3,2025-12-13,02,quantile,0.15,1
2025-11-22,wk inc flu hosp,3,2025-12-13,02,quantile,0.2,1
2025-11-22,wk inc flu hosp,3,2025-12-13,02,quantile,0.25,1
2025-11-22,wk inc flu hosp,3,2025-12-13,02,quantile,0.3,1
2025-11-22,wk inc flu hosp,3,2025-12-13,02,quantile,0.35,2
2025-11-22,wk inc flu hosp,3,2025-12-13,02,quantile,0.4,2
2025-11-22,wk inc flu hosp,3,2025-12-13,02,quantile,0.45,2
2025-11-22,wk inc flu hosp,3,2025-12-13,02,quantile,0.5,3
2025-11-22,wk inc flu hosp,3,2025-12-13,02,quantile,0.55,3
2025-11-22,wk inc flu hosp,3,2025-12-13,02,quantile,0.6,4
2025-11-22,wk inc flu hosp,3,2025-12-13,02,quantile,0.65,5
2025-11-22,wk inc flu hosp,3,2025-12-13,02,quantile,0.7,6
2025-11-22,wk inc flu hosp,3,2025-12-13,02,quantile,0.75,7
2025-11-22,wk inc flu hosp,3,2025-12-13,02,quantile,0.8,9
2025-11-22,wk inc flu hosp,3,2025-12-13,02,quantile,0.85,12
2025-11-22,wk inc flu hosp,3,2025-12-13,02,quantile,0.9,18
2025-11-22,wk inc flu hosp,3,2025-12-13,02,quantile,0.95,27
2025-11-22,wk inc flu hosp,3,2025-12-13,02,quantile,0.975,27
2025-11-22,wk inc flu hosp,3,2025-12-13,02,quantile,0.99,27
2025-11-22,wk inc flu hosp,0,2025-11-22,04,quantile,0.01,7
2025-11-22,wk inc flu hosp,0,2025-11-22,04,quantile,0.025,7
2025-11-22,wk inc flu hosp,0,2025-11-22,04,quantile,0.05,8
2025-11-22,wk inc flu hosp,0,2025-11-22,04,quantile,0.1,8
2025-11-22,wk inc flu hosp,0,2025-11-22,04,quantile,0.15,10
2025-11-22,wk inc flu hosp,0,2025-11-22,04,quantile,0.2,11
2025-11-22,wk inc flu hosp,0,2025-11-22,04,quantile,0.25,11
2025-11-22,wk inc flu hosp,0,2025-11-22,04,quantile,0.3,13
2025-11-22,wk inc flu hosp,0,2025-11-22,04,quantile,0.35,13
2025-11-22,wk inc flu hosp,0,2025-11-22,04,quantile,0.4,15
2025-11-22,wk inc flu hosp,0,2025-11-22,04,quantile,0.45,15
2025-11-22,wk inc flu hosp,0,2025-11-22,04,quantile,0.5,17
2025-11-22,wk inc flu hosp,0,2025-11-22,04,quantile,0.55,17
2025-11-22,wk inc flu hosp,0,2025-11-22,04,quantile,0.6,18
2025-11-22,wk inc flu hosp,0,2025-11-22,04,quantile,0.65,20
2025-11-22,wk inc flu hosp,0,2025-11-22,04,quantile,0.7,21
2025-11-22,wk inc flu hosp,0,2025-11-22,04,quantile,0.75,23
2025-11-22,wk inc flu hosp,0,2025-11-22,04,quantile,0.8,24
2025-11-22,wk inc flu hosp,0,2025-11-22,04,quantile,0.85,27
2025-11-22,wk inc flu hosp,0,2025-11-22,04,quantile,0.9,31
2025-11-22,wk inc flu hosp,0,2025-11-22,04,quantile,0.95,38
2025-11-22,wk inc flu hosp,0,2025-11-22,04,quantile,0.975,45
2025-11-22,wk inc flu hosp,0,2025-11-22,04,quantile,0.99,55
2025-11-22,wk inc flu hosp,1,2025-11-29,04,quantile,0.01,6
2025-11-22,wk inc flu hosp,1,2025-11-29,04,quantile,0.025,7
2025-11-22,wk inc flu hosp,1,2025-11-29,04,quantile,0.05,8
2025-11-22,wk inc flu hosp,1,2025-11-29,04,quantile,0.1,10
2025-11-22,wk inc flu hosp,1,2025-11-29,04,quantile,0.15,11
2025-11-22,wk inc flu hosp,1,2025-11-29,04,quantile,0.2,12
2025-11-22,wk inc flu hosp,1,2025-11-29,04,quantile,0.25,13
2025-11-22,wk inc flu hosp,1,2025-11-29,04,quantile,0.3,14
2025-11-22,wk inc flu hosp,1,2025-11-29,04,quantile,0.35,14
2025-11-22,wk inc flu hosp,1,2025-11-29,04,quantile,0.4,15
2025-11-22,wk inc flu hosp,1,2025-11-29,04,quantile,0.45,16
2025-11-22,wk inc flu hosp,1,2025-11-29,04,quantile,0.5,17
2025-11-22,wk inc flu hosp,1,2025-11-29,04,quantile,0.55,18
2025-11-22,wk inc flu hosp,1,2025-11-29,04,quantile,0.6,20
2025-11-22,wk inc flu hosp,1,2025-11-29,04,quantile,0.65,21
2025-11-22,wk inc flu hosp,1,2025-11-29,04,quantile,0.7,23
2025-11-22,wk inc flu hosp,1,2025-11-29,04,quantile,0.75,25
2025-11-22,wk inc flu hosp,1,2025-11-29,04,quantile,0.8,29
2025-11-22,wk inc flu hosp,1,2025-11-29,04,quantile,0.85,33
2025-11-22,wk inc flu hosp,1,2025-11-29,04,quantile,0.9,42
2025-11-22,wk inc flu hosp,1,2025-11-29,04,quantile,0.95,55
2025-11-22,wk inc flu hosp,1,2025-11-29,04,quantile,0.975,67
2025-11-22,wk inc flu hosp,1,2025-11-29,04,quantile,0.99,68
2025-11-22,wk inc flu hosp,2,2025-12-06,04,quantile,0.01,5
2025-11-22,wk inc flu hosp,2,2025-12-06,04,quantile,0.025,7
2025-11-22,wk inc flu hosp,2,2025-12-06,04,quantile,0.05,8
2025-11-22,wk inc flu hosp,2,2025-12-06,04,quantile,0.1,10
2025-11-22,wk inc flu hosp,2,2025-12-06,04,quantile,0.15,11
2025-11-22,wk inc flu hosp,2,2025-12-06,04,quantile,0.2,13
2025-11-22,wk inc flu hosp,2,2025-12-06,04,quantile,0.25,14
2025-11-22,wk inc flu hosp,2,2025-12-06,04,quantile,0.3,14
2025-11-22,wk inc flu hosp,2,2025-12-06,04,quantile,0.35,15
2025-11-22,wk inc flu hosp,2,2025-12-06,04,quantile,0.4,16
2025-11-22,wk inc flu hosp,2,2025-12-06,04,quantile,0.45,18
2025-11-22,wk inc flu hosp,2,2025-12-06,04,quantile,0.5,19
2025-11-22,wk inc flu hosp,2,2025-12-06,04,quantile,0.55,20
2025-11-22,wk inc flu hosp,2,2025-12-06,04,quantile,0.6,22
2025-11-22,wk inc flu hosp,2,2025-12-06,04,quantile,0.65,24
2025-11-22,wk inc flu hosp,2,2025-12-06,04,quantile,0.7,27
2025-11-22,wk inc flu hosp,2,2025-12-06,04,quantile,0.75,30
2025-11-22,wk inc flu hosp,2,2025-12-06,04,quantile,0.8,35
2025-11-22,wk inc flu hosp,2,2025-12-06,04,quantile,0.85,41
2025-11-22,wk inc flu hosp,2,2025-12-06,04,quantile,0.9,53
2025-11-22,wk inc flu hosp,2,2025-12-06,04,quantile,0.95,76
2025-11-22,wk inc flu hosp,2,2025-12-06,04,quantile,0.975,79
2025-11-22,wk inc flu hosp,2,2025-12-06,04,quantile,0.99,79
2025-11-22,wk inc flu hosp,3,2025-12-13,04,quantile,0.01,6
2025-11-22,wk inc flu hosp,3,2025-12-13,04,quantile,0.025,7
2025-11-22,wk inc flu hosp,3,2025-12-13,04,quantile,0.05,8
2025-11-22,wk inc flu hosp,3,2025-12-13,04,quantile,0.1,11
2025-11-22,wk inc flu hosp,3,2025-12-13,04,quantile,0.15,12
2025-11-22,wk inc flu hosp,3,2025-12-13,04,quantile,0.2,13
2025-11-22,wk inc flu hosp,3,2025-12-13,04,quantile,0.25,13
2025-11-22,wk inc flu hosp,3,2025-12-13,04,quantile,0.3,15
2025-11-22,wk inc flu hosp,3,2025-12-13,04,quantile,0.35,17
2025-11-22,wk inc flu hosp,3,2025-12-13,04,quantile,0.4,18
2025-11-22,wk inc flu hosp,3,2025-12-13,04,quantile,0.45,20
2025-11-22,wk inc flu hosp,3,2025-12-13,04,quantile,0.5,22
2025-11-22,wk inc flu hosp,3,2025-12-13,04,quantile,0.55,24
2025-11-22,wk inc flu hosp,3,2025-12-13,04,quantile,0.6,26
2025-11-22,wk inc flu hosp,3,2025-12-13,04,quantile,0.65,29
2025-11-22,wk inc flu hosp,3,2025-12-13,04,quantile,0.7,32
2025-11-22,wk inc flu hosp,3,2025-12-13,04,quantile,0.75,37
2025-11-22,wk inc flu hosp,3,2025-12-13,04,quantile,0.8,44
2025-11-22,wk inc flu hosp,3,2025-12-13,04,quantile,0.85,56
2025-11-22,wk inc flu hosp,3,2025-12-13,04,quantile,0.9,75
2025-11-22,wk inc flu hosp,3,2025-12-13,04,quantile,0.95,103
2025-11-22,wk inc flu hosp,3,2025-12-13,04,quantile,0.975,103
2025-11-22,wk inc flu hosp,3,2025-12-13,04,quantile,0.99,103
2025-11-22,wk inc flu hosp,0,2025-11-22,05,quantile,0.01,3
2025-11-22,wk inc flu hosp,0,2025-11-22,05,quantile,0.025,3
2025-11-22,wk inc flu hosp,0,2025-11-22,05,quantile,0.05,4
2025-11-22,wk inc flu hosp,0,2025-11-22,05,quantile,0.1,4
2025-11-22,wk inc flu hosp,0,2025-11-22,05,quantile,0.15,5
2025-11-22,wk inc flu hosp,0,2025-11-22,05,quantile,0.2,6
2025-11-22,wk inc flu hosp,0,2025-11-22,05,quantile,0.25,6
2025-11-22,wk inc flu hosp,0,2025-11-22,05,quantile,0.3,7
2025-11-22,wk inc flu hosp,0,2025-11-22,05,quantile,0.35,7
2025-11-22,wk inc flu hosp,0,2025-11-22,05,quantile,0.4,8
2025-11-22,wk inc flu hosp,0,2025-11-22,05,quantile,0.45,8
2025-11-22,wk inc flu hosp,0,2025-11-22,05,quantile,0.5,9
2025-11-22,wk inc flu hosp,0,2025-11-22,05,quantile,0.55,10
2025-11-22,wk inc flu hosp,0,2025-11-22,05,quantile,0.6,11
2025-11-22,wk inc flu hosp,0,2025-11-22,05,quantile,0.65,12
2025-11-22,wk inc flu hosp,0,2025-11-22,05,quantile,0.7,13
2025-11-22,wk inc flu hosp,0,2025-11-22,05,quantile,0.75,14
2025-11-22,wk inc flu hosp,0,2025-11-22,05,quantile,0.8,15
2025-11-22,wk inc flu hosp,0,2025-11-22,05,quantile,0.85,18
2025-11-22,wk inc flu hosp,0,2025-11-22,05,quantile,0.9,20
2025-11-22,wk inc flu hosp,0,2025-11-22,05,quantile,0.95,26
2025-11-22,wk inc flu hosp,0,2025-11-22,05,quantile,0.975,31
2025-11-22,wk inc flu hosp,0,2025-11-22,05,quantile,0.99,39
2025-11-22,wk inc flu hosp,1,2025-11-29,05,quantile,0.01,2
2025-11-22,wk inc flu hosp,1,2025-11-29,05,quantile,0.025,3
2025-11-22,wk inc flu hosp,1,2025-11-29,05,quantile,0.05,3
2025-11-22,wk inc flu hosp,1,2025-11-29,05,quantile,0.1,4
2025-11-22,wk inc flu hosp,1,2025-11-29,05,quantile,0.15,5
2025-11-22,wk inc flu hosp,1,2025-11-29,05,quantile,0.2,5
2025-11-22,wk inc flu hosp,1,2025-11-29,05,quantile,0.25,6
2025-11-22,wk inc flu hosp,1,2025-11-29,05,quantile,0.3,7
2025-11-22,wk inc flu hosp,1,2025-11-29,05,quantile,0.35,7
2025-11-22,wk inc flu hosp,1,2025-11-29,05,quantile,0.4,8
2025-11-22,wk inc flu hosp,1,2025-11-29,05,quantile,0.45,8
2025-11-22,wk inc flu hosp,1,2025-11-29,05,quantile,0.5,9
2025-11-22,wk inc flu hosp,1,2025-11-29,05,quantile,0.55,10
2025-11-22,wk inc flu hosp,1,2025-11-29,05,quantile,0.6,11
2025-11-22,wk inc flu hosp,1,2025-11-29,05,quantile,0.65,12
2025-11-22,wk inc flu hosp,1,2025-11-29,05,quantile,0.7,13
2025-11-22,wk inc flu hosp,1,2025-11-29,05,quantile,0.75,15
2025-11-22,wk inc flu hosp,1,2025-11-29,05,quantile,0.8,17
2025-11-22,wk inc flu hosp,1,2025-11-29,05,quantile,0.85,20
2025-11-22,wk inc flu hosp,1,2025-11-29,05,quantile,0.9,26
2025-11-22,wk inc flu hosp,1,2025-11-29,05,quantile,0.95,36
2025-11-22,wk inc flu hosp,1,2025-11-29,05,quantile,0.975,44
2025-11-22,wk inc flu hosp,1,2025-11-29,05,quantile,0.99,45
2025-11-22,wk inc flu hosp,2,2025-12-06,05,quantile,0.01,2
2025-11-22,wk inc flu hosp,2,2025-12-06,05,quantile,0.025,3
2025-11-22,wk inc flu hosp,2,2025-12-06,05,quantile,0.05,4
2025-11-22,wk inc flu hosp,2,2025-12-06,05,quantile,0.1,5
2025-11-22,wk inc flu hosp,2,2025-12-06,05,quantile,0.15,5
2025-11-22,wk inc flu hosp,2,2025-12-06,05,quantile,0.2,6
2025-11-22,wk inc flu hosp,2,2025-12-06,05,quantile,0.25,7
2025-11-22,wk inc flu hosp,2,2025-12-06,05,quantile,0.3,7
2025-11-22,wk inc flu hosp,2,2025-12-06,05,quantile,0.35,8
2025-11-22,wk inc flu hosp,2,2025-12-06,05,quantile,0.4,8
2025-11-22,wk inc flu hosp,2,2025-12-06,05,quantile,0.45,9
2025-11-22,wk inc flu hosp,2,2025-12-06,05,quantile,0.5,10
2025-11-22,wk inc flu hosp,2,2025-12-06,05,quantile,0.55,11
2025-11-22,wk inc flu hosp,2,2025-12-06,05,quantile,0.6,12
2025-11-22,wk inc flu hosp,2,2025-12-06,05,quantile,0.65,14
2025-11-22,wk inc flu hosp,2,2025-12-06,05,quantile,0.7,15
2025-11-22,wk inc flu hosp,2,2025-12-06,05,quantile,0.75,18
2025-11-22,wk inc flu hosp,2,2025-12-06,05,quantile,0.8,21
2025-11-22,wk inc flu hosp,2,2025-12-06,05,quantile,0.85,25
2025-11-22,wk inc flu hosp,2,2025-12-06,05,quantile,0.9,33
2025-11-22,wk inc flu hosp,2,2025-12-06,05,quantile,0.95,48
2025-11-22,wk inc flu hosp,2,2025-12-06,05,quantile,0.975,51
2025-11-22,wk inc flu hosp,2,2025-12-06,05,quantile,0.99,51
2025-11-22,wk inc flu hosp,3,2025-12-13,05,quantile,0.01,3
2025-11-22,wk inc flu hosp,3,2025-12-13,05,quantile,0.025,3
2025-11-22,wk inc flu hosp,3,2025-12-13,05,quantile,0.05,4
2025-11-22,wk inc flu hosp,3,2025-12-13,05,quantile,0.1,5
2025-11-22,wk inc flu hosp,3,2025-12-13,05,quantile,0.15,6
2025-11-22,wk inc flu hosp,3,2025-12-13,05,quantile,0.2,6
2025-11-22,wk inc flu hosp,3,2025-12-13,05,quantile,0.25,6
2025-11-22,wk inc flu hosp,3,2025-12-13,05,quantile,0.3,8
2025-11-22,wk inc flu hosp,3,2025-12-13,05,quantile,0.35,9
2025-11-22,wk inc flu hosp,3,2025-12-13,05,quantile,0.4,9
2025-11-22,wk inc flu hosp,3,2025-12-13,05,quantile,0.45,11
2025-11-22,wk inc flu hosp,3,2025-12-13,05,quantile,0.5,12
2025-11-22,wk inc flu hosp,3,2025-12-13,05,quantile,0.55,13
2025-11-22,wk inc flu hosp,3,2025-12-13,05,quantile,0.6,14
2025-11-22,wk inc flu hosp,3,2025-12-13,05,quantile,0.65,16
2025-11-22,wk inc flu hosp,3,2025-12-13,05,quantile,0.7,19
2025-11-22,wk inc flu hosp,3,2025-12-13,05,quantile,0.75,21
2025-11-22,wk inc flu hosp,3,2025-12-13,05,quantile,0.8,26
2025-11-22,wk inc flu hosp,3,2025-12-13,05,quantile,0.85,34
2025-11-22,wk inc flu hosp,3,2025-12-13,05,quantile,0.9,46
2025-11-22,wk inc flu hosp,3,2025-12-13,05,quantile,0.95,65
2025-11-22,wk inc flu hosp,3,2025-12-13,05,quantile,0.975,65
2025-11-22,wk inc flu hosp,3,2025-12-13,05,quantile,0.99,65
2025-11-22,wk inc flu hosp,0,2025-11-22,06,quantile,0.01,101
2025-11-22,wk inc flu hosp,0,2025-11-22,06,quantile,0.025,101
2025-11-22,wk inc flu hosp,0,2025-11-22,06,quantile,0.05,111
2025-11-22,wk inc flu hosp,0,2025-11-22,06,quantile,0.1,117
2025-11-22,wk inc flu hosp,0,2025-11-22,06,quantile,0.15,130
2025-11-22,wk inc flu hosp,0,2025-11-22,06,quantile,0.2,134
2025-11-22,wk inc flu hosp,0,2025-11-22,06,quantile,0.25,134
2025-11-22,wk inc flu hosp,0,2025-11-22,06,quantile,0.3,139
2025-11-22,wk inc flu hosp,0,2025-11-22,06,quantile,0.35,143
2025-11-22,wk inc flu hosp,0,2025-11-22,06,quantile,0.4,146
2025-11-22,wk inc flu hosp,0,2025-11-22,06,quantile,0.45,149
2025-11-22,wk inc flu hosp,0,2025-11-22,06,quantile,0.5,152
2025-11-22,wk inc flu hosp,0,2025-11-22,06,quantile,0.55,155
2025-11-22,wk inc flu hosp,0,2025-11-22,06,quantile,0.6,158
2025-11-22,wk inc flu hosp,0,2025-11-22,06,quantile,0.65,162
2025-11-22,wk inc flu hosp,0,2025-11-22,06,quantile,0.7,165
2025-11-22,wk inc flu hosp,0,2025-11-22,06,quantile,0.75,168
2025-11-22,wk inc flu hosp,0,2025-11-22,06,quantile,0.8,174
2025-11-22,wk inc flu hosp,0,2025-11-22,06,quantile,0.85,181
2025-11-22,wk inc flu hosp,0,2025-11-22,06,quantile,0.9,189
2025-11-22,wk inc flu hosp,0,2025-11-22,06,quantile,0.95,204
2025-11-22,wk inc flu hosp,0,2025-11-22,06,quantile,0.975,220
2025-11-22,wk inc flu hosp,0,2025-11-22,06,quantile,0.99,240
2025-11-22,wk inc flu hosp,1,2025-11-29,06,quantile,0.01,91
2025-11-22,wk inc flu hosp,1,2025-11-29,06,quantile,0.025,98
2025-11-22,wk inc flu hosp,1,2025-11-29,06,quantile,0.05,106
2025-11-22,wk inc flu hosp,1,2025-11-29,06,quantile,0.1,118
2025-11-22,wk inc flu hosp,1,2025-11-29,06,quantile,0.15,122
2025-11-22,wk inc flu hosp,1,2025-11-29,06,quantile,0.2,127
2025-11-22,wk inc flu hosp,1,2025-11-29,06,quantile,0.25,133
2025-11-22,wk inc flu hosp,1,2025-11-29,06,quantile,0.3,137
2025-11-22,wk inc flu hosp,1,2025-11-29,06,quantile,0.35,139
2025-11-22,wk inc flu hosp,1,2025-11-29,06,quantile,0.4,142
2025-11-22,wk inc flu hosp,1,2025-11-29,06,quantile,0.45,146
2025-11-22,wk inc flu hosp,1,2025-11-29,06,quantile,0.5,151
2025-11-22,wk inc flu hosp,1,2025-11-29,06,quantile,0.55,155
2025-11-22,wk inc flu hosp,1,2025-11-29,06,quantile,0.6,160
2025-11-22,wk inc flu hosp,1,2025-11-29,06,quantile,0.65,166
2025-11-22,wk inc flu hosp,1,2025-11-29,06,quantile,0.7,173
2025-11-22,wk inc flu hosp,1,2025-11-29,06,quantile,0.75,180
2025-11-22,wk inc flu hosp,1,2025-11-29,06,quantile,0.8,190
2025-11-22,wk inc flu hosp,1,2025-11-29,06,quantile,0.85,204
2025-11-22,wk inc flu hosp,1,2025-11-29,06,quantile,0.9,228
2025-11-22,wk inc flu hosp,1,2025-11-29,06,quantile,0.95,264
2025-11-22,wk inc flu hosp,1,2025-11-29,06,quantile,0.975,303
2025-11-22,wk inc flu hosp,1,2025-11-29,06,quantile,0.99,305
2025-11-22,wk inc flu hosp,2,2025-12-06,06,quantile,0.01,80
2025-11-22,wk inc flu hosp,2,2025-12-06,06,quantile,0.025,93
2025-11-22,wk inc flu hosp,2,2025-12-06,06,quantile,0.05,104
2025-11-22,wk inc flu hosp,2,2025-12-06,06,quantile,0.1,115
2025-11-22,wk inc flu hosp,2,2025-12-06,06,quantile,0.15,122
2025-11-22,wk inc flu hosp,2,2025-12-06,06,quantile,0.2,129
2025-11-22,wk inc flu hosp,2,2025-12-06,06,quantile,0.25,134
2025-11-22,wk inc flu hosp,2,2025-12-06,06,quantile,0.3,136
2025-11-22,wk inc flu hosp,2,2025-12-06,06,quantile,0.35,142
2025-11-22,wk inc flu hosp,2,2025-12-06,06,quantile,0.4,147
2025-11-22,wk inc flu hosp,2,2025-12-06,06,quantile,0.45,154
2025-11-22,wk inc flu hosp,2,2025-12-06,06,quantile,0.5,159
2025-11-22,wk inc flu hosp,2,2025-12-06,06,quantile,0.55,166
2025-11-22,wk inc flu hosp,2,2025-12-06,06,quantile,0.6,172
2025-11-22,wk inc flu hosp,2,2025-12-06,06,quantile,0.65,180
2025-11-22,wk inc flu hosp,2,2025-12-06,06,quantile,0.7,191
2025-11-22,wk inc flu hosp,2,2025-12-06,06,quantile,0.75,203
2025-11-22,wk inc flu hosp,2,2025-12-06,06,quantile,0.8,218
2025-11-22,wk inc flu hosp,2,2025-12-06,06,quantile,0.85,241
2025-11-22,wk inc flu hosp,2,2025-12-06,06,quantile,0.9,282
2025-11-22,wk inc flu hosp,2,2025-12-06,06,quantile,0.95,360
2025-11-22,wk inc flu hosp,2,2025-12-06,06,quantile,0.975,374
2025-11-22,wk inc flu hosp,2,2025-12-06,06,quantile,0.99,374
2025-11-22,wk inc flu hosp,3,2025-12-13,06,quantile,0.01,83
2025-11-22,wk inc flu hosp,3,2025-12-13,06,quantile,0.025,96
2025-11-22,wk inc flu hosp,3,2025-12-13,06,quantile,0.05,108
2025-11-22,wk inc flu hosp,3,2025-12-13,06,quantile,0.1,125
2025-11-22,wk inc flu hosp,3,2025-12-13,06,quantile,0.15,134
2025-11-22,wk inc flu hosp,3,2025-12-13,06,quantile,0.2,138
2025-11-22,wk inc flu hosp,3,2025-12-13,06,quantile,0.25,140
2025-11-22,wk inc flu hosp,3,2025-12-13,06,quantile,0.3,151
2025-11-22,wk inc flu hosp,3,2025-12-13,06,quantile,0.35,159
2025-11-22,wk inc flu hosp,3,2025-12-13,06,quantile,0.4,166
2025-11-22,wk inc flu hosp,3,2025-12-13,06,quantile,0.45,175
2025-11-22,wk inc flu hosp,3,2025-12-13,06,quantile,0.5,183
2025-11-22,wk inc flu hosp,3,2025-12-13,06,quantile,0.55,191
2025-11-22,wk inc flu hosp,3,2025-12-13,06,quantile,0.6,201
2025-11-22,wk inc flu hosp,3,2025-12-13,06,quantile,0.65,213
2025-11-22,wk inc flu hosp,3,2025-12-13,06,quantile,0.7,226
2025-11-22,wk inc flu hosp,3,2025-12-13,06,quantile,0.75,244
2025-11-22,wk inc flu hosp,3,2025-12-13,06,quantile,0.8,269
2025-11-22,wk inc flu hosp,3,2025-12-13,06,quantile,0.85,308
2025-11-22,wk inc flu hosp,3,2025-12-13,06,quantile,0.9,368
2025-11-22,wk inc flu hosp,3,2025-12-13,06,quantile,0.95,461
2025-11-22,wk inc flu hosp,3,2025-12-13,06,quantile,0.975,461
2025-11-22,wk inc flu hosp,3,2025-12-13,06,quantile,0.99,461
2025-11-22,wk inc flu hosp,0,2025-11-22,08,quantile,0.01,17
2025-11-22,wk inc flu hosp,0,2025-11-22,08,quantile,0.025,17
2025-11-22,wk inc flu hosp,0,2025-11-22,08,quantile,0.05,21
2025-11-22,wk inc flu hosp,0,2025-11-22,08,quantile,0.1,23
2025-11-22,wk inc flu hosp,0,2025-11-22,08,quantile,0.15,28
2025-11-22,wk inc flu hosp,0,2025-11-22,08,quantile,0.2,29
2025-11-22,wk inc flu hosp,0,2025-11-22,08,quantile,0.25,29
2025-11-22,wk inc flu hosp,0,2025-11-22,08,quantile,0.3,33
2025-11-22,wk inc flu hosp,0,2025-11-22,08,quantile,0.35,34
2025-11-22,wk inc flu hosp,0,2025-11-22,08,quantile,0.4,37
2025-11-22,wk inc flu hosp,0,2025-11-22,08,quantile,0.45,38
2025-11-22,wk inc flu hosp,0,2025-11-22,08,quantile,0.5,40
2025-11-22,wk inc flu hosp,0,2025-11-22,08,quantile,0.55,42
2025-11-22,wk inc flu hosp,0,2025-11-22,08,quantile,0.6,43
2025-11-22,wk inc flu hosp,0,2025-11-22,08,quantile,0.65,46
2025-11-22,wk inc flu hosp,0,2025-11-22,08,quantile,0.7,48
2025-11-22,wk inc flu hosp,0,2025-11-22,08,quantile,0.75,51
2025-11-22,wk inc flu hosp,0,2025-11-22,08,quantile,0.8,54
2025-11-22,wk inc flu hosp,0,2025-11-22,08,quantile,0.85,59
2025-11-22,wk inc flu hosp,0,2025-11-22,08,quantile,0.9,65
2025-11-22,wk inc flu hosp,0,2025-11-22,08,quantile,0.95,77
2025-11-22,wk inc flu hosp,0,2025-11-22,08,quantile,0.975,88
2025-11-22,wk inc flu hosp,0,2025-11-22,08,quantile,0.99,104
2025-11-22,wk inc flu hosp,1,2025-11-29,08,quantile,0.01,12
2025-11-22,wk inc flu hosp,1,2025-11-29,08,quantile,0.025,15
2025-11-22,wk inc flu hosp,1,2025-11-29,08,quantile,0.05,18
2025-11-22,wk inc flu hosp,1,2025-11-29,08,quantile,0.1,22
2025-11-22,wk inc flu hosp,1,2025-11-29,08,quantile,0.15,24
2025-11-22,wk inc flu hosp,1,2025-11-29,08,quantile,0.2,26
2025-11-22,wk inc flu hosp,1,2025-11-29,08,quantile,0.25,29
2025-11-22,wk inc flu hosp,1,2025-11-29,08,quantile,0.3,30
2025-11-22,wk inc flu hosp,1,2025-11-29,08,quantile,0.35,31
2025-11-22,wk inc flu hosp,1,2025-11-29,08,quantile,0.4,32
2025-11-22,wk inc flu hosp,1,2025-11-29,08,quantile,0.45,34
2025-11-22,wk inc flu hosp,1,2025-11-29,08,quantile,0.5,37
2025-11-22,wk inc flu hosp,1,2025-11-29,08,quantile,0.55,39
2025-11-22,wk inc flu hosp,1,2025-11-29,08,quantile,0.6,41
2025-11-22,wk inc flu hosp,1,2025-11-29,08,quantile,0.65,44
2025-11-22,wk inc flu hosp,1,2025-11-29,08,quantile,0.7,48
2025-11-22,wk inc flu hosp,1,2025-11-29,08,quantile,0.75,52
2025-11-22,wk inc flu hosp,1,2025-11-29,08,quantile,0.8,58
2025-11-22,wk inc flu hosp,1,2025-11-29,08,quantile,0.85,66
2025-11-22,wk inc flu hosp,1,2025-11-29,08,quantile,0.9,81
2025-11-22,wk inc flu hosp,1,2025-11-29,08,quantile,0.95,105
2025-11-22,wk inc flu hosp,1,2025-11-29,08,quantile,0.975,129
2025-11-22,wk inc flu hosp,1,2025-11-29,08,quantile,0.99,130
2025-11-22,wk inc flu hosp,2,2025-12-06,08,quantile,0.01,9
2025-11-22,wk inc flu hosp,2,2025-12-06,08,quantile,0.025,13
2025-11-22,wk inc flu hosp,2,2025-12-06,08,quantile,0.05,16
2025-11-22,wk inc flu hosp,2,2025-12-06,08,quantile,0.1,20
2025-11-22,wk inc flu hosp,2,2025-12-06,08,quantile,0.15,22
2025-11-22,wk inc flu hosp,2,2025-12-06,08,quantile,0.2,26
2025-11-22,wk inc flu hosp,2,2025-12-06,08,quantile,0.25,28
2025-11-22,wk inc flu hosp,2,2025-12-06,08,quantile,0.3,29
2025-11-22,wk inc flu hosp,2,2025-12-06,08,quantile,0.35,31
2025-11-22,wk inc flu hosp,2,2025-12-06,08,quantile,0.4,33
2025-11-22,wk inc flu hosp,2,2025-12-06,08,quantile,0.45,36
2025-11-22,wk inc flu hosp,2,2025-12-06,08,quantile,0.5,38
2025-11-22,wk inc flu hosp,2,2025-12-06,08,quantile,0.55,42
2025-11-22,wk inc flu hosp,2,2025-12-06,08,quantile,0.6,44
2025-11-22,wk inc flu hosp,2,2025-12-06,08,quantile,0.65,48
2025-11-22,wk inc flu hosp,2,2025-12-06,08,quantile,0.7,53
2025-11-22,wk inc flu hosp,2,2025-12-06,08,quantile,0.75,59
2025-11-22,wk inc flu hosp,2,2025-12-06,08,quantile,0.8,67
2025-11-22,wk inc flu hosp,2,2025-12-06,08,quantile,0.85,79
2025-11-22,wk inc flu hosp,2,2025-12-06,08,quantile,0.9,101
2025-11-22,wk inc flu hosp,2,2025-12-06,08,quantile,0.95,144
2025-11-22,wk inc flu hosp,2,2025-12-06,08,quantile,0.975,151
2025-11-22,wk inc flu hosp,2,2025-12-06,08,quantile,0.99,151
2025-11-22,wk inc flu hosp,3,2025-12-13,08,quantile,0.01,9
2025-11-22,wk inc flu hosp,3,2025-12-13,08,quantile,0.025,11
2025-11-22,wk inc flu hosp,3,2025-12-13,08,quantile,0.05,14
2025-11-22,wk inc flu hosp,3,2025-12-13,08,quantile,0.1,18
2025-11-22,wk inc flu hosp,3,2025-12-13,08,quantile,0.15,21
2025-11-22,wk inc flu hosp,3,2025-12-13,08,quantile,0.2,23
2025-11-22,wk inc flu hosp,3,2025-12-13,08,quantile,0.25,24
2025-11-22,wk inc flu hosp,3,2025-12-13,08,quantile,0.3,27
2025-11-22,wk inc flu hosp,3,2025-12-13,08,quantile,0.35,31
2025-11-22,wk inc flu hosp,3,2025-12-13,08,quantile,0.4,33
2025-11-22,wk inc flu hosp,3,2025-12-13,08,quantile,0.45,37
2025-11-22,wk inc flu hosp,3,2025-12-13,08,quantile,0.5,40
2025-11-22,wk inc flu hosp,3,2025-12-13,08,quantile,0.55,44
2025-11-22,wk inc flu hosp,3,2025-12-13,08,quantile,0.6,48
2025-11-22,wk inc flu hosp,3,2025-12-13,08,quantile,0.65,53
2025-11-22,wk inc flu hosp,3,2025-12-13,08,quantile,0.7,60
2025-11-22,wk inc flu hosp,3,2025-12-13,08,quantile,0.75,68
2025-11-22,wk inc flu hosp,3,2025-12-13,08,quantile,0.8,81
2025-11-22,wk inc flu hosp,3,2025-12-13,08,quantile,0.85,103
2025-11-22,wk inc flu hosp,3,2025-12-13,08,quantile,0.9,138
2025-11-22,wk inc flu hosp,3,2025-12-13,08,quantile,0.95,191
2025-11-22,wk inc flu hosp,3,2025-12-13,08,quantile,0.975,191
2025-11-22,wk inc flu hosp,3,2025-12-13,08,quantile,0.99,191
2025-11-22,wk inc flu hosp,0,2025-11-22,09,quantile,0.01,4
2025-11-22,wk inc flu hosp,0,2025-11-22,09,quantile,0.025,4
2025-11-22,wk inc flu hosp,0,2025-11-22,09,quantile,0.05,5
2025-11-22,wk inc flu hosp,0,2025-11-22,09,quantile,0.1,6
2025-11-22,wk inc flu hosp,0,2025-11-22,09,quantile,0.15,7
2025-11-22,wk inc flu hosp,0,2025-11-22,09,quantile,0.2,8
2025-11-22,wk inc flu hosp,0,2025-11-22,09,quantile,0.25,8
2025-11-22,wk inc flu hosp,0,2025-11-22,09,quantile,0.3,9
2025-11-22,wk inc flu hosp,0,2025-11-22,09,quantile,0.35,10
2025-11-22,wk inc flu hosp,0,2025-11-22,09,quantile,0.4,11
2025-11-22,wk inc flu hosp,0,2025-11-22,09,quantile,0.45,11
2025-11-22,wk inc flu hosp,0,2025-11-22,09,quantile,0.5,12
2025-11-22,wk inc flu hosp,0,2025-11-22,09,quantile,0.55,13
2025-11-22,wk inc flu hosp,0,2025-11-22,09,quantile,0.6,13
2025-11-22,wk inc flu hosp,0,2025-11-22,09,quantile,0.65,14
2025-11-22,wk inc flu hosp,0,2025-11-22,09,quantile,0.7,15
2025-11-22,wk inc flu hosp,0,2025-11-22,09,quantile,0.75,16
2025-11-22,wk inc flu hosp,0,2025-11-22,09,quantile,0.8,17
2025-11-22,wk inc flu hosp,0,2025-11-22,09,quantile,0.85,19
2025-11-22,wk inc flu hosp,0,2025-11-22,09,quantile,0.9,22
2025-11-22,wk inc flu hosp,0,2025-11-22,09,quantile,0.95,26
2025-11-22,wk inc flu hosp,0,2025-11-22,09,quantile,0.975,30
2025-11-22,wk inc flu hosp,0,2025-11-22,09,quantile,0.99,36
2025-11-22,wk inc flu hosp,1,2025-11-29,09,quantile,0.01,3
2025-11-22,wk inc flu hosp,1,2025-11-29,09,quantile,0.025,4
2025-11-22,wk inc flu hosp,1,2025-11-29,09,quantile,0.05,5
2025-11-22,wk inc flu hosp,1,2025-11-29,09,quantile,0.1,7
2025-11-22,wk inc flu hosp,1,2025-11-29,09,quantile,0.15,7
2025-11-22,wk inc flu hosp,1,2025-11-29,09,quantile,0.2,8
2025-11-22,wk inc flu hosp,1,2025-11-29,09,quantile,0.25,9
2025-11-22,wk inc flu hosp,1,2025-11-29,09,quantile,0.3,10
2025-11-22,wk inc flu hosp,1,2025-11-29,09,quantile,0.35,10
2025-11-22,wk inc flu hosp,1,2025-11-29,09,quantile,0.4,10
2025-11-22,wk inc flu hosp,1,2025-11-29,09,quantile,0.45,11
2025-11-22,wk inc flu hosp,1,2025-11-29,09,quantile,0.5,12
2025-11-22,wk inc flu hosp,1,2025-11-29,09,quantile,0.55,13
2025-11-22,wk inc flu hosp,1,2025-11-29,09,quantile,0.6,14
2025-11-22,wk inc flu hosp,1,2025-11-29,09,quantile,0.65,15
2025-11-22,wk inc flu hosp,1,2025-11-29,09,quantile,0.7,16
2025-11-22,wk inc flu hosp,1,2025-11-29,09,quantile,0.75,18
2025-11-22,wk inc flu hosp,1,2025-11-29,09,quantile,0.8,20
2025-11-22,wk inc flu hosp,1,2025-11-29,09,quantile,0.85,23
2025-11-22,wk inc flu hosp,1,2025-11-29,09,quantile,0.9,29
2025-11-22,wk inc flu hosp,1,2025-11-29,09,quantile,0.95,37
2025-11-22,wk inc flu hosp,1,2025-11-29,09,quantile,0.975,45
2025-11-22,wk inc flu hosp,1,2025-11-29,09,quantile,0.99,46
2025-11-22,wk inc flu hosp,2,2025-12-06,09,quantile,0.01,3
2025-11-22,wk inc flu hosp,2,2025-12-06,09,quantile,0.025,4
2025-11-22,wk inc flu hosp,2,2025-12-06,09,quantile,0.05,5
2025-11-22,wk inc flu hosp,2,2025-12-06,09,quantile,0.1,6
2025-11-22,wk inc flu hosp,2,2025-12-06,09,quantile,0.15,7
2025-11-22,wk inc flu hosp,2,2025-12-06,09,quantile,0.2,9
2025-11-22,wk inc flu hosp,2,2025-12-06,09,quantile,0.25,9
2025-11-22,wk inc flu hosp,2,2025-12-06,09,quantile,0.3,10
2025-11-22,wk inc flu hosp,2,2025-12-06,09,quantile,0.35,11
2025-11-22,wk inc flu hosp,2,2025-12-06,09,quantile,0.4,11
2025-11-22,wk inc flu hosp,2,2025-12-06,09,quantile,0.45,12
2025-11-22,wk inc flu hosp,2,2025-12-06,09,quantile,0.5,13
2025-11-22,wk inc flu hosp,2,2025-12-06,09,quantile,0.55,15
2025-11-22,wk inc flu hosp,2,2025-12-06,09,quantile,0.6,16
2025-11-22,wk inc flu hosp,2,2025-12-06,09,quantile,0.65,17
2025-11-22,wk inc flu hosp,2,2025-12-06,09,quantile,0.7,19
2025-11-22,wk inc flu hosp,2,2025-12-06,09,quantile,0.75,21
2025-11-22,wk inc flu hosp,2,2025-12-06,09,quantile,0.8,24
2025-11-22,wk inc flu hosp,2,2025-12-06,09,quantile,0.85,29
2025-11-22,wk inc flu hosp,2,2025-12-06,09,quantile,0.9,36
2025-11-22,wk inc flu hosp,2,2025-12-06,09,quantile,0.95,52
2025-11-22,wk inc flu hosp,2,2025-12-06,09,quantile,0.975,54
2025-11-22,wk inc flu hosp,2,2025-12-06,09,quantile,0.99,54
2025-11-22,wk inc flu hosp,3,2025-12-13,09,quantile,0.01,3
2025-11-22,wk inc flu hosp,3,2025-12-13,09,quantile,0.025,4
2025-11-22,wk inc flu hosp,3,2025-12-13,09,quantile,0.05,5
2025-11-22,wk inc flu hosp,3,2025-12-13,09,quantile,0.1,7
2025-11-22,wk inc flu hosp,3,2025-12-13,09,quantile,0.15,8
2025-11-22,wk inc flu hosp,3,2025-12-13,09,quantile,0.2,9
2025-11-22,wk inc flu hosp,3,2025-12-13,09,quantile,0.25,9
2025-11-22,wk inc flu hosp,3,2025-12-13,09,quantile,0.3,11
2025-11-22,wk inc flu hosp,3,2025-12-13,09,quantile,0.35,12
2025-11-22,wk inc flu hosp,3,2025-12-13,09,quantile,0.4,13
2025-11-22,wk inc flu hosp,3,2025-12-13,09,quantile,0.45,15
2025-11-22,wk inc flu hosp,3,2025-12-13,09,quantile,0.5,16
2025-11-22,wk inc flu hosp,3,2025-12-13,09,quantile,0.55,17
2025-11-22,wk inc flu hosp,3,2025-12-13,09,quantile,0.6,19
2025-11-22,wk inc flu hosp,3,2025-12-13,09,quantile,0.65,21
2025-11-22,wk inc flu hosp,3,2025-12-13,09,quantile,0.7,24
2025-11-22,wk inc flu hosp,3,2025-12-13,09,quantile,0.75,27
2025-11-22,wk inc flu hosp,3,2025-12-13,09,quantile,0.8,32
2025-11-22,wk inc flu hosp,3,2025-12-13,09,quantile,0.85,40
2025-11-22,wk inc flu hosp,3,2025-12-13,09,quantile,0.9,53
2025-11-22,wk inc flu hosp,3,2025-12-13,09,quantile,0.95,72
2025-11-22,wk inc flu hosp,3,2025-12-13,09,quantile,0.975,72
2025-11-22,wk inc flu hosp,3,2025-12-13,09,quantile,0.99,72
2025-11-22,wk inc flu hosp,0,2025-11-22,10,quantile,0.01,0
2025-11-22,wk inc flu hosp,0,2025-11-22,10,quantile,0.025,0
2025-11-22,wk inc flu hosp,0,2025-11-22,10,quantile,0.05,0
2025-11-22,wk inc flu hosp,0,2025-11-22,10,quantile,0.1,0
2025-11-22,wk inc flu hosp,0,2025-11-22,10,quantile,0.15,1
2025-11-22,wk inc flu hosp,0,2025-11-22,10,quantile,0.2,1
2025-11-22,wk inc flu hosp,0,2025-11-22,10,quantile,0.25,1
2025-11-22,wk inc flu hosp,0,2025-11-22,10,quantile,0.3,1
2025-11-22,wk inc flu hosp,0,2025-11-22,10,quantile,0.35,2
2025-11-22,wk inc flu hosp,0,2025-11-22,10,quantile,0.4,2
2025-11-22,wk inc flu hosp,0,2025-11-22,10,quantile,0.45,2
2025-11-22,wk inc flu hosp,0,2025-11-22,10,quantile,0.5,3
2025-11-22,wk inc flu hosp,0,2025-11-22,10,quantile,0.55,3
2025-11-22,wk inc flu hosp,0,2025-11-22,10,quantile,0.6,3
2025-11-22,wk inc flu hosp,0,2025-11-22,10,quantile,0.65,4
2025-11-22,wk inc flu hosp,0,2025-11-22,10,quantile,0.7,4
2025-11-22,wk inc flu hosp,0,2025-11-22,10,quantile,0.75,5
2025-11-22,wk inc flu hosp,0,2025-11-22,10,quantile,0.8,6
2025-11-22,wk inc flu hosp,0,2025-11-22,10,quantile,0.85,7
2025-11-22,wk inc flu hosp,0,2025-11-22,10,quantile,0.9,8
2025-11-22,wk inc flu hosp,0,2025-11-22,10,quantile,0.95,11
2025-11-22,wk inc flu hosp,0,2025-11-22,10,quantile,0.975,14
2025-11-22,wk inc flu hosp,0,2025-11-22,10,quantile,0.99,18
2025-11-22,wk inc flu hosp,1,2025-11-29,10,quantile,0.01,0
2025-11-22,wk inc flu hosp,1,2025-11-29,10,quantile,0.025,0
2025-11-22,wk inc flu hosp,1,2025-11-29,10,quantile,0.05,0
2025-11-22,wk inc flu hosp,1,2025-11-29,10,quantile,0.1,1
2025-11-22,wk inc flu hosp,1,2025-11-29,10,quantile,0.15,1
2025-11-22,wk inc flu hosp,1,2025-11-29,10,quantile,0.2,1
2025-11-22,wk inc flu hosp,1,2025-11-29,10,quantile,0.25,2
2025-11-22,wk inc flu hosp,1,2025-11-29,10,quantile,0.3,2
2025-11-22,wk inc flu hosp,1,2025-11-29,10,quantile,0.35,2
2025-11-22,wk inc flu hosp,1,2025-11-29,10,quantile,0.4,2
2025-11-22,wk inc flu hosp,1,2025-11-29,10,quantile,0.45,2
2025-11-22,wk inc flu hosp,1,2025-11-29,10,quantile,0.5,3
2025-11-22,wk inc flu hosp,1,2025-11-29,10,quantile,0.55,3
2025-11-22,wk inc flu hosp,1,2025-11-29,10,quantile,0.6,3
2025-11-22,wk inc flu hosp,1,2025-11-29,10,quantile,0.65,4
2025-11-22,wk inc flu hosp,1,2025-11-29,10,quantile,0.7,5
2025-11-22,wk inc flu hosp,1,2025-11-29,10,quantile,0.75,5
2025-11-22,wk inc flu hosp,1,2025-11-29,10,quantile,0.8,6
2025-11-22,wk inc flu hosp,1,2025-11-29,10,quantile,0.85,8
2025-11-22,wk inc flu hosp,1,2025-11-29,10,quantile,0.9,11
2025-11-22,wk inc flu hosp,1,2025-11-29,10,quantile,0.95,15
2025-11-22,wk inc flu hosp,1,2025-11-29,10,quantile,0.975,19
2025-11-22,wk inc flu hosp,1,2025-11-29,10,quantile,0.99,19
2025-11-22,wk inc flu hosp,2,2025-12-06,10,quantile,0.01,0
2025-11-22,wk inc flu hosp,2,2025-12-06,10,quantile,0.025,0
2025-11-22,wk inc flu hosp,2,2025-12-06,10,quantile,0.05,0
2025-11-22,wk inc flu hosp,2,2025-12-06,10,quantile,0.1,1
2025-11-22,wk inc flu hosp,2,2025-12-06,10,quantile,0.15,1
2025-11-22,wk inc flu hosp,2,2025-12-06,10,quantile,0.2,1
2025-11-22,wk inc flu hosp,2,2025-12-06,10,quantile,0.25,2
2025-11-22,wk inc flu hosp,2,2025-12-06,10,quantile,0.3,2
2025-11-22,wk inc flu hosp,2,2025-12-06,10,quantile,0.35,2
2025-11-22,wk inc flu hosp,2,2025-12-06,10,quantile,0.4,2
2025-11-22,wk inc flu hosp,2,2025-12-06,10,quantile,0.45,3
2025-11-22,wk inc flu hosp,2,2025-12-06,10,quantile,0.5,3
2025-11-22,wk inc flu hosp,2,2025-12-06,10,quantile,0.55,4
2025-11-22,wk inc flu hosp,2,2025-12-06,10,quantile,0.6,4
2025-11-22,wk inc flu hosp,2,2025-12-06,10,quantile,0.65,5
2025-11-22,wk inc flu hosp,2,2025-12-06,10,quantile,0.7,5
2025-11-22,wk inc flu hosp,2,2025-12-06,10,quantile,0.75,7
2025-11-22,wk inc flu hosp,2,2025-12-06,10,quantile,0.8,8
2025-11-22,wk inc flu hosp,2,2025-12-06,10,quantile,0.85,10
2025-11-22,wk inc flu hosp,2,2025-12-06,10,quantile,0.9,14
2025-11-22,wk inc flu hosp,2,2025-12-06,10,quantile,0.95,21
2025-11-22,wk inc flu hosp,2,2025-12-06,10,quantile,0.975,23
2025-11-22,wk inc flu hosp,2,2025-12-06,10,quantile,0.99,23
2025-11-22,wk inc flu hosp,3,2025-12-13,10,quantile,0.01,0
2025-11-22,wk inc flu hosp,3,2025-12-13,10,quantile,0.025,0
2025-11-22,wk inc flu hosp,3,2025-12-13,10,quantile,0.05,0
2025-11-22,wk inc flu hosp,3,2025-12-13,10,quantile,0.1,1
2025-11-22,wk inc flu hosp,3,2025-12-13,10,quantile,0.15,1
2025-11-22,wk inc flu hosp,3,2025-12-13,10,quantile,0.2,2
2025-11-22,wk inc flu hosp,3,2025-12-13,10,quantile,0.25,2
2025-11-22,wk inc flu hosp,3,2025-12-13,10,quantile,0.3,2
2025-11-22,wk inc flu hosp,3,2025-12-13,10,quantile,0.35,3
2025-11-22,wk inc flu hosp,3,2025-12-13,10,quantile,0.4,3
2025-11-22,wk inc flu hosp,3,2025-12-13,10,quantile,0.45,4
2025-11-22,wk inc flu hosp,3,2025-12-13,10,quantile,0.5,4
2025-11-22,wk inc flu hosp,3,2025-12-13,10,quantile,0.55,5
2025-11-22,wk inc flu hosp,3,2025-12-13,10,quantile,0.6,5
2025-11-22,wk inc flu hosp,3,2025-12-13,10,quantile,0.65,6
2025-11-22,wk inc flu hosp,3,2025-12-13,10,quantile,0.7,8
2025-11-22,wk inc flu hosp,3,2025-12-13,10,quantile,0.75,9
2025-11-22,wk inc flu hosp,3,2025-12-13,10,quantile,0.8,11
2025-11-22,wk inc flu hosp,3,2025-12-13,10,quantile,0.85,15
2025-11-22,wk inc flu hosp,3,2025-12-13,10,quantile,0.9,22
2025-11-22,wk inc flu hosp,3,2025-12-13,10,quantile,0.95,32
2025-11-22,wk inc flu hosp,3,2025-12-13,10,quantile,0.975,32
2025-11-22,wk inc flu hosp,3,2025-12-13,10,quantile,0.99,32
2025-11-22,wk inc flu hosp,0,2025-11-22,11,quantile,0.01,0
2025-11-22,wk inc flu hosp,0,2025-11-22,11,quantile,0.025,0
2025-11-22,wk inc flu hosp,0,2025-11-22,11,quantile,0.05,0
2025-11-22,wk inc flu hosp,0,2025-11-22,11,quantile,0.1,0
2025-11-22,wk inc flu hosp,0,2025-11-22,11,quantile,0.15,0
2025-11-22,wk inc flu hosp,0,2025-11-22,11,quantile,0.2,1
2025-11-22,wk inc flu hosp,0,2025-11-22,11,quantile,0.25,1
2025-11-22,wk inc flu hosp,0,2025-11-22,11,quantile,0.3,1
2025-11-22,wk inc flu hosp,0,2025-11-22,11,quantile,0.35,1
2025-11-22,wk inc flu hosp,0,2025-11-22,11,quantile,0.4,1
2025-11-22,wk inc flu hosp,0,2025-11-22,11,quantile,0.45,1
2025-11-22,wk inc flu hosp,0,2025-11-22,11,quantile,0.5,2
2025-11-22,wk inc flu hosp,0,2025-11-22,11,quantile,0.55,2
2025-11-22,wk inc flu hosp,0,2025-11-22,11,quantile,0.6,2
2025-11-22,wk inc flu hosp,0,2025-11-22,11,quantile,0.65,2
2025-11-22,wk inc flu hosp,0,2025-11-22,11,quantile,0.7,3
2025-11-22,wk inc flu hosp,0,2025-11-22,11,quantile,0.75,3
2025-11-22,wk inc flu hosp,0,2025-11-22,11,quantile,0.8,4
2025-11-22,wk inc flu hosp,0,2025-11-22,11,quantile,0.85,4
2025-11-22,wk inc flu hosp,0,2025-11-22,11,quantile,0.9,5
2025-11-22,wk inc flu hosp,0,2025-11-22,11,quantile,0.95,7
2025-11-22,wk inc flu hosp,0,2025-11-22,11,quantile,0.975,9
2025-11-22,wk inc flu hosp,0,2025-11-22,11,quantile,0.99,13
2025-11-22,wk inc flu hosp,1,2025-11-29,11,quantile,0.01,0
2025-11-22,wk inc flu hosp,1,2025-11-29,11,quantile,0.025,0
2025-11-22,wk inc flu hosp,1,2025-11-29,11,quantile,0.05,0
2025-11-22,wk inc flu hosp,1,2025-11-29,11,quantile,0.1,0
2025-11-22,wk inc flu hosp,1,2025-11-29,11,quantile,0.15,1
2025-11-22,wk inc flu hosp,1,2025-11-29,11,quantile,0.2,1
2025-11-22,wk inc flu hosp,1,2025-11-29,11,quantile,0.25,1
2025-11-22,wk inc flu hosp,1,2025-11-29,11,quantile,0.3,1
2025-11-22,wk inc flu hosp,1,2025-11-29,11,quantile,0.35,1
2025-11-22,wk inc flu hosp,1,2025-11-29,11,quantile,0.4,1
2025-11-22,wk inc flu hosp,1,2025-11-29,11,quantile,0.45,2
2025-11-22,wk inc flu hosp,1,2025-11-29,11,quantile,0.5,2
2025-11-22,wk inc flu hosp,1,2025-11-29,11,quantile,0.55,2
2025-11-22,wk inc flu hosp,1,2025-11-29,11,quantile,0.6,2
2025-11-22,wk inc flu hosp,1,2025-11-29,11,quantile,0.65,3
2025-11-22,wk inc flu hosp,1,2025-11-29,11,quantile,0.7,3
2025-11-22,wk inc flu hosp,1,2025-11-29,11,quantile,0.75,4
2025-11-22,wk inc flu hosp,1,2025-11-29,11,quantile,0.8,5
2025-11-22,wk inc flu hosp,1,2025-11-29,11,quantile,0.85,6
2025-11-22,wk inc flu hosp,1,2025-11-29,11,quantile,0.9,8
2025-11-22,wk inc flu hosp,1,2025-11-29,11,quantile,0.95,12
2025-11-22,wk inc flu hosp,1,2025-11-29,11,quantile,0.975,15
2025-11-22,wk inc flu hosp,1,2025-11-29,11,quantile,0.99,15
2025-11-22,wk inc flu hosp,2,2025-12-06,11,quantile,0.01,0
2025-11-22,wk inc flu hosp,2,2025-12-06,11,quantile,0.025,0
2025-11-22,wk inc flu hosp,2,2025-12-06,11,quantile,0.05,0
2025-11-22,wk inc flu hosp,2,2025-12-06,11,quantile,0.1,1
2025-11-22,wk inc flu hosp,2,2025-12-06,11,quantile,0.15,1
2025-11-22,wk inc flu hosp,2,2025-12-06,11,quantile,0.2,1
2025-11-22,wk inc flu hosp,2,2025-12-06,11,quantile,0.25,1
2025-11-22,wk inc flu hosp,2,2025-12-06,11,quantile,0.3,1
2025-11-22,wk inc flu hosp,2,2025-12-06,11,quantile,0.35,1
2025-11-22,wk inc flu hosp,2,2025-12-06,11,quantile,0.4,2
2025-11-22,wk inc flu hosp,2,2025-12-06,11,quantile,0.45,2
2025-11-22,wk inc flu hosp,2,2025-12-06,11,quantile,0.5,2
2025-11-22,wk inc flu hosp,2,2025-12-06,11,quantile,0.55,3
2025-11-22,wk inc flu hosp,2,2025-12-06,11,quantile,0.6,3
2025-11-22,wk inc flu hosp,2,2025-12-06,11,quantile,0.65,3
2025-11-22,wk inc flu hosp,2,2025-12-06,11,quantile,0.7,4
2025-11-22,wk inc flu hosp,2,2025-12-06,11,quantile,0.75,5
2025-11-22,wk inc flu hosp,2,2025-12-06,11,quantile,0.8,6
2025-11-22,wk inc flu hosp,2,2025-12-06,11,quantile,0.85,7
2025-11-22,wk inc flu hosp,2,2025-12-06,11,quantile,0.9,10
2025-11-22,wk inc flu hosp,2,2025-12-06,11,quantile,0.95,17
2025-11-22,wk inc flu hosp,2,2025-12-06,11,quantile,0.975,18
2025-11-22,wk inc flu hosp,2,2025-12-06,11,quantile,0.99,18
2025-11-22,wk inc flu hosp,3,2025-12-13,11,quantile,0.01,0
2025-11-22,wk inc flu hosp,3,2025-12-13,11,quantile,0.025,0
2025-11-22,wk inc flu hosp,3,2025-12-13,11,quantile,0.05,0
2025-11-22,wk inc flu hosp,3,2025-12-13,11,quantile,0.1,1
2025-11-22,wk inc flu hosp,3,2025-12-13,11,quantile,0.15,1
2025-11-22,wk inc flu hosp,3,2025-12-13,11,quantile,0.2,1
2025-11-22,wk inc flu hosp,3,2025-12-13,11,quantile,0.25,1
2025-11-22,wk inc flu hosp,3,2025-12-13,11,quantile,0.3,1
2025-11-22,wk inc flu hosp,3,2025-12-13,11,quantile,0.35,2
2025-11-22,wk inc flu hosp,3,2025-12-13,11,quantile,0.4,2
2025-11-22,wk inc flu hosp,3,2025-12-13,11,quantile,0.45,2
2025-11-22,wk inc flu hosp,3,2025-12-13,11,quantile,0.5,3
2025-11-22,wk inc flu hosp,3,2025-12-13,11,quantile,0.55,3
2025-11-22,wk inc flu hosp,3,2025-12-13,11,quantile,0.6,4
2025-11-22,wk inc flu hosp,3,2025-12-13,11,quantile,0.65,5
2025-11-22,wk inc flu hosp,3,2025-12-13,11,quantile,0.7,5
2025-11-22,wk inc flu hosp,3,2025-12-13,11,quantile,0.75,6
2025-11-22,wk inc flu hosp,3,2025-12-13,11,quantile,0.8,8
2025-11-22,wk inc flu hosp,3,2025-12-13,11,quantile,0.85,11
2025-11-22,wk inc flu hosp,3,2025-12-13,11,quantile,0.9,17
2025-11-22,wk inc flu hosp,3,2025-12-13,11,quantile,0.95,25
2025-11-22,wk inc flu hosp,3,2025-12-13,11,quantile,0.975,25
2025-11-22,wk inc flu hosp,3,2025-12-13,11,quantile,0.99,25
2025-11-22,wk inc flu hosp,0,2025-11-22,12,quantile,0.01,209
2025-11-22,wk inc flu hosp,0,2025-11-22,12,quantile,0.025,211
2025-11-22,wk inc flu hosp,0,2025-11-22,12,quantile,0.05,237
2025-11-22,wk inc flu hosp,0,2025-11-22,12,quantile,0.1,251
2025-11-22,wk inc flu hosp,0,2025-11-22,12,quantile,0.15,286
2025-11-22,wk inc flu hosp,0,2025-11-22,12,quantile,0.2,296
2025-11-22,wk inc flu hosp,0,2025-11-22,12,quantile,0.25,296
2025-11-22,wk inc flu hosp,0,2025-11-22,12,quantile,0.3,314
2025-11-22,wk inc flu hosp,0,2025-11-22,12,quantile,0.35,326
2025-11-22,wk inc flu hosp,0,2025-11-22,12,quantile,0.4,338
2025-11-22,wk inc flu hosp,0,2025-11-22,12,quantile,0.45,346
2025-11-22,wk inc flu hosp,0,2025-11-22,12,quantile,0.5,358
2025-11-22,wk inc flu hosp,0,2025-11-22,12,quantile,0.55,366
2025-11-22,wk inc flu hosp,0,2025-11-22,12,quantile,0.6,375
2025-11-22,wk inc flu hosp,0,2025-11-22,12,quantile,0.65,388
2025-11-22,wk inc flu hosp,0,2025-11-22,12,quantile,0.7,398
2025-11-22,wk inc flu hosp,0,2025-11-22,12,quantile,0.75,412
2025-11-22,wk inc flu hosp,0,2025-11-22,12,quantile,0.8,430
2025-11-22,wk inc flu hosp,0,2025-11-22,12,quantile,0.85,453
2025-11-22,wk inc flu hosp,0,2025-11-22,12,quantile,0.9,484
2025-11-22,wk inc flu hosp,0,2025-11-22,12,quantile,0.95,535
2025-11-22,wk inc flu hosp,0,2025-11-22,12,quantile,0.975,590
2025-11-22,wk inc flu hosp,0,2025-11-22,12,quantile,0.99,661
2025-11-22,wk inc flu hosp,1,2025-11-29,12,quantile,0.01,184
2025-11-22,wk inc flu hosp,1,2025-11-29,12,quantile,0.025,206
2025-11-22,wk inc flu hosp,1,2025-11-29,12,quantile,0.05,226
2025-11-22,wk inc flu hosp,1,2025-11-29,12,quantile,0.1,259
2025-11-22,wk inc flu hosp,1,2025-11-29,12,quantile,0.15,271
2025-11-22,wk inc flu hosp,1,2025-11-29,12,quantile,0.2,286
2025-11-22,wk inc flu hosp,1,2025-11-29,12,quantile,0.25,305
2025-11-22,wk inc flu hosp,1,2025-11-29,12,quantile,0.3,315
2025-11-22,wk inc flu hosp,1,2025-11-29,12,quantile,0.35,320
2025-11-22,wk inc flu hosp,1,2025-11-29,12,quantile,0.4,328
2025-11-22,wk inc flu hosp,1,2025-11-29,12,quantile,0.45,341
2025-11-22,wk inc flu hosp,1,2025-11-29,12,quantile,0.5,354
2025-11-22,wk inc flu hosp,1,2025-11-29,12,quantile,0.55,368
2025-11-22,wk inc flu hosp,1,2025-11-29,12,quantile,0.6,382
2025-11-22,wk inc flu hosp,1,2025-11-29,12,quantile,0.65,399
2025-11-22,wk inc flu hosp,1,2025-11-29,12,quantile,0.7,421
2025-11-22,wk inc flu hosp,1,2025-11-29,12,quantile,0.75,444
2025-11-22,wk inc flu hosp,1,2025-11-29,12,quantile,0.8,475
2025-11-22,wk inc flu hosp,1,2025-11-29,12,quantile,0.85,517
2025-11-22,wk inc flu hosp,1,2025-11-29,12,quantile,0.9,596
2025-11-22,wk inc flu hosp,1,2025-11-29,12,quantile,0.95,710
2025-11-22,wk inc flu hosp,1,2025-11-29,12,quantile,0.975,833
2025-11-22,wk inc flu hosp,1,2025-11-29,12,quantile,0.99,839
2025-11-22,wk inc flu hosp,2,2025-12-06,12,quantile,0.01,157
2025-11-22,wk inc flu hosp,2,2025-12-06,12,quantile,0.025,192
2025-11-22,wk inc flu hosp,2,2025-12-06,12,quantile,0.05,221
2025-11-22,wk inc flu hosp,2,2025-12-06,12,quantile,0.1,249
2025-11-22,wk inc flu hosp,2,2025-12-06,12,quantile,0.15,268
2025-11-22,wk inc flu hosp,2,2025-12-06,12,quantile,0.2,290
2025-11-22,wk inc flu hosp,2,2025-12-06,12,quantile,0.25,305
2025-11-22,wk inc flu hosp,2,2025-12-06,12,quantile,0.3,309
2025-11-22,wk inc flu hosp,2,2025-12-06,12,quantile,0.35,325
2025-11-22,wk inc flu hosp,2,2025-12-06,12,quantile,0.4,339
2025-11-22,wk inc flu hosp,2,2025-12-06,12,quantile,0.45,357
2025-11-22,wk inc flu hosp,2,2025-12-06,12,quantile,0.5,372
2025-11-22,wk inc flu hosp,2,2025-12-06,12,quantile,0.55,391
2025-11-22,wk inc flu hosp,2,2025-12-06,12,quantile,0.6,410
2025-11-22,wk inc flu hosp,2,2025-12-06,12,quantile,0.65,433
2025-11-22,wk inc flu hosp,2,2025-12-06,12,quantile,0.7,464
2025-11-22,wk inc flu hosp,2,2025-12-06,12,quantile,0.75,500
2025-11-22,wk inc flu hosp,2,2025-12-06,12,quantile,0.8,548
2025-11-22,wk inc flu hosp,2,2025-12-06,12,quantile,0.85,617
2025-11-22,wk inc flu hosp,2,2025-12-06,12,quantile,0.9,743
2025-11-22,wk inc flu hosp,2,2025-12-06,12,quantile,0.95,977
2025-11-22,wk inc flu hosp,2,2025-12-06,12,quantile,0.975,1018
2025-11-22,wk inc flu hosp,2,2025-12-06,12,quantile,0.99,1018
2025-11-22,wk inc flu hosp,3,2025-12-13,12,quantile,0.01,155
2025-11-22,wk inc flu hosp,3,2025-12-13,12,quantile,0.025,189
2025-11-22,wk inc flu hosp,3,2025-12-13,12,quantile,0.05,219
2025-11-22,wk inc flu hosp,3,2025-12-13,12,quantile,0.1,263
2025-11-22,wk inc flu hosp,3,2025-12-13,12,quantile,0.15,288
2025-11-22,wk inc flu hosp,3,2025-12-13,12,quantile,0.2,301
2025-11-22,wk inc flu hosp,3,2025-12-13,12,quantile,0.25,307
2025-11-22,wk inc flu hosp,3,2025-12-13,12,quantile,0.3,336
2025-11-22,wk inc flu hosp,3,2025-12-13,12,quantile,0.35,357
2025-11-22,wk inc flu hosp,3,2025-12-13,12,quantile,0.4,378
2025-11-22,wk inc flu hosp,3,2025-12-13,12,quantile,0.45,404
2025-11-22,wk inc flu hosp,3,2025-12-13,12,quantile,0.5,424
2025-11-22,wk inc flu hosp,3,2025-12-13,12,quantile,0.55,448
2025-11-22,wk inc flu hosp,3,2025-12-13,12,quantile,0.6,474
2025-11-22,wk inc flu hosp,3,2025-12-13,12,quantile,0.65,508
2025-11-22,wk inc flu hosp,3,2025-12-13,12,quantile,0.7,547
2025-11-22,wk inc flu hosp,3,2025-12-13,12,quantile,0.75,601
2025-11-22,wk inc flu hosp,3,2025-12-13,12,quantile,0.8,675
2025-11-22,wk inc flu hosp,3,2025-12-13,12,quantile,0.85,799
2025-11-22,wk inc flu hosp,3,2025-12-13,12,quantile,0.9,988
2025-11-22,wk inc flu hosp,3,2025-12-13,12,quantile,0.95,1282
2025-11-22,wk inc flu hosp,3,2025-12-13,12,quantile,0.975,1282
2025-11-22,wk inc flu hosp,3,2025-12-13,12,quantile,0.99,1282
2025-11-22,wk inc flu hosp,0,2025-11-22,13,quantile,0.01,27
2025-11-22,wk inc flu hosp,0,2025-11-22,13,quantile,0.025,27
2025-11-22,wk inc flu hosp,0,2025-11-22,13,quantile,0.05,31
2025-11-22,wk inc flu hosp,0,2025-11-22,13,quantile,0.1,34
2025-11-22,wk inc flu hosp,0,2025-11-22,13,quantile,0.15,40
2025-11-22,wk inc flu hosp,0,2025-11-22,13,quantile,0.2,42
2025-11-22,wk inc flu hosp,0,2025-11-22,13,quantile,0.25,42
2025-11-22,wk inc flu hosp,0,2025-11-22,13,quantile,0.3,46
2025-11-22,wk inc flu hosp,0,2025-11-22,13,quantile,0.35,49
2025-11-22,wk inc flu hosp,0,2025-11-22,13,quantile,0.4,52
2025-11-22,wk inc flu hosp,0,2025-11-22,13,quantile,0.45,54
2025-11-22,wk inc flu hosp,0,2025-11-22,13,quantile,0.5,57
2025-11-22,wk inc flu hosp,0,2025-11-22,13,quantile,0.55,59
2025-11-22,wk inc flu hosp,0,2025-11-22,13,quantile,0.6,61
2025-11-22,wk inc flu hosp,0,2025-11-22,13,quantile,0.65,65
2025-11-22,wk inc flu hosp,0,2025-11-22,13,quantile,0.7,67
2025-11-22,wk inc flu hosp,0,2025-11-22,13,quantile,0.75,71
2025-11-22,wk inc flu hosp,0,2025-11-22,13,quantile,0.8,75
2025-11-22,wk inc flu hosp,0,2025-11-22,13,quantile,0.85,82
2025-11-22,wk inc flu hosp,0,2025-11-22,13,quantile,0.9,90
2025-11-22,wk inc flu hosp,0,2025-11-22,13,quantile,0.95,104
2025-11-22,wk inc flu hosp,0,2025-11-22,13,quantile,0.975,118
2025-11-22,wk inc flu hosp,0,2025-11-22,13,quantile,0.99,138
2025-11-22,wk inc flu hosp,1,2025-11-29,13,quantile,0.01,24
2025-11-22,wk inc flu hosp,1,2025-11-29,13,quantile,0.025,27
2025-11-22,wk inc flu hosp,1,2025-11-29,13,quantile,0.05,30
2025-11-22,wk inc flu hosp,1,2025-11-29,13,quantile,0.1,36
2025-11-22,wk inc flu hosp,1,2025-11-29,13,quantile,0.15,39
2025-11-22,wk inc flu hosp,1,2025-11-29,13,quantile,0.2,42
2025-11-22,wk inc flu hosp,1,2025-11-29,13,quantile,0.25,45
2025-11-22,wk inc flu hosp,1,2025-11-29,13,quantile,0.3,47
2025-11-22,wk inc flu hosp,1,2025-11-29,13,quantile,0.35,48
2025-11-22,wk inc flu hosp,1,2025-11-29,13,quantile,0.4,50
2025-11-22,wk inc flu hosp,1,2025-11-29,13,quantile,0.45,53
2025-11-22,wk inc flu hosp,1,2025-11-29,13,quantile,0.5,56
2025-11-22,wk inc flu hosp,1,2025-11-29,13,quantile,0.55,59
2025-11-22,wk inc flu hosp,1,2025-11-29,13,quantile,0.6,62
2025-11-22,wk inc flu hosp,1,2025-11-29,13,quantile,0.65,66
2025-11-22,wk inc flu hosp,1,2025-11-29,13,quantile,0.7,71
2025-11-22,wk inc flu hosp,1,2025-11-29,13,quantile,0.75,76
2025-11-22,wk inc flu hosp,1,2025-11-29,13,quantile,0.8,83
2025-11-22,wk inc flu hosp,1,2025-11-29,13,quantile,0.85,93
2025-11-22,wk inc flu hosp,1,2025-11-29,13,quantile,0.9,112
2025-11-22,wk inc flu hosp,1,2025-11-29,13,quantile,0.95,140
2025-11-22,wk inc flu hosp,1,2025-11-29,13,quantile,0.975,168
2025-11-22,wk inc flu hosp,1,2025-11-29,13,quantile,0.99,169
2025-11-22,wk inc flu hosp,2,2025-12-06,13,quantile,0.01,18
2025-11-22,wk inc flu hosp,2,2025-12-06,13,quantile,0.025,23
2025-11-22,wk inc flu hosp,2,2025-12-06,13,quantile,0.05,28
2025-11-22,wk inc flu hosp,2,2025-12-06,13,quantile,0.1,33
2025-11-22,wk inc flu hosp,2,2025-12-06,13,quantile,0.15,37
2025-11-22,wk inc flu hosp,2,2025-12-06,13,quantile,0.2,41
2025-11-22,wk inc flu hosp,2,2025-12-06,13,quantile,0.25,44
2025-11-22,wk inc flu hosp,2,2025-12-06,13,quantile,0.3,45
2025-11-22,wk inc flu hosp,2,2025-12-06,13,quantile,0.35,49
2025-11-22,wk inc flu hosp,2,2025-12-06,13,quantile,0.4,51
2025-11-22,wk inc flu hosp,2,2025-12-06,13,quantile,0.45,55
2025-11-22,wk inc flu hosp,2,2025-12-06,13,quantile,0.5,58
2025-11-22,wk inc flu hosp,2,2025-12-06,13,quantile,0.55,62
2025-11-22,wk inc flu hosp,2,2025-12-06,13,quantile,0.6,66
2025-11-22,wk inc flu hosp,2,2025-12-06,13,quantile,0.65,71
2025-11-22,wk inc flu hosp,2,2025-12-06,13,quantile,0.7,78
2025-11-22,wk inc flu hosp,2,2025-12-06,13,quantile,0.75,86
2025-11-22,wk inc flu hosp,2,2025-12-06,13,quantile,0.8,96
2025-11-22,wk inc flu hosp,2,2025-12-06,13,quantile,0.85,112
2025-11-22,wk inc flu hosp,2,2025-12-06,13,quantile,0.9,140
2025-11-22,wk inc flu hosp,2,2025-12-06,13,quantile,0.95,193
2025-11-22,wk inc flu hosp,2,2025-12-06,13,quantile,0.975,202
2025-11-22,wk inc flu hosp,2,2025-12-06,13,quantile,0.99,202
2025-11-22,wk inc flu hosp,3,2025-12-13,13,quantile,0.01,18
2025-11-22,wk inc flu hosp,3,2025-12-13,13,quantile,0.025,23
2025-11-22,wk inc flu hosp,3,2025-12-13,13,quantile,0.05,28
2025-11-22,wk inc flu hosp,3,2025-12-13,13,quantile,0.1,36
2025-11-22,wk inc flu hosp,3,2025-12-13,13,quantile,0.15,41
2025-11-22,wk inc flu hosp,3,2025-12-13,13,quantile,0.2,43
2025-11-22,wk inc flu hosp,3,2025-12-13,13,quantile,0.25,44
2025-11-22,wk inc flu hosp,3,2025-12-13,13,quantile,0.3,50
2025-11-22,wk inc flu hosp,3,2025-12-13,13,quantile,0.35,54
2025-11-22,wk inc flu hosp,3,2025-12-13,13,quantile,0.4,59
2025-11-22,wk inc flu hosp,3,2025-12-13,13,quantile,0.45,64
2025-11-22,wk inc flu hosp,3,2025-12-13,13,quantile,0.5,68
2025-11-22,wk inc flu hosp,3,2025-12-13,13,quantile,0.55,74
2025-11-22,wk inc flu hosp,3,2025-12-13,13,quantile,0.6,79
2025-11-22,wk inc flu hosp,3,2025-12-13,13,quantile,0.65,86
2025-11-22,wk inc flu hosp,3,2025-12-13,13,quantile,0.7,95
2025-11-22,wk inc flu hosp,3,2025-12-13,13,quantile,0.75,107
2025-11-22,wk inc flu hosp,3,2025-12-13,13,quantile,0.8,124
2025-11-22,wk inc flu hosp,3,2025-12-13,13,quantile,0.85,153
2025-11-22,wk inc flu hosp,3,2025-12-13,13,quantile,0.9,196
2025-11-22,wk inc flu hosp,3,2025-12-13,13,quantile,0.95,266
2025-11-22,wk inc flu hosp,3,2025-12-13,13,quantile,0.975,266
2025-11-22,wk inc flu hosp,3,2025-12-13,13,quantile,0.99,266
2025-11-22,wk inc flu hosp,0,2025-11-22,15,quantile,0.01,3
2025-11-22,wk inc flu hosp,0,2025-11-22,15,quantile,0.025,3
2025-11-22,wk inc flu hosp,0,2025-11-22,15,quantile,0.05,4
2025-11-22,wk inc flu hosp,0,2025-11-22,15,quantile,0.1,4
2025-11-22,wk inc flu hosp,0,2025-11-22,15,quantile,0.15,6
2025-11-22,wk inc flu hosp,0,2025-11-22,15,quantile,0.2,7
2025-11-22,wk inc flu hosp,0,2025-11-22,15,quantile,0.25,7
2025-11-22,wk inc flu hosp,0,2025-11-22,15,quantile,0.3,8
2025-11-22,wk inc flu hosp,0,2025-11-22,15,quantile,0.35,9
2025-11-22,wk inc flu hosp,0,2025-11-22,15,quantile,0.4,10
2025-11-22,wk inc flu hosp,0,2025-11-22,15,quantile,0.45,11
2025-11-22,wk inc flu hosp,0,2025-11-22,15,quantile,0.5,12
2025-11-22,wk inc flu hosp,0,2025-11-22,15,quantile,0.55,13
2025-11-22,wk inc flu hosp,0,2025-11-22,15,quantile,0.6,14
2025-11-22,wk inc flu hosp,0,2025-11-22,15,quantile,0.65,16
2025-11-22,wk inc flu hosp,0,2025-11-22,15,quantile,0.7,17
2025-11-22,wk inc flu hosp,0,2025-11-22,15,quantile,0.75,19
2025-11-22,wk inc flu hosp,0,2025-11-22,15,quantile,0.8,21
2025-11-22,wk inc flu hosp,0,2025-11-22,15,quantile,0.85,24
2025-11-22,wk inc flu hosp,0,2025-11-22,15,quantile,0.9,28
2025-11-22,wk inc flu hosp,0,2025-11-22,15,quantile,0.95,36
2025-11-22,wk inc flu hosp,0,2025-11-22,15,quantile,0.975,43
2025-11-22,wk inc flu hosp,0,2025-11-22,15,quantile,0.99,55
2025-11-22,wk inc flu hosp,1,2025-11-29,15,quantile,0.01,1
2025-11-22,wk inc flu hosp,1,2025-11-29,15,quantile,0.025,2
2025-11-22,wk inc flu hosp,1,2025-11-29,15,quantile,0.05,2
2025-11-22,wk inc flu hosp,1,2025-11-29,15,quantile,0.1,4
2025-11-22,wk inc flu hosp,1,2025-11-29,15,quantile,0.15,5
2025-11-22,wk inc flu hosp,1,2025-11-29,15,quantile,0.2,6
2025-11-22,wk inc flu hosp,1,2025-11-29,15,quantile,0.25,7
2025-11-22,wk inc flu hosp,1,2025-11-29,15,quantile,0.3,8
2025-11-22,wk inc flu hosp,1,2025-11-29,15,quantile,0.35,8
2025-11-22,wk inc flu hosp,1,2025-11-29,15,quantile,0.4,9
2025-11-22,wk inc flu hosp,1,2025-11-29,15,quantile,0.45,10
2025-11-22,wk inc flu hosp,1,2025-11-29,15,quantile,0.5,11
2025-11-22,wk inc flu hosp,1,2025-11-29,15,quantile,0.55,12
2025-11-22,wk inc flu hosp,1,2025-11-29,15,quantile,0.6,13
2025-11-22,wk inc flu hosp,1,2025-11-29,15,quantile,0.65,15
2025-11-22,wk inc flu hosp,1,2025-11-29,15,quantile,0.7,17
2025-11-22,wk inc flu hosp,1,2025-11-29,15,quantile,0.75,19
2025-11-22,wk inc flu hosp,1,2025-11-29,15,quantile,0.8,22
2025-11-22,wk inc flu hosp,1,2025-11-29,15,quantile,0.85,27
2025-11-22,wk inc flu hosp,1,2025-11-29,15,quantile,0.9,35
2025-11-22,wk inc flu hosp,1,2025-11-29,15,quantile,0.95,49
2025-11-22,wk inc flu hosp,1,2025-11-29,15,quantile,0.975,61
2025-11-22,wk inc flu hosp,1,2025-11-29,15,quantile,0.99,62
2025-11-22,wk inc flu hosp,2,2025-12-06,15,quantile,0.01,1
2025-11-22,wk inc flu hosp,2,2025-12-06,15,quantile,0.025,2
2025-11-22,wk inc flu hosp,2,2025-12-06,15,quantile,0.05,4
2025-11-22,wk inc flu hosp,2,2025-12-06,15,quantile,0.1,5
2025-11-22,wk inc flu hosp,2,2025-12-06,15,quantile,0.15,6
2025-11-22,wk inc flu hosp,2,2025-12-06,15,quantile,0.2,7
2025-11-22,wk inc flu hosp,2,2025-12-06,15,quantile,0.25,8
2025-11-22,wk inc flu hosp,2,2025-12-06,15,quantile,0.3,9
2025-11-22,wk inc flu hosp,2,2025-12-06,15,quantile,0.35,10
2025-11-22,wk inc flu hosp,2,2025-12-06,15,quantile,0.4,10
2025-11-22,wk inc flu hosp,2,2025-12-06,15,quantile,0.45,12
2025-11-22,wk inc flu hosp,2,2025-12-06,15,quantile,0.5,13
2025-11-22,wk inc flu hosp,2,2025-12-06,15,quantile,0.55,15
2025-11-22,wk inc flu hosp,2,2025-12-06,15,quantile,0.6,16
2025-11-22,wk inc flu hosp,2,2025-12-06,15,quantile,0.65,18
2025-11-22,wk inc flu hosp,2,2025-12-06,15,quantile,0.7,20
2025-11-22,wk inc flu hosp,2,2025-12-06,15,quantile,0.75,23
2025-11-22,wk inc flu hosp,2,2025-12-06,15,quantile,0.8,27
2025-11-22,wk inc flu hosp,2,2025-12-06,15,quantile,0.85,34
2025-11-22,wk inc flu hosp,2,2025-12-06,15,quantile,0.9,44
2025-11-22,wk inc flu hosp,2,2025-12-06,15,quantile,0.95,67
2025-11-22,wk inc flu hosp,2,2025-12-06,15,quantile,0.975,70
2025-11-22,wk inc flu hosp,2,2025-12-06,15,quantile,0.99,70
2025-11-22,wk inc flu hosp,3,2025-12-13,15,quantile,0.01,2
2025-11-22,wk inc flu hosp,3,2025-12-13,15,quantile,0.025,3
2025-11-22,wk inc flu hosp,3,2025-12-13,15,quantile,0.05,4
2025-11-22,wk inc flu hosp,3,2025-12-13,15,quantile,0.1,5
2025-11-22,wk inc flu hosp,3,2025-12-13,15,quantile,0.15,7
2025-11-22,wk inc flu hosp,3,2025-12-13,15,quantile,0.2,7
2025-11-22,wk inc flu hosp,3,2025-12-13,15,quantile,0.25,7
2025-11-22,wk inc flu hosp,3,2025-12-13,15,quantile,0.3,9
2025-11-22,wk inc flu hosp,3,2025-12-13,15,quantile,0.35,10
2025-11-22,wk inc flu hosp,3,2025-12-13,15,quantile,0.4,12
2025-11-22,wk inc flu hosp,3,2025-12-13,15,quantile,0.45,13
2025-11-22,wk inc flu hosp,3,2025-12-13,15,quantile,0.5,15
2025-11-22,wk inc flu hosp,3,2025-12-13,15,quantile,0.55,17
2025-11-22,wk inc flu hosp,3,2025-12-13,15,quantile,0.6,18
2025-11-22,wk inc flu hosp,3,2025-12-13,15,quantile,0.65,21
2025-11-22,wk inc flu hosp,3,2025-12-13,15,quantile,0.7,24
2025-11-22,wk inc flu hosp,3,2025-12-13,15,quantile,0.75,28
2025-11-22,wk inc flu hosp,3,2025-12-13,15,quantile,0.8,34
2025-11-22,wk inc flu hosp,3,2025-12-13,15,quantile,0.85,44
2025-11-22,wk inc flu hosp,3,2025-12-13,15,quantile,0.9,60
2025-11-22,wk inc flu hosp,3,2025-12-13,15,quantile,0.95,86
2025-11-22,wk inc flu hosp,3,2025-12-13,15,quantile,0.975,86
2025-11-22,wk inc flu hosp,3,2025-12-13,15,quantile,0.99,86
2025-11-22,wk inc flu hosp,0,2025-11-22,16,quantile,0.01,3
2025-11-22,wk inc flu hosp,0,2025-11-22,16,quantile,0.025,3
2025-11-22,wk inc flu hosp,0,2025-11-22,16,quantile,0.05,4
2025-11-22,wk inc flu hosp,0,2025-11-22,16,quantile,0.1,5
2025-11-22,wk inc flu hosp,0,2025-11-22,16,quantile,0.15,6
2025-11-22,wk inc flu hosp,0,2025-11-22,16,quantile,0.2,7
2025-11-22,wk inc flu hosp,0,2025-11-22,16,quantile,0.25,7
2025-11-22,wk inc flu hosp,0,2025-11-22,16,quantile,0.3,8
2025-11-22,wk inc flu hosp,0,2025-11-22,16,quantile,0.35,9
2025-11-22,wk inc flu hosp,0,2025-11-22,16,quantile,0.4,10
2025-11-22,wk inc flu hosp,0,2025-11-22,16,quantile,0.45,10
2025-11-22,wk inc flu hosp,0,2025-11-22,16,quantile,0.5,11
2025-11-22,wk inc flu hosp,0,2025-11-22,16,quantile,0.55,12
2025-11-22,wk inc flu hosp,0,2025-11-22,16,quantile,0.6,12
2025-11-22,wk inc flu hosp,0,2025-11-22,16,quantile,0.65,13
2025-11-22,wk inc flu hosp,0,2025-11-22,16,quantile,0.7,14
2025-11-22,wk inc flu hosp,0,2025-11-22,16,quantile,0.75,15
2025-11-22,wk inc flu hosp,0,2025-11-22,16,quantile,0.8,17
2025-11-22,wk inc flu hosp,0,2025-11-22,16,quantile,0.85,19
2025-11-22,wk inc flu hosp,0,2025-11-22,16,quantile,0.9,22
2025-11-22,wk inc flu hosp,0,2025-11-22,16,quantile,0.95,27
2025-11-22,wk inc flu hosp,0,2025-11-22,16,quantile,0.975,33
2025-11-22,wk inc flu hosp,0,2025-11-22,16,quantile,0.99,41
2025-11-22,wk inc flu hosp,1,2025-11-29,16,quantile,0.01,2
2025-11-22,wk inc flu hosp,1,2025-11-29,16,quantile,0.025,3
2025-11-22,wk inc flu hosp,1,2025-11-29,16,quantile,0.05,4
2025-11-22,wk inc flu hosp,1,2025-11-29,16,quantile,0.1,5
2025-11-22,wk inc flu hosp,1,2025-11-29,16,quantile,0.15,6
2025-11-22,wk inc flu hosp,1,2025-11-29,16,quantile,0.2,6
2025-11-22,wk inc flu hosp,1,2025-11-29,16,quantile,0.25,7
2025-11-22,wk inc flu hosp,1,2025-11-29,16,quantile,0.3,8
2025-11-22,wk inc flu hosp,1,2025-11-29,16,quantile,0.35,8
2025-11-22,wk inc flu hosp,1,2025-11-29,16,quantile,0.4,9
2025-11-22,wk inc flu hosp,1,2025-11-29,16,quantile,0.45,10
2025-11-22,wk inc flu hosp,1,2025-11-29,16,quantile,0.5,11
2025-11-22,wk inc flu hosp,1,2025-11-29,16,quantile,0.55,11
2025-11-22,wk inc flu hosp,1,2025-11-29,16,quantile,0.6,12
2025-11-22,wk inc flu hosp,1,2025-11-29,16,quantile,0.65,13
2025-11-22,wk inc flu hosp,1,2025-11-29,16,quantile,0.7,15
2025-11-22,wk inc flu hosp,1,2025-11-29,16,quantile,0.75,17
2025-11-22,wk inc flu hosp,1,2025-11-29,16,quantile,0.8,19
2025-11-22,wk inc flu hosp,1,2025-11-29,16,quantile,0.85,22
2025-11-22,wk inc flu hosp,1,2025-11-29,16,quantile,0.9,28
2025-11-22,wk inc flu hosp,1,2025-11-29,16,quantile,0.95,38
2025-11-22,wk inc flu hosp,1,2025-11-29,16,quantile,0.975,47
2025-11-22,wk inc flu hosp,1,2025-11-29,16,quantile,0.99,47
2025-11-22,wk inc flu hosp,2,2025-12-06,16,quantile,0.01,1
2025-11-22,wk inc flu hosp,2,2025-12-06,16,quantile,0.025,2
2025-11-22,wk inc flu hosp,2,2025-12-06,16,quantile,0.05,3
2025-11-22,wk inc flu hosp,2,2025-12-06,16,quantile,0.1,4
2025-11-22,wk inc flu hosp,2,2025-12-06,16,quantile,0.15,5
2025-11-22,wk inc flu hosp,2,2025-12-06,16,quantile,0.2,6
2025-11-22,wk inc flu hosp,2,2025-12-06,16,quantile,0.25,7
2025-11-22,wk inc flu hosp,2,2025-12-06,16,quantile,0.3,7
2025-11-22,wk inc flu hosp,2,2025-12-06,16,quantile,0.35,8
2025-11-22,wk inc flu hosp,2,2025-12-06,16,quantile,0.4,9
2025-11-22,wk inc flu hosp,2,2025-12-06,16,quantile,0.45,10
2025-11-22,wk inc flu hosp,2,2025-12-06,16,quantile,0.5,11
2025-11-22,wk inc flu hosp,2,2025-12-06,16,quantile,0.55,12
2025-11-22,wk inc flu hosp,2,2025-12-06,16,quantile,0.6,14
2025-11-22,wk inc flu hosp,2,2025-12-06,16,quantile,0.65,15
2025-11-22,wk inc flu hosp,2,2025-12-06,16,quantile,0.7,17
2025-11-22,wk inc flu hosp,2,2025-12-06,16,quantile,0.75,19
2025-11-22,wk inc flu hosp,2,2025-12-06,16,quantile,0.8,23
2025-11-22,wk inc flu hosp,2,2025-12-06,16,quantile,0.85,28
2025-11-22,wk inc flu hosp,2,2025-12-06,16,quantile,0.9,36
2025-11-22,wk inc flu hosp,2,2025-12-06,16,quantile,0.95,53
2025-11-22,wk inc flu hosp,2,2025-12-06,16,quantile,0.975,56
2025-11-22,wk inc flu hosp,2,2025-12-06,16,quantile,0.99,56
2025-11-22,wk inc flu hosp,3,2025-12-13,16,quantile,0.01,1
2025-11-22,wk inc flu hosp,3,2025-12-13,16,quantile,0.025,2
2025-11-22,wk inc flu hosp,3,2025-12-13,16,quantile,0.05,3
2025-11-22,wk inc flu hosp,3,2025-12-13,16,quantile,0.1,5
2025-11-22,wk inc flu hosp,3,2025-12-13,16,quantile,0.15,6
2025-11-22,wk inc flu hosp,3,2025-12-13,16,quantile,0.2,6
2025-11-22,wk inc flu hosp,3,2025-12-13,16,quantile,0.25,7
2025-11-22,wk inc flu hosp,3,2025-12-13,16,quantile,0.3,8
2025-11-22,wk inc flu hosp,3,2025-12-13,16,quantile,0.35,9
2025-11-22,wk inc flu hosp,3,2025-12-13,16,quantile,0.4,10
2025-11-22,wk inc flu hosp,3,2025-12-13,16,quantile,0.45,12
2025-11-22,wk inc flu hosp,3,2025-12-13,16,quantile,0.5,13
2025-11-22,wk inc flu hosp,3,2025-12-13,16,quantile,0.55,15
2025-11-22,wk inc flu hosp,3,2025-12-13,16,quantile,0.6,16
2025-11-22,wk inc flu hosp,3,2025-12-13,16,quantile,0.65,18
2025-11-22,wk inc flu hosp,3,2025-12-13,16,quantile,0.7,21
2025-11-22,wk inc flu hosp,3,2025-12-13,16,quantile,0.75,24
2025-11-22,wk inc flu hosp,3,2025-12-13,16,quantile,0.8,29
2025-11-22,wk inc flu hosp,3,2025-12-13,16,quantile,0.85,38
2025-11-22,wk inc flu hosp,3,2025-12-13,16,quantile,0.9,52
2025-11-22,wk inc flu hosp,3,2025-12-13,16,quantile,0.95,74
2025-11-22,wk inc flu hosp,3,2025-12-13,16,quantile,0.975,74
2025-11-22,wk inc flu hosp,3,2025-12-13,16,quantile,0.99,74
2025-11-22,wk inc flu hosp,0,2025-11-22,17,quantile,0.01,19
2025-11-22,wk inc flu hosp,0,2025-11-22,17,quantile,0.025,19
2025-11-22,wk inc flu hosp,0,2025-11-22,17,quantile,0.05,23
2025-11-22,wk inc flu hosp,0,2025-11-22,17,quantile,0.1,25
2025-11-22,wk inc flu hosp,0,2025-11-22,17,quantile,0.15,30
2025-11-22,wk inc flu hosp,0,2025-11-22,17,quantile,0.2,32
2025-11-22,wk inc flu hosp,0,2025-11-22,17,quantile,0.25,32
2025-11-22,wk inc flu hosp,0,2025-11-22,17,quantile,0.3,35
2025-11-22,wk inc flu hosp,0,2025-11-22,17,quantile,0.35,36
2025-11-22,wk inc flu hosp,0,2025-11-22,17,quantile,0.4,38
2025-11-22,wk inc flu hosp,0,2025-11-22,17,quantile,0.45,40
2025-11-22,wk inc flu hosp,0,2025-11-22,17,quantile,0.5,42
2025-11-22,wk inc flu hosp,0,2025-11-22,17,quantile,0.55,43
2025-11-22,wk inc flu hosp,0,2025-11-22,17,quantile,0.6,45
2025-11-22,wk inc flu hosp,0,2025-11-22,17,quantile,0.65,47
2025-11-22,wk inc flu hosp,0,2025-11-22,17,quantile,0.7,49
2025-11-22,wk inc flu hosp,0,2025-11-22,17,quantile,0.75,51
2025-11-22,wk inc flu hosp,0,2025-11-22,17,quantile,0.8,54
2025-11-22,wk inc flu hosp,0,2025-11-22,17,quantile,0.85,59
2025-11-22,wk inc flu hosp,0,2025-11-22,17,quantile,0.9,64
2025-11-22,wk inc flu hosp,0,2025-11-22,17,quantile,0.95,74
2025-11-22,wk inc flu hosp,0,2025-11-22,17,quantile,0.975,83
2025-11-22,wk inc flu hosp,0,2025-11-22,17,quantile,0.99,96
2025-11-22,wk inc flu hosp,1,2025-11-29,17,quantile,0.01,16
2025-11-22,wk inc flu hosp,1,2025-11-29,17,quantile,0.025,19
2025-11-22,wk inc flu hosp,1,2025-11-29,17,quantile,0.05,22
2025-11-22,wk inc flu hosp,1,2025-11-29,17,quantile,0.1,26
2025-11-22,wk inc flu hosp,1,2025-11-29,17,quantile,0.15,28
2025-11-22,wk inc flu hosp,1,2025-11-29,17,quantile,0.2,30
2025-11-22,wk inc flu hosp,1,2025-11-29,17,quantile,0.25,33
2025-11-22,wk inc flu hosp,1,2025-11-29,17,quantile,0.3,34
2025-11-22,wk inc flu hosp,1,2025-11-29,17,quantile,0.35,35
2025-11-22,wk inc flu hosp,1,2025-11-29,17,quantile,0.4,36
2025-11-22,wk inc flu hosp,1,2025-11-29,17,quantile,0.45,38
2025-11-22,wk inc flu hosp,1,2025-11-29,17,quantile,0.5,40
2025-11-22,wk inc flu hosp,1,2025-11-29,17,quantile,0.55,42
2025-11-22,wk inc flu hosp,1,2025-11-29,17,quantile,0.6,44
2025-11-22,wk inc flu hosp,1,2025-11-29,17,quantile,0.65,47
2025-11-22,wk inc flu hosp,1,2025-11-29,17,quantile,0.7,51
2025-11-22,wk inc flu hosp,1,2025-11-29,17,quantile,0.75,54
2025-11-22,wk inc flu hosp,1,2025-11-29,17,quantile,0.8,59
2025-11-22,wk inc flu hosp,1,2025-11-29,17,quantile,0.85,66
2025-11-22,wk inc flu hosp,1,2025-11-29,17,quantile,0.9,80
2025-11-22,wk inc flu hosp,1,2025-11-29,17,quantile,0.95,99
2025-11-22,wk inc flu hosp,1,2025-11-29,17,quantile,0.975,120
2025-11-22,wk inc flu hosp,1,2025-11-29,17,quantile,0.99,121
2025-11-22,wk inc flu hosp,2,2025-12-06,17,quantile,0.01,11
2025-11-22,wk inc flu hosp,2,2025-12-06,17,quantile,0.025,16
2025-11-22,wk inc flu hosp,2,2025-12-06,17,quantile,0.05,20
2025-11-22,wk inc flu hosp,2,2025-12-06,17,quantile,0.1,24
2025-11-22,wk inc flu hosp,2,2025-12-06,17,quantile,0.15,26
2025-11-22,wk inc flu hosp,2,2025-12-06,17,quantile,0.2,30
2025-11-22,wk inc flu hosp,2,2025-12-06,17,quantile,0.25,32
2025-11-22,wk inc flu hosp,2,2025-12-06,17,quantile,0.3,32
2025-11-22,wk inc flu hosp,2,2025-12-06,17,quantile,0.35,35
2025-11-22,wk inc flu hosp,2,2025-12-06,17,quantile,0.4,37
2025-11-22,wk inc flu hosp,2,2025-12-06,17,quantile,0.45,39
2025-11-22,wk inc flu hosp,2,2025-12-06,17,quantile,0.5,42
2025-11-22,wk inc flu hosp,2,2025-12-06,17,quantile,0.55,45
2025-11-22,wk inc flu hosp,2,2025-12-06,17,quantile,0.6,47
2025-11-22,wk inc flu hosp,2,2025-12-06,17,quantile,0.65,51
2025-11-22,wk inc flu hosp,2,2025-12-06,17,quantile,0.7,56
2025-11-22,wk inc flu hosp,2,2025-12-06,17,quantile,0.75,61
2025-11-22,wk inc flu hosp,2,2025-12-06,17,quantile,0.8,69
2025-11-22,wk inc flu hosp,2,2025-12-06,17,quantile,0.85,80
2025-11-22,wk inc flu hosp,2,2025-12-06,17,quantile,0.9,100
2025-11-22,wk inc flu hosp,2,2025-12-06,17,quantile,0.95,138
2025-11-22,wk inc flu hosp,2,2025-12-06,17,quantile,0.975,144
2025-11-22,wk inc flu hosp,2,2025-12-06,17,quantile,0.99,144
2025-11-22,wk inc flu hosp,3,2025-12-13,17,quantile,0.01,12
2025-11-22,wk inc flu hosp,3,2025-12-13,17,quantile,0.025,16
2025-11-22,wk inc flu hosp,3,2025-12-13,17,quantile,0.05,20
2025-11-22,wk inc flu hosp,3,2025-12-13,17,quantile,0.1,26
2025-11-22,wk inc flu hosp,3,2025-12-13,17,quantile,0.15,30
2025-11-22,wk inc flu hosp,3,2025-12-13,17,quantile,0.2,31
2025-11-22,wk inc flu hosp,3,2025-12-13,17,quantile,0.25,32
2025-11-22,wk inc flu hosp,3,2025-12-13,17,quantile,0.3,36
2025-11-22,wk inc flu hosp,3,2025-12-13,17,quantile,0.35,39
2025-11-22,wk inc flu hosp,3,2025-12-13,17,quantile,0.4,43
2025-11-22,wk inc flu hosp,3,2025-12-13,17,quantile,0.45,46
2025-11-22,wk inc flu hosp,3,2025-12-13,17,quantile,0.5,49
2025-11-22,wk inc flu hosp,3,2025-12-13,17,quantile,0.55,53
2025-11-22,wk inc flu hosp,3,2025-12-13,17,quantile,0.6,57
2025-11-22,wk inc flu hosp,3,2025-12-13,17,quantile,0.65,62
2025-11-22,wk inc flu hosp,3,2025-12-13,17,quantile,0.7,68
2025-11-22,wk inc flu hosp,3,2025-12-13,17,quantile,0.75,77
2025-11-22,wk inc flu hosp,3,2025-12-13,17,quantile,0.8,89
2025-11-22,wk inc flu hosp,3,2025-12-13,17,quantile,0.85,110
2025-11-22,wk inc flu hosp,3,2025-12-13,17,quantile,0.9,141
2025-11-22,wk inc flu hosp,3,2025-12-13,17,quantile,0.95,190
2025-11-22,wk inc flu hosp,3,2025-12-13,17,quantile,0.975,190
2025-11-22,wk inc flu hosp,3,2025-12-13,17,quantile,0.99,190
2025-11-22,wk inc flu hosp,0,2025-11-22,18,quantile,0.01,16
2025-11-22,wk inc flu hosp,0,2025-11-22,18,quantile,0.025,17
2025-11-22,wk inc flu hosp,0,2025-11-22,18,quantile,0.05,19
2025-11-22,wk inc flu hosp,0,2025-11-22,18,quantile,0.1,20
2025-11-22,wk inc flu hosp,0,2025-11-22,18,quantile,0.15,25
2025-11-22,wk inc flu hosp,0,2025-11-22,18,quantile,0.2,26
2025-11-22,wk inc flu hosp,0,2025-11-22,18,quantile,0.25,26
2025-11-22,wk inc flu hosp,0,2025-11-22,18,quantile,0.3,29
2025-11-22,wk inc flu hosp,0,2025-11-22,18,quantile,0.35,31
2025-11-22,wk inc flu hosp,0,2025-11-22,18,quantile,0.4,33
2025-11-22,wk inc flu hosp,0,2025-11-22,18,quantile,0.45,34
2025-11-22,wk inc flu hosp,0,2025-11-22,18,quantile,0.5,36
2025-11-22,wk inc flu hosp,0,2025-11-22,18,quantile,0.55,37
2025-11-22,wk inc flu hosp,0,2025-11-22,18,quantile,0.6,39
2025-11-22,wk inc flu hosp,0,2025-11-22,18,quantile,0.65,41
2025-11-22,wk inc flu hosp,0,2025-11-22,18,quantile,0.7,42
2025-11-22,wk inc flu hosp,0,2025-11-22,18,quantile,0.75,45
2025-11-22,wk inc flu hosp,0,2025-11-22,18,quantile,0.8,48
2025-11-22,wk inc flu hosp,0,2025-11-22,18,quantile,0.85,52
2025-11-22,wk inc flu hosp,0,2025-11-22,18,quantile,0.9,58
2025-11-22,wk inc flu hosp,0,2025-11-22,18,quantile,0.95,68
2025-11-22,wk inc flu hosp,0,2025-11-22,18,quantile,0.975,77
2025-11-22,wk inc flu hosp,0,2025-11-22,18,quantile,0.99,92
2025-11-22,wk inc flu hosp,1,2025-11-29,18,quantile,0.01,14
2025-11-22,wk inc flu hosp,1,2025-11-29,18,quantile,0.025,16
2025-11-22,wk inc flu hosp,1,2025-11-29,18,quantile,0.05,18
2025-11-22,wk inc flu hosp,1,2025-11-29,18,quantile,0.1,22
2025-11-22,wk inc flu hosp,1,2025-11-29,18,quantile,0.15,24
2025-11-22,wk inc flu hosp,1,2025-11-29,18,quantile,0.2,25
2025-11-22,wk inc flu hosp,1,2025-11-29,18,quantile,0.25,28
2025-11-22,wk inc flu hosp,1,2025-11-29,18,quantile,0.3,29
2025-11-22,wk inc flu hosp,1,2025-11-29,18,quantile,0.35,30
2025-11-22,wk inc flu hosp,1,2025-11-29,18,quantile,0.4,31
2025-11-22,wk inc flu hosp,1,2025-11-29,18,quantile,0.45,33
2025-11-22,wk inc flu hosp,1,2025-11-29,18,quantile,0.5,35
2025-11-22,wk inc flu hosp,1,2025-11-29,18,quantile,0.55,37
2025-11-22,wk inc flu hosp,1,2025-11-29,18,quantile,0.6,39
2025-11-22,wk inc flu hosp,1,2025-11-29,18,quantile,0.65,41
2025-11-22,wk inc flu hosp,1,2025-11-29,18,quantile,0.7,45
2025-11-22,wk inc flu hosp,1,2025-11-29,18,quantile,0.75,48
2025-11-22,wk inc flu hosp,1,2025-11-29,18,quantile,0.8,53
2025-11-22,wk inc flu hosp,1,2025-11-29,18,quantile,0.85,60
2025-11-22,wk inc flu hosp,1,2025-11-29,18,quantile,0.9,73
2025-11-22,wk inc flu hosp,1,2025-11-29,18,quantile,0.95,93
2025-11-22,wk inc flu hosp,1,2025-11-29,18,quantile,0.975,113
2025-11-22,wk inc flu hosp,1,2025-11-29,18,quantile,0.99,114
2025-11-22,wk inc flu hosp,2,2025-12-06,18,quantile,0.01,11
2025-11-22,wk inc flu hosp,2,2025-12-06,18,quantile,0.025,14
2025-11-22,wk inc flu hosp,2,2025-12-06,18,quantile,0.05,18
2025-11-22,wk inc flu hosp,2,2025-12-06,18,quantile,0.1,21
2025-11-22,wk inc flu hosp,2,2025-12-06,18,quantile,0.15,23
2025-11-22,wk inc flu hosp,2,2025-12-06,18,quantile,0.2,26
2025-11-22,wk inc flu hosp,2,2025-12-06,18,quantile,0.25,28
2025-11-22,wk inc flu hosp,2,2025-12-06,18,quantile,0.3,28
2025-11-22,wk inc flu hosp,2,2025-12-06,18,quantile,0.35,31
2025-11-22,wk inc flu hosp,2,2025-12-06,18,quantile,0.4,32
2025-11-22,wk inc flu hosp,2,2025-12-06,18,quantile,0.45,35
2025-11-22,wk inc flu hosp,2,2025-12-06,18,quantile,0.5,37
2025-11-22,wk inc flu hosp,2,2025-12-06,18,quantile,0.55,39
2025-11-22,wk inc flu hosp,2,2025-12-06,18,quantile,0.6,42
2025-11-22,wk inc flu hosp,2,2025-12-06,18,quantile,0.65,45
2025-11-22,wk inc flu hosp,2,2025-12-06,18,quantile,0.7,50
2025-11-22,wk inc flu hosp,2,2025-12-06,18,quantile,0.75,55
2025-11-22,wk inc flu hosp,2,2025-12-06,18,quantile,0.8,62
2025-11-22,wk inc flu hosp,2,2025-12-06,18,quantile,0.85,72
2025-11-22,wk inc flu hosp,2,2025-12-06,18,quantile,0.9,91
2025-11-22,wk inc flu hosp,2,2025-12-06,18,quantile,0.95,127
2025-11-22,wk inc flu hosp,2,2025-12-06,18,quantile,0.975,133
2025-11-22,wk inc flu hosp,2,2025-12-06,18,quantile,0.99,133
2025-11-22,wk inc flu hosp,3,2025-12-13,18,quantile,0.01,11
2025-11-22,wk inc flu hosp,3,2025-12-13,18,quantile,0.025,14
2025-11-22,wk inc flu hosp,3,2025-12-13,18,quantile,0.05,18
2025-11-22,wk inc flu hosp,3,2025-12-13,18,quantile,0.1,23
2025-11-22,wk inc flu hosp,3,2025-12-13,18,quantile,0.15,26
2025-11-22,wk inc flu hosp,3,2025-12-13,18,quantile,0.2,27
2025-11-22,wk inc flu hosp,3,2025-12-13,18,quantile,0.25,28
2025-11-22,wk inc flu hosp,3,2025-12-13,18,quantile,0.3,32
2025-11-22,wk inc flu hosp,3,2025-12-13,18,quantile,0.35,34
2025-11-22,wk inc flu hosp,3,2025-12-13,18,quantile,0.4,37
2025-11-22,wk inc flu hosp,3,2025-12-13,18,quantile,0.45,41
2025-11-22,wk inc flu hosp,3,2025-12-13,18,quantile,0.5,43
2025-11-22,wk inc flu hosp,3,2025-12-13,18,quantile,0.55,47
2025-11-22,wk inc flu hosp,3,2025-12-13,18,quantile,0.6,50
2025-11-22,wk inc flu hosp,3,2025-12-13,18,quantile,0.65,55
2025-11-22,wk inc flu hosp,3,2025-12-13,18,quantile,0.7,61
2025-11-22,wk inc flu hosp,3,2025-12-13,18,quantile,0.75,68
2025-11-22,wk inc flu hosp,3,2025-12-13,18,quantile,0.8,79
2025-11-22,wk inc flu hosp,3,2025-12-13,18,quantile,0.85,98
2025-11-22,wk inc flu hosp,3,2025-12-13,18,quantile,0.9,128
2025-11-22,wk inc flu hosp,3,2025-12-13,18,quantile,0.95,173
2025-11-22,wk inc flu hosp,3,2025-12-13,18,quantile,0.975,173
2025-11-22,wk inc flu hosp,3,2025-12-13,18,quantile,0.99,173
2025-11-22,wk inc flu hosp,0,2025-11-22,19,quantile,0.01,1
2025-11-22,wk inc flu hosp,0,2025-11-22,19,quantile,0.025,1
2025-11-22,wk inc flu hosp,0,2025-11-22,19,quantile,0.05,2
2025-11-22,wk inc flu hosp,0,2025-11-22,19,quantile,0.1,2
2025-11-22,wk inc flu hosp,0,2025-11-22,19,quantile,0.15,3
2025-11-22,wk inc flu hosp,0,2025-11-22,19,quantile,0.2,3
2025-11-22,wk inc flu hosp,0,2025-11-22,19,quantile,0.25,3
2025-11-22,wk inc flu hosp,0,2025-11-22,19,quantile,0.3,4
2025-11-22,wk inc flu hosp,0,2025-11-22,19,quantile,0.35,5
2025-11-22,wk inc flu hosp,0,2025-11-22,19,quantile,0.4,5
2025-11-22,wk inc flu hosp,0,2025-11-22,19,quantile,0.45,6
2025-11-22,wk inc flu hosp,0,2025-11-22,19,quantile,0.5,7
2025-11-22,wk inc flu hosp,0,2025-11-22,19,quantile,0.55,7
2025-11-22,wk inc flu hosp,0,2025-11-22,19,quantile,0.6,8
2025-11-22,wk inc flu hosp,0,2025-11-22,19,quantile,0.65,9
2025-11-22,wk inc flu hosp,0,2025-11-22,19,quantile,0.7,9
2025-11-22,wk inc flu hosp,0,2025-11-22,19,quantile,0.75,10
2025-11-22,wk inc flu hosp,0,2025-11-22,19,quantile,0.8,12
2025-11-22,wk inc flu hosp,0,2025-11-22,19,quantile,0.85,13
2025-11-22,wk inc flu hosp,0,2025-11-22,19,quantile,0.9,16
2025-11-22,wk inc flu hosp,0,2025-11-22,19,quantile,0.95,20
2025-11-22,wk inc flu hosp,0,2025-11-22,19,quantile,0.975,24
2025-11-22,wk inc flu hosp,0,2025-11-22,19,quantile,0.99,31
2025-11-22,wk inc flu hosp,1,2025-11-29,19,quantile,0.01,0
2025-11-22,wk inc flu hosp,1,2025-11-29,19,quantile,0.025,1
2025-11-22,wk inc flu hosp,1,2025-11-29,19,quantile,0.05,1
2025-11-22,wk inc flu hosp,1,2025-11-29,19,quantile,0.1,2
2025-11-22,wk inc flu hosp,1,2025-11-29,19,quantile,0.15,3
2025-11-22,wk inc flu hosp,1,2025-11-29,19,quantile,0.2,3
2025-11-22,wk inc flu hosp,1,2025-11-29,19,quantile,0.25,4
2025-11-22,wk inc flu hosp,1,2025-11-29,19,quantile,0.3,4
2025-11-22,wk inc flu hosp,1,2025-11-29,19,quantile,0.35,5
2025-11-22,wk inc flu hosp,1,2025-11-29,19,quantile,0.4,5
2025-11-22,wk inc flu hosp,1,2025-11-29,19,quantile,0.45,5
2025-11-22,wk inc flu hosp,1,2025-11-29,19,quantile,0.5,6
2025-11-22,wk inc flu hosp,1,2025-11-29,19,quantile,0.55,7
2025-11-22,wk inc flu hosp,1,2025-11-29,19,quantile,0.6,8
2025-11-22,wk inc flu hosp,1,2025-11-29,19,quantile,0.65,9
2025-11-22,wk inc flu hosp,1,2025-11-29,19,quantile,0.7,10
2025-11-22,wk inc flu hosp,1,2025-11-29,19,quantile,0.75,11
2025-11-22,wk inc flu hosp,1,2025-11-29,19,quantile,0.8,13
2025-11-22,wk inc flu hosp,1,2025-11-29,19,quantile,0.85,15
2025-11-22,wk inc flu hosp,1,2025-11-29,19,quantile,0.9,20
2025-11-22,wk inc flu hosp,1,2025-11-29,19,quantile,0.95,28
2025-11-22,wk inc flu hosp,1,2025-11-29,19,quantile,0.975,35
2025-11-22,wk inc flu hosp,1,2025-11-29,19,quantile,0.99,36
2025-11-22,wk inc flu hosp,2,2025-12-06,19,quantile,0.01,0
2025-11-22,wk inc flu hosp,2,2025-12-06,19,quantile,0.025,1
2025-11-22,wk inc flu hosp,2,2025-12-06,19,quantile,0.05,2
2025-11-22,wk inc flu hosp,2,2025-12-06,19,quantile,0.1,2
2025-11-22,wk inc flu hosp,2,2025-12-06,19,quantile,0.15,3
2025-11-22,wk inc flu hosp,2,2025-12-06,19,quantile,0.2,4
2025-11-22,wk inc flu hosp,2,2025-12-06,19,quantile,0.25,4
2025-11-22,wk inc flu hosp,2,2025-12-06,19,quantile,0.3,5
2025-11-22,wk inc flu hosp,2,2025-12-06,19,quantile,0.35,5
2025-11-22,wk inc flu hosp,2,2025-12-06,19,quantile,0.4,6
2025-11-22,wk inc flu hosp,2,2025-12-06,19,quantile,0.45,6
2025-11-22,wk inc flu hosp,2,2025-12-06,19,quantile,0.5,7
2025-11-22,wk inc flu hosp,2,2025-12-06,19,quantile,0.55,8
2025-11-22,wk inc flu hosp,2,2025-12-06,19,quantile,0.6,9
2025-11-22,wk inc flu hosp,2,2025-12-06,19,quantile,0.65,10
2025-11-22,wk inc flu hosp,2,2025-12-06,19,quantile,0.7,11
2025-11-22,wk inc flu hosp,2,2025-12-06,19,quantile,0.75,13
2025-11-22,wk inc flu hosp,2,2025-12-06,19,quantile,0.8,16
2025-11-22,wk inc flu hosp,2,2025-12-06,19,quantile,0.85,19
2025-11-22,wk inc flu hosp,2,2025-12-06,19,quantile,0.9,25
2025-11-22,wk inc flu hosp,2,2025-12-06,19,quantile,0.95,38
2025-11-22,wk inc flu hosp,2,2025-12-06,19,quantile,0.975,40
2025-11-22,wk inc flu hosp,2,2025-12-06,19,quantile,0.99,40
2025-11-22,wk inc flu hosp,3,2025-12-13,19,quantile,0.01,1
2025-11-22,wk inc flu hosp,3,2025-12-13,19,quantile,0.025,1
2025-11-22,wk inc flu hosp,3,2025-12-13,19,quantile,0.05,2
2025-11-22,wk inc flu hosp,3,2025-12-13,19,quantile,0.1,3
2025-11-22,wk inc flu hosp,3,2025-12-13,19,quantile,0.15,3
2025-11-22,wk inc flu hosp,3,2025-12-13,19,quantile,0.2,4
2025-11-22,wk inc flu hosp,3,2025-12-13,19,quantile,0.25,4
2025-11-22,wk inc flu hosp,3,2025-12-13,19,quantile,0.3,5
2025-11-22,wk inc flu hosp,3,2025-12-13,19,quantile,0.35,6
2025-11-22,wk inc flu hosp,3,2025-12-13,19,quantile,0.4,7
2025-11-22,wk inc flu hosp,3,2025-12-13,19,quantile,0.45,8
2025-11-22,wk inc flu hosp,3,2025-12-13,19,quantile,0.5,9
2025-11-22,wk inc flu hosp,3,2025-12-13,19,quantile,0.55,10
2025-11-22,wk inc flu hosp,3,2025-12-13,19,quantile,0.6,11
2025-11-22,wk inc flu hosp,3,2025-12-13,19,quantile,0.65,12
2025-11-22,wk inc flu hosp,3,2025-12-13,19,quantile,0.7,14
2025-11-22,wk inc flu hosp,3,2025-12-13,19,quantile,0.75,17
2025-11-22,wk inc flu hosp,3,2025-12-13,19,quantile,0.8,21
2025-11-22,wk inc flu hosp,3,2025-12-13,19,quantile,0.85,27
2025-11-22,wk inc flu hosp,3,2025-12-13,19,quantile,0.9,37
2025-11-22,wk inc flu hosp,3,2025-12-13,19,quantile,0.95,52
2025-11-22,wk inc flu hosp,3,2025-12-13,19,quantile,0.975,52
2025-11-22,wk inc flu hosp,3,2025-12-13,19,quantile,0.99,52
2025-11-22,wk inc flu hosp,0,2025-11-22,20,quantile,0.01,3
2025-11-22,wk inc flu hosp,0,2025-11-22,20,quantile,0.025,3
2025-11-22,wk inc flu hosp,0,2025-11-22,20,quantile,0.05,4
2025-11-22,wk inc flu hosp,0,2025-11-22,20,quantile,0.1,4
2025-11-22,wk inc flu hosp,0,2025-11-22,20,quantile,0.15,5
2025-11-22,wk inc flu hosp,0,2025-11-22,20,quantile,0.2,6
2025-11-22,wk inc flu hosp,0,2025-11-22,20,quantile,0.25,6
2025-11-22,wk inc flu hosp,0,2025-11-22,20,quantile,0.3,7
2025-11-22,wk inc flu hosp,0,2025-11-22,20,quantile,0.35,7
2025-11-22,wk inc flu hosp,0,2025-11-22,20,quantile,0.4,8
2025-11-22,wk inc flu hosp,0,2025-11-22,20,quantile,0.45,8
2025-11-22,wk inc flu hosp,0,2025-11-22,20,quantile,0.5,9
2025-11-22,wk inc flu hosp,0,2025-11-22,20,quantile,0.55,9
2025-11-22,wk inc flu hosp,0,2025-11-22,20,quantile,0.6,10
2025-11-22,wk inc flu hosp,0,2025-11-22,20,quantile,0.65,10
2025-11-22,wk inc flu hosp,0,2025-11-22,20,quantile,0.7,11
2025-11-22,wk inc flu hosp,0,2025-11-22,20,quantile,0.75,12
2025-11-22,wk inc flu hosp,0,2025-11-22,20,quantile,0.8,13
2025-11-22,wk inc flu hosp,0,2025-11-22,20,quantile,0.85,14
2025-11-22,wk inc flu hosp,0,2025-11-22,20,quantile,0.9,16
2025-11-22,wk inc flu hosp,0,2025-11-22,20,quantile,0.95,18
2025-11-22,wk inc flu hosp,0,2025-11-22,20,quantile,0.975,21
2025-11-22,wk inc flu hosp,0,2025-11-22,20,quantile,0.99,26
2025-11-22,wk inc flu hosp,1,2025-11-29,20,quantile,0.01,2
2025-11-22,wk inc flu hosp,1,2025-11-29,20,quantile,0.025,3
2025-11-22,wk inc flu hosp,1,2025-11-29,20,quantile,0.05,4
2025-11-22,wk inc flu hosp,1,2025-11-29,20,quantile,0.1,5
2025-11-22,wk inc flu hosp,1,2025-11-29,20,quantile,0.15,6
2025-11-22,wk inc flu hosp,1,2025-11-29,20,quantile,0.2,6
2025-11-22,wk inc flu hosp,1,2025-11-29,20,quantile,0.25,7
2025-11-22,wk inc flu hosp,1,2025-11-29,20,quantile,0.3,8
2025-11-22,wk inc flu hosp,1,2025-11-29,20,quantile,0.35,8
2025-11-22,wk inc flu hosp,1,2025-11-29,20,quantile,0.4,8
2025-11-22,wk inc flu hosp,1,2025-11-29,20,quantile,0.45,9
2025-11-22,wk inc flu hosp,1,2025-11-29,20,quantile,0.5,9
2025-11-22,wk inc flu hosp,1,2025-11-29,20,quantile,0.55,10
2025-11-22,wk inc flu hosp,1,2025-11-29,20,quantile,0.6,11
2025-11-22,wk inc flu hosp,1,2025-11-29,20,quantile,0.65,11
2025-11-22,wk inc flu hosp,1,2025-11-29,20,quantile,0.7,12
2025-11-22,wk inc flu hosp,1,2025-11-29,20,quantile,0.75,14
2025-11-22,wk inc flu hosp,1,2025-11-29,20,quantile,0.8,15
2025-11-22,wk inc flu hosp,1,2025-11-29,20,quantile,0.85,17
2025-11-22,wk inc flu hosp,1,2025-11-29,20,quantile,0.9,22
2025-11-22,wk inc flu hosp,1,2025-11-29,20,quantile,0.95,29
2025-11-22,wk inc flu hosp,1,2025-11-29,20,quantile,0.975,35
2025-11-22,wk inc flu hosp,1,2025-11-29,20,quantile,0.99,36
2025-11-22,wk inc flu hosp,2,2025-12-06,20,quantile,0.01,2
2025-11-22,wk inc flu hosp,2,2025-12-06,20,quantile,0.025,3
2025-11-22,wk inc flu hosp,2,2025-12-06,20,quantile,0.05,4
2025-11-22,wk inc flu hosp,2,2025-12-06,20,quantile,0.1,5
2025-11-22,wk inc flu hosp,2,2025-12-06,20,quantile,0.15,6
2025-11-22,wk inc flu hosp,2,2025-12-06,20,quantile,0.2,7
2025-11-22,wk inc flu hosp,2,2025-12-06,20,quantile,0.25,7
2025-11-22,wk inc flu hosp,2,2025-12-06,20,quantile,0.3,8
2025-11-22,wk inc flu hosp,2,2025-12-06,20,quantile,0.35,8
2025-11-22,wk inc flu hosp,2,2025-12-06,20,quantile,0.4,9
2025-11-22,wk inc flu hosp,2,2025-12-06,20,quantile,0.45,10
2025-11-22,wk inc flu hosp,2,2025-12-06,20,quantile,0.5,10
2025-11-22,wk inc flu hosp,2,2025-12-06,20,quantile,0.55,11
2025-11-22,wk inc flu hosp,2,2025-12-06,20,quantile,0.6,12
2025-11-22,wk inc flu hosp,2,2025-12-06,20,quantile,0.65,13
2025-11-22,wk inc flu hosp,2,2025-12-06,20,quantile,0.7,14
2025-11-22,wk inc flu hosp,2,2025-12-06,20,quantile,0.75,16
2025-11-22,wk inc flu hosp,2,2025-12-06,20,quantile,0.8,18
2025-11-22,wk inc flu hosp,2,2025-12-06,20,quantile,0.85,21
2025-11-22,wk inc flu hosp,2,2025-12-06,20,quantile,0.9,27
2025-11-22,wk inc flu hosp,2,2025-12-06,20,quantile,0.95,39
2025-11-22,wk inc flu hosp,2,2025-12-06,20,quantile,0.975,41
2025-11-22,wk inc flu hosp,2,2025-12-06,20,quantile,0.99,41
2025-11-22,wk inc flu hosp,3,2025-12-13,20,quantile,0.01,2
2025-11-22,wk inc flu hosp,3,2025-12-13,20,quantile,0.025,3
2025-11-22,wk inc flu hosp,3,2025-12-13,20,quantile,0.05,4
2025-11-22,wk inc flu hosp,3,2025-12-13,20,quantile,0.1,6
2025-11-22,wk inc flu hosp,3,2025-12-13,20,quantile,0.15,7
2025-11-22,wk inc flu hosp,3,2025-12-13,20,quantile,0.2,7
2025-11-22,wk inc flu hosp,3,2025-12-13,20,quantile,0.25,7
2025-11-22,wk inc flu hosp,3,2025-12-13,20,quantile,0.3,8
2025-11-22,wk inc flu hosp,3,2025-12-13,20,quantile,0.35,9
2025-11-22,wk inc flu hosp,3,2025-12-13,20,quantile,0.4,10
2025-11-22,wk inc flu hosp,3,2025-12-13,20,quantile,0.45,11
2025-11-22,wk inc flu hosp,3,2025-12-13,20,quantile,0.5,12
2025-11-22,wk inc flu hosp,3,2025-12-13,20,quantile,0.55,13
2025-11-22,wk inc flu hosp,3,2025-12-13,20,quantile,0.6,15
2025-11-22,wk inc flu hosp,3,2025-12-13,20,quantile,0.65,16
2025-11-22,wk inc flu hosp,3,2025-12-13,20,quantile,0.7,18
2025-11-22,wk inc flu hosp,3,2025-12-13,20,quantile,0.75,20
2025-11-22,wk inc flu hosp,3,2025-12-13,20,quantile,0.8,24
2025-11-22,wk inc flu hosp,3,2025-12-13,20,quantile,0.85,30
2025-11-22,wk inc flu hosp,3,2025-12-13,20,quantile,0.9,41
2025-11-22,wk inc flu hosp,3,2025-12-13,20,quantile,0.95,55
2025-11-22,wk inc flu hosp,3,2025-12-13,20,quantile,0.975,55
2025-11-22,wk inc flu hosp,3,2025-12-13,20,quantile,0.99,55
2025-11-22,wk inc flu hosp,0,2025-11-22,21,quantile,0.01,9
2025-11-22,wk inc flu hosp,0,2025-11-22,21,quantile,0.025,9
2025-11-22,wk inc flu hosp,0,2025-11-22,21,quantile,0.05,11
2025-11-22,wk inc flu hosp,0,2025-11-22,21,quantile,0.1,12
2025-11-22,wk inc flu hosp,0,2025-11-22,21,quantile,0.15,14
2025-11-22,wk inc flu hosp,0,2025-11-22,21,quantile,0.2,15
2025-11-22,wk inc flu hosp,0,2025-11-22,21,quantile,0.25,15
2025-11-22,wk inc flu hosp,0,2025-11-22,21,quantile,0.3,17
2025-11-22,wk inc flu hosp,0,2025-11-22,21,quantile,0.35,18
2025-11-22,wk inc flu hosp,0,2025-11-22,21,quantile,0.4,19
2025-11-22,wk inc flu hosp,0,2025-11-22,21,quantile,0.45,19
2025-11-22,wk inc flu hosp,0,2025-11-22,21,quantile,0.5,21
2025-11-22,wk inc flu hosp,0,2025-11-22,21,quantile,0.55,21
2025-11-22,wk inc flu hosp,0,2025-11-22,21,quantile,0.6,22
2025-11-22,wk inc flu hosp,0,2025-11-22,21,quantile,0.65,24
2025-11-22,wk inc flu hosp,0,2025-11-22,21,quantile,0.7,25
2025-11-22,wk inc flu hosp,0,2025-11-22,21,quantile,0.75,26
2025-11-22,wk inc flu hosp,0,2025-11-22,21,quantile,0.8,28
2025-11-22,wk inc flu hosp,0,2025-11-22,21,quantile,0.85,30
2025-11-22,wk inc flu hosp,0,2025-11-22,21,quantile,0.9,33
2025-11-22,wk inc flu hosp,0,2025-11-22,21,quantile,0.95,39
2025-11-22,wk inc flu hosp,0,2025-11-22,21,quantile,0.975,44
2025-11-22,wk inc flu hosp,0,2025-11-22,21,quantile,0.99,52
2025-11-22,wk inc flu hosp,1,2025-11-29,21,quantile,0.01,7
2025-11-22,wk inc flu hosp,1,2025-11-29,21,quantile,0.025,9
2025-11-22,wk inc flu hosp,1,2025-11-29,21,quantile,0.05,10
2025-11-22,wk inc flu hosp,1,2025-11-29,21,quantile,0.1,12
2025-11-22,wk inc flu hosp,1,2025-11-29,21,quantile,0.15,13
2025-11-22,wk inc flu hosp,1,2025-11-29,21,quantile,0.2,14
2025-11-22,wk inc flu hosp,1,2025-11-29,21,quantile,0.25,16
2025-11-22,wk inc flu hosp,1,2025-11-29,21,quantile,0.3,17
2025-11-22,wk inc flu hosp,1,2025-11-29,21,quantile,0.35,17
2025-11-22,wk inc flu hosp,1,2025-11-29,21,quantile,0.4,18
2025-11-22,wk inc flu hosp,1,2025-11-29,21,quantile,0.45,19
2025-11-22,wk inc flu hosp,1,2025-11-29,21,quantile,0.5,20
2025-11-22,wk inc flu hosp,1,2025-11-29,21,quantile,0.55,21
2025-11-22,wk inc flu hosp,1,2025-11-29,21,quantile,0.6,23
2025-11-22,wk inc flu hosp,1,2025-11-29,21,quantile,0.65,24
2025-11-22,wk inc flu hosp,1,2025-11-29,21,quantile,0.7,26
2025-11-22,wk inc flu hosp,1,2025-11-29,21,quantile,0.75,28
2025-11-22,wk inc flu hosp,1,2025-11-29,21,quantile,0.8,31
2025-11-22,wk inc flu hosp,1,2025-11-29,21,quantile,0.85,35
2025-11-22,wk inc flu hosp,1,2025-11-29,21,quantile,0.9,43
2025-11-22,wk inc flu hosp,1,2025-11-29,21,quantile,0.95,54
2025-11-22,wk inc flu hosp,1,2025-11-29,21,quantile,0.975,66
2025-11-22,wk inc flu hosp,1,2025-11-29,21,quantile,0.99,66
2025-11-22,wk inc flu hosp,2,2025-12-06,21,quantile,0.01,6
2025-11-22,wk inc flu hosp,2,2025-12-06,21,quantile,0.025,8
2025-11-22,wk inc flu hosp,2,2025-12-06,21,quantile,0.05,10
2025-11-22,wk inc flu hosp,2,2025-12-06,21,quantile,0.1,12
2025-11-22,wk inc flu hosp,2,2025-12-06,21,quantile,0.15,13
2025-11-22,wk inc flu hosp,2,2025-12-06,21,quantile,0.2,15
2025-11-22,wk inc flu hosp,2,2025-12-06,21,quantile,0.25,16
2025-11-22,wk inc flu hosp,2,2025-12-06,21,quantile,0.3,17
2025-11-22,wk inc flu hosp,2,2025-12-06,21,quantile,0.35,18
2025-11-22,wk inc flu hosp,2,2025-12-06,21,quantile,0.4,19
2025-11-22,wk inc flu hosp,2,2025-12-06,21,quantile,0.45,21
2025-11-22,wk inc flu hosp,2,2025-12-06,21,quantile,0.5,22
2025-11-22,wk inc flu hosp,2,2025-12-06,21,quantile,0.55,23
2025-11-22,wk inc flu hosp,2,2025-12-06,21,quantile,0.6,25
2025-11-22,wk inc flu hosp,2,2025-12-06,21,quantile,0.65,27
2025-11-22,wk inc flu hosp,2,2025-12-06,21,quantile,0.7,29
2025-11-22,wk inc flu hosp,2,2025-12-06,21,quantile,0.75,33
2025-11-22,wk inc flu hosp,2,2025-12-06,21,quantile,0.8,37
2025-11-22,wk inc flu hosp,2,2025-12-06,21,quantile,0.85,43
2025-11-22,wk inc flu hosp,2,2025-12-06,21,quantile,0.9,53
2025-11-22,wk inc flu hosp,2,2025-12-06,21,quantile,0.95,73
2025-11-22,wk inc flu hosp,2,2025-12-06,21,quantile,0.975,77
2025-11-22,wk inc flu hosp,2,2025-12-06,21,quantile,0.99,77
2025-11-22,wk inc flu hosp,3,2025-12-13,21,quantile,0.01,6
2025-11-22,wk inc flu hosp,3,2025-12-13,21,quantile,0.025,8
2025-11-22,wk inc flu hosp,3,2025-12-13,21,quantile,0.05,10
2025-11-22,wk inc flu hosp,3,2025-12-13,21,quantile,0.1,13
2025-11-22,wk inc flu hosp,3,2025-12-13,21,quantile,0.15,15
2025-11-22,wk inc flu hosp,3,2025-12-13,21,quantile,0.2,16
2025-11-22,wk inc flu hosp,3,2025-12-13,21,quantile,0.25,16
2025-11-22,wk inc flu hosp,3,2025-12-13,21,quantile,0.3,18
2025-11-22,wk inc flu hosp,3,2025-12-13,21,quantile,0.35,20
2025-11-22,wk inc flu hosp,3,2025-12-13,21,quantile,0.4,22
2025-11-22,wk inc flu hosp,3,2025-12-13,21,quantile,0.45,24
2025-11-22,wk inc flu hosp,3,2025-12-13,21,quantile,0.5,26
2025-11-22,wk inc flu hosp,3,2025-12-13,21,quantile,0.55,28
2025-11-22,wk inc flu hosp,3,2025-12-13,21,quantile,0.6,30
2025-11-22,wk inc flu hosp,3,2025-12-13,21,quantile,0.65,33
2025-11-22,wk inc flu hosp,3,2025-12-13,21,quantile,0.7,36
2025-11-22,wk inc flu hosp,3,2025-12-13,21,quantile,0.75,41
2025-11-22,wk inc flu hosp,3,2025-12-13,21,quantile,0.8,48
2025-11-22,wk inc flu hosp,3,2025-12-13,21,quantile,0.85,59
2025-11-22,wk inc flu hosp,3,2025-12-13,21,quantile,0.9,77
2025-11-22,wk inc flu hosp,3,2025-12-13,21,quantile,0.95,103
2025-11-22,wk inc flu hosp,3,2025-12-13,21,quantile,0.975,103
2025-11-22,wk inc flu hosp,3,2025-12-13,21,quantile,0.99,103
2025-11-22,wk inc flu hosp,0,2025-11-22,22,quantile,0.01,55
2025-11-22,wk inc flu hosp,0,2025-11-22,22,quantile,0.025,55
2025-11-22,wk inc flu hosp,0,2025-11-22,22,quantile,0.05,62
2025-11-22,wk inc flu hosp,0,2025-11-22,22,quantile,0.1,66
2025-11-22,wk inc flu hosp,0,2025-11-22,22,quantile,0.15,74
2025-11-22,wk inc flu hosp,0,2025-11-22,22,quantile,0.2,77
2025-11-22,wk inc flu hosp,0,2025-11-22,22,quantile,0.25,77
2025-11-22,wk inc flu hosp,0,2025-11-22,22,quantile,0.3,81
2025-11-22,wk inc flu hosp,0,2025-11-22,22,quantile,0.35,84
2025-11-22,wk inc flu hosp,0,2025-11-22,22,quantile,0.4,86
2025-11-22,wk inc flu hosp,0,2025-11-22,22,quantile,0.45,88
2025-11-22,wk inc flu hosp,0,2025-11-22,22,quantile,0.5,91
2025-11-22,wk inc flu hosp,0,2025-11-22,22,quantile,0.55,93
2025-11-22,wk inc flu hosp,0,2025-11-22,22,quantile,0.6,95
2025-11-22,wk inc flu hosp,0,2025-11-22,22,quantile,0.65,98
2025-11-22,wk inc flu hosp,0,2025-11-22,22,quantile,0.7,100
2025-11-22,wk inc flu hosp,0,2025-11-22,22,quantile,0.75,103
2025-11-22,wk inc flu hosp,0,2025-11-22,22,quantile,0.8,108
2025-11-22,wk inc flu hosp,0,2025-11-22,22,quantile,0.85,113
2025-11-22,wk inc flu hosp,0,2025-11-22,22,quantile,0.9,120
2025-11-22,wk inc flu hosp,0,2025-11-22,22,quantile,0.95,132
2025-11-22,wk inc flu hosp,0,2025-11-22,22,quantile,0.975,143
2025-11-22,wk inc flu hosp,0,2025-11-22,22,quantile,0.99,158
2025-11-22,wk inc flu hosp,1,2025-11-29,22,quantile,0.01,46
2025-11-22,wk inc flu hosp,1,2025-11-29,22,quantile,0.025,51
2025-11-22,wk inc flu hosp,1,2025-11-29,22,quantile,0.05,55
2025-11-22,wk inc flu hosp,1,2025-11-29,22,quantile,0.1,63
2025-11-22,wk inc flu hosp,1,2025-11-29,22,quantile,0.15,66
2025-11-22,wk inc flu hosp,1,2025-11-29,22,quantile,0.2,69
2025-11-22,wk inc flu hosp,1,2025-11-29,22,quantile,0.25,74
2025-11-22,wk inc flu hosp,1,2025-11-29,22,quantile,0.3,76
2025-11-22,wk inc flu hosp,1,2025-11-29,22,quantile,0.35,77
2025-11-22,wk inc flu hosp,1,2025-11-29,22,quantile,0.4,79
2025-11-22,wk inc flu hosp,1,2025-11-29,22,quantile,0.45,82
2025-11-22,wk inc flu hosp,1,2025-11-29,22,quantile,0.5,86
2025-11-22,wk inc flu hosp,1,2025-11-29,22,quantile,0.55,89
2025-11-22,wk inc flu hosp,1,2025-11-29,22,quantile,0.6,92
2025-11-22,wk inc flu hosp,1,2025-11-29,22,quantile,0.65,96
2025-11-22,wk inc flu hosp,1,2025-11-29,22,quantile,0.7,102
2025-11-22,wk inc flu hosp,1,2025-11-29,22,quantile,0.75,107
2025-11-22,wk inc flu hosp,1,2025-11-29,22,quantile,0.8,114
2025-11-22,wk inc flu hosp,1,2025-11-29,22,quantile,0.85,124
2025-11-22,wk inc flu hosp,1,2025-11-29,22,quantile,0.9,142
2025-11-22,wk inc flu hosp,1,2025-11-29,22,quantile,0.95,168
2025-11-22,wk inc flu hosp,1,2025-11-29,22,quantile,0.975,196
2025-11-22,wk inc flu hosp,1,2025-11-29,22,quantile,0.99,197
2025-11-22,wk inc flu hosp,2,2025-12-06,22,quantile,0.01,37
2025-11-22,wk inc flu hosp,2,2025-12-06,22,quantile,0.025,45
2025-11-22,wk inc flu hosp,2,2025-12-06,22,quantile,0.05,51
2025-11-22,wk inc flu hosp,2,2025-12-06,22,quantile,0.1,58
2025-11-22,wk inc flu hosp,2,2025-12-06,22,quantile,0.15,62
2025-11-22,wk inc flu hosp,2,2025-12-06,22,quantile,0.2,68
2025-11-22,wk inc flu hosp,2,2025-12-06,22,quantile,0.25,71
2025-11-22,wk inc flu hosp,2,2025-12-06,22,quantile,0.3,72
2025-11-22,wk inc flu hosp,2,2025-12-06,22,quantile,0.35,76
2025-11-22,wk inc flu hosp,2,2025-12-06,22,quantile,0.4,79
2025-11-22,wk inc flu hosp,2,2025-12-06,22,quantile,0.45,84
2025-11-22,wk inc flu hosp,2,2025-12-06,22,quantile,0.5,88
2025-11-22,wk inc flu hosp,2,2025-12-06,22,quantile,0.55,92
2025-11-22,wk inc flu hosp,2,2025-12-06,22,quantile,0.6,97
2025-11-22,wk inc flu hosp,2,2025-12-06,22,quantile,0.65,102
2025-11-22,wk inc flu hosp,2,2025-12-06,22,quantile,0.7,110
2025-11-22,wk inc flu hosp,2,2025-12-06,22,quantile,0.75,118
2025-11-22,wk inc flu hosp,2,2025-12-06,22,quantile,0.8,129
2025-11-22,wk inc flu hosp,2,2025-12-06,22,quantile,0.85,146
2025-11-22,wk inc flu hosp,2,2025-12-06,22,quantile,0.9,175
2025-11-22,wk inc flu hosp,2,2025-12-06,22,quantile,0.95,230
2025-11-22,wk inc flu hosp,2,2025-12-06,22,quantile,0.975,240
2025-11-22,wk inc flu hosp,2,2025-12-06,22,quantile,0.99,240
2025-11-22,wk inc flu hosp,3,2025-12-13,22,quantile,0.01,38
2025-11-22,wk inc flu hosp,3,2025-12-13,22,quantile,0.025,45
2025-11-22,wk inc flu hosp,3,2025-12-13,22,quantile,0.05,52
2025-11-22,wk inc flu hosp,3,2025-12-13,22,quantile,0.1,61
2025-11-22,wk inc flu hosp,3,2025-12-13,22,quantile,0.15,67
2025-11-22,wk inc flu hosp,3,2025-12-13,22,quantile,0.2,70
2025-11-22,wk inc flu hosp,3,2025-12-13,22,quantile,0.25,71
2025-11-22,wk inc flu hosp,3,2025-12-13,22,quantile,0.3,78
2025-11-22,wk inc flu hosp,3,2025-12-13,22,quantile,0.35,82
2025-11-22,wk inc flu hosp,3,2025-12-13,22,quantile,0.4,87
2025-11-22,wk inc flu hosp,3,2025-12-13,22,quantile,0.45,93
2025-11-22,wk inc flu hosp,3,2025-12-13,22,quantile,0.5,98
2025-11-22,wk inc flu hosp,3,2025-12-13,22,quantile,0.55,103
2025-11-22,wk inc flu hosp,3,2025-12-13,22,quantile,0.6,109
2025-11-22,wk inc flu hosp,3,2025-12-13,22,quantile,0.65,117
2025-11-22,wk inc flu hosp,3,2025-12-13,22,quantile,0.7,126
2025-11-22,wk inc flu hosp,3,2025-12-13,22,quantile,0.75,138
2025-11-22,wk inc flu hosp,3,2025-12-13,22,quantile,0.8,155
2025-11-22,wk inc flu hosp,3,2025-12-13,22,quantile,0.85,183
2025-11-22,wk inc flu hosp,3,2025-12-13,22,quantile,0.9,226
2025-11-22,wk inc flu hosp,3,2025-12-13,22,quantile,0.95,291
2025-11-22,wk inc flu hosp,3,2025-12-13,22,quantile,0.975,291
2025-11-22,wk inc flu hosp,3,2025-12-13,22,quantile,0.99,291
2025-11-22,wk inc flu hosp,0,2025-11-22,23,quantile,0.01,1
2025-11-22,wk inc flu hosp,0,2025-11-22,23,quantile,0.025,1
2025-11-22,wk inc flu hosp,0,2025-11-22,23,quantile,0.05,1
2025-11-22,wk inc flu hosp,0,2025-11-22,23,quantile,0.1,1
2025-11-22,wk inc flu hosp,0,2025-11-22,23,quantile,0.15,2
2025-11-22,wk inc flu hosp,0,2025-11-22,23,quantile,0.2,2
2025-11-22,wk inc flu hosp,0,2025-11-22,23,quantile,0.25,2
2025-11-22,wk inc flu hosp,0,2025-11-22,23,quantile,0.3,3
2025-11-22,wk inc flu hosp,0,2025-11-22,23,quantile,0.35,3
2025-11-22,wk inc flu hosp,0,2025-11-22,23,quantile,0.4,3
2025-11-22,wk inc flu hosp,0,2025-11-22,23,quantile,0.45,4
2025-11-22,wk inc flu hosp,0,2025-11-22,23,quantile,0.5,4
2025-11-22,wk inc flu hosp,0,2025-11-22,23,quantile,0.55,4
2025-11-22,wk inc flu hosp,0,2025-11-22,23,quantile,0.6,5
2025-11-22,wk inc flu hosp,0,2025-11-22,23,quantile,0.65,5
2025-11-22,wk inc flu hosp,0,2025-11-22,23,quantile,0.7,5
2025-11-22,wk inc flu hosp,0,2025-11-22,23,quantile,0.75,6
2025-11-22,wk inc flu hosp,0,2025-11-22,23,quantile,0.8,7
2025-11-22,wk inc flu hosp,0,2025-11-22,23,quantile,0.85,8
2025-11-22,wk inc flu hosp,0,2025-11-22,23,quantile,0.9,9
2025-11-22,wk inc flu hosp,0,2025-11-22,23,quantile,0.95,11
2025-11-22,wk inc flu hosp,0,2025-11-22,23,quantile,0.975,14
2025-11-22,wk inc flu hosp,0,2025-11-22,23,quantile,0.99,18
2025-11-22,wk inc flu hosp,1,2025-11-29,23,quantile,0.01,0
2025-11-22,wk inc flu hosp,1,2025-11-29,23,quantile,0.025,1
2025-11-22,wk inc flu hosp,1,2025-11-29,23,quantile,0.05,1
2025-11-22,wk inc flu hosp,1,2025-11-29,23,quantile,0.1,2
2025-11-22,wk inc flu hosp,1,2025-11-29,23,quantile,0.15,2
2025-11-22,wk inc flu hosp,1,2025-11-29,23,quantile,0.2,2
2025-11-22,wk inc flu hosp,1,2025-11-29,23,quantile,0.25,3
2025-11-22,wk inc flu hosp,1,2025-11-29,23,quantile,0.3,3
2025-11-22,wk inc flu hosp,1,2025-11-29,23,quantile,0.35,3
2025-11-22,wk inc flu hosp,1,2025-11-29,23,quantile,0.4,3
2025-11-22,wk inc flu hosp,1,2025-11-29,23,quantile,0.45,3
2025-11-22,wk inc flu hosp,1,2025-11-29,23,quantile,0.5,4
2025-11-22,wk inc flu hosp,1,2025-11-29,23,quantile,0.55,4
2025-11-22,wk inc flu hosp,1,2025-11-29,23,quantile,0.6,5
2025-11-22,wk inc flu hosp,1,2025-11-29,23,quantile,0.65,5
2025-11-22,wk inc flu hosp,1,2025-11-29,23,quantile,0.7,6
2025-11-22,wk inc flu hosp,1,2025-11-29,23,quantile,0.75,6
2025-11-22,wk inc flu hosp,1,2025-11-29,23,quantile,0.8,7
2025-11-22,wk inc flu hosp,1,2025-11-29,23,quantile,0.85,9
2025-11-22,wk inc flu hosp,1,2025-11-29,23,quantile,0.9,11
2025-11-22,wk inc flu hosp,1,2025-11-29,23,quantile,0.95,16
2025-11-22,wk inc flu hosp,1,2025-11-29,23,quantile,0.975,20
2025-11-22,wk inc flu hosp,1,2025-11-29,23,quantile,0.99,20
2025-11-22,wk inc flu hosp,2,2025-12-06,23,quantile,0.01,0
2025-11-22,wk inc flu hosp,2,2025-12-06,23,quantile,0.025,1
2025-11-22,wk inc flu hosp,2,2025-12-06,23,quantile,0.05,1
2025-11-22,wk inc flu hosp,2,2025-12-06,23,quantile,0.1,2
2025-11-22,wk inc flu hosp,2,2025-12-06,23,quantile,0.15,2
2025-11-22,wk inc flu hosp,2,2025-12-06,23,quantile,0.2,2
2025-11-22,wk inc flu hosp,2,2025-12-06,23,quantile,0.25,3
2025-11-22,wk inc flu hosp,2,2025-12-06,23,quantile,0.3,3
2025-11-22,wk inc flu hosp,2,2025-12-06,23,quantile,0.35,3
2025-11-22,wk inc flu hosp,2,2025-12-06,23,quantile,0.4,3
2025-11-22,wk inc flu hosp,2,2025-12-06,23,quantile,0.45,4
2025-11-22,wk inc flu hosp,2,2025-12-06,23,quantile,0.5,4
2025-11-22,wk inc flu hosp,2,2025-12-06,23,quantile,0.55,5
2025-11-22,wk inc flu hosp,2,2025-12-06,23,quantile,0.6,5
2025-11-22,wk inc flu hosp,2,2025-12-06,23,quantile,0.65,6
2025-11-22,wk inc flu hosp,2,2025-12-06,23,quantile,0.7,7
2025-11-22,wk inc flu hosp,2,2025-12-06,23,quantile,0.75,8
2025-11-22,wk inc flu hosp,2,2025-12-06,23,quantile,0.8,9
2025-11-22,wk inc flu hosp,2,2025-12-06,23,quantile,0.85,11
2025-11-22,wk inc flu hosp,2,2025-12-06,23,quantile,0.9,15
2025-11-22,wk inc flu hosp,2,2025-12-06,23,quantile,0.95,22
2025-11-22,wk inc flu hosp,2,2025-12-06,23,quantile,0.975,23
2025-11-22,wk inc flu hosp,2,2025-12-06,23,quantile,0.99,23
2025-11-22,wk inc flu hosp,3,2025-12-13,23,quantile,0.01,0
2025-11-22,wk inc flu hosp,3,2025-12-13,23,quantile,0.025,1
2025-11-22,wk inc flu hosp,3,2025-12-13,23,quantile,0.05,1
2025-11-22,wk inc flu hosp,3,2025-12-13,23,quantile,0.1,2
2025-11-22,wk inc flu hosp,3,2025-12-13,23,quantile,0.15,2
2025-11-22,wk inc flu hosp,3,2025-12-13,23,quantile,0.2,2
2025-11-22,wk inc flu hosp,3,2025-12-13,23,quantile,0.25,2
2025-11-22,wk inc flu hosp,3,2025-12-13,23,quantile,0.3,3
2025-11-22,wk inc flu hosp,3,2025-12-13,23,quantile,0.35,3
2025-11-22,wk inc flu hosp,3,2025-12-13,23,quantile,0.4,4
2025-11-22,wk inc flu hosp,3,2025-12-13,23,quantile,0.45,4
2025-11-22,wk inc flu hosp,3,2025-12-13,23,quantile,0.5,5
2025-11-22,wk inc flu hosp,3,2025-12-13,23,quantile,0.55,5
2025-11-22,wk inc flu hosp,3,2025-12-13,23,quantile,0.6,6
2025-11-22,wk inc flu hosp,3,2025-12-13,23,quantile,0.65,7
2025-11-22,wk inc flu hosp,3,2025-12-13,23,quantile,0.7,8
2025-11-22,wk inc flu hosp,3,2025-12-13,23,quantile,0.75,9
2025-11-22,wk inc flu hosp,3,2025-12-13,23,quantile,0.8,11
2025-11-22,wk inc flu hosp,3,2025-12-13,23,quantile,0.85,15
2025-11-22,wk inc flu hosp,3,2025-12-13,23,quantile,0.9,21
2025-11-22,wk inc flu hosp,3,2025-12-13,23,quantile,0.95,30
2025-11-22,wk inc flu hosp,3,2025-12-13,23,quantile,0.975,30
2025-11-22,wk inc flu hosp,3,2025-12-13,23,quantile,0.99,30
2025-11-22,wk inc flu hosp,0,2025-11-22,24,quantile,0.01,13
2025-11-22,wk inc flu hosp,0,2025-11-22,24,quantile,0.025,13
2025-11-22,wk inc flu hosp,0,2025-11-22,24,quantile,0.05,15
2025-11-22,wk inc flu hosp,0,2025-11-22,24,quantile,0.1,16
2025-11-22,wk inc flu hosp,0,2025-11-22,24,quantile,0.15,20
2025-11-22,wk inc flu hosp,0,2025-11-22,24,quantile,0.2,21
2025-11-22,wk inc flu hosp,0,2025-11-22,24,quantile,0.25,21
2025-11-22,wk inc flu hosp,0,2025-11-22,24,quantile,0.3,24
2025-11-22,wk inc flu hosp,0,2025-11-22,24,quantile,0.35,25
2025-11-22,wk inc flu hosp,0,2025-11-22,24,quantile,0.4,27
2025-11-22,wk inc flu hosp,0,2025-11-22,24,quantile,0.45,28
2025-11-22,wk inc flu hosp,0,2025-11-22,24,quantile,0.5,30
2025-11-22,wk inc flu hosp,0,2025-11-22,24,quantile,0.55,31
2025-11-22,wk inc flu hosp,0,2025-11-22,24,quantile,0.6,32
2025-11-22,wk inc flu hosp,0,2025-11-22,24,quantile,0.65,34
2025-11-22,wk inc flu hosp,0,2025-11-22,24,quantile,0.7,36
2025-11-22,wk inc flu hosp,0,2025-11-22,24,quantile,0.75,38
2025-11-22,wk inc flu hosp,0,2025-11-22,24,quantile,0.8,41
2025-11-22,wk inc flu hosp,0,2025-11-22,24,quantile,0.85,45
2025-11-22,wk inc flu hosp,0,2025-11-22,24,quantile,0.9,50
2025-11-22,wk inc flu hosp,0,2025-11-22,24,quantile,0.95,59
2025-11-22,wk inc flu hosp,0,2025-11-22,24,quantile,0.975,68
2025-11-22,wk inc flu hosp,0,2025-11-22,24,quantile,0.99,82
2025-11-22,wk inc flu hosp,1,2025-11-29,24,quantile,0.01,11
2025-11-22,wk inc flu hosp,1,2025-11-29,24,quantile,0.025,13
2025-11-22,wk inc flu hosp,1,2025-11-29,24,quantile,0.05,15
2025-11-22,wk inc flu hosp,1,2025-11-29,24,quantile,0.1,18
2025-11-22,wk inc flu hosp,1,2025-11-29,24,quantile,0.15,19
2025-11-22,wk inc flu hosp,1,2025-11-29,24,quantile,0.2,21
2025-11-22,wk inc flu hosp,1,2025-11-29,24,quantile,0.25,23
2025-11-22,wk inc flu hosp,1,2025-11-29,24,quantile,0.3,24
2025-11-22,wk inc flu hosp,1,2025-11-29,24,quantile,0.35,24
2025-11-22,wk inc flu hosp,1,2025-11-29,24,quantile,0.4,25
2025-11-22,wk inc flu hosp,1,2025-11-29,24,quantile,0.45,27
2025-11-22,wk inc flu hosp,1,2025-11-29,24,quantile,0.5,28
2025-11-22,wk inc flu hosp,1,2025-11-29,24,quantile,0.55,30
2025-11-22,wk inc flu hosp,1,2025-11-29,24,quantile,0.6,32
2025-11-22,wk inc flu hosp,1,2025-11-29,24,quantile,0.65,34
2025-11-22,wk inc flu hosp,1,2025-11-29,24,quantile,0.7,37
2025-11-22,wk inc flu hosp,1,2025-11-29,24,quantile,0.75,39
2025-11-22,wk inc flu hosp,1,2025-11-29,24,quantile,0.8,44
2025-11-22,wk inc flu hosp,1,2025-11-29,24,quantile,0.85,49
2025-11-22,wk inc flu hosp,1,2025-11-29,24,quantile,0.9,61
2025-11-22,wk inc flu hosp,1,2025-11-29,24,quantile,0.95,78
2025-11-22,wk inc flu hosp,1,2025-11-29,24,quantile,0.975,95
2025-11-22,wk inc flu hosp,1,2025-11-29,24,quantile,0.99,95
2025-11-22,wk inc flu hosp,2,2025-12-06,24,quantile,0.01,7
2025-11-22,wk inc flu hosp,2,2025-12-06,24,quantile,0.025,10
2025-11-22,wk inc flu hosp,2,2025-12-06,24,quantile,0.05,12
2025-11-22,wk inc flu hosp,2,2025-12-06,24,quantile,0.1,15
2025-11-22,wk inc flu hosp,2,2025-12-06,24,quantile,0.15,17
2025-11-22,wk inc flu hosp,2,2025-12-06,24,quantile,0.2,20
2025-11-22,wk inc flu hosp,2,2025-12-06,24,quantile,0.25,21
2025-11-22,wk inc flu hosp,2,2025-12-06,24,quantile,0.3,22
2025-11-22,wk inc flu hosp,2,2025-12-06,24,quantile,0.35,24
2025-11-22,wk inc flu hosp,2,2025-12-06,24,quantile,0.4,25
2025-11-22,wk inc flu hosp,2,2025-12-06,24,quantile,0.45,27
2025-11-22,wk inc flu hosp,2,2025-12-06,24,quantile,0.5,29
2025-11-22,wk inc flu hosp,2,2025-12-06,24,quantile,0.55,31
2025-11-22,wk inc flu hosp,2,2025-12-06,24,quantile,0.6,33
2025-11-22,wk inc flu hosp,2,2025-12-06,24,quantile,0.65,36
2025-11-22,wk inc flu hosp,2,2025-12-06,24,quantile,0.7,40
2025-11-22,wk inc flu hosp,2,2025-12-06,24,quantile,0.75,44
2025-11-22,wk inc flu hosp,2,2025-12-06,24,quantile,0.8,50
2025-11-22,wk inc flu hosp,2,2025-12-06,24,quantile,0.85,60
2025-11-22,wk inc flu hosp,2,2025-12-06,24,quantile,0.9,76
2025-11-22,wk inc flu hosp,2,2025-12-06,24,quantile,0.95,108
2025-11-22,wk inc flu hosp,2,2025-12-06,24,quantile,0.975,113
2025-11-22,wk inc flu hosp,2,2025-12-06,24,quantile,0.99,113
2025-11-22,wk inc flu hosp,3,2025-12-13,24,quantile,0.01,7
2025-11-22,wk inc flu hosp,3,2025-12-13,24,quantile,0.025,10
2025-11-22,wk inc flu hosp,3,2025-12-13,24,quantile,0.05,12
2025-11-22,wk inc flu hosp,3,2025-12-13,24,quantile,0.1,16
2025-11-22,wk inc flu hosp,3,2025-12-13,24,quantile,0.15,19
2025-11-22,wk inc flu hosp,3,2025-12-13,24,quantile,0.2,20
2025-11-22,wk inc flu hosp,3,2025-12-13,24,quantile,0.25,21
2025-11-22,wk inc flu hosp,3,2025-12-13,24,quantile,0.3,24
2025-11-22,wk inc flu hosp,3,2025-12-13,24,quantile,0.35,26
2025-11-22,wk inc flu hosp,3,2025-12-13,24,quantile,0.4,28
2025-11-22,wk inc flu hosp,3,2025-12-13,24,quantile,0.45,31
2025-11-22,wk inc flu hosp,3,2025-12-13,24,quantile,0.5,33
2025-11-22,wk inc flu hosp,3,2025-12-13,24,quantile,0.55,37
2025-11-22,wk inc flu hosp,3,2025-12-13,24,quantile,0.6,39
2025-11-22,wk inc flu hosp,3,2025-12-13,24,quantile,0.65,43
2025-11-22,wk inc flu hosp,3,2025-12-13,24,quantile,0.7,48
2025-11-22,wk inc flu hosp,3,2025-12-13,24,quantile,0.75,55
2025-11-22,wk inc flu hosp,3,2025-12-13,24,quantile,0.8,64
2025-11-22,wk inc flu hosp,3,2025-12-13,24,quantile,0.85,81
2025-11-22,wk inc flu hosp,3,2025-12-13,24,quantile,0.9,107
2025-11-22,wk inc flu hosp,3,2025-12-13,24,quantile,0.95,148
2025-11-22,wk inc flu hosp,3,2025-12-13,24,quantile,0.975,148
2025-11-22,wk inc flu hosp,3,2025-12-13,24,quantile,0.99,148
2025-11-22,wk inc flu hosp,0,2025-11-22,25,quantile,0.01,12
2025-11-22,wk inc flu hosp,0,2025-11-22,25,quantile,0.025,13
2025-11-22,wk inc flu hosp,0,2025-11-22,25,quantile,0.05,15
2025-11-22,wk inc flu hosp,0,2025-11-22,25,quantile,0.1,16
2025-11-22,wk inc flu hosp,0,2025-11-22,25,quantile,0.15,20
2025-11-22,wk inc flu hosp,0,2025-11-22,25,quantile,0.2,22
2025-11-22,wk inc flu hosp,0,2025-11-22,25,quantile,0.25,22
2025-11-22,wk inc flu hosp,0,2025-11-22,25,quantile,0.3,24
2025-11-22,wk inc flu hosp,0,2025-11-22,25,quantile,0.35,26
2025-11-22,wk inc flu hosp,0,2025-11-22,25,quantile,0.4,28
2025-11-22,wk inc flu hosp,0,2025-11-22,25,quantile,0.45,29
2025-11-22,wk inc flu hosp,0,2025-11-22,25,quantile,0.5,31
2025-11-22,wk inc flu hosp,0,2025-11-22,25,quantile,0.55,33
2025-11-22,wk inc flu hosp,0,2025-11-22,25,quantile,0.6,34
2025-11-22,wk inc flu hosp,0,2025-11-22,25,quantile,0.65,36
2025-11-22,wk inc flu hosp,0,2025-11-22,25,quantile,0.7,38
2025-11-22,wk inc flu hosp,0,2025-11-22,25,quantile,0.75,41
2025-11-22,wk inc flu hosp,0,2025-11-22,25,quantile,0.8,44
2025-11-22,wk inc flu hosp,0,2025-11-22,25,quantile,0.85,48
2025-11-22,wk inc flu hosp,0,2025-11-22,25,quantile,0.9,54
2025-11-22,wk inc flu hosp,0,2025-11-22,25,quantile,0.95,64
2025-11-22,wk inc flu hosp,0,2025-11-22,25,quantile,0.975,74
2025-11-22,wk inc flu hosp,0,2025-11-22,25,quantile,0.99,88
2025-11-22,wk inc flu hosp,1,2025-11-29,25,quantile,0.01,10
2025-11-22,wk inc flu hosp,1,2025-11-29,25,quantile,0.025,12
2025-11-22,wk inc flu hosp,1,2025-11-29,25,quantile,0.05,14
2025-11-22,wk inc flu hosp,1,2025-11-29,25,quantile,0.1,18
2025-11-22,wk inc flu hosp,1,2025-11-29,25,quantile,0.15,20
2025-11-22,wk inc flu hosp,1,2025-11-29,25,quantile,0.2,21
2025-11-22,wk inc flu hosp,1,2025-11-29,25,quantile,0.25,24
2025-11-22,wk inc flu hosp,1,2025-11-29,25,quantile,0.3,25
2025-11-22,wk inc flu hosp,1,2025-11-29,25,quantile,0.35,26
2025-11-22,wk inc flu hosp,1,2025-11-29,25,quantile,0.4,27
2025-11-22,wk inc flu hosp,1,2025-11-29,25,quantile,0.45,29
2025-11-22,wk inc flu hosp,1,2025-11-29,25,quantile,0.5,31
2025-11-22,wk inc flu hosp,1,2025-11-29,25,quantile,0.55,33
2025-11-22,wk inc flu hosp,1,2025-11-29,25,quantile,0.6,35
2025-11-22,wk inc flu hosp,1,2025-11-29,25,quantile,0.65,37
2025-11-22,wk inc flu hosp,1,2025-11-29,25,quantile,0.7,41
2025-11-22,wk inc flu hosp,1,2025-11-29,25,quantile,0.75,44
2025-11-22,wk inc flu hosp,1,2025-11-29,25,quantile,0.8,49
2025-11-22,wk inc flu hosp,1,2025-11-29,25,quantile,0.85,56
2025-11-22,wk inc flu hosp,1,2025-11-29,25,quantile,0.9,69
2025-11-22,wk inc flu hosp,1,2025-11-29,25,quantile,0.95,89
2025-11-22,wk inc flu hosp,1,2025-11-29,25,quantile,0.975,108
2025-11-22,wk inc flu hosp,1,2025-11-29,25,quantile,0.99,109
2025-11-22,wk inc flu hosp,2,2025-12-06,25,quantile,0.01,8
2025-11-22,wk inc flu hosp,2,2025-12-06,25,quantile,0.025,11
2025-11-22,wk inc flu hosp,2,2025-12-06,25,quantile,0.05,14
2025-11-22,wk inc flu hosp,2,2025-12-06,25,quantile,0.1,17
2025-11-22,wk inc flu hosp,2,2025-12-06,25,quantile,0.15,20
2025-11-22,wk inc flu hosp,2,2025-12-06,25,quantile,0.2,22
2025-11-22,wk inc flu hosp,2,2025-12-06,25,quantile,0.25,24
2025-11-22,wk inc flu hosp,2,2025-12-06,25,quantile,0.3,25
2025-11-22,wk inc flu hosp,2,2025-12-06,25,quantile,0.35,27
2025-11-22,wk inc flu hosp,2,2025-12-06,25,quantile,0.4,29
2025-11-22,wk inc flu hosp,2,2025-12-06,25,quantile,0.45,31
2025-11-22,wk inc flu hosp,2,2025-12-06,25,quantile,0.5,33
2025-11-22,wk inc flu hosp,2,2025-12-06,25,quantile,0.55,36
2025-11-22,wk inc flu hosp,2,2025-12-06,25,quantile,0.6,38
2025-11-22,wk inc flu hosp,2,2025-12-06,25,quantile,0.65,41
2025-11-22,wk inc flu hosp,2,2025-12-06,25,quantile,0.7,46
2025-11-22,wk inc flu hosp,2,2025-12-06,25,quantile,0.75,51
2025-11-22,wk inc flu hosp,2,2025-12-06,25,quantile,0.8,58
2025-11-22,wk inc flu hosp,2,2025-12-06,25,quantile,0.85,68
2025-11-22,wk inc flu hosp,2,2025-12-06,25,quantile,0.9,87
2025-11-22,wk inc flu hosp,2,2025-12-06,25,quantile,0.95,122
2025-11-22,wk inc flu hosp,2,2025-12-06,25,quantile,0.975,128
2025-11-22,wk inc flu hosp,2,2025-12-06,25,quantile,0.99,128
2025-11-22,wk inc flu hosp,3,2025-12-13,25,quantile,0.01,8
2025-11-22,wk inc flu hosp,3,2025-12-13,25,quantile,0.025,11
2025-11-22,wk inc flu hosp,3,2025-12-13,25,quantile,0.05,14
2025-11-22,wk inc flu hosp,3,2025-12-13,25,quantile,0.1,19
2025-11-22,wk inc flu hosp,3,2025-12-13,25,quantile,0.15,22
2025-11-22,wk inc flu hosp,3,2025-12-13,25,quantile,0.2,23
2025-11-22,wk inc flu hosp,3,2025-12-13,25,quantile,0.25,24
2025-11-22,wk inc flu hosp,3,2025-12-13,25,quantile,0.3,28
2025-11-22,wk inc flu hosp,3,2025-12-13,25,quantile,0.35,30
2025-11-22,wk inc flu hosp,3,2025-12-13,25,quantile,0.4,33
2025-11-22,wk inc flu hosp,3,2025-12-13,25,quantile,0.45,37
2025-11-22,wk inc flu hosp,3,2025-12-13,25,quantile,0.5,39
2025-11-22,wk inc flu hosp,3,2025-12-13,25,quantile,0.55,43
2025-11-22,wk inc flu hosp,3,2025-12-13,25,quantile,0.6,46
2025-11-22,wk inc flu hosp,3,2025-12-13,25,quantile,0.65,51
2025-11-22,wk inc flu hosp,3,2025-12-13,25,quantile,0.7,56
2025-11-22,wk inc flu hosp,3,2025-12-13,25,quantile,0.75,64
2025-11-22,wk inc flu hosp,3,2025-12-13,25,quantile,0.8,75
2025-11-22,wk inc flu hosp,3,2025-12-13,25,quantile,0.85,94
2025-11-22,wk inc flu hosp,3,2025-12-13,25,quantile,0.9,123
2025-11-22,wk inc flu hosp,3,2025-12-13,25,quantile,0.95,169
2025-11-22,wk inc flu hosp,3,2025-12-13,25,quantile,0.975,169
2025-11-22,wk inc flu hosp,3,2025-12-13,25,quantile,0.99,169
2025-11-22,wk inc flu hosp,0,2025-11-22,26,quantile,0.01,13
2025-11-22,wk inc flu hosp,0,2025-11-22,26,quantile,0.025,13
2025-11-22,wk inc flu hosp,0,2025-11-22,26,quantile,0.05,16
2025-11-22,wk inc flu hosp,0,2025-11-22,26,quantile,0.1,17
2025-11-22,wk inc flu hosp,0,2025-11-22,26,quantile,0.15,22
2025-11-22,wk inc flu hosp,0,2025-11-22,26,quantile,0.2,24
2025-11-22,wk inc flu hosp,0,2025-11-22,26,quantile,0.25,24
2025-11-22,wk inc flu hosp,0,2025-11-22,26,quantile,0.3,27
2025-11-22,wk inc flu hosp,0,2025-11-22,26,quantile,0.35,28
2025-11-22,wk inc flu hosp,0,2025-11-22,26,quantile,0.4,31
2025-11-22,wk inc flu hosp,0,2025-11-22,26,quantile,0.45,32
2025-11-22,wk inc flu hosp,0,2025-11-22,26,quantile,0.5,34
2025-11-22,wk inc flu hosp,0,2025-11-22,26,quantile,0.55,36
2025-11-22,wk inc flu hosp,0,2025-11-22,26,quantile,0.6,37
2025-11-22,wk inc flu hosp,0,2025-11-22,26,quantile,0.65,39
2025-11-22,wk inc flu hosp,0,2025-11-22,26,quantile,0.7,41
2025-11-22,wk inc flu hosp,0,2025-11-22,26,quantile,0.75,44
2025-11-22,wk inc flu hosp,0,2025-11-22,26,quantile,0.8,47
2025-11-22,wk inc flu hosp,0,2025-11-22,26,quantile,0.85,52
2025-11-22,wk inc flu hosp,0,2025-11-22,26,quantile,0.9,58
2025-11-22,wk inc flu hosp,0,2025-11-22,26,quantile,0.95,68
2025-11-22,wk inc flu hosp,0,2025-11-22,26,quantile,0.975,78
2025-11-22,wk inc flu hosp,0,2025-11-22,26,quantile,0.99,94
2025-11-22,wk inc flu hosp,1,2025-11-29,26,quantile,0.01,11
2025-11-22,wk inc flu hosp,1,2025-11-29,26,quantile,0.025,13
2025-11-22,wk inc flu hosp,1,2025-11-29,26,quantile,0.05,16
2025-11-22,wk inc flu hosp,1,2025-11-29,26,quantile,0.1,20
2025-11-22,wk inc flu hosp,1,2025-11-29,26,quantile,0.15,22
2025-11-22,wk inc flu hosp,1,2025-11-29,26,quantile,0.2,24
2025-11-22,wk inc flu hosp,1,2025-11-29,26,quantile,0.25,27
2025-11-22,wk inc flu hosp,1,2025-11-29,26,quantile,0.3,28
2025-11-22,wk inc flu hosp,1,2025-11-29,26,quantile,0.35,29
2025-11-22,wk inc flu hosp,1,2025-11-29,26,quantile,0.4,30
2025-11-22,wk inc flu hosp,1,2025-11-29,26,quantile,0.45,32
2025-11-22,wk inc flu hosp,1,2025-11-29,26,quantile,0.5,34
2025-11-22,wk inc flu hosp,1,2025-11-29,26,quantile,0.55,36
2025-11-22,wk inc flu hosp,1,2025-11-29,26,quantile,0.6,38
2025-11-22,wk inc flu hosp,1,2025-11-29,26,quantile,0.65,41
2025-11-22,wk inc flu hosp,1,2025-11-29,26,quantile,0.7,44
2025-11-22,wk inc flu hosp,1,2025-11-29,26,quantile,0.75,48
2025-11-22,wk inc flu hosp,1,2025-11-29,26,quantile,0.8,53
2025-11-22,wk inc flu hosp,1,2025-11-29,26,quantile,0.85,60
2025-11-22,wk inc flu hosp,1,2025-11-29,26,quantile,0.9,74
2025-11-22,wk inc flu hosp,1,2025-11-29,26,quantile,0.95,96
2025-11-22,wk inc flu hosp,1,2025-11-29,26,quantile,0.975,117
2025-11-22,wk inc flu hosp,1,2025-11-29,26,quantile,0.99,118
2025-11-22,wk inc flu hosp,2,2025-12-06,26,quantile,0.01,8
2025-11-22,wk inc flu hosp,2,2025-12-06,26,quantile,0.025,12
2025-11-22,wk inc flu hosp,2,2025-12-06,26,quantile,0.05,15
2025-11-22,wk inc flu hosp,2,2025-12-06,26,quantile,0.1,19
2025-11-22,wk inc flu hosp,2,2025-12-06,26,quantile,0.15,22
2025-11-22,wk inc flu hosp,2,2025-12-06,26,quantile,0.2,25
2025-11-22,wk inc flu hosp,2,2025-12-06,26,quantile,0.25,27
2025-11-22,wk inc flu hosp,2,2025-12-06,26,quantile,0.3,28
2025-11-22,wk inc flu hosp,2,2025-12-06,26,quantile,0.35,30
2025-11-22,wk inc flu hosp,2,2025-12-06,26,quantile,0.4,32
2025-11-22,wk inc flu hosp,2,2025-12-06,26,quantile,0.45,34
2025-11-22,wk inc flu hosp,2,2025-12-06,26,quantile,0.5,37
2025-11-22,wk inc flu hosp,2,2025-12-06,26,quantile,0.55,39
2025-11-22,wk inc flu hosp,2,2025-12-06,26,quantile,0.6,42
2025-11-22,wk inc flu hosp,2,2025-12-06,26,quantile,0.65,46
2025-11-22,wk inc flu hosp,2,2025-12-06,26,quantile,0.7,50
2025-11-22,wk inc flu hosp,2,2025-12-06,26,quantile,0.75,56
2025-11-22,wk inc flu hosp,2,2025-12-06,26,quantile,0.8,63
2025-11-22,wk inc flu hosp,2,2025-12-06,26,quantile,0.85,75
2025-11-22,wk inc flu hosp,2,2025-12-06,26,quantile,0.9,94
2025-11-22,wk inc flu hosp,2,2025-12-06,26,quantile,0.95,133
2025-11-22,wk inc flu hosp,2,2025-12-06,26,quantile,0.975,140
2025-11-22,wk inc flu hosp,2,2025-12-06,26,quantile,0.99,140
2025-11-22,wk inc flu hosp,3,2025-12-13,26,quantile,0.01,8
2025-11-22,wk inc flu hosp,3,2025-12-13,26,quantile,0.025,12
2025-11-22,wk inc flu hosp,3,2025-12-13,26,quantile,0.05,16
2025-11-22,wk inc flu hosp,3,2025-12-13,26,quantile,0.1,22
2025-11-22,wk inc flu hosp,3,2025-12-13,26,quantile,0.15,25
2025-11-22,wk inc flu hosp,3,2025-12-13,26,quantile,0.2,26
2025-11-22,wk inc flu hosp,3,2025-12-13,26,quantile,0.25,27
2025-11-22,wk inc flu hosp,3,2025-12-13,26,quantile,0.3,31
2025-11-22,wk inc flu hosp,3,2025-12-13,26,quantile,0.35,34
2025-11-22,wk inc flu hosp,3,2025-12-13,26,quantile,0.4,37
2025-11-22,wk inc flu hosp,3,2025-12-13,26,quantile,0.45,41
2025-11-22,wk inc flu hosp,3,2025-12-13,26,quantile,0.5,44
2025-11-22,wk inc flu hosp,3,2025-12-13,26,quantile,0.55,47
2025-11-22,wk inc flu hosp,3,2025-12-13,26,quantile,0.6,51
2025-11-22,wk inc flu hosp,3,2025-12-13,26,quantile,0.65,56
2025-11-22,wk inc flu hosp,3,2025-12-13,26,quantile,0.7,62
2025-11-22,wk inc flu hosp,3,2025-12-13,26,quantile,0.75,70
2025-11-22,wk inc flu hosp,3,2025-12-13,26,quantile,0.8,83
2025-11-22,wk inc flu hosp,3,2025-12-13,26,quantile,0.85,103
2025-11-22,wk inc flu hosp,3,2025-12-13,26,quantile,0.9,134
2025-11-22,wk inc flu hosp,3,2025-12-13,26,quantile,0.95,183
2025-11-22,wk inc flu hosp,3,2025-12-13,26,quantile,0.975,183
2025-11-22,wk inc flu hosp,3,2025-12-13,26,quantile,0.99,183
2025-11-22,wk inc flu hosp,0,2025-11-22,27,quantile,0.01,2
2025-11-22,wk inc flu hosp,0,2025-11-22,27,quantile,0.025,2
2025-11-22,wk inc flu hosp,0,2025-11-22,27,quantile,0.05,3
2025-11-22,wk inc flu hosp,0,2025-11-22,27,quantile,0.1,3
2025-11-22,wk inc flu hosp,0,2025-11-22,27,quantile,0.15,4
2025-11-22,wk inc flu hosp,0,2025-11-22,27,quantile,0.2,5
2025-11-22,wk inc flu hosp,0,2025-11-22,27,quantile,0.25,5
2025-11-22,wk inc flu hosp,0,2025-11-22,27,quantile,0.3,6
2025-11-22,wk inc flu hosp,0,2025-11-22,27,quantile,0.35,7
2025-11-22,wk inc flu hosp,0,2025-11-22,27,quantile,0.4,8
2025-11-22,wk inc flu hosp,0,2025-11-22,27,quantile,0.45,8
2025-11-22,wk inc flu hosp,0,2025-11-22,27,quantile,0.5,10
2025-11-22,wk inc flu hosp,0,2025-11-22,27,quantile,0.55,10
2025-11-22,wk inc flu hosp,0,2025-11-22,27,quantile,0.6,11
2025-11-22,wk inc flu hosp,0,2025-11-22,27,quantile,0.65,12
2025-11-22,wk inc flu hosp,0,2025-11-22,27,quantile,0.7,13
2025-11-22,wk inc flu hosp,0,2025-11-22,27,quantile,0.75,14
2025-11-22,wk inc flu hosp,0,2025-11-22,27,quantile,0.8,16
2025-11-22,wk inc flu hosp,0,2025-11-22,27,quantile,0.85,18
2025-11-22,wk inc flu hosp,0,2025-11-22,27,quantile,0.9,22
2025-11-22,wk inc flu hosp,0,2025-11-22,27,quantile,0.95,27
2025-11-22,wk inc flu hosp,0,2025-11-22,27,quantile,0.975,33
2025-11-22,wk inc flu hosp,0,2025-11-22,27,quantile,0.99,42
2025-11-22,wk inc flu hosp,1,2025-11-29,27,quantile,0.01,1
2025-11-22,wk inc flu hosp,1,2025-11-29,27,quantile,0.025,1
2025-11-22,wk inc flu hosp,1,2025-11-29,27,quantile,0.05,2
2025-11-22,wk inc flu hosp,1,2025-11-29,27,quantile,0.1,3
2025-11-22,wk inc flu hosp,1,2025-11-29,27,quantile,0.15,4
2025-11-22,wk inc flu hosp,1,2025-11-29,27,quantile,0.2,5
2025-11-22,wk inc flu hosp,1,2025-11-29,27,quantile,0.25,6
2025-11-22,wk inc flu hosp,1,2025-11-29,27,quantile,0.3,6
2025-11-22,wk inc flu hosp,1,2025-11-29,27,quantile,0.35,6
2025-11-22,wk inc flu hosp,1,2025-11-29,27,quantile,0.4,7
2025-11-22,wk inc flu hosp,1,2025-11-29,27,quantile,0.45,8
2025-11-22,wk inc flu hosp,1,2025-11-29,27,quantile,0.5,9
2025-11-22,wk inc flu hosp,1,2025-11-29,27,quantile,0.55,10
2025-11-22,wk inc flu hosp,1,2025-11-29,27,quantile,0.6,10
2025-11-22,wk inc flu hosp,1,2025-11-29,27,quantile,0.65,12
2025-11-22,wk inc flu hosp,1,2025-11-29,27,quantile,0.7,13
2025-11-22,wk inc flu hosp,1,2025-11-29,27,quantile,0.75,15
2025-11-22,wk inc flu hosp,1,2025-11-29,27,quantile,0.8,17
2025-11-22,wk inc flu hosp,1,2025-11-29,27,quantile,0.85,21
2025-11-22,wk inc flu hosp,1,2025-11-29,27,quantile,0.9,27
2025-11-22,wk inc flu hosp,1,2025-11-29,27,quantile,0.95,38
2025-11-22,wk inc flu hosp,1,2025-11-29,27,quantile,0.975,47
2025-11-22,wk inc flu hosp,1,2025-11-29,27,quantile,0.99,47
2025-11-22,wk inc flu hosp,2,2025-12-06,27,quantile,0.01,1
2025-11-22,wk inc flu hosp,2,2025-12-06,27,quantile,0.025,2
2025-11-22,wk inc flu hosp,2,2025-12-06,27,quantile,0.05,3
2025-11-22,wk inc flu hosp,2,2025-12-06,27,quantile,0.1,4
2025-11-22,wk inc flu hosp,2,2025-12-06,27,quantile,0.15,5
2025-11-22,wk inc flu hosp,2,2025-12-06,27,quantile,0.2,6
2025-11-22,wk inc flu hosp,2,2025-12-06,27,quantile,0.25,6
2025-11-22,wk inc flu hosp,2,2025-12-06,27,quantile,0.3,6
2025-11-22,wk inc flu hosp,2,2025-12-06,27,quantile,0.35,7
2025-11-22,wk inc flu hosp,2,2025-12-06,27,quantile,0.4,8
2025-11-22,wk inc flu hosp,2,2025-12-06,27,quantile,0.45,9
2025-11-22,wk inc flu hosp,2,2025-12-06,27,quantile,0.5,10
2025-11-22,wk inc flu hosp,2,2025-12-06,27,quantile,0.55,11
2025-11-22,wk inc flu hosp,2,2025-12-06,27,quantile,0.6,12
2025-11-22,wk inc flu hosp,2,2025-12-06,27,quantile,0.65,14
2025-11-22,wk inc flu hosp,2,2025-12-06,27,quantile,0.7,16
2025-11-22,wk inc flu hosp,2,2025-12-06,27,quantile,0.75,18
2025-11-22,wk inc flu hosp,2,2025-12-06,27,quantile,0.8,21
2025-11-22,wk inc flu hosp,2,2025-12-06,27,quantile,0.85,26
2025-11-22,wk inc flu hosp,2,2025-12-06,27,quantile,0.9,34
2025-11-22,wk inc flu hosp,2,2025-12-06,27,quantile,0.95,51
2025-11-22,wk inc flu hosp,2,2025-12-06,27,quantile,0.975,53
2025-11-22,wk inc flu hosp,2,2025-12-06,27,quantile,0.99,53
2025-11-22,wk inc flu hosp,3,2025-12-13,27,quantile,0.01,1
2025-11-22,wk inc flu hosp,3,2025-12-13,27,quantile,0.025,2
2025-11-22,wk inc flu hosp,3,2025-12-13,27,quantile,0.05,3
2025-11-22,wk inc flu hosp,3,2025-12-13,27,quantile,0.1,4
2025-11-22,wk inc flu hosp,3,2025-12-13,27,quantile,0.15,5
2025-11-22,wk inc flu hosp,3,2025-12-13,27,quantile,0.2,5
2025-11-22,wk inc flu hosp,3,2025-12-13,27,quantile,0.25,6
2025-11-22,wk inc flu hosp,3,2025-12-13,27,quantile,0.3,7
2025-11-22,wk inc flu hosp,3,2025-12-13,27,quantile,0.35,8
2025-11-22,wk inc flu hosp,3,2025-12-13,27,quantile,0.4,9
2025-11-22,wk inc flu hosp,3,2025-12-13,27,quantile,0.45,11
2025-11-22,wk inc flu hosp,3,2025-12-13,27,quantile,0.5,12
2025-11-22,wk inc flu hosp,3,2025-12-13,27,quantile,0.55,13
2025-11-22,wk inc flu hosp,3,2025-12-13,27,quantile,0.6,14
2025-11-22,wk inc flu hosp,3,2025-12-13,27,quantile,0.65,16
2025-11-22,wk inc flu hosp,3,2025-12-13,27,quantile,0.7,19
2025-11-22,wk inc flu hosp,3,2025-12-13,27,quantile,0.75,22
2025-11-22,wk inc flu hosp,3,2025-12-13,27,quantile,0.8,27
2025-11-22,wk inc flu hosp,3,2025-12-13,27,quantile,0.85,35
2025-11-22,wk inc flu hosp,3,2025-12-13,27,quantile,0.9,48
2025-11-22,wk inc flu hosp,3,2025-12-13,27,quantile,0.95,67
2025-11-22,wk inc flu hosp,3,2025-12-13,27,quantile,0.975,67
2025-11-22,wk inc flu hosp,3,2025-12-13,27,quantile,0.99,67
2025-11-22,wk inc flu hosp,0,2025-11-22,28,quantile,0.01,9
2025-11-22,wk inc flu hosp,0,2025-11-22,28,quantile,0.025,10
2025-11-22,wk inc flu hosp,0,2025-11-22,28,quantile,0.05,12
2025-11-22,wk inc flu hosp,0,2025-11-22,28,quantile,0.1,13
2025-11-22,wk inc flu hosp,0,2025-11-22,28,quantile,0.15,15
2025-11-22,wk inc flu hosp,0,2025-11-22,28,quantile,0.2,16
2025-11-22,wk inc flu hosp,0,2025-11-22,28,quantile,0.25,16
2025-11-22,wk inc flu hosp,0,2025-11-22,28,quantile,0.3,17
2025-11-22,wk inc flu hosp,0,2025-11-22,28,quantile,0.35,18
2025-11-22,wk inc flu hosp,0,2025-11-22,28,quantile,0.4,19
2025-11-22,wk inc flu hosp,0,2025-11-22,28,quantile,0.45,19
2025-11-22,wk inc flu hosp,0,2025-11-22,28,quantile,0.5,20
2025-11-22,wk inc flu hosp,0,2025-11-22,28,quantile,0.55,20
2025-11-22,wk inc flu hosp,0,2025-11-22,28,quantile,0.6,21
2025-11-22,wk inc flu hosp,0,2025-11-22,28,quantile,0.65,22
2025-11-22,wk inc flu hosp,0,2025-11-22,28,quantile,0.7,22
2025-11-22,wk inc flu hosp,0,2025-11-22,28,quantile,0.75,23
2025-11-22,wk inc flu hosp,0,2025-11-22,28,quantile,0.8,25
2025-11-22,wk inc flu hosp,0,2025-11-22,28,quantile,0.85,26
2025-11-22,wk inc flu hosp,0,2025-11-22,28,quantile,0.9,28
2025-11-22,wk inc flu hosp,0,2025-11-22,28,quantile,0.95,32
2025-11-22,wk inc flu hosp,0,2025-11-22,28,quantile,0.975,35
2025-11-22,wk inc flu hosp,0,2025-11-22,28,quantile,0.99,41
2025-11-22,wk inc flu hosp,1,2025-11-29,28,quantile,0.01,8
2025-11-22,wk inc flu hosp,1,2025-11-29,28,quantile,0.025,10
2025-11-22,wk inc flu hosp,1,2025-11-29,28,quantile,0.05,11
2025-11-22,wk inc flu hosp,1,2025-11-29,28,quantile,0.1,13
2025-11-22,wk inc flu hosp,1,2025-11-29,28,quantile,0.15,14
2025-11-22,wk inc flu hosp,1,2025-11-29,28,quantile,0.2,15
2025-11-22,wk inc flu hosp,1,2025-11-29,28,quantile,0.25,16
2025-11-22,wk inc flu hosp,1,2025-11-29,28,quantile,0.3,17
2025-11-22,wk inc flu hosp,1,2025-11-29,28,quantile,0.35,17
2025-11-22,wk inc flu hosp,1,2025-11-29,28,quantile,0.4,18
2025-11-22,wk inc flu hosp,1,2025-11-29,28,quantile,0.45,19
2025-11-22,wk inc flu hosp,1,2025-11-29,28,quantile,0.5,20
2025-11-22,wk inc flu hosp,1,2025-11-29,28,quantile,0.55,21
2025-11-22,wk inc flu hosp,1,2025-11-29,28,quantile,0.6,21
2025-11-22,wk inc flu hosp,1,2025-11-29,28,quantile,0.65,23
2025-11-22,wk inc flu hosp,1,2025-11-29,28,quantile,0.7,24
2025-11-22,wk inc flu hosp,1,2025-11-29,28,quantile,0.75,25
2025-11-22,wk inc flu hosp,1,2025-11-29,28,quantile,0.8,27
2025-11-22,wk inc flu hosp,1,2025-11-29,28,quantile,0.85,30
2025-11-22,wk inc flu hosp,1,2025-11-29,28,quantile,0.9,36
2025-11-22,wk inc flu hosp,1,2025-11-29,28,quantile,0.95,44
2025-11-22,wk inc flu hosp,1,2025-11-29,28,quantile,0.975,52
2025-11-22,wk inc flu hosp,1,2025-11-29,28,quantile,0.99,52
2025-11-22,wk inc flu hosp,2,2025-12-06,28,quantile,0.01,6
2025-11-22,wk inc flu hosp,2,2025-12-06,28,quantile,0.025,9
2025-11-22,wk inc flu hosp,2,2025-12-06,28,quantile,0.05,11
2025-11-22,wk inc flu hosp,2,2025-12-06,28,quantile,0.1,13
2025-11-22,wk inc flu hosp,2,2025-12-06,28,quantile,0.15,14
2025-11-22,wk inc flu hosp,2,2025-12-06,28,quantile,0.2,16
2025-11-22,wk inc flu hosp,2,2025-12-06,28,quantile,0.25,17
2025-11-22,wk inc flu hosp,2,2025-12-06,28,quantile,0.3,17
2025-11-22,wk inc flu hosp,2,2025-12-06,28,quantile,0.35,18
2025-11-22,wk inc flu hosp,2,2025-12-06,28,quantile,0.4,19
2025-11-22,wk inc flu hosp,2,2025-12-06,28,quantile,0.45,20
2025-11-22,wk inc flu hosp,2,2025-12-06,28,quantile,0.5,21
2025-11-22,wk inc flu hosp,2,2025-12-06,28,quantile,0.55,23
2025-11-22,wk inc flu hosp,2,2025-12-06,28,quantile,0.6,24
2025-11-22,wk inc flu hosp,2,2025-12-06,28,quantile,0.65,26
2025-11-22,wk inc flu hosp,2,2025-12-06,28,quantile,0.7,28
2025-11-22,wk inc flu hosp,2,2025-12-06,28,quantile,0.75,30
2025-11-22,wk inc flu hosp,2,2025-12-06,28,quantile,0.8,33
2025-11-22,wk inc flu hosp,2,2025-12-06,28,quantile,0.85,38
2025-11-22,wk inc flu hosp,2,2025-12-06,28,quantile,0.9,47
2025-11-22,wk inc flu hosp,2,2025-12-06,28,quantile,0.95,63
2025-11-22,wk inc flu hosp,2,2025-12-06,28,quantile,0.975,66
2025-11-22,wk inc flu hosp,2,2025-12-06,28,quantile,0.99,66
2025-11-22,wk inc flu hosp,3,2025-12-13,28,quantile,0.01,7
2025-11-22,wk inc flu hosp,3,2025-12-13,28,quantile,0.025,9
2025-11-22,wk inc flu hosp,3,2025-12-13,28,quantile,0.05,11
2025-11-22,wk inc flu hosp,3,2025-12-13,28,quantile,0.1,14
2025-11-22,wk inc flu hosp,3,2025-12-13,28,quantile,0.15,16
2025-11-22,wk inc flu hosp,3,2025-12-13,28,quantile,0.2,17
2025-11-22,wk inc flu hosp,3,2025-12-13,28,quantile,0.25,17
2025-11-22,wk inc flu hosp,3,2025-12-13,28,quantile,0.3,19
2025-11-22,wk inc flu hosp,3,2025-12-13,28,quantile,0.35,21
2025-11-22,wk inc flu hosp,3,2025-12-13,28,quantile,0.4,22
2025-11-22,wk inc flu hosp,3,2025-12-13,28,quantile,0.45,24
2025-11-22,wk inc flu hosp,3,2025-12-13,28,quantile,0.5,26
2025-11-22,wk inc flu hosp,3,2025-12-13,28,quantile,0.55,27
2025-11-22,wk inc flu hosp,3,2025-12-13,28,quantile,0.6,29
2025-11-22,wk inc flu hosp,3,2025-12-13,28,quantile,0.65,32
2025-11-22,wk inc flu hosp,3,2025-12-13,28,quantile,0.7,34
2025-11-22,wk inc flu hosp,3,2025-12-13,28,quantile,0.75,39
2025-11-22,wk inc flu hosp,3,2025-12-13,28,quantile,0.8,44
2025-11-22,wk inc flu hosp,3,2025-12-13,28,quantile,0.85,54
2025-11-22,wk inc flu hosp,3,2025-12-13,28,quantile,0.9,68
2025-11-22,wk inc flu hosp,3,2025-12-13,28,quantile,0.95,92
2025-11-22,wk inc flu hosp,3,2025-12-13,28,quantile,0.975,92
2025-11-22,wk inc flu hosp,3,2025-12-13,28,quantile,0.99,92
2025-11-22,wk inc flu hosp,0,2025-11-22,29,quantile,0.01,13
2025-11-22,wk inc flu hosp,0,2025-11-22,29,quantile,0.025,13
2025-11-22,wk inc flu hosp,0,2025-11-22,29,quantile,0.05,15
2025-11-22,wk inc flu hosp,0,2025-11-22,29,quantile,0.1,16
2025-11-22,wk inc flu hosp,0,2025-11-22,29,quantile,0.15,19
2025-11-22,wk inc flu hosp,0,2025-11-22,29,quantile,0.2,20
2025-11-22,wk inc flu hosp,0,2025-11-22,29,quantile,0.25,20
2025-11-22,wk inc flu hosp,0,2025-11-22,29,quantile,0.3,21
2025-11-22,wk inc flu hosp,0,2025-11-22,29,quantile,0.35,22
2025-11-22,wk inc flu hosp,0,2025-11-22,29,quantile,0.4,23
2025-11-22,wk inc flu hosp,0,2025-11-22,29,quantile,0.45,24
2025-11-22,wk inc flu hosp,0,2025-11-22,29,quantile,0.5,25
2025-11-22,wk inc flu hosp,0,2025-11-22,29,quantile,0.55,26
2025-11-22,wk inc flu hosp,0,2025-11-22,29,quantile,0.6,27
2025-11-22,wk inc flu hosp,0,2025-11-22,29,quantile,0.65,28
2025-11-22,wk inc flu hosp,0,2025-11-22,29,quantile,0.7,30
2025-11-22,wk inc flu hosp,0,2025-11-22,29,quantile,0.75,31
2025-11-22,wk inc flu hosp,0,2025-11-22,29,quantile,0.8,33
2025-11-22,wk inc flu hosp,0,2025-11-22,29,quantile,0.85,36
2025-11-22,wk inc flu hosp,0,2025-11-22,29,quantile,0.9,39
2025-11-22,wk inc flu hosp,0,2025-11-22,29,quantile,0.95,45
2025-11-22,wk inc flu hosp,0,2025-11-22,29,quantile,0.975,51
2025-11-22,wk inc flu hosp,0,2025-11-22,29,quantile,0.99,61
2025-11-22,wk inc flu hosp,1,2025-11-29,29,quantile,0.01,11
2025-11-22,wk inc flu hosp,1,2025-11-29,29,quantile,0.025,13
2025-11-22,wk inc flu hosp,1,2025-11-29,29,quantile,0.05,15
2025-11-22,wk inc flu hosp,1,2025-11-29,29,quantile,0.1,17
2025-11-22,wk inc flu hosp,1,2025-11-29,29,quantile,0.15,18
2025-11-22,wk inc flu hosp,1,2025-11-29,29,quantile,0.2,19
2025-11-22,wk inc flu hosp,1,2025-11-29,29,quantile,0.25,21
2025-11-22,wk inc flu hosp,1,2025-11-29,29,quantile,0.3,22
2025-11-22,wk inc flu hosp,1,2025-11-29,29,quantile,0.35,23
2025-11-22,wk inc flu hosp,1,2025-11-29,29,quantile,0.4,23
2025-11-22,wk inc flu hosp,1,2025-11-29,29,quantile,0.45,24
2025-11-22,wk inc flu hosp,1,2025-11-29,29,quantile,0.5,26
2025-11-22,wk inc flu hosp,1,2025-11-29,29,quantile,0.55,27
2025-11-22,wk inc flu hosp,1,2025-11-29,29,quantile,0.6,29
2025-11-22,wk inc flu hosp,1,2025-11-29,29,quantile,0.65,30
2025-11-22,wk inc flu hosp,1,2025-11-29,29,quantile,0.7,33
2025-11-22,wk inc flu hosp,1,2025-11-29,29,quantile,0.75,35
2025-11-22,wk inc flu hosp,1,2025-11-29,29,quantile,0.8,38
2025-11-22,wk inc flu hosp,1,2025-11-29,29,quantile,0.85,43
2025-11-22,wk inc flu hosp,1,2025-11-29,29,quantile,0.9,52
2025-11-22,wk inc flu hosp,1,2025-11-29,29,quantile,0.95,67
2025-11-22,wk inc flu hosp,1,2025-11-29,29,quantile,0.975,81
2025-11-22,wk inc flu hosp,1,2025-11-29,29,quantile,0.99,82
2025-11-22,wk inc flu hosp,2,2025-12-06,29,quantile,0.01,10
2025-11-22,wk inc flu hosp,2,2025-12-06,29,quantile,0.025,13
2025-11-22,wk inc flu hosp,2,2025-12-06,29,quantile,0.05,15
2025-11-22,wk inc flu hosp,2,2025-12-06,29,quantile,0.1,17
2025-11-22,wk inc flu hosp,2,2025-12-06,29,quantile,0.15,18
2025-11-22,wk inc flu hosp,2,2025-12-06,29,quantile,0.2,20
2025-11-22,wk inc flu hosp,2,2025-12-06,29,quantile,0.25,21
2025-11-22,wk inc flu hosp,2,2025-12-06,29,quantile,0.3,22
2025-11-22,wk inc flu hosp,2,2025-12-06,29,quantile,0.35,23
2025-11-22,wk inc flu hosp,2,2025-12-06,29,quantile,0.4,24
2025-11-22,wk inc flu hosp,2,2025-12-06,29,quantile,0.45,26
2025-11-22,wk inc flu hosp,2,2025-12-06,29,quantile,0.5,27
2025-11-22,wk inc flu hosp,2,2025-12-06,29,quantile,0.55,29
2025-11-22,wk inc flu hosp,2,2025-12-06,29,quantile,0.6,31
2025-11-22,wk inc flu hosp,2,2025-12-06,29,quantile,0.65,33
2025-11-22,wk inc flu hosp,2,2025-12-06,29,quantile,0.7,36
2025-11-22,wk inc flu hosp,2,2025-12-06,29,quantile,0.75,40
2025-11-22,wk inc flu hosp,2,2025-12-06,29,quantile,0.8,44
2025-11-22,wk inc flu hosp,2,2025-12-06,29,quantile,0.85,52
2025-11-22,wk inc flu hosp,2,2025-12-06,29,quantile,0.9,64
2025-11-22,wk inc flu hosp,2,2025-12-06,29,quantile,0.95,89
2025-11-22,wk inc flu hosp,2,2025-12-06,29,quantile,0.975,93
2025-11-22,wk inc flu hosp,2,2025-12-06,29,quantile,0.99,93
2025-11-22,wk inc flu hosp,3,2025-12-13,29,quantile,0.01,10
2025-11-22,wk inc flu hosp,3,2025-12-13,29,quantile,0.025,12
2025-11-22,wk inc flu hosp,3,2025-12-13,29,quantile,0.05,15
2025-11-22,wk inc flu hosp,3,2025-12-13,29,quantile,0.1,18
2025-11-22,wk inc flu hosp,3,2025-12-13,29,quantile,0.15,20
2025-11-22,wk inc flu hosp,3,2025-12-13,29,quantile,0.2,21
2025-11-22,wk inc flu hosp,3,2025-12-13,29,quantile,0.25,22
2025-11-22,wk inc flu hosp,3,2025-12-13,29,quantile,0.3,24
2025-11-22,wk inc flu hosp,3,2025-12-13,29,quantile,0.35,26
2025-11-22,wk inc flu hosp,3,2025-12-13,29,quantile,0.4,28
2025-11-22,wk inc flu hosp,3,2025-12-13,29,quantile,0.45,30
2025-11-22,wk inc flu hosp,3,2025-12-13,29,quantile,0.5,33
2025-11-22,wk inc flu hosp,3,2025-12-13,29,quantile,0.55,35
2025-11-22,wk inc flu hosp,3,2025-12-13,29,quantile,0.6,37
2025-11-22,wk inc flu hosp,3,2025-12-13,29,quantile,0.65,41
2025-11-22,wk inc flu hosp,3,2025-12-13,29,quantile,0.7,45
2025-11-22,wk inc flu hosp,3,2025-12-13,29,quantile,0.75,50
2025-11-22,wk inc flu hosp,3,2025-12-13,29,quantile,0.8,59
2025-11-22,wk inc flu hosp,3,2025-12-13,29,quantile,0.85,72
2025-11-22,wk inc flu hosp,3,2025-12-13,29,quantile,0.9,94
2025-11-22,wk inc flu hosp,3,2025-12-13,29,quantile,0.95,127
2025-11-22,wk inc flu hosp,3,2025-12-13,29,quantile,0.975,127
2025-11-22,wk inc flu hosp,3,2025-12-13,29,quantile,0.99,127
2025-11-22,wk inc flu hosp,0,2025-11-22,30,quantile,0.01,0
2025-11-22,wk inc flu hosp,0,2025-11-22,30,quantile,0.025,0
2025-11-22,wk inc flu hosp,0,2025-11-22,30,quantile,0.05,0
2025-11-22,wk inc flu hosp,0,2025-11-22,30,quantile,0.1,0
2025-11-22,wk inc flu hosp,0,2025-11-22,30,quantile,0.15,1
2025-11-22,wk inc flu hosp,0,2025-11-22,30,quantile,0.2,2
2025-11-22,wk inc flu hosp,0,2025-11-22,30,quantile,0.25,2
2025-11-22,wk inc flu hosp,0,2025-11-22,30,quantile,0.3,2
2025-11-22,wk inc flu hosp,0,2025-11-22,30,quantile,0.35,3
2025-11-22,wk inc flu hosp,0,2025-11-22,30,quantile,0.4,3
2025-11-22,wk inc flu hosp,0,2025-11-22,30,quantile,0.45,4
2025-11-22,wk inc flu hosp,0,2025-11-22,30,quantile,0.5,4
2025-11-22,wk inc flu hosp,0,2025-11-22,30,quantile,0.55,5
2025-11-22,wk inc flu hosp,0,2025-11-22,30,quantile,0.6,5
2025-11-22,wk inc flu hosp,0,2025-11-22,30,quantile,0.65,6
2025-11-22,wk inc flu hosp,0,2025-11-22,30,quantile,0.7,6
2025-11-22,wk inc flu hosp,0,2025-11-22,30,quantile,0.75,7
2025-11-22,wk inc flu hosp,0,2025-11-22,30,quantile,0.8,9
2025-11-22,wk inc flu hosp,0,2025-11-22,30,quantile,0.85,10
2025-11-22,wk inc flu hosp,0,2025-11-22,30,quantile,0.9,12
2025-11-22,wk inc flu hosp,0,2025-11-22,30,quantile,0.95,17
2025-11-22,wk inc flu hosp,0,2025-11-22,30,quantile,0.975,21
2025-11-22,wk inc flu hosp,0,2025-11-22,30,quantile,0.99,27
2025-11-22,wk inc flu hosp,1,2025-11-29,30,quantile,0.01,0
2025-11-22,wk inc flu hosp,1,2025-11-29,30,quantile,0.025,0
2025-11-22,wk inc flu hosp,1,2025-11-29,30,quantile,0.05,0
2025-11-22,wk inc flu hosp,1,2025-11-29,30,quantile,0.1,1
2025-11-22,wk inc flu hosp,1,2025-11-29,30,quantile,0.15,1
2025-11-22,wk inc flu hosp,1,2025-11-29,30,quantile,0.2,2
2025-11-22,wk inc flu hosp,1,2025-11-29,30,quantile,0.25,2
2025-11-22,wk inc flu hosp,1,2025-11-29,30,quantile,0.3,3
2025-11-22,wk inc flu hosp,1,2025-11-29,30,quantile,0.35,3
2025-11-22,wk inc flu hosp,1,2025-11-29,30,quantile,0.4,3
2025-11-22,wk inc flu hosp,1,2025-11-29,30,quantile,0.45,3
2025-11-22,wk inc flu hosp,1,2025-11-29,30,quantile,0.5,4
2025-11-22,wk inc flu hosp,1,2025-11-29,30,quantile,0.55,5
2025-11-22,wk inc flu hosp,1,2025-11-29,30,quantile,0.6,5
2025-11-22,wk inc flu hosp,1,2025-11-29,30,quantile,0.65,6
2025-11-22,wk inc flu hosp,1,2025-11-29,30,quantile,0.7,7
2025-11-22,wk inc flu hosp,1,2025-11-29,30,quantile,0.75,8
2025-11-22,wk inc flu hosp,1,2025-11-29,30,quantile,0.8,10
2025-11-22,wk inc flu hosp,1,2025-11-29,30,quantile,0.85,12
2025-11-22,wk inc flu hosp,1,2025-11-29,30,quantile,0.9,16
2025-11-22,wk inc flu hosp,1,2025-11-29,30,quantile,0.95,23
2025-11-22,wk inc flu hosp,1,2025-11-29,30,quantile,0.975,29
2025-11-22,wk inc flu hosp,1,2025-11-29,30,quantile,0.99,29
2025-11-22,wk inc flu hosp,2,2025-12-06,30,quantile,0.01,0
2025-11-22,wk inc flu hosp,2,2025-12-06,30,quantile,0.025,0
2025-11-22,wk inc flu hosp,2,2025-12-06,30,quantile,0.05,0
2025-11-22,wk inc flu hosp,2,2025-12-06,30,quantile,0.1,1
2025-11-22,wk inc flu hosp,2,2025-12-06,30,quantile,0.15,2
2025-11-22,wk inc flu hosp,2,2025-12-06,30,quantile,0.2,2
2025-11-22,wk inc flu hosp,2,2025-12-06,30,quantile,0.25,3
2025-11-22,wk inc flu hosp,2,2025-12-06,30,quantile,0.3,3
2025-11-22,wk inc flu hosp,2,2025-12-06,30,quantile,0.35,3
2025-11-22,wk inc flu hosp,2,2025-12-06,30,quantile,0.4,4
2025-11-22,wk inc flu hosp,2,2025-12-06,30,quantile,0.45,4
2025-11-22,wk inc flu hosp,2,2025-12-06,30,quantile,0.5,5
2025-11-22,wk inc flu hosp,2,2025-12-06,30,quantile,0.55,6
2025-11-22,wk inc flu hosp,2,2025-12-06,30,quantile,0.6,6
2025-11-22,wk inc flu hosp,2,2025-12-06,30,quantile,0.65,7
2025-11-22,wk inc flu hosp,2,2025-12-06,30,quantile,0.7,9
2025-11-22,wk inc flu hosp,2,2025-12-06,30,quantile,0.75,10
2025-11-22,wk inc flu hosp,2,2025-12-06,30,quantile,0.8,13
2025-11-22,wk inc flu hosp,2,2025-12-06,30,quantile,0.85,16
2025-11-22,wk inc flu hosp,2,2025-12-06,30,quantile,0.9,22
2025-11-22,wk inc flu hosp,2,2025-12-06,30,quantile,0.95,34
2025-11-22,wk inc flu hosp,2,2025-12-06,30,quantile,0.975,36
2025-11-22,wk inc flu hosp,2,2025-12-06,30,quantile,0.99,36
2025-11-22,wk inc flu hosp,3,2025-12-13,30,quantile,0.01,0
2025-11-22,wk inc flu hosp,3,2025-12-13,30,quantile,0.025,0
2025-11-22,wk inc flu hosp,3,2025-12-13,30,quantile,0.05,1
2025-11-22,wk inc flu hosp,3,2025-12-13,30,quantile,0.1,1
2025-11-22,wk inc flu hosp,3,2025-12-13,30,quantile,0.15,2
2025-11-22,wk inc flu hosp,3,2025-12-13,30,quantile,0.2,2
2025-11-22,wk inc flu hosp,3,2025-12-13,30,quantile,0.25,2
2025-11-22,wk inc flu hosp,3,2025-12-13,30,quantile,0.3,3
2025-11-22,wk inc flu hosp,3,2025-12-13,30,quantile,0.35,4
2025-11-22,wk inc flu hosp,3,2025-12-13,30,quantile,0.4,4
2025-11-22,wk inc flu hosp,3,2025-12-13,30,quantile,0.45,5
2025-11-22,wk inc flu hosp,3,2025-12-13,30,quantile,0.5,6
2025-11-22,wk inc flu hosp,3,2025-12-13,30,quantile,0.55,7
2025-11-22,wk inc flu hosp,3,2025-12-13,30,quantile,0.6,8
2025-11-22,wk inc flu hosp,3,2025-12-13,30,quantile,0.65,9
2025-11-22,wk inc flu hosp,3,2025-12-13,30,quantile,0.7,11
2025-11-22,wk inc flu hosp,3,2025-12-13,30,quantile,0.75,13
2025-11-22,wk inc flu hosp,3,2025-12-13,30,quantile,0.8,16
2025-11-22,wk inc flu hosp,3,2025-12-13,30,quantile,0.85,22
2025-11-22,wk inc flu hosp,3,2025-12-13,30,quantile,0.9,31
2025-11-22,wk inc flu hosp,3,2025-12-13,30,quantile,0.95,44
2025-11-22,wk inc flu hosp,3,2025-12-13,30,quantile,0.975,44
2025-11-22,wk inc flu hosp,3,2025-12-13,30,quantile,0.99,44
2025-11-22,wk inc flu hosp,0,2025-11-22,31,quantile,0.01,0
2025-11-22,wk inc flu hosp,0,2025-11-22,31,quantile,0.025,0
2025-11-22,wk inc flu hosp,0,2025-11-22,31,quantile,0.05,0
2025-11-22,wk inc flu hosp,0,2025-11-22,31,quantile,0.1,0
2025-11-22,wk inc flu hosp,0,2025-11-22,31,quantile,0.15,1
2025-11-22,wk inc flu hosp,0,2025-11-22,31,quantile,0.2,1
2025-11-22,wk inc flu hosp,0,2025-11-22,31,quantile,0.25,1
2025-11-22,wk inc flu hosp,0,2025-11-22,31,quantile,0.3,2
2025-11-22,wk inc flu hosp,0,2025-11-22,31,quantile,0.35,2
2025-11-22,wk inc flu hosp,0,2025-11-22,31,quantile,0.4,2
2025-11-22,wk inc flu hosp,0,2025-11-22,31,quantile,0.45,2
2025-11-22,wk inc flu hosp,0,2025-11-22,31,quantile,0.5,3
2025-11-22,wk inc flu hosp,0,2025-11-22,31,quantile,0.55,3
2025-11-22,wk inc flu hosp,0,2025-11-22,31,quantile,0.6,3
2025-11-22,wk inc flu hosp,0,2025-11-22,31,quantile,0.65,4
2025-11-22,wk inc flu hosp,0,2025-11-22,31,quantile,0.7,4
2025-11-22,wk inc flu hosp,0,2025-11-22,31,quantile,0.75,5
2025-11-22,wk inc flu hosp,0,2025-11-22,31,quantile,0.8,5
2025-11-22,wk inc flu hosp,0,2025-11-22,31,quantile,0.85,6
2025-11-22,wk inc flu hosp,0,2025-11-22,31,quantile,0.9,8
2025-11-22,wk inc flu hosp,0,2025-11-22,31,quantile,0.95,10
2025-11-22,wk inc flu hosp,0,2025-11-22,31,quantile,0.975,12
2025-11-22,wk inc flu hosp,0,2025-11-22,31,quantile,0.99,16
2025-11-22,wk inc flu hosp,1,2025-11-29,31,quantile,0.01,0
2025-11-22,wk inc flu hosp,1,2025-11-29,31,quantile,0.025,0
2025-11-22,wk inc flu hosp,1,2025-11-29,31,quantile,0.05,0
2025-11-22,wk inc flu hosp,1,2025-11-29,31,quantile,0.1,1
2025-11-22,wk inc flu hosp,1,2025-11-29,31,quantile,0.15,1
2025-11-22,wk inc flu hosp,1,2025-11-29,31,quantile,0.2,1
2025-11-22,wk inc flu hosp,1,2025-11-29,31,quantile,0.25,2
2025-11-22,wk inc flu hosp,1,2025-11-29,31,quantile,0.3,2
2025-11-22,wk inc flu hosp,1,2025-11-29,31,quantile,0.35,2
2025-11-22,wk inc flu hosp,1,2025-11-29,31,quantile,0.4,2
2025-11-22,wk inc flu hosp,1,2025-11-29,31,quantile,0.45,3
2025-11-22,wk inc flu hosp,1,2025-11-29,31,quantile,0.5,3
2025-11-22,wk inc flu hosp,1,2025-11-29,31,quantile,0.55,3
2025-11-22,wk inc flu hosp,1,2025-11-29,31,quantile,0.6,4
2025-11-22,wk inc flu hosp,1,2025-11-29,31,quantile,0.65,4
2025-11-22,wk inc flu hosp,1,2025-11-29,31,quantile,0.7,5
2025-11-22,wk inc flu hosp,1,2025-11-29,31,quantile,0.75,5
2025-11-22,wk inc flu hosp,1,2025-11-29,31,quantile,0.8,7
2025-11-22,wk inc flu hosp,1,2025-11-29,31,quantile,0.85,8
2025-11-22,wk inc flu hosp,1,2025-11-29,31,quantile,0.9,11
2025-11-22,wk inc flu hosp,1,2025-11-29,31,quantile,0.95,15
2025-11-22,wk inc flu hosp,1,2025-11-29,31,quantile,0.975,19
2025-11-22,wk inc flu hosp,1,2025-11-29,31,quantile,0.99,19
2025-11-22,wk inc flu hosp,2,2025-12-06,31,quantile,0.01,0
2025-11-22,wk inc flu hosp,2,2025-12-06,31,quantile,0.025,0
2025-11-22,wk inc flu hosp,2,2025-12-06,31,quantile,0.05,0
2025-11-22,wk inc flu hosp,2,2025-12-06,31,quantile,0.1,1
2025-11-22,wk inc flu hosp,2,2025-12-06,31,quantile,0.15,1
2025-11-22,wk inc flu hosp,2,2025-12-06,31,quantile,0.2,2
2025-11-22,wk inc flu hosp,2,2025-12-06,31,quantile,0.25,2
2025-11-22,wk inc flu hosp,2,2025-12-06,31,quantile,0.3,2
2025-11-22,wk inc flu hosp,2,2025-12-06,31,quantile,0.35,2
2025-11-22,wk inc flu hosp,2,2025-12-06,31,quantile,0.4,2
2025-11-22,wk inc flu hosp,2,2025-12-06,31,quantile,0.45,3
2025-11-22,wk inc flu hosp,2,2025-12-06,31,quantile,0.5,3
2025-11-22,wk inc flu hosp,2,2025-12-06,31,quantile,0.55,4
2025-11-22,wk inc flu hosp,2,2025-12-06,31,quantile,0.6,4
2025-11-22,wk inc flu hosp,2,2025-12-06,31,quantile,0.65,5
2025-11-22,wk inc flu hosp,2,2025-12-06,31,quantile,0.7,6
2025-11-22,wk inc flu hosp,2,2025-12-06,31,quantile,0.75,7
2025-11-22,wk inc flu hosp,2,2025-12-06,31,quantile,0.8,8
2025-11-22,wk inc flu hosp,2,2025-12-06,31,quantile,0.85,10
2025-11-22,wk inc flu hosp,2,2025-12-06,31,quantile,0.9,14
2025-11-22,wk inc flu hosp,2,2025-12-06,31,quantile,0.95,21
2025-11-22,wk inc flu hosp,2,2025-12-06,31,quantile,0.975,23
2025-11-22,wk inc flu hosp,2,2025-12-06,31,quantile,0.99,23
2025-11-22,wk inc flu hosp,3,2025-12-13,31,quantile,0.01,0
2025-11-22,wk inc flu hosp,3,2025-12-13,31,quantile,0.025,0
2025-11-22,wk inc flu hosp,3,2025-12-13,31,quantile,0.05,0
2025-11-22,wk inc flu hosp,3,2025-12-13,31,quantile,0.1,1
2025-11-22,wk inc flu hosp,3,2025-12-13,31,quantile,0.15,1
2025-11-22,wk inc flu hosp,3,2025-12-13,31,quantile,0.2,1
2025-11-22,wk inc flu hosp,3,2025-12-13,31,quantile,0.25,2
2025-11-22,wk inc flu hosp,3,2025-12-13,31,quantile,0.3,2
2025-11-22,wk inc flu hosp,3,2025-12-13,31,quantile,0.35,3
2025-11-22,wk inc flu hosp,3,2025-12-13,31,quantile,0.4,3
2025-11-22,wk inc flu hosp,3,2025-12-13,31,quantile,0.45,4
2025-11-22,wk inc flu hosp,3,2025-12-13,31,quantile,0.5,4
2025-11-22,wk inc flu hosp,3,2025-12-13,31,quantile,0.55,5
2025-11-22,wk inc flu hosp,3,2025-12-13,31,quantile,0.6,6
2025-11-22,wk inc flu hosp,3,2025-12-13,31,quantile,0.65,6
2025-11-22,wk inc flu hosp,3,2025-12-13,31,quantile,0.7,8
2025-11-22,wk inc flu hosp,3,2025-12-13,31,quantile,0.75,9
2025-11-22,wk inc flu hosp,3,2025-12-13,31,quantile,0.8,11
2025-11-22,wk inc flu hosp,3,2025-12-13,31,quantile,0.85,15
2025-11-22,wk inc flu hosp,3,2025-12-13,31,quantile,0.9,21
2025-11-22,wk inc flu hosp,3,2025-12-13,31,quantile,0.95,31
2025-11-22,wk inc flu hosp,3,2025-12-13,31,quantile,0.975,31
2025-11-22,wk inc flu hosp,3,2025-12-13,31,quantile,0.99,31
2025-11-22,wk inc flu hosp,0,2025-11-22,32,quantile,0.01,5
2025-11-22,wk inc flu hosp,0,2025-11-22,32,quantile,0.025,5
2025-11-22,wk inc flu hosp,0,2025-11-22,32,quantile,0.05,7
2025-11-22,wk inc flu hosp,0,2025-11-22,32,quantile,0.1,7
2025-11-22,wk inc flu hosp,0,2025-11-22,32,quantile,0.15,9
2025-11-22,wk inc flu hosp,0,2025-11-22,32,quantile,0.2,10
2025-11-22,wk inc flu hosp,0,2025-11-22,32,quantile,0.25,10
2025-11-22,wk inc flu hosp,0,2025-11-22,32,quantile,0.3,11
2025-11-22,wk inc flu hosp,0,2025-11-22,32,quantile,0.35,12
2025-11-22,wk inc flu hosp,0,2025-11-22,32,quantile,0.4,13
2025-11-22,wk inc flu hosp,0,2025-11-22,32,quantile,0.45,14
2025-11-22,wk inc flu hosp,0,2025-11-22,32,quantile,0.5,15
2025-11-22,wk inc flu hosp,0,2025-11-22,32,quantile,0.55,16
2025-11-22,wk inc flu hosp,0,2025-11-22,32,quantile,0.6,17
2025-11-22,wk inc flu hosp,0,2025-11-22,32,quantile,0.65,18
2025-11-22,wk inc flu hosp,0,2025-11-22,32,quantile,0.7,19
2025-11-22,wk inc flu hosp,0,2025-11-22,32,quantile,0.75,20
2025-11-22,wk inc flu hosp,0,2025-11-22,32,quantile,0.8,22
2025-11-22,wk inc flu hosp,0,2025-11-22,32,quantile,0.85,25
2025-11-22,wk inc flu hosp,0,2025-11-22,32,quantile,0.9,28
2025-11-22,wk inc flu hosp,0,2025-11-22,32,quantile,0.95,34
2025-11-22,wk inc flu hosp,0,2025-11-22,32,quantile,0.975,40
2025-11-22,wk inc flu hosp,0,2025-11-22,32,quantile,0.99,50
2025-11-22,wk inc flu hosp,1,2025-11-29,32,quantile,0.01,4
2025-11-22,wk inc flu hosp,1,2025-11-29,32,quantile,0.025,5
2025-11-22,wk inc flu hosp,1,2025-11-29,32,quantile,0.05,6
2025-11-22,wk inc flu hosp,1,2025-11-29,32,quantile,0.1,8
2025-11-22,wk inc flu hosp,1,2025-11-29,32,quantile,0.15,9
2025-11-22,wk inc flu hosp,1,2025-11-29,32,quantile,0.2,10
2025-11-22,wk inc flu hosp,1,2025-11-29,32,quantile,0.25,11
2025-11-22,wk inc flu hosp,1,2025-11-29,32,quantile,0.3,12
2025-11-22,wk inc flu hosp,1,2025-11-29,32,quantile,0.35,12
2025-11-22,wk inc flu hosp,1,2025-11-29,32,quantile,0.4,13
2025-11-22,wk inc flu hosp,1,2025-11-29,32,quantile,0.45,13
2025-11-22,wk inc flu hosp,1,2025-11-29,32,quantile,0.5,15
2025-11-22,wk inc flu hosp,1,2025-11-29,32,quantile,0.55,16
2025-11-22,wk inc flu hosp,1,2025-11-29,32,quantile,0.6,17
2025-11-22,wk inc flu hosp,1,2025-11-29,32,quantile,0.65,18
2025-11-22,wk inc flu hosp,1,2025-11-29,32,quantile,0.7,20
2025-11-22,wk inc flu hosp,1,2025-11-29,32,quantile,0.75,22
2025-11-22,wk inc flu hosp,1,2025-11-29,32,quantile,0.8,25
2025-11-22,wk inc flu hosp,1,2025-11-29,32,quantile,0.85,28
2025-11-22,wk inc flu hosp,1,2025-11-29,32,quantile,0.9,36
2025-11-22,wk inc flu hosp,1,2025-11-29,32,quantile,0.95,48
2025-11-22,wk inc flu hosp,1,2025-11-29,32,quantile,0.975,59
2025-11-22,wk inc flu hosp,1,2025-11-29,32,quantile,0.99,59
2025-11-22,wk inc flu hosp,2,2025-12-06,32,quantile,0.01,3
2025-11-22,wk inc flu hosp,2,2025-12-06,32,quantile,0.025,5
2025-11-22,wk inc flu hosp,2,2025-12-06,32,quantile,0.05,6
2025-11-22,wk inc flu hosp,2,2025-12-06,32,quantile,0.1,8
2025-11-22,wk inc flu hosp,2,2025-12-06,32,quantile,0.15,9
2025-11-22,wk inc flu hosp,2,2025-12-06,32,quantile,0.2,10
2025-11-22,wk inc flu hosp,2,2025-12-06,32,quantile,0.25,11
2025-11-22,wk inc flu hosp,2,2025-12-06,32,quantile,0.3,11
2025-11-22,wk inc flu hosp,2,2025-12-06,32,quantile,0.35,13
2025-11-22,wk inc flu hosp,2,2025-12-06,32,quantile,0.4,13
2025-11-22,wk inc flu hosp,2,2025-12-06,32,quantile,0.45,15
2025-11-22,wk inc flu hosp,2,2025-12-06,32,quantile,0.5,16
2025-11-22,wk inc flu hosp,2,2025-12-06,32,quantile,0.55,17
2025-11-22,wk inc flu hosp,2,2025-12-06,32,quantile,0.6,18
2025-11-22,wk inc flu hosp,2,2025-12-06,32,quantile,0.65,20
2025-11-22,wk inc flu hosp,2,2025-12-06,32,quantile,0.7,22
2025-11-22,wk inc flu hosp,2,2025-12-06,32,quantile,0.75,25
2025-11-22,wk inc flu hosp,2,2025-12-06,32,quantile,0.8,29
2025-11-22,wk inc flu hosp,2,2025-12-06,32,quantile,0.85,35
2025-11-22,wk inc flu hosp,2,2025-12-06,32,quantile,0.9,45
2025-11-22,wk inc flu hosp,2,2025-12-06,32,quantile,0.95,65
2025-11-22,wk inc flu hosp,2,2025-12-06,32,quantile,0.975,68
2025-11-22,wk inc flu hosp,2,2025-12-06,32,quantile,0.99,68
2025-11-22,wk inc flu hosp,3,2025-12-13,32,quantile,0.01,4
2025-11-22,wk inc flu hosp,3,2025-12-13,32,quantile,0.025,5
2025-11-22,wk inc flu hosp,3,2025-12-13,32,quantile,0.05,6
2025-11-22,wk inc flu hosp,3,2025-12-13,32,quantile,0.1,9
2025-11-22,wk inc flu hosp,3,2025-12-13,32,quantile,0.15,10
2025-11-22,wk inc flu hosp,3,2025-12-13,32,quantile,0.2,11
2025-11-22,wk inc flu hosp,3,2025-12-13,32,quantile,0.25,11
2025-11-22,wk inc flu hosp,3,2025-12-13,32,quantile,0.3,13
2025-11-22,wk inc flu hosp,3,2025-12-13,32,quantile,0.35,14
2025-11-22,wk inc flu hosp,3,2025-12-13,32,quantile,0.4,16
2025-11-22,wk inc flu hosp,3,2025-12-13,32,quantile,0.45,17
2025-11-22,wk inc flu hosp,3,2025-12-13,32,quantile,0.5,19
2025-11-22,wk inc flu hosp,3,2025-12-13,32,quantile,0.55,21
2025-11-22,wk inc flu hosp,3,2025-12-13,32,quantile,0.6,22
2025-11-22,wk inc flu hosp,3,2025-12-13,32,quantile,0.65,25
2025-11-22,wk inc flu hosp,3,2025-12-13,32,quantile,0.7,28
2025-11-22,wk inc flu hosp,3,2025-12-13,32,quantile,0.75,32
2025-11-22,wk inc flu hosp,3,2025-12-13,32,quantile,0.8,38
2025-11-22,wk inc flu hosp,3,2025-12-13,32,quantile,0.85,48
2025-11-22,wk inc flu hosp,3,2025-12-13,32,quantile,0.9,64
2025-11-22,wk inc flu hosp,3,2025-12-13,32,quantile,0.95,89
2025-11-22,wk inc flu hosp,3,2025-12-13,32,quantile,0.975,89
2025-11-22,wk inc flu hosp,3,2025-12-13,32,quantile,0.99,89
2025-11-22,wk inc flu hosp,0,2025-11-22,33,quantile,0.01,0
2025-11-22,wk inc flu hosp,0,2025-11-22,33,quantile,0.025,0
2025-11-22,wk inc flu hosp,0,2025-11-22,33,quantile,0.05,0
2025-11-22,wk inc flu hosp,0,2025-11-22,33,quantile,0.1,0
2025-11-22,wk inc flu hosp,0,2025-11-22,33,quantile,0.15,1
2025-11-22,wk inc flu hosp,0,2025-11-22,33,quantile,0.2,1
2025-11-22,wk inc flu hosp,0,2025-11-22,33,quantile,0.25,1
2025-11-22,wk inc flu hosp,0,2025-11-22,33,quantile,0.3,2
2025-11-22,wk inc flu hosp,0,2025-11-22,33,quantile,0.35,2
2025-11-22,wk inc flu hosp,0,2025-11-22,33,quantile,0.4,3
2025-11-22,wk inc flu hosp,0,2025-11-22,33,quantile,0.45,3
2025-11-22,wk inc flu hosp,0,2025-11-22,33,quantile,0.5,4
2025-11-22,wk inc flu hosp,0,2025-11-22,33,quantile,0.55,4
2025-11-22,wk inc flu hosp,0,2025-11-22,33,quantile,0.6,4
2025-11-22,wk inc flu hosp,0,2025-11-22,33,quantile,0.65,5
2025-11-22,wk inc flu hosp,0,2025-11-22,33,quantile,0.7,6
2025-11-22,wk inc flu hosp,0,2025-11-22,33,quantile,0.75,6
2025-11-22,wk inc flu hosp,0,2025-11-22,33,quantile,0.8,7
2025-11-22,wk inc flu hosp,0,2025-11-22,33,quantile,0.85,9
2025-11-22,wk inc flu hosp,0,2025-11-22,33,quantile,0.9,11
2025-11-22,wk inc flu hosp,0,2025-11-22,33,quantile,0.95,14
2025-11-22,wk inc flu hosp,0,2025-11-22,33,quantile,0.975,18
2025-11-22,wk inc flu hosp,0,2025-11-22,33,quantile,0.99,24
2025-11-22,wk inc flu hosp,1,2025-11-29,33,quantile,0.01,0
2025-11-22,wk inc flu hosp,1,2025-11-29,33,quantile,0.025,0
2025-11-22,wk inc flu hosp,1,2025-11-29,33,quantile,0.05,0
2025-11-22,wk inc flu hosp,1,2025-11-29,33,quantile,0.1,0
2025-11-22,wk inc flu hosp,1,2025-11-29,33,quantile,0.15,1
2025-11-22,wk inc flu hosp,1,2025-11-29,33,quantile,0.2,1
2025-11-22,wk inc flu hosp,1,2025-11-29,33,quantile,0.25,2
2025-11-22,wk inc flu hosp,1,2025-11-29,33,quantile,0.3,2
2025-11-22,wk inc flu hosp,1,2025-11-29,33,quantile,0.35,2
2025-11-22,wk inc flu hosp,1,2025-11-29,33,quantile,0.4,2
2025-11-22,wk inc flu hosp,1,2025-11-29,33,quantile,0.45,3
2025-11-22,wk inc flu hosp,1,2025-11-29,33,quantile,0.5,3
2025-11-22,wk inc flu hosp,1,2025-11-29,33,quantile,0.55,4
2025-11-22,wk inc flu hosp,1,2025-11-29,33,quantile,0.6,4
2025-11-22,wk inc flu hosp,1,2025-11-29,33,quantile,0.65,5
2025-11-22,wk inc flu hosp,1,2025-11-29,33,quantile,0.7,6
2025-11-22,wk inc flu hosp,1,2025-11-29,33,quantile,0.75,7
2025-11-22,wk inc flu hosp,1,2025-11-29,33,quantile,0.8,8
2025-11-22,wk inc flu hosp,1,2025-11-29,33,quantile,0.85,10
2025-11-22,wk inc flu hosp,1,2025-11-29,33,quantile,0.9,14
2025-11-22,wk inc flu hosp,1,2025-11-29,33,quantile,0.95,20
2025-11-22,wk inc flu hosp,1,2025-11-29,33,quantile,0.975,25
2025-11-22,wk inc flu hosp,1,2025-11-29,33,quantile,0.99,26
2025-11-22,wk inc flu hosp,2,2025-12-06,33,quantile,0.01,0
2025-11-22,wk inc flu hosp,2,2025-12-06,33,quantile,0.025,0
2025-11-22,wk inc flu hosp,2,2025-12-06,33,quantile,0.05,0
2025-11-22,wk inc flu hosp,2,2025-12-06,33,quantile,0.1,1
2025-11-22,wk inc flu hosp,2,2025-12-06,33,quantile,0.15,1
2025-11-22,wk inc flu hosp,2,2025-12-06,33,quantile,0.2,2
2025-11-22,wk inc flu hosp,2,2025-12-06,33,quantile,0.25,2
2025-11-22,wk inc flu hosp,2,2025-12-06,33,quantile,0.3,2
2025-11-22,wk inc flu hosp,2,2025-12-06,33,quantile,0.35,3
2025-11-22,wk inc flu hosp,2,2025-12-06,33,quantile,0.4,3
2025-11-22,wk inc flu hosp,2,2025-12-06,33,quantile,0.45,4
2025-11-22,wk inc flu hosp,2,2025-12-06,33,quantile,0.5,4
2025-11-22,wk inc flu hosp,2,2025-12-06,33,quantile,0.55,5
2025-11-22,wk inc flu hosp,2,2025-12-06,33,quantile,0.6,5
2025-11-22,wk inc flu hosp,2,2025-12-06,33,quantile,0.65,6
2025-11-22,wk inc flu hosp,2,2025-12-06,33,quantile,0.7,7
2025-11-22,wk inc flu hosp,2,2025-12-06,33,quantile,0.75,9
2025-11-22,wk inc flu hosp,2,2025-12-06,33,quantile,0.8,10
2025-11-22,wk inc flu hosp,2,2025-12-06,33,quantile,0.85,14
2025-11-22,wk inc flu hosp,2,2025-12-06,33,quantile,0.9,19
2025-11-22,wk inc flu hosp,2,2025-12-06,33,quantile,0.95,29
2025-11-22,wk inc flu hosp,2,2025-12-06,33,quantile,0.975,31
2025-11-22,wk inc flu hosp,2,2025-12-06,33,quantile,0.99,31
2025-11-22,wk inc flu hosp,3,2025-12-13,33,quantile,0.01,0
2025-11-22,wk inc flu hosp,3,2025-12-13,33,quantile,0.025,0
2025-11-22,wk inc flu hosp,3,2025-12-13,33,quantile,0.05,1
2025-11-22,wk inc flu hosp,3,2025-12-13,33,quantile,0.1,1
2025-11-22,wk inc flu hosp,3,2025-12-13,33,quantile,0.15,2
2025-11-22,wk inc flu hosp,3,2025-12-13,33,quantile,0.2,2
2025-11-22,wk inc flu hosp,3,2025-12-13,33,quantile,0.25,2
2025-11-22,wk inc flu hosp,3,2025-12-13,33,quantile,0.3,3
2025-11-22,wk inc flu hosp,3,2025-12-13,33,quantile,0.35,3
2025-11-22,wk inc flu hosp,3,2025-12-13,33,quantile,0.4,4
2025-11-22,wk inc flu hosp,3,2025-12-13,33,quantile,0.45,5
2025-11-22,wk inc flu hosp,3,2025-12-13,33,quantile,0.5,5
2025-11-22,wk inc flu hosp,3,2025-12-13,33,quantile,0.55,6
2025-11-22,wk inc flu hosp,3,2025-12-13,33,quantile,0.6,7
2025-11-22,wk inc flu hosp,3,2025-12-13,33,quantile,0.65,8
2025-11-22,wk inc flu hosp,3,2025-12-13,33,quantile,0.7,9
2025-11-22,wk inc flu hosp,3,2025-12-13,33,quantile,0.75,11
2025-11-22,wk inc flu hosp,3,2025-12-13,33,quantile,0.8,14
2025-11-22,wk inc flu hosp,3,2025-12-13,33,quantile,0.85,19
2025-11-22,wk inc flu hosp,3,2025-12-13,33,quantile,0.9,27
2025-11-22,wk inc flu hosp,3,2025-12-13,33,quantile,0.95,38
2025-11-22,wk inc flu hosp,3,2025-12-13,33,quantile,0.975,38
2025-11-22,wk inc flu hosp,3,2025-12-13,33,quantile,0.99,38
2025-11-22,wk inc flu hosp,0,2025-11-22,34,quantile,0.01,29
2025-11-22,wk inc flu hosp,0,2025-11-22,34,quantile,0.025,29
2025-11-22,wk inc flu hosp,0,2025-11-22,34,quantile,0.05,34
2025-11-22,wk inc flu hosp,0,2025-11-22,34,quantile,0.1,37
2025-11-22,wk inc flu hosp,0,2025-11-22,34,quantile,0.15,42
2025-11-22,wk inc flu hosp,0,2025-11-22,34,quantile,0.2,44
2025-11-22,wk inc flu hosp,0,2025-11-22,34,quantile,0.25,44
2025-11-22,wk inc flu hosp,0,2025-11-22,34,quantile,0.3,48
2025-11-22,wk inc flu hosp,0,2025-11-22,34,quantile,0.35,50
2025-11-22,wk inc flu hosp,0,2025-11-22,34,quantile,0.4,52
2025-11-22,wk inc flu hosp,0,2025-11-22,34,quantile,0.45,54
2025-11-22,wk inc flu hosp,0,2025-11-22,34,quantile,0.5,56
2025-11-22,wk inc flu hosp,0,2025-11-22,34,quantile,0.55,58
2025-11-22,wk inc flu hosp,0,2025-11-22,34,quantile,0.6,59
2025-11-22,wk inc flu hosp,0,2025-11-22,34,quantile,0.65,62
2025-11-22,wk inc flu hosp,0,2025-11-22,34,quantile,0.7,64
2025-11-22,wk inc flu hosp,0,2025-11-22,34,quantile,0.75,67
2025-11-22,wk inc flu hosp,0,2025-11-22,34,quantile,0.8,70
2025-11-22,wk inc flu hosp,0,2025-11-22,34,quantile,0.85,75
2025-11-22,wk inc flu hosp,0,2025-11-22,34,quantile,0.9,81
2025-11-22,wk inc flu hosp,0,2025-11-22,34,quantile,0.95,92
2025-11-22,wk inc flu hosp,0,2025-11-22,34,quantile,0.975,102
2025-11-22,wk inc flu hosp,0,2025-11-22,34,quantile,0.99,116
2025-11-22,wk inc flu hosp,1,2025-11-29,34,quantile,0.01,24
2025-11-22,wk inc flu hosp,1,2025-11-29,34,quantile,0.025,27
2025-11-22,wk inc flu hosp,1,2025-11-29,34,quantile,0.05,31
2025-11-22,wk inc flu hosp,1,2025-11-29,34,quantile,0.1,36
2025-11-22,wk inc flu hosp,1,2025-11-29,34,quantile,0.15,38
2025-11-22,wk inc flu hosp,1,2025-11-29,34,quantile,0.2,41
2025-11-22,wk inc flu hosp,1,2025-11-29,34,quantile,0.25,44
2025-11-22,wk inc flu hosp,1,2025-11-29,34,quantile,0.3,46
2025-11-22,wk inc flu hosp,1,2025-11-29,34,quantile,0.35,47
2025-11-22,wk inc flu hosp,1,2025-11-29,34,quantile,0.4,48
2025-11-22,wk inc flu hosp,1,2025-11-29,34,quantile,0.45,50
2025-11-22,wk inc flu hosp,1,2025-11-29,34,quantile,0.5,53
2025-11-22,wk inc flu hosp,1,2025-11-29,34,quantile,0.55,55
2025-11-22,wk inc flu hosp,1,2025-11-29,34,quantile,0.6,58
2025-11-22,wk inc flu hosp,1,2025-11-29,34,quantile,0.65,61
2025-11-22,wk inc flu hosp,1,2025-11-29,34,quantile,0.7,65
2025-11-22,wk inc flu hosp,1,2025-11-29,34,quantile,0.75,69
2025-11-22,wk inc flu hosp,1,2025-11-29,34,quantile,0.8,75
2025-11-22,wk inc flu hosp,1,2025-11-29,34,quantile,0.85,83
2025-11-22,wk inc flu hosp,1,2025-11-29,34,quantile,0.9,98
2025-11-22,wk inc flu hosp,1,2025-11-29,34,quantile,0.95,120
2025-11-22,wk inc flu hosp,1,2025-11-29,34,quantile,0.975,143
2025-11-22,wk inc flu hosp,1,2025-11-29,34,quantile,0.99,144
2025-11-22,wk inc flu hosp,2,2025-12-06,34,quantile,0.01,17
2025-11-22,wk inc flu hosp,2,2025-12-06,34,quantile,0.025,22
2025-11-22,wk inc flu hosp,2,2025-12-06,34,quantile,0.05,27
2025-11-22,wk inc flu hosp,2,2025-12-06,34,quantile,0.1,32
2025-11-22,wk inc flu hosp,2,2025-12-06,34,quantile,0.15,35
2025-11-22,wk inc flu hosp,2,2025-12-06,34,quantile,0.2,39
2025-11-22,wk inc flu hosp,2,2025-12-06,34,quantile,0.25,42
2025-11-22,wk inc flu hosp,2,2025-12-06,34,quantile,0.3,42
2025-11-22,wk inc flu hosp,2,2025-12-06,34,quantile,0.35,45
2025-11-22,wk inc flu hosp,2,2025-12-06,34,quantile,0.4,48
2025-11-22,wk inc flu hosp,2,2025-12-06,34,quantile,0.45,51
2025-11-22,wk inc flu hosp,2,2025-12-06,34,quantile,0.5,54
2025-11-22,wk inc flu hosp,2,2025-12-06,34,quantile,0.55,57
2025-11-22,wk inc flu hosp,2,2025-12-06,34,quantile,0.6,61
2025-11-22,wk inc flu hosp,2,2025-12-06,34,quantile,0.65,65
2025-11-22,wk inc flu hosp,2,2025-12-06,34,quantile,0.7,71
2025-11-22,wk inc flu hosp,2,2025-12-06,34,quantile,0.75,77
2025-11-22,wk inc flu hosp,2,2025-12-06,34,quantile,0.8,86
2025-11-22,wk inc flu hosp,2,2025-12-06,34,quantile,0.85,99
2025-11-22,wk inc flu hosp,2,2025-12-06,34,quantile,0.9,122
2025-11-22,wk inc flu hosp,2,2025-12-06,34,quantile,0.95,166
2025-11-22,wk inc flu hosp,2,2025-12-06,34,quantile,0.975,173
2025-11-22,wk inc flu hosp,2,2025-12-06,34,quantile,0.99,173
2025-11-22,wk inc flu hosp,3,2025-12-13,34,quantile,0.01,17
2025-11-22,wk inc flu hosp,3,2025-12-13,34,quantile,0.025,22
2025-11-22,wk inc flu hosp,3,2025-12-13,34,quantile,0.05,26
2025-11-22,wk inc flu hosp,3,2025-12-13,34,quantile,0.1,32
2025-11-22,wk inc flu hosp,3,2025-12-13,34,quantile,0.15,37
2025-11-22,wk inc flu hosp,3,2025-12-13,34,quantile,0.2,39
2025-11-22,wk inc flu hosp,3,2025-12-13,34,quantile,0.25,40
2025-11-22,wk inc flu hosp,3,2025-12-13,34,quantile,0.3,45
2025-11-22,wk inc flu hosp,3,2025-12-13,34,quantile,0.35,48
2025-11-22,wk inc flu hosp,3,2025-12-13,34,quantile,0.4,52
2025-11-22,wk inc flu hosp,3,2025-12-13,34,quantile,0.45,57
2025-11-22,wk inc flu hosp,3,2025-12-13,34,quantile,0.5,60
2025-11-22,wk inc flu hosp,3,2025-12-13,34,quantile,0.55,65
2025-11-22,wk inc flu hosp,3,2025-12-13,34,quantile,0.6,69
2025-11-22,wk inc flu hosp,3,2025-12-13,34,quantile,0.65,76
2025-11-22,wk inc flu hosp,3,2025-12-13,34,quantile,0.7,83
2025-11-22,wk inc flu hosp,3,2025-12-13,34,quantile,0.75,93
2025-11-22,wk inc flu hosp,3,2025-12-13,34,quantile,0.8,107
2025-11-22,wk inc flu hosp,3,2025-12-13,34,quantile,0.85,132
2025-11-22,wk inc flu hosp,3,2025-12-13,34,quantile,0.9,170
2025-11-22,wk inc flu hosp,3,2025-12-13,34,quantile,0.95,227
2025-11-22,wk inc flu hosp,3,2025-12-13,34,quantile,0.975,227
2025-11-22,wk inc flu hosp,3,2025-12-13,34,quantile,0.99,227
2025-11-22,wk inc flu hosp,0,2025-11-22,35,quantile,0.01,3
2025-11-22,wk inc flu hosp,0,2025-11-22,35,quantile,0.025,3
2025-11-22,wk inc flu hosp,0,2025-11-22,35,quantile,0.05,4
2025-11-22,wk inc flu hosp,0,2025-11-22,35,quantile,0.1,4
2025-11-22,wk inc flu hosp,0,2025-11-22,35,quantile,0.15,6
2025-11-22,wk inc flu hosp,0,2025-11-22,35,quantile,0.2,6
2025-11-22,wk inc flu hosp,0,2025-11-22,35,quantile,0.25,6
2025-11-22,wk inc flu hosp,0,2025-11-22,35,quantile,0.3,8
2025-11-22,wk inc flu hosp,0,2025-11-22,35,quantile,0.35,8
2025-11-22,wk inc flu hosp,0,2025-11-22,35,quantile,0.4,9
2025-11-22,wk inc flu hosp,0,2025-11-22,35,quantile,0.45,10
2025-11-22,wk inc flu hosp,0,2025-11-22,35,quantile,0.5,11
2025-11-22,wk inc flu hosp,0,2025-11-22,35,quantile,0.55,11
2025-11-22,wk inc flu hosp,0,2025-11-22,35,quantile,0.6,12
2025-11-22,wk inc flu hosp,0,2025-11-22,35,quantile,0.65,13
2025-11-22,wk inc flu hosp,0,2025-11-22,35,quantile,0.7,14
2025-11-22,wk inc flu hosp,0,2025-11-22,35,quantile,0.75,15
2025-11-22,wk inc flu hosp,0,2025-11-22,35,quantile,0.8,17
2025-11-22,wk inc flu hosp,0,2025-11-22,35,quantile,0.85,19
2025-11-22,wk inc flu hosp,0,2025-11-22,35,quantile,0.9,22
2025-11-22,wk inc flu hosp,0,2025-11-22,35,quantile,0.95,27
2025-11-22,wk inc flu hosp,0,2025-11-22,35,quantile,0.975,32
2025-11-22,wk inc flu hosp,0,2025-11-22,35,quantile,0.99,41
2025-11-22,wk inc flu hosp,1,2025-11-29,35,quantile,0.01,2
2025-11-22,wk inc flu hosp,1,2025-11-29,35,quantile,0.025,3
2025-11-22,wk inc flu hosp,1,2025-11-29,35,quantile,0.05,3
2025-11-22,wk inc flu hosp,1,2025-11-29,35,quantile,0.1,5
2025-11-22,wk inc flu hosp,1,2025-11-29,35,quantile,0.15,5
2025-11-22,wk inc flu hosp,1,2025-11-29,35,quantile,0.2,6
2025-11-22,wk inc flu hosp,1,2025-11-29,35,quantile,0.25,7
2025-11-22,wk inc flu hosp,1,2025-11-29,35,quantile,0.3,8
2025-11-22,wk inc flu hosp,1,2025-11-29,35,quantile,0.35,8
2025-11-22,wk inc flu hosp,1,2025-11-29,35,quantile,0.4,8
2025-11-22,wk inc flu hosp,1,2025-11-29,35,quantile,0.45,9
2025-11-22,wk inc flu hosp,1,2025-11-29,35,quantile,0.5,10
2025-11-22,wk inc flu hosp,1,2025-11-29,35,quantile,0.55,11
2025-11-22,wk inc flu hosp,1,2025-11-29,35,quantile,0.6,12
2025-11-22,wk inc flu hosp,1,2025-11-29,35,quantile,0.65,13
2025-11-22,wk inc flu hosp,1,2025-11-29,35,quantile,0.7,14
2025-11-22,wk inc flu hosp,1,2025-11-29,35,quantile,0.75,16
2025-11-22,wk inc flu hosp,1,2025-11-29,35,quantile,0.8,18
2025-11-22,wk inc flu hosp,1,2025-11-29,35,quantile,0.85,21
2025-11-22,wk inc flu hosp,1,2025-11-29,35,quantile,0.9,27
2025-11-22,wk inc flu hosp,1,2025-11-29,35,quantile,0.95,37
2025-11-22,wk inc flu hosp,1,2025-11-29,35,quantile,0.975,45
2025-11-22,wk inc flu hosp,1,2025-11-29,35,quantile,0.99,46
2025-11-22,wk inc flu hosp,2,2025-12-06,35,quantile,0.01,2
2025-11-22,wk inc flu hosp,2,2025-12-06,35,quantile,0.025,3
2025-11-22,wk inc flu hosp,2,2025-12-06,35,quantile,0.05,3
2025-11-22,wk inc flu hosp,2,2025-12-06,35,quantile,0.1,5
2025-11-22,wk inc flu hosp,2,2025-12-06,35,quantile,0.15,5
2025-11-22,wk inc flu hosp,2,2025-12-06,35,quantile,0.2,6
2025-11-22,wk inc flu hosp,2,2025-12-06,35,quantile,0.25,7
2025-11-22,wk inc flu hosp,2,2025-12-06,35,quantile,0.3,7
2025-11-22,wk inc flu hosp,2,2025-12-06,35,quantile,0.35,8
2025-11-22,wk inc flu hosp,2,2025-12-06,35,quantile,0.4,9
2025-11-22,wk inc flu hosp,2,2025-12-06,35,quantile,0.45,10
2025-11-22,wk inc flu hosp,2,2025-12-06,35,quantile,0.5,11
2025-11-22,wk inc flu hosp,2,2025-12-06,35,quantile,0.55,12
2025-11-22,wk inc flu hosp,2,2025-12-06,35,quantile,0.6,13
2025-11-22,wk inc flu hosp,2,2025-12-06,35,quantile,0.65,14
2025-11-22,wk inc flu hosp,2,2025-12-06,35,quantile,0.7,16
2025-11-22,wk inc flu hosp,2,2025-12-06,35,quantile,0.75,18
2025-11-22,wk inc flu hosp,2,2025-12-06,35,quantile,0.8,21
2025-11-22,wk inc flu hosp,2,2025-12-06,35,quantile,0.85,26
2025-11-22,wk inc flu hosp,2,2025-12-06,35,quantile,0.9,34
2025-11-22,wk inc flu hosp,2,2025-12-06,35,quantile,0.95,50
2025-11-22,wk inc flu hosp,2,2025-12-06,35,quantile,0.975,53
2025-11-22,wk inc flu hosp,2,2025-12-06,35,quantile,0.99,53
2025-11-22,wk inc flu hosp,3,2025-12-13,35,quantile,0.01,2
2025-11-22,wk inc flu hosp,3,2025-12-13,35,quantile,0.025,2
2025-11-22,wk inc flu hosp,3,2025-12-13,35,quantile,0.05,3
2025-11-22,wk inc flu hosp,3,2025-12-13,35,quantile,0.1,4
2025-11-22,wk inc flu hosp,3,2025-12-13,35,quantile,0.15,5
2025-11-22,wk inc flu hosp,3,2025-12-13,35,quantile,0.2,6
2025-11-22,wk inc flu hosp,3,2025-12-13,35,quantile,0.25,6
2025-11-22,wk inc flu hosp,3,2025-12-13,35,quantile,0.3,7
2025-11-22,wk inc flu hosp,3,2025-12-13,35,quantile,0.35,8
2025-11-22,wk inc flu hosp,3,2025-12-13,35,quantile,0.4,9
2025-11-22,wk inc flu hosp,3,2025-12-13,35,quantile,0.45,11
2025-11-22,wk inc flu hosp,3,2025-12-13,35,quantile,0.5,12
2025-11-22,wk inc flu hosp,3,2025-12-13,35,quantile,0.55,13
2025-11-22,wk inc flu hosp,3,2025-12-13,35,quantile,0.6,14
2025-11-22,wk inc flu hosp,3,2025-12-13,35,quantile,0.65,16
2025-11-22,wk inc flu hosp,3,2025-12-13,35,quantile,0.7,19
2025-11-22,wk inc flu hosp,3,2025-12-13,35,quantile,0.75,21
2025-11-22,wk inc flu hosp,3,2025-12-13,35,quantile,0.8,26
2025-11-22,wk inc flu hosp,3,2025-12-13,35,quantile,0.85,34
2025-11-22,wk inc flu hosp,3,2025-12-13,35,quantile,0.9,47
2025-11-22,wk inc flu hosp,3,2025-12-13,35,quantile,0.95,65
2025-11-22,wk inc flu hosp,3,2025-12-13,35,quantile,0.975,65
2025-11-22,wk inc flu hosp,3,2025-12-13,35,quantile,0.99,65
2025-11-22,wk inc flu hosp,0,2025-11-22,36,quantile,0.01,71
2025-11-22,wk inc flu hosp,0,2025-11-22,36,quantile,0.025,72
2025-11-22,wk inc flu hosp,0,2025-11-22,36,quantile,0.05,83
2025-11-22,wk inc flu hosp,0,2025-11-22,36,quantile,0.1,89
2025-11-22,wk inc flu hosp,0,2025-11-22,36,quantile,0.15,105
2025-11-22,wk inc flu hosp,0,2025-11-22,36,quantile,0.2,112
2025-11-22,wk inc flu hosp,0,2025-11-22,36,quantile,0.25,112
2025-11-22,wk inc flu hosp,0,2025-11-22,36,quantile,0.3,123
2025-11-22,wk inc flu hosp,0,2025-11-22,36,quantile,0.35,129
2025-11-22,wk inc flu hosp,0,2025-11-22,36,quantile,0.4,136
2025-11-22,wk inc flu hosp,0,2025-11-22,36,quantile,0.45,141
2025-11-22,wk inc flu hosp,0,2025-11-22,36,quantile,0.5,149
2025-11-22,wk inc flu hosp,0,2025-11-22,36,quantile,0.55,154
2025-11-22,wk inc flu hosp,0,2025-11-22,36,quantile,0.6,160
2025-11-22,wk inc flu hosp,0,2025-11-22,36,quantile,0.65,168
2025-11-22,wk inc flu hosp,0,2025-11-22,36,quantile,0.7,175
2025-11-22,wk inc flu hosp,0,2025-11-22,36,quantile,0.75,185
2025-11-22,wk inc flu hosp,0,2025-11-22,36,quantile,0.8,197
2025-11-22,wk inc flu hosp,0,2025-11-22,36,quantile,0.85,213
2025-11-22,wk inc flu hosp,0,2025-11-22,36,quantile,0.9,236
2025-11-22,wk inc flu hosp,0,2025-11-22,36,quantile,0.95,277
2025-11-22,wk inc flu hosp,0,2025-11-22,36,quantile,0.975,315
2025-11-22,wk inc flu hosp,0,2025-11-22,36,quantile,0.99,372
2025-11-22,wk inc flu hosp,1,2025-11-29,36,quantile,0.01,55
2025-11-22,wk inc flu hosp,1,2025-11-29,36,quantile,0.025,64
2025-11-22,wk inc flu hosp,1,2025-11-29,36,quantile,0.05,71
2025-11-22,wk inc flu hosp,1,2025-11-29,36,quantile,0.1,85
2025-11-22,wk inc flu hosp,1,2025-11-29,36,quantile,0.15,91
2025-11-22,wk inc flu hosp,1,2025-11-29,36,quantile,0.2,98
2025-11-22,wk inc flu hosp,1,2025-11-29,36,quantile,0.25,107
2025-11-22,wk inc flu hosp,1,2025-11-29,36,quantile,0.3,112
2025-11-22,wk inc flu hosp,1,2025-11-29,36,quantile,0.35,115
2025-11-22,wk inc flu hosp,1,2025-11-29,36,quantile,0.4,119
2025-11-22,wk inc flu hosp,1,2025-11-29,36,quantile,0.45,125
2025-11-22,wk inc flu hosp,1,2025-11-29,36,quantile,0.5,132
2025-11-22,wk inc flu hosp,1,2025-11-29,36,quantile,0.55,140
2025-11-22,wk inc flu hosp,1,2025-11-29,36,quantile,0.6,147
2025-11-22,wk inc flu hosp,1,2025-11-29,36,quantile,0.65,157
2025-11-22,wk inc flu hosp,1,2025-11-29,36,quantile,0.7,169
2025-11-22,wk inc flu hosp,1,2025-11-29,36,quantile,0.75,181
2025-11-22,wk inc flu hosp,1,2025-11-29,36,quantile,0.8,199
2025-11-22,wk inc flu hosp,1,2025-11-29,36,quantile,0.85,224
2025-11-22,wk inc flu hosp,1,2025-11-29,36,quantile,0.9,274
2025-11-22,wk inc flu hosp,1,2025-11-29,36,quantile,0.95,350
2025-11-22,wk inc flu hosp,1,2025-11-29,36,quantile,0.975,425
2025-11-22,wk inc flu hosp,1,2025-11-29,36,quantile,0.99,429
2025-11-22,wk inc flu hosp,2,2025-12-06,36,quantile,0.01,40
2025-11-22,wk inc flu hosp,2,2025-12-06,36,quantile,0.025,53
2025-11-22,wk inc flu hosp,2,2025-12-06,36,quantile,0.05,64
2025-11-22,wk inc flu hosp,2,2025-12-06,36,quantile,0.1,76
2025-11-22,wk inc flu hosp,2,2025-12-06,36,quantile,0.15,84
2025-11-22,wk inc flu hosp,2,2025-12-06,36,quantile,0.2,94
2025-11-22,wk inc flu hosp,2,2025-12-06,36,quantile,0.25,102
2025-11-22,wk inc flu hosp,2,2025-12-06,36,quantile,0.3,104
2025-11-22,wk inc flu hosp,2,2025-12-06,36,quantile,0.35,111
2025-11-22,wk inc flu hosp,2,2025-12-06,36,quantile,0.4,117
2025-11-22,wk inc flu hosp,2,2025-12-06,36,quantile,0.45,127
2025-11-22,wk inc flu hosp,2,2025-12-06,36,quantile,0.5,134
2025-11-22,wk inc flu hosp,2,2025-12-06,36,quantile,0.55,144
2025-11-22,wk inc flu hosp,2,2025-12-06,36,quantile,0.6,153
2025-11-22,wk inc flu hosp,2,2025-12-06,36,quantile,0.65,165
2025-11-22,wk inc flu hosp,2,2025-12-06,36,quantile,0.7,181
2025-11-22,wk inc flu hosp,2,2025-12-06,36,quantile,0.75,199
2025-11-22,wk inc flu hosp,2,2025-12-06,36,quantile,0.8,225
2025-11-22,wk inc flu hosp,2,2025-12-06,36,quantile,0.85,264
2025-11-22,wk inc flu hosp,2,2025-12-06,36,quantile,0.9,332
2025-11-22,wk inc flu hosp,2,2025-12-06,36,quantile,0.95,468
2025-11-22,wk inc flu hosp,2,2025-12-06,36,quantile,0.975,491
2025-11-22,wk inc flu hosp,2,2025-12-06,36,quantile,0.99,491
2025-11-22,wk inc flu hosp,3,2025-12-13,36,quantile,0.01,42
2025-11-22,wk inc flu hosp,3,2025-12-13,36,quantile,0.025,51
2025-11-22,wk inc flu hosp,3,2025-12-13,36,quantile,0.05,60
2025-11-22,wk inc flu hosp,3,2025-12-13,36,quantile,0.1,74
2025-11-22,wk inc flu hosp,3,2025-12-13,36,quantile,0.15,84
2025-11-22,wk inc flu hosp,3,2025-12-13,36,quantile,0.2,89
2025-11-22,wk inc flu hosp,3,2025-12-13,36,quantile,0.25,93
2025-11-22,wk inc flu hosp,3,2025-12-13,36,quantile,0.3,104
2025-11-22,wk inc flu hosp,3,2025-12-13,36,quantile,0.35,114
2025-11-22,wk inc flu hosp,3,2025-12-13,36,quantile,0.4,124
2025-11-22,wk inc flu hosp,3,2025-12-13,36,quantile,0.45,136
2025-11-22,wk inc flu hosp,3,2025-12-13,36,quantile,0.5,146
2025-11-22,wk inc flu hosp,3,2025-12-13,36,quantile,0.55,158
2025-11-22,wk inc flu hosp,3,2025-12-13,36,quantile,0.6,171
2025-11-22,wk inc flu hosp,3,2025-12-13,36,quantile,0.65,187
2025-11-22,wk inc flu hosp,3,2025-12-13,36,quantile,0.7,208
2025-11-22,wk inc flu hosp,3,2025-12-13,36,quantile,0.75,234
2025-11-22,wk inc flu hosp,3,2025-12-13,36,quantile,0.8,277
2025-11-22,wk inc flu hosp,3,2025-12-13,36,quantile,0.85,349
2025-11-22,wk inc flu hosp,3,2025-12-13,36,quantile,0.9,457
2025-11-22,wk inc flu hosp,3,2025-12-13,36,quantile,0.95,622
2025-11-22,wk inc flu hosp,3,2025-12-13,36,quantile,0.975,622
2025-11-22,wk inc flu hosp,3,2025-12-13,36,quantile,0.99,622
2025-11-22,wk inc flu hosp,0,2025-11-22,37,quantile,0.01,38
2025-11-22,wk inc flu hosp,0,2025-11-22,37,quantile,0.025,39
2025-11-22,wk inc flu hosp,0,2025-11-22,37,quantile,0.05,44
2025-11-22,wk inc flu hosp,0,2025-11-22,37,quantile,0.1,47
2025-11-22,wk inc flu hosp,0,2025-11-22,37,quantile,0.15,55
2025-11-22,wk inc flu hosp,0,2025-11-22,37,quantile,0.2,58
2025-11-22,wk inc flu hosp,0,2025-11-22,37,quantile,0.25,58
2025-11-22,wk inc flu hosp,0,2025-11-22,37,quantile,0.3,62
2025-11-22,wk inc flu hosp,0,2025-11-22,37,quantile,0.35,65
2025-11-22,wk inc flu hosp,0,2025-11-22,37,quantile,0.4,68
2025-11-22,wk inc flu hosp,0,2025-11-22,37,quantile,0.45,70
2025-11-22,wk inc flu hosp,0,2025-11-22,37,quantile,0.5,73
2025-11-22,wk inc flu hosp,0,2025-11-22,37,quantile,0.55,75
2025-11-22,wk inc flu hosp,0,2025-11-22,37,quantile,0.6,77
2025-11-22,wk inc flu hosp,0,2025-11-22,37,quantile,0.65,81
2025-11-22,wk inc flu hosp,0,2025-11-22,37,quantile,0.7,83
2025-11-22,wk inc flu hosp,0,2025-11-22,37,quantile,0.75,87
2025-11-22,wk inc flu hosp,0,2025-11-22,37,quantile,0.8,92
2025-11-22,wk inc flu hosp,0,2025-11-22,37,quantile,0.85,98
2025-11-22,wk inc flu hosp,0,2025-11-22,37,quantile,0.9,106
2025-11-22,wk inc flu hosp,0,2025-11-22,37,quantile,0.95,121
2025-11-22,wk inc flu hosp,0,2025-11-22,37,quantile,0.975,135
2025-11-22,wk inc flu hosp,0,2025-11-22,37,quantile,0.99,154
2025-11-22,wk inc flu hosp,1,2025-11-29,37,quantile,0.01,31
2025-11-22,wk inc flu hosp,1,2025-11-29,37,quantile,0.025,35
2025-11-22,wk inc flu hosp,1,2025-11-29,37,quantile,0.05,39
2025-11-22,wk inc flu hosp,1,2025-11-29,37,quantile,0.1,46
2025-11-22,wk inc flu hosp,1,2025-11-29,37,quantile,0.15,49
2025-11-22,wk inc flu hosp,1,2025-11-29,37,quantile,0.2,52
2025-11-22,wk inc flu hosp,1,2025-11-29,37,quantile,0.25,56
2025-11-22,wk inc flu hosp,1,2025-11-29,37,quantile,0.3,58
2025-11-22,wk inc flu hosp,1,2025-11-29,37,quantile,0.35,60
2025-11-22,wk inc flu hosp,1,2025-11-29,37,quantile,0.4,61
2025-11-22,wk inc flu hosp,1,2025-11-29,37,quantile,0.45,64
2025-11-22,wk inc flu hosp,1,2025-11-29,37,quantile,0.5,68
2025-11-22,wk inc flu hosp,1,2025-11-29,37,quantile,0.55,71
2025-11-22,wk inc flu hosp,1,2025-11-29,37,quantile,0.6,74
2025-11-22,wk inc flu hosp,1,2025-11-29,37,quantile,0.65,79
2025-11-22,wk inc flu hosp,1,2025-11-29,37,quantile,0.7,84
2025-11-22,wk inc flu hosp,1,2025-11-29,37,quantile,0.75,90
2025-11-22,wk inc flu hosp,1,2025-11-29,37,quantile,0.8,97
2025-11-22,wk inc flu hosp,1,2025-11-29,37,quantile,0.85,108
2025-11-22,wk inc flu hosp,1,2025-11-29,37,quantile,0.9,129
2025-11-22,wk inc flu hosp,1,2025-11-29,37,quantile,0.95,161
2025-11-22,wk inc flu hosp,1,2025-11-29,37,quantile,0.975,193
2025-11-22,wk inc flu hosp,1,2025-11-29,37,quantile,0.99,195
2025-11-22,wk inc flu hosp,2,2025-12-06,37,quantile,0.01,24
2025-11-22,wk inc flu hosp,2,2025-12-06,37,quantile,0.025,31
2025-11-22,wk inc flu hosp,2,2025-12-06,37,quantile,0.05,37
2025-11-22,wk inc flu hosp,2,2025-12-06,37,quantile,0.1,43
2025-11-22,wk inc flu hosp,2,2025-12-06,37,quantile,0.15,47
2025-11-22,wk inc flu hosp,2,2025-12-06,37,quantile,0.2,52
2025-11-22,wk inc flu hosp,2,2025-12-06,37,quantile,0.25,55
2025-11-22,wk inc flu hosp,2,2025-12-06,37,quantile,0.3,56
2025-11-22,wk inc flu hosp,2,2025-12-06,37,quantile,0.35,60
2025-11-22,wk inc flu hosp,2,2025-12-06,37,quantile,0.4,63
2025-11-22,wk inc flu hosp,2,2025-12-06,37,quantile,0.45,67
2025-11-22,wk inc flu hosp,2,2025-12-06,37,quantile,0.5,71
2025-11-22,wk inc flu hosp,2,2025-12-06,37,quantile,0.55,75
2025-11-22,wk inc flu hosp,2,2025-12-06,37,quantile,0.6,80
2025-11-22,wk inc flu hosp,2,2025-12-06,37,quantile,0.65,85
2025-11-22,wk inc flu hosp,2,2025-12-06,37,quantile,0.7,92
2025-11-22,wk inc flu hosp,2,2025-12-06,37,quantile,0.75,101
2025-11-22,wk inc flu hosp,2,2025-12-06,37,quantile,0.8,112
2025-11-22,wk inc flu hosp,2,2025-12-06,37,quantile,0.85,129
2025-11-22,wk inc flu hosp,2,2025-12-06,37,quantile,0.9,159
2025-11-22,wk inc flu hosp,2,2025-12-06,37,quantile,0.95,218
2025-11-22,wk inc flu hosp,2,2025-12-06,37,quantile,0.975,228
2025-11-22,wk inc flu hosp,2,2025-12-06,37,quantile,0.99,228
2025-11-22,wk inc flu hosp,3,2025-12-13,37,quantile,0.01,25
2025-11-22,wk inc flu hosp,3,2025-12-13,37,quantile,0.025,31
2025-11-22,wk inc flu hosp,3,2025-12-13,37,quantile,0.05,37
2025-11-22,wk inc flu hosp,3,2025-12-13,37,quantile,0.1,45
2025-11-22,wk inc flu hosp,3,2025-12-13,37,quantile,0.15,50
2025-11-22,wk inc flu hosp,3,2025-12-13,37,quantile,0.2,53
2025-11-22,wk inc flu hosp,3,2025-12-13,37,quantile,0.25,54
2025-11-22,wk inc flu hosp,3,2025-12-13,37,quantile,0.3,60
2025-11-22,wk inc flu hosp,3,2025-12-13,37,quantile,0.35,65
2025-11-22,wk inc flu hosp,3,2025-12-13,37,quantile,0.4,70
2025-11-22,wk inc flu hosp,3,2025-12-13,37,quantile,0.45,76
2025-11-22,wk inc flu hosp,3,2025-12-13,37,quantile,0.5,80
2025-11-22,wk inc flu hosp,3,2025-12-13,37,quantile,0.55,86
2025-11-22,wk inc flu hosp,3,2025-12-13,37,quantile,0.6,92
2025-11-22,wk inc flu hosp,3,2025-12-13,37,quantile,0.65,100
2025-11-22,wk inc flu hosp,3,2025-12-13,37,quantile,0.7,109
2025-11-22,wk inc flu hosp,3,2025-12-13,37,quantile,0.75,122
2025-11-22,wk inc flu hosp,3,2025-12-13,37,quantile,0.8,141
2025-11-22,wk inc flu hosp,3,2025-12-13,37,quantile,0.85,173
2025-11-22,wk inc flu hosp,3,2025-12-13,37,quantile,0.9,221
2025-11-22,wk inc flu hosp,3,2025-12-13,37,quantile,0.95,297
2025-11-22,wk inc flu hosp,3,2025-12-13,37,quantile,0.975,297
2025-11-22,wk inc flu hosp,3,2025-12-13,37,quantile,0.99,297
2025-11-22,wk inc flu hosp,0,2025-11-22,38,quantile,0.01,0
2025-11-22,wk inc flu hosp,0,2025-11-22,38,quantile,0.025,0
2025-11-22,wk inc flu hosp,0,2025-11-22,38,quantile,0.05,0
2025-11-22,wk inc flu hosp,0,2025-11-22,38,quantile,0.1,1
2025-11-22,wk inc flu hosp,0,2025-11-22,38,quantile,0.15,1
2025-11-22,wk inc flu hosp,0,2025-11-22,38,quantile,0.2,1
2025-11-22,wk inc flu hosp,0,2025-11-22,38,quantile,0.25,1
2025-11-22,wk inc flu hosp,0,2025-11-22,38,quantile,0.3,2
2025-11-22,wk inc flu hosp,0,2025-11-22,38,quantile,0.35,2
2025-11-22,wk inc flu hosp,0,2025-11-22,38,quantile,0.4,3
2025-11-22,wk inc flu hosp,0,2025-11-22,38,quantile,0.45,3
2025-11-22,wk inc flu hosp,0,2025-11-22,38,quantile,0.5,3
2025-11-22,wk inc flu hosp,0,2025-11-22,38,quantile,0.55,4
2025-11-22,wk inc flu hosp,0,2025-11-22,38,quantile,0.6,4
2025-11-22,wk inc flu hosp,0,2025-11-22,38,quantile,0.65,5
2025-11-22,wk inc flu hosp,0,2025-11-22,38,quantile,0.7,5
2025-11-22,wk inc flu hosp,0,2025-11-22,38,quantile,0.75,6
2025-11-22,wk inc flu hosp,0,2025-11-22,38,quantile,0.8,7
2025-11-22,wk inc flu hosp,0,2025-11-22,38,quantile,0.85,8
2025-11-22,wk inc flu hosp,0,2025-11-22,38,quantile,0.9,9
2025-11-22,wk inc flu hosp,0,2025-11-22,38,quantile,0.95,12
2025-11-22,wk inc flu hosp,0,2025-11-22,38,quantile,0.975,15
2025-11-22,wk inc flu hosp,0,2025-11-22,38,quantile,0.99,20
2025-11-22,wk inc flu hosp,1,2025-11-29,38,quantile,0.01,0
2025-11-22,wk inc flu hosp,1,2025-11-29,38,quantile,0.025,0
2025-11-22,wk inc flu hosp,1,2025-11-29,38,quantile,0.05,0
2025-11-22,wk inc flu hosp,1,2025-11-29,38,quantile,0.1,1
2025-11-22,wk inc flu hosp,1,2025-11-29,38,quantile,0.15,1
2025-11-22,wk inc flu hosp,1,2025-11-29,38,quantile,0.2,1
2025-11-22,wk inc flu hosp,1,2025-11-29,38,quantile,0.25,2
2025-11-22,wk inc flu hosp,1,2025-11-29,38,quantile,0.3,2
2025-11-22,wk inc flu hosp,1,2025-11-29,38,quantile,0.35,2
2025-11-22,wk inc flu hosp,1,2025-11-29,38,quantile,0.4,2
2025-11-22,wk inc flu hosp,1,2025-11-29,38,quantile,0.45,3
2025-11-22,wk inc flu hosp,1,2025-11-29,38,quantile,0.5,3
2025-11-22,wk inc flu hosp,1,2025-11-29,38,quantile,0.55,4
2025-11-22,wk inc flu hosp,1,2025-11-29,38,quantile,0.6,4
2025-11-22,wk inc flu hosp,1,2025-11-29,38,quantile,0.65,5
2025-11-22,wk inc flu hosp,1,2025-11-29,38,quantile,0.7,5
2025-11-22,wk inc flu hosp,1,2025-11-29,38,quantile,0.75,6
2025-11-22,wk inc flu hosp,1,2025-11-29,38,quantile,0.8,7
2025-11-22,wk inc flu hosp,1,2025-11-29,38,quantile,0.85,9
2025-11-22,wk inc flu hosp,1,2025-11-29,38,quantile,0.9,12
2025-11-22,wk inc flu hosp,1,2025-11-29,38,quantile,0.95,17
2025-11-22,wk inc flu hosp,1,2025-11-29,38,quantile,0.975,21
2025-11-22,wk inc flu hosp,1,2025-11-29,38,quantile,0.99,22
2025-11-22,wk inc flu hosp,2,2025-12-06,38,quantile,0.01,0
2025-11-22,wk inc flu hosp,2,2025-12-06,38,quantile,0.025,0
2025-11-22,wk inc flu hosp,2,2025-12-06,38,quantile,0.05,0
2025-11-22,wk inc flu hosp,2,2025-12-06,38,quantile,0.1,1
2025-11-22,wk inc flu hosp,2,2025-12-06,38,quantile,0.15,1
2025-11-22,wk inc flu hosp,2,2025-12-06,38,quantile,0.2,2
2025-11-22,wk inc flu hosp,2,2025-12-06,38,quantile,0.25,2
2025-11-22,wk inc flu hosp,2,2025-12-06,38,quantile,0.3,2
2025-11-22,wk inc flu hosp,2,2025-12-06,38,quantile,0.35,3
2025-11-22,wk inc flu hosp,2,2025-12-06,38,quantile,0.4,3
2025-11-22,wk inc flu hosp,2,2025-12-06,38,quantile,0.45,3
2025-11-22,wk inc flu hosp,2,2025-12-06,38,quantile,0.5,4
2025-11-22,wk inc flu hosp,2,2025-12-06,38,quantile,0.55,4
2025-11-22,wk inc flu hosp,2,2025-12-06,38,quantile,0.6,5
2025-11-22,wk inc flu hosp,2,2025-12-06,38,quantile,0.65,5
2025-11-22,wk inc flu hosp,2,2025-12-06,38,quantile,0.7,6
2025-11-22,wk inc flu hosp,2,2025-12-06,38,quantile,0.75,8
2025-11-22,wk inc flu hosp,2,2025-12-06,38,quantile,0.8,9
2025-11-22,wk inc flu hosp,2,2025-12-06,38,quantile,0.85,11
2025-11-22,wk inc flu hosp,2,2025-12-06,38,quantile,0.9,15
2025-11-22,wk inc flu hosp,2,2025-12-06,38,quantile,0.95,24
2025-11-22,wk inc flu hosp,2,2025-12-06,38,quantile,0.975,25
2025-11-22,wk inc flu hosp,2,2025-12-06,38,quantile,0.99,25
2025-11-22,wk inc flu hosp,3,2025-12-13,38,quantile,0.01,0
2025-11-22,wk inc flu hosp,3,2025-12-13,38,quantile,0.025,0
2025-11-22,wk inc flu hosp,3,2025-12-13,38,quantile,0.05,0
2025-11-22,wk inc flu hosp,3,2025-12-13,38,quantile,0.1,1
2025-11-22,wk inc flu hosp,3,2025-12-13,38,quantile,0.15,1
2025-11-22,wk inc flu hosp,3,2025-12-13,38,quantile,0.2,1
2025-11-22,wk inc flu hosp,3,2025-12-13,38,quantile,0.25,2
2025-11-22,wk inc flu hosp,3,2025-12-13,38,quantile,0.3,2
2025-11-22,wk inc flu hosp,3,2025-12-13,38,quantile,0.35,3
2025-11-22,wk inc flu hosp,3,2025-12-13,38,quantile,0.4,3
2025-11-22,wk inc flu hosp,3,2025-12-13,38,quantile,0.45,4
2025-11-22,wk inc flu hosp,3,2025-12-13,38,quantile,0.5,4
2025-11-22,wk inc flu hosp,3,2025-12-13,38,quantile,0.55,5
2025-11-22,wk inc flu hosp,3,2025-12-13,38,quantile,0.6,6
2025-11-22,wk inc flu hosp,3,2025-12-13,38,quantile,0.65,7
2025-11-22,wk inc flu hosp,3,2025-12-13,38,quantile,0.7,8
2025-11-22,wk inc flu hosp,3,2025-12-13,38,quantile,0.75,9
2025-11-22,wk inc flu hosp,3,2025-12-13,38,quantile,0.8,12
2025-11-22,wk inc flu hosp,3,2025-12-13,38,quantile,0.85,16
2025-11-22,wk inc flu hosp,3,2025-12-13,38,quantile,0.9,23
2025-11-22,wk inc flu hosp,3,2025-12-13,38,quantile,0.95,33
2025-11-22,wk inc flu hosp,3,2025-12-13,38,quantile,0.975,33
2025-11-22,wk inc flu hosp,3,2025-12-13,38,quantile,0.99,33
2025-11-22,wk inc flu hosp,0,2025-11-22,39,quantile,0.01,20
2025-11-22,wk inc flu hosp,0,2025-11-22,39,quantile,0.025,20
2025-11-22,wk inc flu hosp,0,2025-11-22,39,quantile,0.05,24
2025-11-22,wk inc flu hosp,0,2025-11-22,39,quantile,0.1,26
2025-11-22,wk inc flu hosp,0,2025-11-22,39,quantile,0.15,32
2025-11-22,wk inc flu hosp,0,2025-11-22,39,quantile,0.2,34
2025-11-22,wk inc flu hosp,0,2025-11-22,39,quantile,0.25,34
2025-11-22,wk inc flu hosp,0,2025-11-22,39,quantile,0.3,37
2025-11-22,wk inc flu hosp,0,2025-11-22,39,quantile,0.35,40
2025-11-22,wk inc flu hosp,0,2025-11-22,39,quantile,0.4,42
2025-11-22,wk inc flu hosp,0,2025-11-22,39,quantile,0.45,44
2025-11-22,wk inc flu hosp,0,2025-11-22,39,quantile,0.5,46
2025-11-22,wk inc flu hosp,0,2025-11-22,39,quantile,0.55,48
2025-11-22,wk inc flu hosp,0,2025-11-22,39,quantile,0.6,50
2025-11-22,wk inc flu hosp,0,2025-11-22,39,quantile,0.65,53
2025-11-22,wk inc flu hosp,0,2025-11-22,39,quantile,0.7,55
2025-11-22,wk inc flu hosp,0,2025-11-22,39,quantile,0.75,58
2025-11-22,wk inc flu hosp,0,2025-11-22,39,quantile,0.8,62
2025-11-22,wk inc flu hosp,0,2025-11-22,39,quantile,0.85,68
2025-11-22,wk inc flu hosp,0,2025-11-22,39,quantile,0.9,75
2025-11-22,wk inc flu hosp,0,2025-11-22,39,quantile,0.95,86
2025-11-22,wk inc flu hosp,0,2025-11-22,39,quantile,0.975,99
2025-11-22,wk inc flu hosp,0,2025-11-22,39,quantile,0.99,116
2025-11-22,wk inc flu hosp,1,2025-11-29,39,quantile,0.01,17
2025-11-22,wk inc flu hosp,1,2025-11-29,39,quantile,0.025,20
2025-11-22,wk inc flu hosp,1,2025-11-29,39,quantile,0.05,23
2025-11-22,wk inc flu hosp,1,2025-11-29,39,quantile,0.1,28
2025-11-22,wk inc flu hosp,1,2025-11-29,39,quantile,0.15,30
2025-11-22,wk inc flu hosp,1,2025-11-29,39,quantile,0.2,32
2025-11-22,wk inc flu hosp,1,2025-11-29,39,quantile,0.25,36
2025-11-22,wk inc flu hosp,1,2025-11-29,39,quantile,0.3,37
2025-11-22,wk inc flu hosp,1,2025-11-29,39,quantile,0.35,38
2025-11-22,wk inc flu hosp,1,2025-11-29,39,quantile,0.4,40
2025-11-22,wk inc flu hosp,1,2025-11-29,39,quantile,0.45,42
2025-11-22,wk inc flu hosp,1,2025-11-29,39,quantile,0.5,44
2025-11-22,wk inc flu hosp,1,2025-11-29,39,quantile,0.55,47
2025-11-22,wk inc flu hosp,1,2025-11-29,39,quantile,0.6,49
2025-11-22,wk inc flu hosp,1,2025-11-29,39,quantile,0.65,53
2025-11-22,wk inc flu hosp,1,2025-11-29,39,quantile,0.7,57
2025-11-22,wk inc flu hosp,1,2025-11-29,39,quantile,0.75,61
2025-11-22,wk inc flu hosp,1,2025-11-29,39,quantile,0.8,67
2025-11-22,wk inc flu hosp,1,2025-11-29,39,quantile,0.85,76
2025-11-22,wk inc flu hosp,1,2025-11-29,39,quantile,0.9,92
2025-11-22,wk inc flu hosp,1,2025-11-29,39,quantile,0.95,116
2025-11-22,wk inc flu hosp,1,2025-11-29,39,quantile,0.975,140
2025-11-22,wk inc flu hosp,1,2025-11-29,39,quantile,0.99,142
2025-11-22,wk inc flu hosp,2,2025-12-06,39,quantile,0.01,11
2025-11-22,wk inc flu hosp,2,2025-12-06,39,quantile,0.025,16
2025-11-22,wk inc flu hosp,2,2025-12-06,39,quantile,0.05,20
2025-11-22,wk inc flu hosp,2,2025-12-06,39,quantile,0.1,25
2025-11-22,wk inc flu hosp,2,2025-12-06,39,quantile,0.15,28
2025-11-22,wk inc flu hosp,2,2025-12-06,39,quantile,0.2,32
2025-11-22,wk inc flu hosp,2,2025-12-06,39,quantile,0.25,34
2025-11-22,wk inc flu hosp,2,2025-12-06,39,quantile,0.3,35
2025-11-22,wk inc flu hosp,2,2025-12-06,39,quantile,0.35,38
2025-11-22,wk inc flu hosp,2,2025-12-06,39,quantile,0.4,40
2025-11-22,wk inc flu hosp,2,2025-12-06,39,quantile,0.45,44
2025-11-22,wk inc flu hosp,2,2025-12-06,39,quantile,0.5,46
2025-11-22,wk inc flu hosp,2,2025-12-06,39,quantile,0.55,50
2025-11-22,wk inc flu hosp,2,2025-12-06,39,quantile,0.6,53
2025-11-22,wk inc flu hosp,2,2025-12-06,39,quantile,0.65,57
2025-11-22,wk inc flu hosp,2,2025-12-06,39,quantile,0.7,63
2025-11-22,wk inc flu hosp,2,2025-12-06,39,quantile,0.75,70
2025-11-22,wk inc flu hosp,2,2025-12-06,39,quantile,0.8,79
2025-11-22,wk inc flu hosp,2,2025-12-06,39,quantile,0.85,92
2025-11-22,wk inc flu hosp,2,2025-12-06,39,quantile,0.9,115
2025-11-22,wk inc flu hosp,2,2025-12-06,39,quantile,0.95,162
2025-11-22,wk inc flu hosp,2,2025-12-06,39,quantile,0.975,170
2025-11-22,wk inc flu hosp,2,2025-12-06,39,quantile,0.99,170
2025-11-22,wk inc flu hosp,3,2025-12-13,39,quantile,0.01,12
2025-11-22,wk inc flu hosp,3,2025-12-13,39,quantile,0.025,16
2025-11-22,wk inc flu hosp,3,2025-12-13,39,quantile,0.05,20
2025-11-22,wk inc flu hosp,3,2025-12-13,39,quantile,0.1,26
2025-11-22,wk inc flu hosp,3,2025-12-13,39,quantile,0.15,29
2025-11-22,wk inc flu hosp,3,2025-12-13,39,quantile,0.2,31
2025-11-22,wk inc flu hosp,3,2025-12-13,39,quantile,0.25,32
2025-11-22,wk inc flu hosp,3,2025-12-13,39,quantile,0.3,37
2025-11-22,wk inc flu hosp,3,2025-12-13,39,quantile,0.35,41
2025-11-22,wk inc flu hosp,3,2025-12-13,39,quantile,0.4,44
2025-11-22,wk inc flu hosp,3,2025-12-13,39,quantile,0.45,49
2025-11-22,wk inc flu hosp,3,2025-12-13,39,quantile,0.5,52
2025-11-22,wk inc flu hosp,3,2025-12-13,39,quantile,0.55,57
2025-11-22,wk inc flu hosp,3,2025-12-13,39,quantile,0.6,62
2025-11-22,wk inc flu hosp,3,2025-12-13,39,quantile,0.65,68
2025-11-22,wk inc flu hosp,3,2025-12-13,39,quantile,0.7,75
2025-11-22,wk inc flu hosp,3,2025-12-13,39,quantile,0.75,85
2025-11-22,wk inc flu hosp,3,2025-12-13,39,quantile,0.8,100
2025-11-22,wk inc flu hosp,3,2025-12-13,39,quantile,0.85,124
2025-11-22,wk inc flu hosp,3,2025-12-13,39,quantile,0.9,162
2025-11-22,wk inc flu hosp,3,2025-12-13,39,quantile,0.95,221
2025-11-22,wk inc flu hosp,3,2025-12-13,39,quantile,0.975,221
2025-11-22,wk inc flu hosp,3,2025-12-13,39,quantile,0.99,221
2025-11-22,wk inc flu hosp,0,2025-11-22,40,quantile,0.01,4
2025-11-22,wk inc flu hosp,0,2025-11-22,40,quantile,0.025,4
2025-11-22,wk inc flu hosp,0,2025-11-22,40,quantile,0.05,5
2025-11-22,wk inc flu hosp,0,2025-11-22,40,quantile,0.1,5
2025-11-22,wk inc flu hosp,0,2025-11-22,40,quantile,0.15,7
2025-11-22,wk inc flu hosp,0,2025-11-22,40,quantile,0.2,8
2025-11-22,wk inc flu hosp,0,2025-11-22,40,quantile,0.25,8
2025-11-22,wk inc flu hosp,0,2025-11-22,40,quantile,0.3,10
2025-11-22,wk inc flu hosp,0,2025-11-22,40,quantile,0.35,11
2025-11-22,wk inc flu hosp,0,2025-11-22,40,quantile,0.4,12
2025-11-22,wk inc flu hosp,0,2025-11-22,40,quantile,0.45,13
2025-11-22,wk inc flu hosp,0,2025-11-22,40,quantile,0.5,14
2025-11-22,wk inc flu hosp,0,2025-11-22,40,quantile,0.55,15
2025-11-22,wk inc flu hosp,0,2025-11-22,40,quantile,0.6,16
2025-11-22,wk inc flu hosp,0,2025-11-22,40,quantile,0.65,18
2025-11-22,wk inc flu hosp,0,2025-11-22,40,quantile,0.7,19
2025-11-22,wk inc flu hosp,0,2025-11-22,40,quantile,0.75,21
2025-11-22,wk inc flu hosp,0,2025-11-22,40,quantile,0.8,23
2025-11-22,wk inc flu hosp,0,2025-11-22,40,quantile,0.85,26
2025-11-22,wk inc flu hosp,0,2025-11-22,40,quantile,0.9,30
2025-11-22,wk inc flu hosp,0,2025-11-22,40,quantile,0.95,37
2025-11-22,wk inc flu hosp,0,2025-11-22,40,quantile,0.975,43
2025-11-22,wk inc flu hosp,0,2025-11-22,40,quantile,0.99,53
2025-11-22,wk inc flu hosp,1,2025-11-29,40,quantile,0.01,3
2025-11-22,wk inc flu hosp,1,2025-11-29,40,quantile,0.025,4
2025-11-22,wk inc flu hosp,1,2025-11-29,40,quantile,0.05,5
2025-11-22,wk inc flu hosp,1,2025-11-29,40,quantile,0.1,7
2025-11-22,wk inc flu hosp,1,2025-11-29,40,quantile,0.15,8
2025-11-22,wk inc flu hosp,1,2025-11-29,40,quantile,0.2,9
2025-11-22,wk inc flu hosp,1,2025-11-29,40,quantile,0.25,10
2025-11-22,wk inc flu hosp,1,2025-11-29,40,quantile,0.3,11
2025-11-22,wk inc flu hosp,1,2025-11-29,40,quantile,0.35,11
2025-11-22,wk inc flu hosp,1,2025-11-29,40,quantile,0.4,12
2025-11-22,wk inc flu hosp,1,2025-11-29,40,quantile,0.45,13
2025-11-22,wk inc flu hosp,1,2025-11-29,40,quantile,0.5,14
2025-11-22,wk inc flu hosp,1,2025-11-29,40,quantile,0.55,16
2025-11-22,wk inc flu hosp,1,2025-11-29,40,quantile,0.6,17
2025-11-22,wk inc flu hosp,1,2025-11-29,40,quantile,0.65,19
2025-11-22,wk inc flu hosp,1,2025-11-29,40,quantile,0.7,21
2025-11-22,wk inc flu hosp,1,2025-11-29,40,quantile,0.75,23
2025-11-22,wk inc flu hosp,1,2025-11-29,40,quantile,0.8,27
2025-11-22,wk inc flu hosp,1,2025-11-29,40,quantile,0.85,31
2025-11-22,wk inc flu hosp,1,2025-11-29,40,quantile,0.9,39
2025-11-22,wk inc flu hosp,1,2025-11-29,40,quantile,0.95,53
2025-11-22,wk inc flu hosp,1,2025-11-29,40,quantile,0.975,64
2025-11-22,wk inc flu hosp,1,2025-11-29,40,quantile,0.99,65
2025-11-22,wk inc flu hosp,2,2025-12-06,40,quantile,0.01,2
2025-11-22,wk inc flu hosp,2,2025-12-06,40,quantile,0.025,4
2025-11-22,wk inc flu hosp,2,2025-12-06,40,quantile,0.05,5
2025-11-22,wk inc flu hosp,2,2025-12-06,40,quantile,0.1,7
2025-11-22,wk inc flu hosp,2,2025-12-06,40,quantile,0.15,8
2025-11-22,wk inc flu hosp,2,2025-12-06,40,quantile,0.2,9
2025-11-22,wk inc flu hosp,2,2025-12-06,40,quantile,0.25,10
2025-11-22,wk inc flu hosp,2,2025-12-06,40,quantile,0.3,11
2025-11-22,wk inc flu hosp,2,2025-12-06,40,quantile,0.35,12
2025-11-22,wk inc flu hosp,2,2025-12-06,40,quantile,0.4,13
2025-11-22,wk inc flu hosp,2,2025-12-06,40,quantile,0.45,15
2025-11-22,wk inc flu hosp,2,2025-12-06,40,quantile,0.5,16
2025-11-22,wk inc flu hosp,2,2025-12-06,40,quantile,0.55,18
2025-11-22,wk inc flu hosp,2,2025-12-06,40,quantile,0.6,19
2025-11-22,wk inc flu hosp,2,2025-12-06,40,quantile,0.65,22
2025-11-22,wk inc flu hosp,2,2025-12-06,40,quantile,0.7,25
2025-11-22,wk inc flu hosp,2,2025-12-06,40,quantile,0.75,28
2025-11-22,wk inc flu hosp,2,2025-12-06,40,quantile,0.8,33
2025-11-22,wk inc flu hosp,2,2025-12-06,40,quantile,0.85,40
2025-11-22,wk inc flu hosp,2,2025-12-06,40,quantile,0.9,50
2025-11-22,wk inc flu hosp,2,2025-12-06,40,quantile,0.95,73
2025-11-22,wk inc flu hosp,2,2025-12-06,40,quantile,0.975,76
2025-11-22,wk inc flu hosp,2,2025-12-06,40,quantile,0.99,76
2025-11-22,wk inc flu hosp,3,2025-12-13,40,quantile,0.01,3
2025-11-22,wk inc flu hosp,3,2025-12-13,40,quantile,0.025,4
2025-11-22,wk inc flu hosp,3,2025-12-13,40,quantile,0.05,6
2025-11-22,wk inc flu hosp,3,2025-12-13,40,quantile,0.1,8
2025-11-22,wk inc flu hosp,3,2025-12-13,40,quantile,0.15,9
2025-11-22,wk inc flu hosp,3,2025-12-13,40,quantile,0.2,10
2025-11-22,wk inc flu hosp,3,2025-12-13,40,quantile,0.25,10
2025-11-22,wk inc flu hosp,3,2025-12-13,40,quantile,0.3,12
2025-11-22,wk inc flu hosp,3,2025-12-13,40,quantile,0.35,14
2025-11-22,wk inc flu hosp,3,2025-12-13,40,quantile,0.4,15
2025-11-22,wk inc flu hosp,3,2025-12-13,40,quantile,0.45,17
2025-11-22,wk inc flu hosp,3,2025-12-13,40,quantile,0.5,19
2025-11-22,wk inc flu hosp,3,2025-12-13,40,quantile,0.55,21
2025-11-22,wk inc flu hosp,3,2025-12-13,40,quantile,0.6,23
2025-11-22,wk inc flu hosp,3,2025-12-13,40,quantile,0.65,26
2025-11-22,wk inc flu hosp,3,2025-12-13,40,quantile,0.7,30
2025-11-22,wk inc flu hosp,3,2025-12-13,40,quantile,0.75,35
2025-11-22,wk inc flu hosp,3,2025-12-13,40,quantile,0.8,42
2025-11-22,wk inc flu hosp,3,2025-12-13,40,quantile,0.85,54
2025-11-22,wk inc flu hosp,3,2025-12-13,40,quantile,0.9,71
2025-11-22,wk inc flu hosp,3,2025-12-13,40,quantile,0.95,97
2025-11-22,wk inc flu hosp,3,2025-12-13,40,quantile,0.975,97
2025-11-22,wk inc flu hosp,3,2025-12-13,40,quantile,0.99,97
2025-11-22,wk inc flu hosp,0,2025-11-22,41,quantile,0.01,3
2025-11-22,wk inc flu hosp,0,2025-11-22,41,quantile,0.025,3
2025-11-22,wk inc flu hosp,0,2025-11-22,41,quantile,0.05,3
2025-11-22,wk inc flu hosp,0,2025-11-22,41,quantile,0.1,3
2025-11-22,wk inc flu hosp,0,2025-11-22,41,quantile,0.15,5
2025-11-22,wk inc flu hosp,0,2025-11-22,41,quantile,0.2,5
2025-11-22,wk inc flu hosp,0,2025-11-22,41,quantile,0.25,5
2025-11-22,wk inc flu hosp,0,2025-11-22,41,quantile,0.3,6
2025-11-22,wk inc flu hosp,0,2025-11-22,41,quantile,0.35,6
2025-11-22,wk inc flu hosp,0,2025-11-22,41,quantile,0.4,7
2025-11-22,wk inc flu hosp,0,2025-11-22,41,quantile,0.45,8
2025-11-22,wk inc flu hosp,0,2025-11-22,41,quantile,0.5,8
2025-11-22,wk inc flu hosp,0,2025-11-22,41,quantile,0.55,9
2025-11-22,wk inc flu hosp,0,2025-11-22,41,quantile,0.6,9
2025-11-22,wk inc flu hosp,0,2025-11-22,41,quantile,0.65,10
2025-11-22,wk inc flu hosp,0,2025-11-22,41,quantile,0.7,11
2025-11-22,wk inc flu hosp,0,2025-11-22,41,quantile,0.75,12
2025-11-22,wk inc flu hosp,0,2025-11-22,41,quantile,0.8,13
2025-11-22,wk inc flu hosp,0,2025-11-22,41,quantile,0.85,15
2025-11-22,wk inc flu hosp,0,2025-11-22,41,quantile,0.9,17
2025-11-22,wk inc flu hosp,0,2025-11-22,41,quantile,0.95,21
2025-11-22,wk inc flu hosp,0,2025-11-22,41,quantile,0.975,26
2025-11-22,wk inc flu hosp,0,2025-11-22,41,quantile,0.99,32
2025-11-22,wk inc flu hosp,1,2025-11-29,41,quantile,0.01,2
2025-11-22,wk inc flu hosp,1,2025-11-29,41,quantile,0.025,2
2025-11-22,wk inc flu hosp,1,2025-11-29,41,quantile,0.05,3
2025-11-22,wk inc flu hosp,1,2025-11-29,41,quantile,0.1,4
2025-11-22,wk inc flu hosp,1,2025-11-29,41,quantile,0.15,4
2025-11-22,wk inc flu hosp,1,2025-11-29,41,quantile,0.2,5
2025-11-22,wk inc flu hosp,1,2025-11-29,41,quantile,0.25,6
2025-11-22,wk inc flu hosp,1,2025-11-29,41,quantile,0.3,6
2025-11-22,wk inc flu hosp,1,2025-11-29,41,quantile,0.35,6
2025-11-22,wk inc flu hosp,1,2025-11-29,41,quantile,0.4,7
2025-11-22,wk inc flu hosp,1,2025-11-29,41,quantile,0.45,7
2025-11-22,wk inc flu hosp,1,2025-11-29,41,quantile,0.5,8
2025-11-22,wk inc flu hosp,1,2025-11-29,41,quantile,0.55,9
2025-11-22,wk inc flu hosp,1,2025-11-29,41,quantile,0.6,9
2025-11-22,wk inc flu hosp,1,2025-11-29,41,quantile,0.65,10
2025-11-22,wk inc flu hosp,1,2025-11-29,41,quantile,0.7,12
2025-11-22,wk inc flu hosp,1,2025-11-29,41,quantile,0.75,13
2025-11-22,wk inc flu hosp,1,2025-11-29,41,quantile,0.8,15
2025-11-22,wk inc flu hosp,1,2025-11-29,41,quantile,0.85,17
2025-11-22,wk inc flu hosp,1,2025-11-29,41,quantile,0.9,22
2025-11-22,wk inc flu hosp,1,2025-11-29,41,quantile,0.95,30
2025-11-22,wk inc flu hosp,1,2025-11-29,41,quantile,0.975,37
2025-11-22,wk inc flu hosp,1,2025-11-29,41,quantile,0.99,37
2025-11-22,wk inc flu hosp,2,2025-12-06,41,quantile,0.01,2
2025-11-22,wk inc flu hosp,2,2025-12-06,41,quantile,0.025,2
2025-11-22,wk inc flu hosp,2,2025-12-06,41,quantile,0.05,3
2025-11-22,wk inc flu hosp,2,2025-12-06,41,quantile,0.1,4
2025-11-22,wk inc flu hosp,2,2025-12-06,41,quantile,0.15,5
2025-11-22,wk inc flu hosp,2,2025-12-06,41,quantile,0.2,6
2025-11-22,wk inc flu hosp,2,2025-12-06,41,quantile,0.25,6
2025-11-22,wk inc flu hosp,2,2025-12-06,41,quantile,0.3,6
2025-11-22,wk inc flu hosp,2,2025-12-06,41,quantile,0.35,7
2025-11-22,wk inc flu hosp,2,2025-12-06,41,quantile,0.4,7
2025-11-22,wk inc flu hosp,2,2025-12-06,41,quantile,0.45,8
2025-11-22,wk inc flu hosp,2,2025-12-06,41,quantile,0.5,9
2025-11-22,wk inc flu hosp,2,2025-12-06,41,quantile,0.55,10
2025-11-22,wk inc flu hosp,2,2025-12-06,41,quantile,0.6,11
2025-11-22,wk inc flu hosp,2,2025-12-06,41,quantile,0.65,12
2025-11-22,wk inc flu hosp,2,2025-12-06,41,quantile,0.7,13
2025-11-22,wk inc flu hosp,2,2025-12-06,41,quantile,0.75,15
2025-11-22,wk inc flu hosp,2,2025-12-06,41,quantile,0.8,18
2025-11-22,wk inc flu hosp,2,2025-12-06,41,quantile,0.85,21
2025-11-22,wk inc flu hosp,2,2025-12-06,41,quantile,0.9,28
2025-11-22,wk inc flu hosp,2,2025-12-06,41,quantile,0.95,41
2025-11-22,wk inc flu hosp,2,2025-12-06,41,quantile,0.975,43
2025-11-22,wk inc flu hosp,2,2025-12-06,41,quantile,0.99,43
2025-11-22,wk inc flu hosp,3,2025-12-13,41,quantile,0.01,2
2025-11-22,wk inc flu hosp,3,2025-12-13,41,quantile,0.025,3
2025-11-22,wk inc flu hosp,3,2025-12-13,41,quantile,0.05,3
2025-11-22,wk inc flu hosp,3,2025-12-13,41,quantile,0.1,4
2025-11-22,wk inc flu hosp,3,2025-12-13,41,quantile,0.15,5
2025-11-22,wk inc flu hosp,3,2025-12-13,41,quantile,0.2,5
2025-11-22,wk inc flu hosp,3,2025-12-13,41,quantile,0.25,6
2025-11-22,wk inc flu hosp,3,2025-12-13,41,quantile,0.3,7
2025-11-22,wk inc flu hosp,3,2025-12-13,41,quantile,0.35,8
2025-11-22,wk inc flu hosp,3,2025-12-13,41,quantile,0.4,8
2025-11-22,wk inc flu hosp,3,2025-12-13,41,quantile,0.45,10
2025-11-22,wk inc flu hosp,3,2025-12-13,41,quantile,0.5,10
2025-11-22,wk inc flu hosp,3,2025-12-13,41,quantile,0.55,12
2025-11-22,wk inc flu hosp,3,2025-12-13,41,quantile,0.6,13
2025-11-22,wk inc flu hosp,3,2025-12-13,41,quantile,0.65,14
2025-11-22,wk inc flu hosp,3,2025-12-13,41,quantile,0.7,16
2025-11-22,wk inc flu hosp,3,2025-12-13,41,quantile,0.75,19
2025-11-22,wk inc flu hosp,3,2025-12-13,41,quantile,0.8,23
2025-11-22,wk inc flu hosp,3,2025-12-13,41,quantile,0.85,30
2025-11-22,wk inc flu hosp,3,2025-12-13,41,quantile,0.9,40
2025-11-22,wk inc flu hosp,3,2025-12-13,41,quantile,0.95,56
2025-11-22,wk inc flu hosp,3,2025-12-13,41,quantile,0.975,56
2025-11-22,wk inc flu hosp,3,2025-12-13,41,quantile,0.99,56
2025-11-22,wk inc flu hosp,0,2025-11-22,42,quantile,0.01,108
2025-11-22,wk inc flu hosp,0,2025-11-22,42,quantile,0.025,109
2025-11-22,wk inc flu hosp,0,2025-11-22,42,quantile,0.05,119
2025-11-22,wk inc flu hosp,0,2025-11-22,42,quantile,0.1,125
2025-11-22,wk inc flu hosp,0,2025-11-22,42,quantile,0.15,140
2025-11-22,wk inc flu hosp,0,2025-11-22,42,quantile,0.2,144
2025-11-22,wk inc flu hosp,0,2025-11-22,42,quantile,0.25,144
2025-11-22,wk inc flu hosp,0,2025-11-22,42,quantile,0.3,151
2025-11-22,wk inc flu hosp,0,2025-11-22,42,quantile,0.35,157
2025-11-22,wk inc flu hosp,0,2025-11-22,42,quantile,0.4,161
2025-11-22,wk inc flu hosp,0,2025-11-22,42,quantile,0.45,165
2025-11-22,wk inc flu hosp,0,2025-11-22,42,quantile,0.5,170
2025-11-22,wk inc flu hosp,0,2025-11-22,42,quantile,0.55,173
2025-11-22,wk inc flu hosp,0,2025-11-22,42,quantile,0.6,177
2025-11-22,wk inc flu hosp,0,2025-11-22,42,quantile,0.65,182
2025-11-22,wk inc flu hosp,0,2025-11-22,42,quantile,0.7,186
2025-11-22,wk inc flu hosp,0,2025-11-22,42,quantile,0.75,192
2025-11-22,wk inc flu hosp,0,2025-11-22,42,quantile,0.8,199
2025-11-22,wk inc flu hosp,0,2025-11-22,42,quantile,0.85,209
2025-11-22,wk inc flu hosp,0,2025-11-22,42,quantile,0.9,221
2025-11-22,wk inc flu hosp,0,2025-11-22,42,quantile,0.95,243
2025-11-22,wk inc flu hosp,0,2025-11-22,42,quantile,0.975,267
2025-11-22,wk inc flu hosp,0,2025-11-22,42,quantile,0.99,298
2025-11-22,wk inc flu hosp,1,2025-11-29,42,quantile,0.01,97
2025-11-22,wk inc flu hosp,1,2025-11-29,42,quantile,0.025,106
2025-11-22,wk inc flu hosp,1,2025-11-29,42,quantile,0.05,115
2025-11-22,wk inc flu hosp,1,2025-11-29,42,quantile,0.1,132
2025-11-22,wk inc flu hosp,1,2025-11-29,42,quantile,0.15,138
2025-11-22,wk inc flu hosp,1,2025-11-29,42,quantile,0.2,144
2025-11-22,wk inc flu hosp,1,2025-11-29,42,quantile,0.25,153
2025-11-22,wk inc flu hosp,1,2025-11-29,42,quantile,0.3,158
2025-11-22,wk inc flu hosp,1,2025-11-29,42,quantile,0.35,160
2025-11-22,wk inc flu hosp,1,2025-11-29,42,quantile,0.4,164
2025-11-22,wk inc flu hosp,1,2025-11-29,42,quantile,0.45,169
2025-11-22,wk inc flu hosp,1,2025-11-29,42,quantile,0.5,175
2025-11-22,wk inc flu hosp,1,2025-11-29,42,quantile,0.55,182
2025-11-22,wk inc flu hosp,1,2025-11-29,42,quantile,0.6,188
2025-11-22,wk inc flu hosp,1,2025-11-29,42,quantile,0.65,196
2025-11-22,wk inc flu hosp,1,2025-11-29,42,quantile,0.7,206
2025-11-22,wk inc flu hosp,1,2025-11-29,42,quantile,0.75,217
2025-11-22,wk inc flu hosp,1,2025-11-29,42,quantile,0.8,231
2025-11-22,wk inc flu hosp,1,2025-11-29,42,quantile,0.85,251
2025-11-22,wk inc flu hosp,1,2025-11-29,42,quantile,0.9,288
2025-11-22,wk inc flu hosp,1,2025-11-29,42,quantile,0.95,344
2025-11-22,wk inc flu hosp,1,2025-11-29,42,quantile,0.975,402
2025-11-22,wk inc flu hosp,1,2025-11-29,42,quantile,0.99,405
2025-11-22,wk inc flu hosp,2,2025-12-06,42,quantile,0.01,91
2025-11-22,wk inc flu hosp,2,2025-12-06,42,quantile,0.025,107
2025-11-22,wk inc flu hosp,2,2025-12-06,42,quantile,0.05,121
2025-11-22,wk inc flu hosp,2,2025-12-06,42,quantile,0.1,135
2025-11-22,wk inc flu hosp,2,2025-12-06,42,quantile,0.15,143
2025-11-22,wk inc flu hosp,2,2025-12-06,42,quantile,0.2,152
2025-11-22,wk inc flu hosp,2,2025-12-06,42,quantile,0.25,159
2025-11-22,wk inc flu hosp,2,2025-12-06,42,quantile,0.3,161
2025-11-22,wk inc flu hosp,2,2025-12-06,42,quantile,0.35,168
2025-11-22,wk inc flu hosp,2,2025-12-06,42,quantile,0.4,174
2025-11-22,wk inc flu hosp,2,2025-12-06,42,quantile,0.45,182
2025-11-22,wk inc flu hosp,2,2025-12-06,42,quantile,0.5,189
2025-11-22,wk inc flu hosp,2,2025-12-06,42,quantile,0.55,197
2025-11-22,wk inc flu hosp,2,2025-12-06,42,quantile,0.6,206
2025-11-22,wk inc flu hosp,2,2025-12-06,42,quantile,0.65,216
2025-11-22,wk inc flu hosp,2,2025-12-06,42,quantile,0.7,229
2025-11-22,wk inc flu hosp,2,2025-12-06,42,quantile,0.75,245
2025-11-22,wk inc flu hosp,2,2025-12-06,42,quantile,0.8,266
2025-11-22,wk inc flu hosp,2,2025-12-06,42,quantile,0.85,296
2025-11-22,wk inc flu hosp,2,2025-12-06,42,quantile,0.9,352
2025-11-22,wk inc flu hosp,2,2025-12-06,42,quantile,0.95,453
2025-11-22,wk inc flu hosp,2,2025-12-06,42,quantile,0.975,470
2025-11-22,wk inc flu hosp,2,2025-12-06,42,quantile,0.99,470
2025-11-22,wk inc flu hosp,3,2025-12-13,42,quantile,0.01,93
2025-11-22,wk inc flu hosp,3,2025-12-13,42,quantile,0.025,110
2025-11-22,wk inc flu hosp,3,2025-12-13,42,quantile,0.05,125
2025-11-22,wk inc flu hosp,3,2025-12-13,42,quantile,0.1,146
2025-11-22,wk inc flu hosp,3,2025-12-13,42,quantile,0.15,158
2025-11-22,wk inc flu hosp,3,2025-12-13,42,quantile,0.2,164
2025-11-22,wk inc flu hosp,3,2025-12-13,42,quantile,0.25,166
2025-11-22,wk inc flu hosp,3,2025-12-13,42,quantile,0.3,180
2025-11-22,wk inc flu hosp,3,2025-12-13,42,quantile,0.35,189
2025-11-22,wk inc flu hosp,3,2025-12-13,42,quantile,0.4,200
2025-11-22,wk inc flu hosp,3,2025-12-13,42,quantile,0.45,211
2025-11-22,wk inc flu hosp,3,2025-12-13,42,quantile,0.5,220
2025-11-22,wk inc flu hosp,3,2025-12-13,42,quantile,0.55,231
2025-11-22,wk inc flu hosp,3,2025-12-13,42,quantile,0.6,243
2025-11-22,wk inc flu hosp,3,2025-12-13,42,quantile,0.65,258
2025-11-22,wk inc flu hosp,3,2025-12-13,42,quantile,0.7,276
2025-11-22,wk inc flu hosp,3,2025-12-13,42,quantile,0.75,301
2025-11-22,wk inc flu hosp,3,2025-12-13,42,quantile,0.8,334
2025-11-22,wk inc flu hosp,3,2025-12-13,42,quantile,0.85,391
2025-11-22,wk inc flu hosp,3,2025-12-13,42,quantile,0.9,473
2025-11-22,wk inc flu hosp,3,2025-12-13,42,quantile,0.95,602
2025-11-22,wk inc flu hosp,3,2025-12-13,42,quantile,0.975,602
2025-11-22,wk inc flu hosp,3,2025-12-13,42,quantile,0.99,602
2025-11-22,wk inc flu hosp,0,2025-11-22,72,quantile,0.01,56
2025-11-22,wk inc flu hosp,0,2025-11-22,72,quantile,0.025,57
2025-11-22,wk inc flu hosp,0,2025-11-22,72,quantile,0.05,66
2025-11-22,wk inc flu hosp,0,2025-11-22,72,quantile,0.1,70
2025-11-22,wk inc flu hosp,0,2025-11-22,72,quantile,0.15,86
2025-11-22,wk inc flu hosp,0,2025-11-22,72,quantile,0.2,93
2025-11-22,wk inc flu hosp,0,2025-11-22,72,quantile,0.25,93
2025-11-22,wk inc flu hosp,0,2025-11-22,72,quantile,0.3,103
2025-11-22,wk inc flu hosp,0,2025-11-22,72,quantile,0.35,110
2025-11-22,wk inc flu hosp,0,2025-11-22,72,quantile,0.4,118
2025-11-22,wk inc flu hosp,0,2025-11-22,72,quantile,0.45,123
2025-11-22,wk inc flu hosp,0,2025-11-22,72,quantile,0.5,132
2025-11-22,wk inc flu hosp,0,2025-11-22,72,quantile,0.55,137
2025-11-22,wk inc flu hosp,0,2025-11-22,72,quantile,0.6,143
2025-11-22,wk inc flu hosp,0,2025-11-22,72,quantile,0.65,152
2025-11-22,wk inc flu hosp,0,2025-11-22,72,quantile,0.7,160
2025-11-22,wk inc flu hosp,0,2025-11-22,72,quantile,0.75,171
2025-11-22,wk inc flu hosp,0,2025-11-22,72,quantile,0.8,184
2025-11-22,wk inc flu hosp,0,2025-11-22,72,quantile,0.85,203
2025-11-22,wk inc flu hosp,0,2025-11-22,72,quantile,0.9,228
2025-11-22,wk inc flu hosp,0,2025-11-22,72,quantile,0.95,273
2025-11-22,wk inc flu hosp,0,2025-11-22,72,quantile,0.975,317
2025-11-22,wk inc flu hosp,0,2025-11-22,72,quantile,0.99,385
2025-11-22,wk inc flu hosp,1,2025-11-29,72,quantile,0.01,47
2025-11-22,wk inc flu hosp,1,2025-11-29,72,quantile,0.025,55
2025-11-22,wk inc flu hosp,1,2025-11-29,72,quantile,0.05,63
2025-11-22,wk inc flu hosp,1,2025-11-29,72,quantile,0.1,77
2025-11-22,wk inc flu hosp,1,2025-11-29,72,quantile,0.15,84
2025-11-22,wk inc flu hosp,1,2025-11-29,72,quantile,0.2,92
2025-11-22,wk inc flu hosp,1,2025-11-29,72,quantile,0.25,102
2025-11-22,wk inc flu hosp,1,2025-11-29,72,quantile,0.3,107
2025-11-22,wk inc flu hosp,1,2025-11-29,72,quantile,0.35,110
2025-11-22,wk inc flu hosp,1,2025-11-29,72,quantile,0.4,114
2025-11-22,wk inc flu hosp,1,2025-11-29,72,quantile,0.45,122
2025-11-22,wk inc flu hosp,1,2025-11-29,72,quantile,0.5,131
2025-11-22,wk inc flu hosp,1,2025-11-29,72,quantile,0.55,139
2025-11-22,wk inc flu hosp,1,2025-11-29,72,quantile,0.6,148
2025-11-22,wk inc flu hosp,1,2025-11-29,72,quantile,0.65,159
2025-11-22,wk inc flu hosp,1,2025-11-29,72,quantile,0.7,174
2025-11-22,wk inc flu hosp,1,2025-11-29,72,quantile,0.75,189
2025-11-22,wk inc flu hosp,1,2025-11-29,72,quantile,0.8,210
2025-11-22,wk inc flu hosp,1,2025-11-29,72,quantile,0.85,241
2025-11-22,wk inc flu hosp,1,2025-11-29,72,quantile,0.9,301
2025-11-22,wk inc flu hosp,1,2025-11-29,72,quantile,0.95,396
2025-11-22,wk inc flu hosp,1,2025-11-29,72,quantile,0.975,484
2025-11-22,wk inc flu hosp,1,2025-11-29,72,quantile,0.99,488
2025-11-22,wk inc flu hosp,2,2025-12-06,72,quantile,0.01,41
2025-11-22,wk inc flu hosp,2,2025-12-06,72,quantile,0.025,54
2025-11-22,wk inc flu hosp,2,2025-12-06,72,quantile,0.05,65
2025-11-22,wk inc flu hosp,2,2025-12-06,72,quantile,0.1,78
2025-11-22,wk inc flu hosp,2,2025-12-06,72,quantile,0.15,87
2025-11-22,wk inc flu hosp,2,2025-12-06,72,quantile,0.2,98
2025-11-22,wk inc flu hosp,2,2025-12-06,72,quantile,0.25,105
2025-11-22,wk inc flu hosp,2,2025-12-06,72,quantile,0.3,107
2025-11-22,wk inc flu hosp,2,2025-12-06,72,quantile,0.35,116
2025-11-22,wk inc flu hosp,2,2025-12-06,72,quantile,0.4,123
2025-11-22,wk inc flu hosp,2,2025-12-06,72,quantile,0.45,133
2025-11-22,wk inc flu hosp,2,2025-12-06,72,quantile,0.5,142
2025-11-22,wk inc flu hosp,2,2025-12-06,72,quantile,0.55,153
2025-11-22,wk inc flu hosp,2,2025-12-06,72,quantile,0.6,163
2025-11-22,wk inc flu hosp,2,2025-12-06,72,quantile,0.65,177
2025-11-22,wk inc flu hosp,2,2025-12-06,72,quantile,0.7,195
2025-11-22,wk inc flu hosp,2,2025-12-06,72,quantile,0.75,218
2025-11-22,wk inc flu hosp,2,2025-12-06,72,quantile,0.8,248
2025-11-22,wk inc flu hosp,2,2025-12-06,72,quantile,0.85,293
2025-11-22,wk inc flu hosp,2,2025-12-06,72,quantile,0.9,371
2025-11-22,wk inc flu hosp,2,2025-12-06,72,quantile,0.95,530
2025-11-22,wk inc flu hosp,2,2025-12-06,72,quantile,0.975,555
2025-11-22,wk inc flu hosp,2,2025-12-06,72,quantile,0.99,555
2025-11-22,wk inc flu hosp,3,2025-12-13,72,quantile,0.01,44
2025-11-22,wk inc flu hosp,3,2025-12-13,72,quantile,0.025,56
2025-11-22,wk inc flu hosp,3,2025-12-13,72,quantile,0.05,67
2025-11-22,wk inc flu hosp,3,2025-12-13,72,quantile,0.1,85
2025-11-22,wk inc flu hosp,3,2025-12-13,72,quantile,0.15,97
2025-11-22,wk inc flu hosp,3,2025-12-13,72,quantile,0.2,102
2025-11-22,wk inc flu hosp,3,2025-12-13,72,quantile,0.25,105
2025-11-22,wk inc flu hosp,3,2025-12-13,72,quantile,0.3,120
2025-11-22,wk inc flu hosp,3,2025-12-13,72,quantile,0.35,131
2025-11-22,wk inc flu hosp,3,2025-12-13,72,quantile,0.4,142
2025-11-22,wk inc flu hosp,3,2025-12-13,72,quantile,0.45,156
2025-11-22,wk inc flu hosp,3,2025-12-13,72,quantile,0.5,167
2025-11-22,wk inc flu hosp,3,2025-12-13,72,quantile,0.55,182
2025-11-22,wk inc flu hosp,3,2025-12-13,72,quantile,0.6,196
2025-11-22,wk inc flu hosp,3,2025-12-13,72,quantile,0.65,215
2025-11-22,wk inc flu hosp,3,2025-12-13,72,quantile,0.7,239
2025-11-22,wk inc flu hosp,3,2025-12-13,72,quantile,0.75,271
2025-11-22,wk inc flu hosp,3,2025-12-13,72,quantile,0.8,320
2025-11-22,wk inc flu hosp,3,2025-12-13,72,quantile,0.85,401
2025-11-22,wk inc flu hosp,3,2025-12-13,72,quantile,0.9,526
2025-11-22,wk inc flu hosp,3,2025-12-13,72,quantile,0.95,722
2025-11-22,wk inc flu hosp,3,2025-12-13,72,quantile,0.975,722
2025-11-22,wk inc flu hosp,3,2025-12-13,72,quantile,0.99,722
2025-11-22,wk inc flu hosp,0,2025-11-22,44,quantile,0.01,1
2025-11-22,wk inc flu hosp,0,2025-11-22,44,quantile,0.025,1
2025-11-22,wk inc flu hosp,0,2025-11-22,44,quantile,0.05,1
2025-11-22,wk inc flu hosp,0,2025-11-22,44,quantile,0.1,2
2025-11-22,wk inc flu hosp,0,2025-11-22,44,quantile,0.15,2
2025-11-22,wk inc flu hosp,0,2025-11-22,44,quantile,0.2,3
2025-11-22,wk inc flu hosp,0,2025-11-22,44,quantile,0.25,3
2025-11-22,wk inc flu hosp,0,2025-11-22,44,quantile,0.3,3
2025-11-22,wk inc flu hosp,0,2025-11-22,44,quantile,0.35,4
2025-11-22,wk inc flu hosp,0,2025-11-22,44,quantile,0.4,4
2025-11-22,wk inc flu hosp,0,2025-11-22,44,quantile,0.45,4
2025-11-22,wk inc flu hosp,0,2025-11-22,44,quantile,0.5,5
2025-11-22,wk inc flu hosp,0,2025-11-22,44,quantile,0.55,5
2025-11-22,wk inc flu hosp,0,2025-11-22,44,quantile,0.6,5
2025-11-22,wk inc flu hosp,0,2025-11-22,44,quantile,0.65,6
2025-11-22,wk inc flu hosp,0,2025-11-22,44,quantile,0.7,7
2025-11-22,wk inc flu hosp,0,2025-11-22,44,quantile,0.75,7
2025-11-22,wk inc flu hosp,0,2025-11-22,44,quantile,0.8,8
2025-11-22,wk inc flu hosp,0,2025-11-22,44,quantile,0.85,9
2025-11-22,wk inc flu hosp,0,2025-11-22,44,quantile,0.9,11
2025-11-22,wk inc flu hosp,0,2025-11-22,44,quantile,0.95,14
2025-11-22,wk inc flu hosp,0,2025-11-22,44,quantile,0.975,16
2025-11-22,wk inc flu hosp,0,2025-11-22,44,quantile,0.99,21
2025-11-22,wk inc flu hosp,1,2025-11-29,44,quantile,0.01,1
2025-11-22,wk inc flu hosp,1,2025-11-29,44,quantile,0.025,1
2025-11-22,wk inc flu hosp,1,2025-11-29,44,quantile,0.05,1
2025-11-22,wk inc flu hosp,1,2025-11-29,44,quantile,0.1,2
2025-11-22,wk inc flu hosp,1,2025-11-29,44,quantile,0.15,2
2025-11-22,wk inc flu hosp,1,2025-11-29,44,quantile,0.2,2
2025-11-22,wk inc flu hosp,1,2025-11-29,44,quantile,0.25,3
2025-11-22,wk inc flu hosp,1,2025-11-29,44,quantile,0.3,3
2025-11-22,wk inc flu hosp,1,2025-11-29,44,quantile,0.35,3
2025-11-22,wk inc flu hosp,1,2025-11-29,44,quantile,0.4,4
2025-11-22,wk inc flu hosp,1,2025-11-29,44,quantile,0.45,4
2025-11-22,wk inc flu hosp,1,2025-11-29,44,quantile,0.5,4
2025-11-22,wk inc flu hosp,1,2025-11-29,44,quantile,0.55,5
2025-11-22,wk inc flu hosp,1,2025-11-29,44,quantile,0.6,5
2025-11-22,wk inc flu hosp,1,2025-11-29,44,quantile,0.65,6
2025-11-22,wk inc flu hosp,1,2025-11-29,44,quantile,0.7,7
2025-11-22,wk inc flu hosp,1,2025-11-29,44,quantile,0.75,8
2025-11-22,wk inc flu hosp,1,2025-11-29,44,quantile,0.8,9
2025-11-22,wk inc flu hosp,1,2025-11-29,44,quantile,0.85,11
2025-11-22,wk inc flu hosp,1,2025-11-29,44,quantile,0.9,14
2025-11-22,wk inc flu hosp,1,2025-11-29,44,quantile,0.95,19
2025-11-22,wk inc flu hosp,1,2025-11-29,44,quantile,0.975,24
2025-11-22,wk inc flu hosp,1,2025-11-29,44,quantile,0.99,24
2025-11-22,wk inc flu hosp,2,2025-12-06,44,quantile,0.01,0
2025-11-22,wk inc flu hosp,2,2025-12-06,44,quantile,0.025,1
2025-11-22,wk inc flu hosp,2,2025-12-06,44,quantile,0.05,1
2025-11-22,wk inc flu hosp,2,2025-12-06,44,quantile,0.1,2
2025-11-22,wk inc flu hosp,2,2025-12-06,44,quantile,0.15,2
2025-11-22,wk inc flu hosp,2,2025-12-06,44,quantile,0.2,3
2025-11-22,wk inc flu hosp,2,2025-12-06,44,quantile,0.25,3
2025-11-22,wk inc flu hosp,2,2025-12-06,44,quantile,0.3,3
2025-11-22,wk inc flu hosp,2,2025-12-06,44,quantile,0.35,4
2025-11-22,wk inc flu hosp,2,2025-12-06,44,quantile,0.4,4
2025-11-22,wk inc flu hosp,2,2025-12-06,44,quantile,0.45,5
2025-11-22,wk inc flu hosp,2,2025-12-06,44,quantile,0.5,5
2025-11-22,wk inc flu hosp,2,2025-12-06,44,quantile,0.55,6
2025-11-22,wk inc flu hosp,2,2025-12-06,44,quantile,0.6,6
2025-11-22,wk inc flu hosp,2,2025-12-06,44,quantile,0.65,7
2025-11-22,wk inc flu hosp,2,2025-12-06,44,quantile,0.7,8
2025-11-22,wk inc flu hosp,2,2025-12-06,44,quantile,0.75,9
2025-11-22,wk inc flu hosp,2,2025-12-06,44,quantile,0.8,11
2025-11-22,wk inc flu hosp,2,2025-12-06,44,quantile,0.85,13
2025-11-22,wk inc flu hosp,2,2025-12-06,44,quantile,0.9,17
2025-11-22,wk inc flu hosp,2,2025-12-06,44,quantile,0.95,26
2025-11-22,wk inc flu hosp,2,2025-12-06,44,quantile,0.975,27
2025-11-22,wk inc flu hosp,2,2025-12-06,44,quantile,0.99,27
2025-11-22,wk inc flu hosp,3,2025-12-13,44,quantile,0.01,1
2025-11-22,wk inc flu hosp,3,2025-12-13,44,quantile,0.025,1
2025-11-22,wk inc flu hosp,3,2025-12-13,44,quantile,0.05,1
2025-11-22,wk inc flu hosp,3,2025-12-13,44,quantile,0.1,2
2025-11-22,wk inc flu hosp,3,2025-12-13,44,quantile,0.15,2
2025-11-22,wk inc flu hosp,3,2025-12-13,44,quantile,0.2,2
2025-11-22,wk inc flu hosp,3,2025-12-13,44,quantile,0.25,3
2025-11-22,wk inc flu hosp,3,2025-12-13,44,quantile,0.3,3
2025-11-22,wk inc flu hosp,3,2025-12-13,44,quantile,0.35,4
2025-11-22,wk inc flu hosp,3,2025-12-13,44,quantile,0.4,4
2025-11-22,wk inc flu hosp,3,2025-12-13,44,quantile,0.45,5
2025-11-22,wk inc flu hosp,3,2025-12-13,44,quantile,0.5,5
2025-11-22,wk inc flu hosp,3,2025-12-13,44,quantile,0.55,6
2025-11-22,wk inc flu hosp,3,2025-12-13,44,quantile,0.6,7
2025-11-22,wk inc flu hosp,3,2025-12-13,44,quantile,0.65,8
2025-11-22,wk inc flu hosp,3,2025-12-13,44,quantile,0.7,9
2025-11-22,wk inc flu hosp,3,2025-12-13,44,quantile,0.75,10
2025-11-22,wk inc flu hosp,3,2025-12-13,44,quantile,0.8,13
2025-11-22,wk inc flu hosp,3,2025-12-13,44,quantile,0.85,17
2025-11-22,wk inc flu hosp,3,2025-12-13,44,quantile,0.9,23
2025-11-22,wk inc flu hosp,3,2025-12-13,44,quantile,0.95,33
2025-11-22,wk inc flu hosp,3,2025-12-13,44,quantile,0.975,33
2025-11-22,wk inc flu hosp,3,2025-12-13,44,quantile,0.99,33
2025-11-22,wk inc flu hosp,0,2025-11-22,45,quantile,0.01,4
2025-11-22,wk inc flu hosp,0,2025-11-22,45,quantile,0.025,4
2025-11-22,wk inc flu hosp,0,2025-11-22,45,quantile,0.05,6
2025-11-22,wk inc flu hosp,0,2025-11-22,45,quantile,0.1,7
2025-11-22,wk inc flu hosp,0,2025-11-22,45,quantile,0.15,10
2025-11-22,wk inc flu hosp,0,2025-11-22,45,quantile,0.2,11
2025-11-22,wk inc flu hosp,0,2025-11-22,45,quantile,0.25,11
2025-11-22,wk inc flu hosp,0,2025-11-22,45,quantile,0.3,14
2025-11-22,wk inc flu hosp,0,2025-11-22,45,quantile,0.35,15
2025-11-22,wk inc flu hosp,0,2025-11-22,45,quantile,0.4,17
2025-11-22,wk inc flu hosp,0,2025-11-22,45,quantile,0.45,17
2025-11-22,wk inc flu hosp,0,2025-11-22,45,quantile,0.5,19
2025-11-22,wk inc flu hosp,0,2025-11-22,45,quantile,0.55,20
2025-11-22,wk inc flu hosp,0,2025-11-22,45,quantile,0.6,21
2025-11-22,wk inc flu hosp,0,2025-11-22,45,quantile,0.65,23
2025-11-22,wk inc flu hosp,0,2025-11-22,45,quantile,0.7,25
2025-11-22,wk inc flu hosp,0,2025-11-22,45,quantile,0.75,27
2025-11-22,wk inc flu hosp,0,2025-11-22,45,quantile,0.8,30
2025-11-22,wk inc flu hosp,0,2025-11-22,45,quantile,0.85,33
2025-11-22,wk inc flu hosp,0,2025-11-22,45,quantile,0.9,38
2025-11-22,wk inc flu hosp,0,2025-11-22,45,quantile,0.95,47
2025-11-22,wk inc flu hosp,0,2025-11-22,45,quantile,0.975,55
2025-11-22,wk inc flu hosp,0,2025-11-22,45,quantile,0.99,68
2025-11-22,wk inc flu hosp,1,2025-11-29,45,quantile,0.01,4
2025-11-22,wk inc flu hosp,1,2025-11-29,45,quantile,0.025,5
2025-11-22,wk inc flu hosp,1,2025-11-29,45,quantile,0.05,7
2025-11-22,wk inc flu hosp,1,2025-11-29,45,quantile,0.1,9
2025-11-22,wk inc flu hosp,1,2025-11-29,45,quantile,0.15,11
2025-11-22,wk inc flu hosp,1,2025-11-29,45,quantile,0.2,12
2025-11-22,wk inc flu hosp,1,2025-11-29,45,quantile,0.25,14
2025-11-22,wk inc flu hosp,1,2025-11-29,45,quantile,0.3,15
2025-11-22,wk inc flu hosp,1,2025-11-29,45,quantile,0.35,15
2025-11-22,wk inc flu hosp,1,2025-11-29,45,quantile,0.4,16
2025-11-22,wk inc flu hosp,1,2025-11-29,45,quantile,0.45,17
2025-11-22,wk inc flu hosp,1,2025-11-29,45,quantile,0.5,19
2025-11-22,wk inc flu hosp,1,2025-11-29,45,quantile,0.55,21
2025-11-22,wk inc flu hosp,1,2025-11-29,45,quantile,0.6,22
2025-11-22,wk inc flu hosp,1,2025-11-29,45,quantile,0.65,24
2025-11-22,wk inc flu hosp,1,2025-11-29,45,quantile,0.7,27
2025-11-22,wk inc flu hosp,1,2025-11-29,45,quantile,0.75,30
2025-11-22,wk inc flu hosp,1,2025-11-29,45,quantile,0.8,34
2025-11-22,wk inc flu hosp,1,2025-11-29,45,quantile,0.85,39
2025-11-22,wk inc flu hosp,1,2025-11-29,45,quantile,0.9,50
2025-11-22,wk inc flu hosp,1,2025-11-29,45,quantile,0.95,66
2025-11-22,wk inc flu hosp,1,2025-11-29,45,quantile,0.975,81
2025-11-22,wk inc flu hosp,1,2025-11-29,45,quantile,0.99,82
2025-11-22,wk inc flu hosp,2,2025-12-06,45,quantile,0.01,2
2025-11-22,wk inc flu hosp,2,2025-12-06,45,quantile,0.025,5
2025-11-22,wk inc flu hosp,2,2025-12-06,45,quantile,0.05,7
2025-11-22,wk inc flu hosp,2,2025-12-06,45,quantile,0.1,9
2025-11-22,wk inc flu hosp,2,2025-12-06,45,quantile,0.15,11
2025-11-22,wk inc flu hosp,2,2025-12-06,45,quantile,0.2,13
2025-11-22,wk inc flu hosp,2,2025-12-06,45,quantile,0.25,14
2025-11-22,wk inc flu hosp,2,2025-12-06,45,quantile,0.3,15
2025-11-22,wk inc flu hosp,2,2025-12-06,45,quantile,0.35,16
2025-11-22,wk inc flu hosp,2,2025-12-06,45,quantile,0.4,18
2025-11-22,wk inc flu hosp,2,2025-12-06,45,quantile,0.45,20
2025-11-22,wk inc flu hosp,2,2025-12-06,45,quantile,0.5,21
2025-11-22,wk inc flu hosp,2,2025-12-06,45,quantile,0.55,23
2025-11-22,wk inc flu hosp,2,2025-12-06,45,quantile,0.6,25
2025-11-22,wk inc flu hosp,2,2025-12-06,45,quantile,0.65,28
2025-11-22,wk inc flu hosp,2,2025-12-06,45,quantile,0.7,31
2025-11-22,wk inc flu hosp,2,2025-12-06,45,quantile,0.75,36
2025-11-22,wk inc flu hosp,2,2025-12-06,45,quantile,0.8,41
2025-11-22,wk inc flu hosp,2,2025-12-06,45,quantile,0.85,50
2025-11-22,wk inc flu hosp,2,2025-12-06,45,quantile,0.9,64
2025-11-22,wk inc flu hosp,2,2025-12-06,45,quantile,0.95,93
2025-11-22,wk inc flu hosp,2,2025-12-06,45,quantile,0.975,98
2025-11-22,wk inc flu hosp,2,2025-12-06,45,quantile,0.99,98
2025-11-22,wk inc flu hosp,3,2025-12-13,45,quantile,0.01,2
2025-11-22,wk inc flu hosp,3,2025-12-13,45,quantile,0.025,5
2025-11-22,wk inc flu hosp,3,2025-12-13,45,quantile,0.05,7
2025-11-22,wk inc flu hosp,3,2025-12-13,45,quantile,0.1,11
2025-11-22,wk inc flu hosp,3,2025-12-13,45,quantile,0.15,13
2025-11-22,wk inc flu hosp,3,2025-12-13,45,quantile,0.2,14
2025-11-22,wk inc flu hosp,3,2025-12-13,45,quantile,0.25,14
2025-11-22,wk inc flu hosp,3,2025-12-13,45,quantile,0.3,17
2025-11-22,wk inc flu hosp,3,2025-12-13,45,quantile,0.35,19
2025-11-22,wk inc flu hosp,3,2025-12-13,45,quantile,0.4,21
2025-11-22,wk inc flu hosp,3,2025-12-13,45,quantile,0.45,24
2025-11-22,wk inc flu hosp,3,2025-12-13,45,quantile,0.5,26
2025-11-22,wk inc flu hosp,3,2025-12-13,45,quantile,0.55,29
2025-11-22,wk inc flu hosp,3,2025-12-13,45,quantile,0.6,31
2025-11-22,wk inc flu hosp,3,2025-12-13,45,quantile,0.65,35
2025-11-22,wk inc flu hosp,3,2025-12-13,45,quantile,0.7,40
2025-11-22,wk inc flu hosp,3,2025-12-13,45,quantile,0.75,46
2025-11-22,wk inc flu hosp,3,2025-12-13,45,quantile,0.8,56
2025-11-22,wk inc flu hosp,3,2025-12-13,45,quantile,0.85,71
2025-11-22,wk inc flu hosp,3,2025-12-13,45,quantile,0.9,94
2025-11-22,wk inc flu hosp,3,2025-12-13,45,quantile,0.95,130
2025-11-22,wk inc flu hosp,3,2025-12-13,45,quantile,0.975,130
2025-11-22,wk inc flu hosp,3,2025-12-13,45,quantile,0.99,130
2025-11-22,wk inc flu hosp,0,2025-11-22,46,quantile,0.01,0
2025-11-22,wk inc flu hosp,0,2025-11-22,46,quantile,0.025,0
2025-11-22,wk inc flu hosp,0,2025-11-22,46,quantile,0.05,0
2025-11-22,wk inc flu hosp,0,2025-11-22,46,quantile,0.1,0
2025-11-22,wk inc flu hosp,0,2025-11-22,46,quantile,0.15,0
2025-11-22,wk inc flu hosp,0,2025-11-22,46,quantile,0.2,0
2025-11-22,wk inc flu hosp,0,2025-11-22,46,quantile,0.25,0
2025-11-22,wk inc flu hosp,0,2025-11-22,46,quantile,0.3,0
2025-11-22,wk inc flu hosp,0,2025-11-22,46,quantile,0.35,1
2025-11-22,wk inc flu hosp,0,2025-11-22,46,quantile,0.4,1
2025-11-22,wk inc flu hosp,0,2025-11-22,46,quantile,0.45,1
2025-11-22,wk inc flu hosp,0,2025-11-22,46,quantile,0.5,1
2025-11-22,wk inc flu hosp,0,2025-11-22,46,quantile,0.55,1
2025-11-22,wk inc flu hosp,0,2025-11-22,46,quantile,0.6,1
2025-11-22,wk inc flu hosp,0,2025-11-22,46,quantile,0.65,2
2025-11-22,wk inc flu hosp,0,2025-11-22,46,quantile,0.7,2
2025-11-22,wk inc flu hosp,0,2025-11-22,46,quantile,0.75,2
2025-11-22,wk inc flu hosp,0,2025-11-22,46,quantile,0.8,2
2025-11-22,wk inc flu hosp,0,2025-11-22,46,quantile,0.85,3
2025-11-22,wk inc flu hosp,0,2025-11-22,46,quantile,0.9,3
2025-11-22,wk inc flu hosp,0,2025-11-22,46,quantile,0.95,5
2025-11-22,wk inc flu hosp,0,2025-11-22,46,quantile,0.975,6
2025-11-22,wk inc flu hosp,0,2025-11-22,46,quantile,0.99,8
2025-11-22,wk inc flu hosp,1,2025-11-29,46,quantile,0.01,0
2025-11-22,wk inc flu hosp,1,2025-11-29,46,quantile,0.025,0
2025-11-22,wk inc flu hosp,1,2025-11-29,46,quantile,0.05,0
2025-11-22,wk inc flu hosp,1,2025-11-29,46,quantile,0.1,0
2025-11-22,wk inc flu hosp,1,2025-11-29,46,quantile,0.15,0
2025-11-22,wk inc flu hosp,1,2025-11-29,46,quantile,0.2,0
2025-11-22,wk inc flu hosp,1,2025-11-29,46,quantile,0.25,1
2025-11-22,wk inc flu hosp,1,2025-11-29,46,quantile,0.3,1
2025-11-22,wk inc flu hosp,1,2025-11-29,46,quantile,0.35,1
2025-11-22,wk inc flu hosp,1,2025-11-29,46,quantile,0.4,1
2025-11-22,wk inc flu hosp,1,2025-11-29,46,quantile,0.45,1
2025-11-22,wk inc flu hosp,1,2025-11-29,46,quantile,0.5,1
2025-11-22,wk inc flu hosp,1,2025-11-29,46,quantile,0.55,1
2025-11-22,wk inc flu hosp,1,2025-11-29,46,quantile,0.6,2
2025-11-22,wk inc flu hosp,1,2025-11-29,46,quantile,0.65,2
2025-11-22,wk inc flu hosp,1,2025-11-29,46,quantile,0.7,2
2025-11-22,wk inc flu hosp,1,2025-11-29,46,quantile,0.75,2
2025-11-22,wk inc flu hosp,1,2025-11-29,46,quantile,0.8,3
2025-11-22,wk inc flu hosp,1,2025-11-29,46,quantile,0.85,4
2025-11-22,wk inc flu hosp,1,2025-11-29,46,quantile,0.9,5
2025-11-22,wk inc flu hosp,1,2025-11-29,46,quantile,0.95,8
2025-11-22,wk inc flu hosp,1,2025-11-29,46,quantile,0.975,10
2025-11-22,wk inc flu hosp,1,2025-11-29,46,quantile,0.99,10
2025-11-22,wk inc flu hosp,2,2025-12-06,46,quantile,0.01,0
2025-11-22,wk inc flu hosp,2,2025-12-06,46,quantile,0.025,0
2025-11-22,wk inc flu hosp,2,2025-12-06,46,quantile,0.05,0
2025-11-22,wk inc flu hosp,2,2025-12-06,46,quantile,0.1,0
2025-11-22,wk inc flu hosp,2,2025-12-06,46,quantile,0.15,0
2025-11-22,wk inc flu hosp,2,2025-12-06,46,quantile,0.2,1
2025-11-22,wk inc flu hosp,2,2025-12-06,46,quantile,0.25,1
2025-11-22,wk inc flu hosp,2,2025-12-06,46,quantile,0.3,1
2025-11-22,wk inc flu hosp,2,2025-12-06,46,quantile,0.35,1
2025-11-22,wk inc flu hosp,2,2025-12-06,46,quantile,0.4,1
2025-11-22,wk inc flu hosp,2,2025-12-06,46,quantile,0.45,1
2025-11-22,wk inc flu hosp,2,2025-12-06,46,quantile,0.5,1
2025-11-22,wk inc flu hosp,2,2025-12-06,46,quantile,0.55,2
2025-11-22,wk inc flu hosp,2,2025-12-06,46,quantile,0.6,2
2025-11-22,wk inc flu hosp,2,2025-12-06,46,quantile,0.65,2
2025-11-22,wk inc flu hosp,2,2025-12-06,46,quantile,0.7,3
2025-11-22,wk inc flu hosp,2,2025-12-06,46,quantile,0.75,3
2025-11-22,wk inc flu hosp,2,2025-12-06,46,quantile,0.8,4
2025-11-22,wk inc flu hosp,2,2025-12-06,46,quantile,0.85,5
2025-11-22,wk inc flu hosp,2,2025-12-06,46,quantile,0.9,7
2025-11-22,wk inc flu hosp,2,2025-12-06,46,quantile,0.95,11
2025-11-22,wk inc flu hosp,2,2025-12-06,46,quantile,0.975,11
2025-11-22,wk inc flu hosp,2,2025-12-06,46,quantile,0.99,11
2025-11-22,wk inc flu hosp,3,2025-12-13,46,quantile,0.01,0
2025-11-22,wk inc flu hosp,3,2025-12-13,46,quantile,0.025,0
2025-11-22,wk inc flu hosp,3,2025-12-13,46,quantile,0.05,0
2025-11-22,wk inc flu hosp,3,2025-12-13,46,quantile,0.1,0
2025-11-22,wk inc flu hosp,3,2025-12-13,46,quantile,0.15,1
2025-11-22,wk inc flu hosp,3,2025-12-13,46,quantile,0.2,1
2025-11-22,wk inc flu hosp,3,2025-12-13,46,quantile,0.25,1
2025-11-22,wk inc flu hosp,3,2025-12-13,46,quantile,0.3,1
2025-11-22,wk inc flu hosp,3,2025-12-13,46,quantile,0.35,1
2025-11-22,wk inc flu hosp,3,2025-12-13,46,quantile,0.4,1
2025-11-22,wk inc flu hosp,3,2025-12-13,46,quantile,0.45,2
2025-11-22,wk inc flu hosp,3,2025-12-13,46,quantile,0.5,2
2025-11-22,wk inc flu hosp,3,2025-12-13,46,quantile,0.55,2
2025-11-22,wk inc flu hosp,3,2025-12-13,46,quantile,0.6,3
2025-11-22,wk inc flu hosp,3,2025-12-13,46,quantile,0.65,3
2025-11-22,wk inc flu hosp,3,2025-12-13,46,quantile,0.7,4
2025-11-22,wk inc flu hosp,3,2025-12-13,46,quantile,0.75,4
2025-11-22,wk inc flu hosp,3,2025-12-13,46,quantile,0.8,6
2025-11-22,wk inc flu hosp,3,2025-12-13,46,quantile,0.85,7
2025-11-22,wk inc flu hosp,3,2025-12-13,46,quantile,0.9,11
2025-11-22,wk inc flu hosp,3,2025-12-13,46,quantile,0.95,15
2025-11-22,wk inc flu hosp,3,2025-12-13,46,quantile,0.975,15
2025-11-22,wk inc flu hosp,3,2025-12-13,46,quantile,0.99,15
2025-11-22,wk inc flu hosp,0,2025-11-22,47,quantile,0.01,23
2025-11-22,wk inc flu hosp,0,2025-11-22,47,quantile,0.025,23
2025-11-22,wk inc flu hosp,0,2025-11-22,47,quantile,0.05,27
2025-11-22,wk inc flu hosp,0,2025-11-22,47,quantile,0.1,29
2025-11-22,wk inc flu hosp,0,2025-11-22,47,quantile,0.15,34
2025-11-22,wk inc flu hosp,0,2025-11-22,47,quantile,0.2,35
2025-11-22,wk inc flu hosp,0,2025-11-22,47,quantile,0.25,35
2025-11-22,wk inc flu hosp,0,2025-11-22,47,quantile,0.3,38
2025-11-22,wk inc flu hosp,0,2025-11-22,47,quantile,0.35,41
2025-11-22,wk inc flu hosp,0,2025-11-22,47,quantile,0.4,43
2025-11-22,wk inc flu hosp,0,2025-11-22,47,quantile,0.45,44
2025-11-22,wk inc flu hosp,0,2025-11-22,47,quantile,0.5,46
2025-11-22,wk inc flu hosp,0,2025-11-22,47,quantile,0.55,48
2025-11-22,wk inc flu hosp,0,2025-11-22,47,quantile,0.6,50
2025-11-22,wk inc flu hosp,0,2025-11-22,47,quantile,0.65,52
2025-11-22,wk inc flu hosp,0,2025-11-22,47,quantile,0.7,54
2025-11-22,wk inc flu hosp,0,2025-11-22,47,quantile,0.75,57
2025-11-22,wk inc flu hosp,0,2025-11-22,47,quantile,0.8,61
2025-11-22,wk inc flu hosp,0,2025-11-22,47,quantile,0.85,66
2025-11-22,wk inc flu hosp,0,2025-11-22,47,quantile,0.9,72
2025-11-22,wk inc flu hosp,0,2025-11-22,47,quantile,0.95,82
2025-11-22,wk inc flu hosp,0,2025-11-22,47,quantile,0.975,92
2025-11-22,wk inc flu hosp,0,2025-11-22,47,quantile,0.99,108
2025-11-22,wk inc flu hosp,1,2025-11-29,47,quantile,0.01,20
2025-11-22,wk inc flu hosp,1,2025-11-29,47,quantile,0.025,23
2025-11-22,wk inc flu hosp,1,2025-11-29,47,quantile,0.05,26
2025-11-22,wk inc flu hosp,1,2025-11-29,47,quantile,0.1,31
2025-11-22,wk inc flu hosp,1,2025-11-29,47,quantile,0.15,33
2025-11-22,wk inc flu hosp,1,2025-11-29,47,quantile,0.2,36
2025-11-22,wk inc flu hosp,1,2025-11-29,47,quantile,0.25,39
2025-11-22,wk inc flu hosp,1,2025-11-29,47,quantile,0.3,41
2025-11-22,wk inc flu hosp,1,2025-11-29,47,quantile,0.35,42
2025-11-22,wk inc flu hosp,1,2025-11-29,47,quantile,0.4,44
2025-11-22,wk inc flu hosp,1,2025-11-29,47,quantile,0.45,46
2025-11-22,wk inc flu hosp,1,2025-11-29,47,quantile,0.5,48
2025-11-22,wk inc flu hosp,1,2025-11-29,47,quantile,0.55,51
2025-11-22,wk inc flu hosp,1,2025-11-29,47,quantile,0.6,54
2025-11-22,wk inc flu hosp,1,2025-11-29,47,quantile,0.65,57
2025-11-22,wk inc flu hosp,1,2025-11-29,47,quantile,0.7,61
2025-11-22,wk inc flu hosp,1,2025-11-29,47,quantile,0.75,65
2025-11-22,wk inc flu hosp,1,2025-11-29,47,quantile,0.8,72
2025-11-22,wk inc flu hosp,1,2025-11-29,47,quantile,0.85,80
2025-11-22,wk inc flu hosp,1,2025-11-29,47,quantile,0.9,94
2025-11-22,wk inc flu hosp,1,2025-11-29,47,quantile,0.95,115
2025-11-22,wk inc flu hosp,1,2025-11-29,47,quantile,0.975,135
2025-11-22,wk inc flu hosp,1,2025-11-29,47,quantile,0.99,136
2025-11-22,wk inc flu hosp,2,2025-12-06,47,quantile,0.01,17
2025-11-22,wk inc flu hosp,2,2025-12-06,47,quantile,0.025,22
2025-11-22,wk inc flu hosp,2,2025-12-06,47,quantile,0.05,26
2025-11-22,wk inc flu hosp,2,2025-12-06,47,quantile,0.1,31
2025-11-22,wk inc flu hosp,2,2025-12-06,47,quantile,0.15,34
2025-11-22,wk inc flu hosp,2,2025-12-06,47,quantile,0.2,38
2025-11-22,wk inc flu hosp,2,2025-12-06,47,quantile,0.25,41
2025-11-22,wk inc flu hosp,2,2025-12-06,47,quantile,0.3,41
2025-11-22,wk inc flu hosp,2,2025-12-06,47,quantile,0.35,44
2025-11-22,wk inc flu hosp,2,2025-12-06,47,quantile,0.4,47
2025-11-22,wk inc flu hosp,2,2025-12-06,47,quantile,0.45,50
2025-11-22,wk inc flu hosp,2,2025-12-06,47,quantile,0.5,53
2025-11-22,wk inc flu hosp,2,2025-12-06,47,quantile,0.55,57
2025-11-22,wk inc flu hosp,2,2025-12-06,47,quantile,0.6,60
2025-11-22,wk inc flu hosp,2,2025-12-06,47,quantile,0.65,64
2025-11-22,wk inc flu hosp,2,2025-12-06,47,quantile,0.7,70
2025-11-22,wk inc flu hosp,2,2025-12-06,47,quantile,0.75,77
2025-11-22,wk inc flu hosp,2,2025-12-06,47,quantile,0.8,86
2025-11-22,wk inc flu hosp,2,2025-12-06,47,quantile,0.85,99
2025-11-22,wk inc flu hosp,2,2025-12-06,47,quantile,0.9,120
2025-11-22,wk inc flu hosp,2,2025-12-06,47,quantile,0.95,161
2025-11-22,wk inc flu hosp,2,2025-12-06,47,quantile,0.975,168
2025-11-22,wk inc flu hosp,2,2025-12-06,47,quantile,0.99,168
2025-11-22,wk inc flu hosp,3,2025-12-13,47,quantile,0.01,17
2025-11-22,wk inc flu hosp,3,2025-12-13,47,quantile,0.025,22
2025-11-22,wk inc flu hosp,3,2025-12-13,47,quantile,0.05,27
2025-11-22,wk inc flu hosp,3,2025-12-13,47,quantile,0.1,34
2025-11-22,wk inc flu hosp,3,2025-12-13,47,quantile,0.15,38
2025-11-22,wk inc flu hosp,3,2025-12-13,47,quantile,0.2,40
2025-11-22,wk inc flu hosp,3,2025-12-13,47,quantile,0.25,41
2025-11-22,wk inc flu hosp,3,2025-12-13,47,quantile,0.3,46
2025-11-22,wk inc flu hosp,3,2025-12-13,47,quantile,0.35,50
2025-11-22,wk inc flu hosp,3,2025-12-13,47,quantile,0.4,54
2025-11-22,wk inc flu hosp,3,2025-12-13,47,quantile,0.45,58
2025-11-22,wk inc flu hosp,3,2025-12-13,47,quantile,0.5,62
2025-11-22,wk inc flu hosp,3,2025-12-13,47,quantile,0.55,66
2025-11-22,wk inc flu hosp,3,2025-12-13,47,quantile,0.6,71
2025-11-22,wk inc flu hosp,3,2025-12-13,47,quantile,0.65,78
2025-11-22,wk inc flu hosp,3,2025-12-13,47,quantile,0.7,86
2025-11-22,wk inc flu hosp,3,2025-12-13,47,quantile,0.75,96
2025-11-22,wk inc flu hosp,3,2025-12-13,47,quantile,0.8,110
2025-11-22,wk inc flu hosp,3,2025-12-13,47,quantile,0.85,133
2025-11-22,wk inc flu hosp,3,2025-12-13,47,quantile,0.9,168
2025-11-22,wk inc flu hosp,3,2025-12-13,47,quantile,0.95,219
2025-11-22,wk inc flu hosp,3,2025-12-13,47,quantile,0.975,219
2025-11-22,wk inc flu hosp,3,2025-12-13,47,quantile,0.99,219
2025-11-22,wk inc flu hosp,0,2025-11-22,48,quantile,0.01,174
2025-11-22,wk inc flu hosp,0,2025-11-22,48,quantile,0.025,176
2025-11-22,wk inc flu hosp,0,2025-11-22,48,quantile,0.05,197
2025-11-22,wk inc flu hosp,0,2025-11-22,48,quantile,0.1,210
2025-11-22,wk inc flu hosp,0,2025-11-22,48,quantile,0.15,237
2025-11-22,wk inc flu hosp,0,2025-11-22,48,quantile,0.2,245
2025-11-22,wk inc flu hosp,0,2025-11-22,48,quantile,0.25,245
2025-11-22,wk inc flu hosp,0,2025-11-22,48,quantile,0.3,258
2025-11-22,wk inc flu hosp,0,2025-11-22,48,quantile,0.35,267
2025-11-22,wk inc flu hosp,0,2025-11-22,48,quantile,0.4,275
2025-11-22,wk inc flu hosp,0,2025-11-22,48,quantile,0.45,281
2025-11-22,wk inc flu hosp,0,2025-11-22,48,quantile,0.5,289
2025-11-22,wk inc flu hosp,0,2025-11-22,48,quantile,0.55,295
2025-11-22,wk inc flu hosp,0,2025-11-22,48,quantile,0.6,302
2025-11-22,wk inc flu hosp,0,2025-11-22,48,quantile,0.65,311
2025-11-22,wk inc flu hosp,0,2025-11-22,48,quantile,0.7,318
2025-11-22,wk inc flu hosp,0,2025-11-22,48,quantile,0.75,327
2025-11-22,wk inc flu hosp,0,2025-11-22,48,quantile,0.8,340
2025-11-22,wk inc flu hosp,0,2025-11-22,48,quantile,0.85,357
2025-11-22,wk inc flu hosp,0,2025-11-22,48,quantile,0.9,378
2025-11-22,wk inc flu hosp,0,2025-11-22,48,quantile,0.95,415
2025-11-22,wk inc flu hosp,0,2025-11-22,48,quantile,0.975,453
2025-11-22,wk inc flu hosp,0,2025-11-22,48,quantile,0.99,502
2025-11-22,wk inc flu hosp,1,2025-11-29,48,quantile,0.01,150
2025-11-22,wk inc flu hosp,1,2025-11-29,48,quantile,0.025,166
2025-11-22,wk inc flu hosp,1,2025-11-29,48,quantile,0.05,182
2025-11-22,wk inc flu hosp,1,2025-11-29,48,quantile,0.1,207
2025-11-22,wk inc flu hosp,1,2025-11-29,48,quantile,0.15,217
2025-11-22,wk inc flu hosp,1,2025-11-29,48,quantile,0.2,228
2025-11-22,wk inc flu hosp,1,2025-11-29,48,quantile,0.25,242
2025-11-22,wk inc flu hosp,1,2025-11-29,48,quantile,0.3,250
2025-11-22,wk inc flu hosp,1,2025-11-29,48,quantile,0.35,254
2025-11-22,wk inc flu hosp,1,2025-11-29,48,quantile,0.4,260
2025-11-22,wk inc flu hosp,1,2025-11-29,48,quantile,0.45,269
2025-11-22,wk inc flu hosp,1,2025-11-29,48,quantile,0.5,280
2025-11-22,wk inc flu hosp,1,2025-11-29,48,quantile,0.55,290
2025-11-22,wk inc flu hosp,1,2025-11-29,48,quantile,0.6,301
2025-11-22,wk inc flu hosp,1,2025-11-29,48,quantile,0.65,313
2025-11-22,wk inc flu hosp,1,2025-11-29,48,quantile,0.7,329
2025-11-22,wk inc flu hosp,1,2025-11-29,48,quantile,0.75,346
2025-11-22,wk inc flu hosp,1,2025-11-29,48,quantile,0.8,369
2025-11-22,wk inc flu hosp,1,2025-11-29,48,quantile,0.85,399
2025-11-22,wk inc flu hosp,1,2025-11-29,48,quantile,0.9,455
2025-11-22,wk inc flu hosp,1,2025-11-29,48,quantile,0.95,536
2025-11-22,wk inc flu hosp,1,2025-11-29,48,quantile,0.975,626
2025-11-22,wk inc flu hosp,1,2025-11-29,48,quantile,0.99,630
2025-11-22,wk inc flu hosp,2,2025-12-06,48,quantile,0.01,125
2025-11-22,wk inc flu hosp,2,2025-12-06,48,quantile,0.025,152
2025-11-22,wk inc flu hosp,2,2025-12-06,48,quantile,0.05,174
2025-11-22,wk inc flu hosp,2,2025-12-06,48,quantile,0.1,197
2025-11-22,wk inc flu hosp,2,2025-12-06,48,quantile,0.15,211
2025-11-22,wk inc flu hosp,2,2025-12-06,48,quantile,0.2,228
2025-11-22,wk inc flu hosp,2,2025-12-06,48,quantile,0.25,239
2025-11-22,wk inc flu hosp,2,2025-12-06,48,quantile,0.3,242
2025-11-22,wk inc flu hosp,2,2025-12-06,48,quantile,0.35,255
2025-11-22,wk inc flu hosp,2,2025-12-06,48,quantile,0.4,266
2025-11-22,wk inc flu hosp,2,2025-12-06,48,quantile,0.45,279
2025-11-22,wk inc flu hosp,2,2025-12-06,48,quantile,0.5,291
2025-11-22,wk inc flu hosp,2,2025-12-06,48,quantile,0.55,306
2025-11-22,wk inc flu hosp,2,2025-12-06,48,quantile,0.6,320
2025-11-22,wk inc flu hosp,2,2025-12-06,48,quantile,0.65,338
2025-11-22,wk inc flu hosp,2,2025-12-06,48,quantile,0.7,361
2025-11-22,wk inc flu hosp,2,2025-12-06,48,quantile,0.75,387
2025-11-22,wk inc flu hosp,2,2025-12-06,48,quantile,0.8,422
2025-11-22,wk inc flu hosp,2,2025-12-06,48,quantile,0.85,474
2025-11-22,wk inc flu hosp,2,2025-12-06,48,quantile,0.9,568
2025-11-22,wk inc flu hosp,2,2025-12-06,48,quantile,0.95,744
2025-11-22,wk inc flu hosp,2,2025-12-06,48,quantile,0.975,776
2025-11-22,wk inc flu hosp,2,2025-12-06,48,quantile,0.99,776
2025-11-22,wk inc flu hosp,3,2025-12-13,48,quantile,0.01,124
2025-11-22,wk inc flu hosp,3,2025-12-13,48,quantile,0.025,152
2025-11-22,wk inc flu hosp,3,2025-12-13,48,quantile,0.05,176
2025-11-22,wk inc flu hosp,3,2025-12-13,48,quantile,0.1,210
2025-11-22,wk inc flu hosp,3,2025-12-13,48,quantile,0.15,230
2025-11-22,wk inc flu hosp,3,2025-12-13,48,quantile,0.2,239
2025-11-22,wk inc flu hosp,3,2025-12-13,48,quantile,0.25,244
2025-11-22,wk inc flu hosp,3,2025-12-13,48,quantile,0.3,266
2025-11-22,wk inc flu hosp,3,2025-12-13,48,quantile,0.35,282
2025-11-22,wk inc flu hosp,3,2025-12-13,48,quantile,0.4,298
2025-11-22,wk inc flu hosp,3,2025-12-13,48,quantile,0.45,317
2025-11-22,wk inc flu hosp,3,2025-12-13,48,quantile,0.5,333
2025-11-22,wk inc flu hosp,3,2025-12-13,48,quantile,0.55,350
2025-11-22,wk inc flu hosp,3,2025-12-13,48,quantile,0.6,370
2025-11-22,wk inc flu hosp,3,2025-12-13,48,quantile,0.65,396
2025-11-22,wk inc flu hosp,3,2025-12-13,48,quantile,0.7,424
2025-11-22,wk inc flu hosp,3,2025-12-13,48,quantile,0.75,463
2025-11-22,wk inc flu hosp,3,2025-12-13,48,quantile,0.8,518
2025-11-22,wk inc flu hosp,3,2025-12-13,48,quantile,0.85,607
2025-11-22,wk inc flu hosp,3,2025-12-13,48,quantile,0.9,743
2025-11-22,wk inc flu hosp,3,2025-12-13,48,quantile,0.95,955
2025-11-22,wk inc flu hosp,3,2025-12-13,48,quantile,0.975,955
2025-11-22,wk inc flu hosp,3,2025-12-13,48,quantile,0.99,955
2025-11-22,wk inc flu hosp,0,2025-11-22,US,quantile,0.01,1536
2025-11-22,wk inc flu hosp,0,2025-11-22,US,quantile,0.025,1550
2025-11-22,wk inc flu hosp,0,2025-11-22,US,quantile,0.05,1715
2025-11-22,wk inc flu hosp,0,2025-11-22,US,quantile,0.1,1819
2025-11-22,wk inc flu hosp,0,2025-11-22,US,quantile,0.15,2028
2025-11-22,wk inc flu hosp,0,2025-11-22,US,quantile,0.2,2077
2025-11-22,wk inc flu hosp,0,2025-11-22,US,quantile,0.25,2077
2025-11-22,wk inc flu hosp,0,2025-11-22,US,quantile,0.3,2163
2025-11-22,wk inc flu hosp,0,2025-11-22,US,quantile,0.35,2223
2025-11-22,wk inc flu hosp,0,2025-11-22,US,quantile,0.4,2272
2025-11-22,wk inc flu hosp,0,2025-11-22,US,quantile,0.45,2315
2025-11-22,wk inc flu hosp,0,2025-11-22,US,quantile,0.5,2364
2025-11-22,wk inc flu hosp,0,2025-11-22,US,quantile,0.55,2403
2025-11-22,wk inc flu hosp,0,2025-11-22,US,quantile,0.6,2442
2025-11-22,wk inc flu hosp,0,2025-11-22,US,quantile,0.65,2497
2025-11-22,wk inc flu hosp,0,2025-11-22,US,quantile,0.7,2541
2025-11-22,wk inc flu hosp,0,2025-11-22,US,quantile,0.75,2597
2025-11-22,wk inc flu hosp,0,2025-11-22,US,quantile,0.8,2678
2025-11-22,wk inc flu hosp,0,2025-11-22,US,quantile,0.85,2782
2025-11-22,wk inc flu hosp,0,2025-11-22,US,quantile,0.9,2907
2025-11-22,wk inc flu hosp,0,2025-11-22,US,quantile,0.95,3124
2025-11-22,wk inc flu hosp,0,2025-11-22,US,quantile,0.975,3363
2025-11-22,wk inc flu hosp,0,2025-11-22,US,quantile,0.99,3657
2025-11-22,wk inc flu hosp,1,2025-11-29,US,quantile,0.01,1355
2025-11-22,wk inc flu hosp,1,2025-11-29,US,quantile,0.025,1482
2025-11-22,wk inc flu hosp,1,2025-11-29,US,quantile,0.05,1604
2025-11-22,wk inc flu hosp,1,2025-11-29,US,quantile,0.1,1800
2025-11-22,wk inc flu hosp,1,2025-11-29,US,quantile,0.15,1868
2025-11-22,wk inc flu hosp,1,2025-11-29,US,quantile,0.2,1945
2025-11-22,wk inc flu hosp,1,2025-11-29,US,quantile,0.25,2046
2025-11-22,wk inc flu hosp,1,2025-11-29,US,quantile,0.3,2103
2025-11-22,wk inc flu hosp,1,2025-11-29,US,quantile,0.35,2131
2025-11-22,wk inc flu hosp,1,2025-11-29,US,quantile,0.4,2174
2025-11-22,wk inc flu hosp,1,2025-11-29,US,quantile,0.45,2240
2025-11-22,wk inc flu hosp,1,2025-11-29,US,quantile,0.5,2312
2025-11-22,wk inc flu hosp,1,2025-11-29,US,quantile,0.55,2385
2025-11-22,wk inc flu hosp,1,2025-11-29,US,quantile,0.6,2458
2025-11-22,wk inc flu hosp,1,2025-11-29,US,quantile,0.65,2547
2025-11-22,wk inc flu hosp,1,2025-11-29,US,quantile,0.7,2656
2025-11-22,wk inc flu hosp,1,2025-11-29,US,quantile,0.75,2769
2025-11-22,wk inc flu hosp,1,2025-11-29,US,quantile,0.8,2927
2025-11-22,wk inc flu hosp,1,2025-11-29,US,quantile,0.85,3128
2025-11-22,wk inc flu hosp,1,2025-11-29,US,quantile,0.9,3503
2025-11-22,wk inc flu hosp,1,2025-11-29,US,quantile,0.95,4053
2025-11-22,wk inc flu hosp,1,2025-11-29,US,quantile,0.975,4680
2025-11-22,wk inc flu hosp,1,2025-11-29,US,quantile,0.99,4713
2025-11-22,wk inc flu hosp,2,2025-12-06,US,quantile,0.01,1199
2025-11-22,wk inc flu hosp,2,2025-12-06,US,quantile,0.025,1402
2025-11-22,wk inc flu hosp,2,2025-12-06,US,quantile,0.05,1573
2025-11-22,wk inc flu hosp,2,2025-12-06,US,quantile,0.1,1744
2025-11-22,wk inc flu hosp,2,2025-12-06,US,quantile,0.15,1847
2025-11-22,wk inc flu hosp,2,2025-12-06,US,quantile,0.2,1963
2025-11-22,wk inc flu hosp,2,2025-12-06,US,quantile,0.25,2045
2025-11-22,wk inc flu hosp,2,2025-12-06,US,quantile,0.3,2066
2025-11-22,wk inc flu hosp,2,2025-12-06,US,quantile,0.35,2160
2025-11-22,wk inc flu hosp,2,2025-12-06,US,quantile,0.4,2232
2025-11-22,wk inc flu hosp,2,2025-12-06,US,quantile,0.45,2328
2025-11-22,wk inc flu hosp,2,2025-12-06,US,quantile,0.5,2415
2025-11-22,wk inc flu hosp,2,2025-12-06,US,quantile,0.55,2512
2025-11-22,wk inc flu hosp,2,2025-12-06,US,quantile,0.6,2618
2025-11-22,wk inc flu hosp,2,2025-12-06,US,quantile,0.65,2736
2025-11-22,wk inc flu hosp,2,2025-12-06,US,quantile,0.7,2894
2025-11-22,wk inc flu hosp,2,2025-12-06,US,quantile,0.75,3073
2025-11-22,wk inc flu hosp,2,2025-12-06,US,quantile,0.8,3312
2025-11-22,wk inc flu hosp,2,2025-12-06,US,quantile,0.85,3662
2025-11-22,wk inc flu hosp,2,2025-12-06,US,quantile,0.9,4306
2025-11-22,wk inc flu hosp,2,2025-12-06,US,quantile,0.95,5521
2025-11-22,wk inc flu hosp,2,2025-12-06,US,quantile,0.975,5748
2025-11-22,wk inc flu hosp,2,2025-12-06,US,quantile,0.99,5748
2025-11-22,wk inc flu hosp,3,2025-12-13,US,quantile,0.01,1227
2025-11-22,wk inc flu hosp,3,2025-12-13,US,quantile,0.025,1446
2025-11-22,wk inc flu hosp,3,2025-12-13,US,quantile,0.05,1643
2025-11-22,wk inc flu hosp,3,2025-12-13,US,quantile,0.1,1904
2025-11-22,wk inc flu hosp,3,2025-12-13,US,quantile,0.15,2037
2025-11-22,wk inc flu hosp,3,2025-12-13,US,quantile,0.2,2107
2025-11-22,wk inc flu hosp,3,2025-12-13,US,quantile,0.25,2138
2025-11-22,wk inc flu hosp,3,2025-12-13,US,quantile,0.3,2288
2025-11-22,wk inc flu hosp,3,2025-12-13,US,quantile,0.35,2399
2025-11-22,wk inc flu hosp,3,2025-12-13,US,quantile,0.4,2510
2025-11-22,wk inc flu hosp,3,2025-12-13,US,quantile,0.45,2633
2025-11-22,wk inc flu hosp,3,2025-12-13,US,quantile,0.5,2741
2025-11-22,wk inc flu hosp,3,2025-12-13,US,quantile,0.55,2851
2025-11-22,wk inc flu hosp,3,2025-12-13,US,quantile,0.6,2984
2025-11-22,wk inc flu hosp,3,2025-12-13,US,quantile,0.65,3153
2025-11-22,wk inc flu hosp,3,2025-12-13,US,quantile,0.7,3335
2025-11-22,wk inc flu hosp,3,2025-12-13,US,quantile,0.75,3590
2025-11-22,wk inc flu hosp,3,2025-12-13,US,quantile,0.8,3930
2025-11-22,wk inc flu hosp,3,2025-12-13,US,quantile,0.85,4491
2025-11-22,wk inc flu hosp,3,2025-12-13,US,quantile,0.9,5302
2025-11-22,wk inc flu hosp,3,2025-12-13,US,quantile,0.95,6603
2025-11-22,wk inc flu hosp,3,2025-12-13,US,quantile,0.975,6603
2025-11-22,wk inc flu hosp,3,2025-12-13,US,quantile,0.99,6603
2025-11-22,wk inc flu hosp,0,2025-11-22,49,quantile,0.01,1
2025-11-22,wk inc flu hosp,0,2025-11-22,49,quantile,0.025,1
2025-11-22,wk inc flu hosp,0,2025-11-22,49,quantile,0.05,2
2025-11-22,wk inc flu hosp,0,2025-11-22,49,quantile,0.1,2
2025-11-22,wk inc flu hosp,0,2025-11-22,49,quantile,0.15,3
2025-11-22,wk inc flu hosp,0,2025-11-22,49,quantile,0.2,4
2025-11-22,wk inc flu hosp,0,2025-11-22,49,quantile,0.25,4
2025-11-22,wk inc flu hosp,0,2025-11-22,49,quantile,0.3,4
2025-11-22,wk inc flu hosp,0,2025-11-22,49,quantile,0.35,5
2025-11-22,wk inc flu hosp,0,2025-11-22,49,quantile,0.4,5
2025-11-22,wk inc flu hosp,0,2025-11-22,49,quantile,0.45,6
2025-11-22,wk inc flu hosp,0,2025-11-22,49,quantile,0.5,7
2025-11-22,wk inc flu hosp,0,2025-11-22,49,quantile,0.55,7
2025-11-22,wk inc flu hosp,0,2025-11-22,49,quantile,0.6,8
2025-11-22,wk inc flu hosp,0,2025-11-22,49,quantile,0.65,8
2025-11-22,wk inc flu hosp,0,2025-11-22,49,quantile,0.7,9
2025-11-22,wk inc flu hosp,0,2025-11-22,49,quantile,0.75,10
2025-11-22,wk inc flu hosp,0,2025-11-22,49,quantile,0.8,11
2025-11-22,wk inc flu hosp,0,2025-11-22,49,quantile,0.85,13
2025-11-22,wk inc flu hosp,0,2025-11-22,49,quantile,0.9,15
2025-11-22,wk inc flu hosp,0,2025-11-22,49,quantile,0.95,19
2025-11-22,wk inc flu hosp,0,2025-11-22,49,quantile,0.975,23
2025-11-22,wk inc flu hosp,0,2025-11-22,49,quantile,0.99,30
2025-11-22,wk inc flu hosp,1,2025-11-29,49,quantile,0.01,1
2025-11-22,wk inc flu hosp,1,2025-11-29,49,quantile,0.025,1
2025-11-22,wk inc flu hosp,1,2025-11-29,49,quantile,0.05,1
2025-11-22,wk inc flu hosp,1,2025-11-29,49,quantile,0.1,2
2025-11-22,wk inc flu hosp,1,2025-11-29,49,quantile,0.15,3
2025-11-22,wk inc flu hosp,1,2025-11-29,49,quantile,0.2,3
2025-11-22,wk inc flu hosp,1,2025-11-29,49,quantile,0.25,4
2025-11-22,wk inc flu hosp,1,2025-11-29,49,quantile,0.3,4
2025-11-22,wk inc flu hosp,1,2025-11-29,49,quantile,0.35,4
2025-11-22,wk inc flu hosp,1,2025-11-29,49,quantile,0.4,5
2025-11-22,wk inc flu hosp,1,2025-11-29,49,quantile,0.45,5
2025-11-22,wk inc flu hosp,1,2025-11-29,49,quantile,0.5,6
2025-11-22,wk inc flu hosp,1,2025-11-29,49,quantile,0.55,7
2025-11-22,wk inc flu hosp,1,2025-11-29,49,quantile,0.6,7
2025-11-22,wk inc flu hosp,1,2025-11-29,49,quantile,0.65,8
2025-11-22,wk inc flu hosp,1,2025-11-29,49,quantile,0.7,9
2025-11-22,wk inc flu hosp,1,2025-11-29,49,quantile,0.75,10
2025-11-22,wk inc flu hosp,1,2025-11-29,49,quantile,0.8,12
2025-11-22,wk inc flu hosp,1,2025-11-29,49,quantile,0.85,15
2025-11-22,wk inc flu hosp,1,2025-11-29,49,quantile,0.9,19
2025-11-22,wk inc flu hosp,1,2025-11-29,49,quantile,0.95,27
2025-11-22,wk inc flu hosp,1,2025-11-29,49,quantile,0.975,33
2025-11-22,wk inc flu hosp,1,2025-11-29,49,quantile,0.99,33
2025-11-22,wk inc flu hosp,2,2025-12-06,49,quantile,0.01,1
2025-11-22,wk inc flu hosp,2,2025-12-06,49,quantile,0.025,1
2025-11-22,wk inc flu hosp,2,2025-12-06,49,quantile,0.05,2
2025-11-22,wk inc flu hosp,2,2025-12-06,49,quantile,0.1,3
2025-11-22,wk inc flu hosp,2,2025-12-06,49,quantile,0.15,3
2025-11-22,wk inc flu hosp,2,2025-12-06,49,quantile,0.2,4
2025-11-22,wk inc flu hosp,2,2025-12-06,49,quantile,0.25,4
2025-11-22,wk inc flu hosp,2,2025-12-06,49,quantile,0.3,5
2025-11-22,wk inc flu hosp,2,2025-12-06,49,quantile,0.35,5
2025-11-22,wk inc flu hosp,2,2025-12-06,49,quantile,0.4,6
2025-11-22,wk inc flu hosp,2,2025-12-06,49,quantile,0.45,6
2025-11-22,wk inc flu hosp,2,2025-12-06,49,quantile,0.5,7
2025-11-22,wk inc flu hosp,2,2025-12-06,49,quantile,0.55,8
2025-11-22,wk inc flu hosp,2,2025-12-06,49,quantile,0.6,9
2025-11-22,wk inc flu hosp,2,2025-12-06,49,quantile,0.65,10
2025-11-22,wk inc flu hosp,2,2025-12-06,49,quantile,0.7,11
2025-11-22,wk inc flu hosp,2,2025-12-06,49,quantile,0.75,13
2025-11-22,wk inc flu hosp,2,2025-12-06,49,quantile,0.8,15
2025-11-22,wk inc flu hosp,2,2025-12-06,49,quantile,0.85,18
2025-11-22,wk inc flu hosp,2,2025-12-06,49,quantile,0.9,24
2025-11-22,wk inc flu hosp,2,2025-12-06,49,quantile,0.95,36
2025-11-22,wk inc flu hosp,2,2025-12-06,49,quantile,0.975,38
2025-11-22,wk inc flu hosp,2,2025-12-06,49,quantile,0.99,38
2025-11-22,wk inc flu hosp,3,2025-12-13,49,quantile,0.01,1
2025-11-22,wk inc flu hosp,3,2025-12-13,49,quantile,0.025,2
2025-11-22,wk inc flu hosp,3,2025-12-13,49,quantile,0.05,2
2025-11-22,wk inc flu hosp,3,2025-12-13,49,quantile,0.1,3
2025-11-22,wk inc flu hosp,3,2025-12-13,49,quantile,0.15,4
2025-11-22,wk inc flu hosp,3,2025-12-13,49,quantile,0.2,4
2025-11-22,wk inc flu hosp,3,2025-12-13,49,quantile,0.25,5
2025-11-22,wk inc flu hosp,3,2025-12-13,49,quantile,0.3,5
2025-11-22,wk inc flu hosp,3,2025-12-13,49,quantile,0.35,6
2025-11-22,wk inc flu hosp,3,2025-12-13,49,quantile,0.4,7
2025-11-22,wk inc flu hosp,3,2025-12-13,49,quantile,0.45,8
2025-11-22,wk inc flu hosp,3,2025-12-13,49,quantile,0.5,9
2025-11-22,wk inc flu hosp,3,2025-12-13,49,quantile,0.55,10
2025-11-22,wk inc flu hosp,3,2025-12-13,49,quantile,0.6,11
2025-11-22,wk inc flu hosp,3,2025-12-13,49,quantile,0.65,12
2025-11-22,wk inc flu hosp,3,2025-12-13,49,quantile,0.7,14
2025-11-22,wk inc flu hosp,3,2025-12-13,49,quantile,0.75,16
2025-11-22,wk inc flu hosp,3,2025-12-13,49,quantile,0.8,20
2025-11-22,wk inc flu hosp,3,2025-12-13,49,quantile,0.85,26
2025-11-22,wk inc flu hosp,3,2025-12-13,49,quantile,0.9,35
2025-11-22,wk inc flu hosp,3,2025-12-13,49,quantile,0.95,49
2025-11-22,wk inc flu hosp,3,2025-12-13,49,quantile,0.975,49
2025-11-22,wk inc flu hosp,3,2025-12-13,49,quantile,0.99,49
2025-11-22,wk inc flu hosp,0,2025-11-22,50,quantile,0.01,0
2025-11-22,wk inc flu hosp,0,2025-11-22,50,quantile,0.025,0
2025-11-22,wk inc flu hosp,0,2025-11-22,50,quantile,0.05,0
2025-11-22,wk inc flu hosp,0,2025-11-22,50,quantile,0.1,0
2025-11-22,wk inc flu hosp,0,2025-11-22,50,quantile,0.15,1
2025-11-22,wk inc flu hosp,0,2025-11-22,50,quantile,0.2,1
2025-11-22,wk inc flu hosp,0,2025-11-22,50,quantile,0.25,1
2025-11-22,wk inc flu hosp,0,2025-11-22,50,quantile,0.3,1
2025-11-22,wk inc flu hosp,0,2025-11-22,50,quantile,0.35,1
2025-11-22,wk inc flu hosp,0,2025-11-22,50,quantile,0.4,2
2025-11-22,wk inc flu hosp,0,2025-11-22,50,quantile,0.45,2
2025-11-22,wk inc flu hosp,0,2025-11-22,50,quantile,0.5,2
2025-11-22,wk inc flu hosp,0,2025-11-22,50,quantile,0.55,2
2025-11-22,wk inc flu hosp,0,2025-11-22,50,quantile,0.6,2
2025-11-22,wk inc flu hosp,0,2025-11-22,50,quantile,0.65,3
2025-11-22,wk inc flu hosp,0,2025-11-22,50,quantile,0.7,3
2025-11-22,wk inc flu hosp,0,2025-11-22,50,quantile,0.75,3
2025-11-22,wk inc flu hosp,0,2025-11-22,50,quantile,0.8,4
2025-11-22,wk inc flu hosp,0,2025-11-22,50,quantile,0.85,4
2025-11-22,wk inc flu hosp,0,2025-11-22,50,quantile,0.9,5
2025-11-22,wk inc flu hosp,0,2025-11-22,50,quantile,0.95,7
2025-11-22,wk inc flu hosp,0,2025-11-22,50,quantile,0.975,9
2025-11-22,wk inc flu hosp,0,2025-11-22,50,quantile,0.99,12
2025-11-22,wk inc flu hosp,1,2025-11-29,50,quantile,0.01,0
2025-11-22,wk inc flu hosp,1,2025-11-29,50,quantile,0.025,0
2025-11-22,wk inc flu hosp,1,2025-11-29,50,quantile,0.05,0
2025-11-22,wk inc flu hosp,1,2025-11-29,50,quantile,0.1,0
2025-11-22,wk inc flu hosp,1,2025-11-29,50,quantile,0.15,1
2025-11-22,wk inc flu hosp,1,2025-11-29,50,quantile,0.2,1
2025-11-22,wk inc flu hosp,1,2025-11-29,50,quantile,0.25,1
2025-11-22,wk inc flu hosp,1,2025-11-29,50,quantile,0.3,1
2025-11-22,wk inc flu hosp,1,2025-11-29,50,quantile,0.35,1
2025-11-22,wk inc flu hosp,1,2025-11-29,50,quantile,0.4,1
2025-11-22,wk inc flu hosp,1,2025-11-29,50,quantile,0.45,2
2025-11-22,wk inc flu hosp,1,2025-11-29,50,quantile,0.5,2
2025-11-22,wk inc flu hosp,1,2025-11-29,50,quantile,0.55,2
2025-11-22,wk inc flu hosp,1,2025-11-29,50,quantile,0.6,2
2025-11-22,wk inc flu hosp,1,2025-11-29,50,quantile,0.65,3
2025-11-22,wk inc flu hosp,1,2025-11-29,50,quantile,0.7,3
2025-11-22,wk inc flu hosp,1,2025-11-29,50,quantile,0.75,4
2025-11-22,wk inc flu hosp,1,2025-11-29,50,quantile,0.8,4
2025-11-22,wk inc flu hosp,1,2025-11-29,50,quantile,0.85,5
2025-11-22,wk inc flu hosp,1,2025-11-29,50,quantile,0.9,7
2025-11-22,wk inc flu hosp,1,2025-11-29,50,quantile,0.95,11
2025-11-22,wk inc flu hosp,1,2025-11-29,50,quantile,0.975,13
2025-11-22,wk inc flu hosp,1,2025-11-29,50,quantile,0.99,13
2025-11-22,wk inc flu hosp,2,2025-12-06,50,quantile,0.01,0
2025-11-22,wk inc flu hosp,2,2025-12-06,50,quantile,0.025,0
2025-11-22,wk inc flu hosp,2,2025-12-06,50,quantile,0.05,0
2025-11-22,wk inc flu hosp,2,2025-12-06,50,quantile,0.1,0
2025-11-22,wk inc flu hosp,2,2025-12-06,50,quantile,0.15,1
2025-11-22,wk inc flu hosp,2,2025-12-06,50,quantile,0.2,1
2025-11-22,wk inc flu hosp,2,2025-12-06,50,quantile,0.25,1
2025-11-22,wk inc flu hosp,2,2025-12-06,50,quantile,0.3,1
2025-11-22,wk inc flu hosp,2,2025-12-06,50,quantile,0.35,1
2025-11-22,wk inc flu hosp,2,2025-12-06,50,quantile,0.4,2
2025-11-22,wk inc flu hosp,2,2025-12-06,50,quantile,0.45,2
2025-11-22,wk inc flu hosp,2,2025-12-06,50,quantile,0.5,2
2025-11-22,wk inc flu hosp,2,2025-12-06,50,quantile,0.55,2
2025-11-22,wk inc flu hosp,2,2025-12-06,50,quantile,0.6,3
2025-11-22,wk inc flu hosp,2,2025-12-06,50,quantile,0.65,3
2025-11-22,wk inc flu hosp,2,2025-12-06,50,quantile,0.7,4
2025-11-22,wk inc flu hosp,2,2025-12-06,50,quantile,0.75,4
2025-11-22,wk inc flu hosp,2,2025-12-06,50,quantile,0.8,5
2025-11-22,wk inc flu hosp,2,2025-12-06,50,quantile,0.85,7
2025-11-22,wk inc flu hosp,2,2025-12-06,50,quantile,0.9,9
2025-11-22,wk inc flu hosp,2,2025-12-06,50,quantile,0.95,15
2025-11-22,wk inc flu hosp,2,2025-12-06,50,quantile,0.975,16
2025-11-22,wk inc flu hosp,2,2025-12-06,50,quantile,0.99,16
2025-11-22,wk inc flu hosp,3,2025-12-13,50,quantile,0.01,0
2025-11-22,wk inc flu hosp,3,2025-12-13,50,quantile,0.025,0
2025-11-22,wk inc flu hosp,3,2025-12-13,50,quantile,0.05,0
2025-11-22,wk inc flu hosp,3,2025-12-13,50,quantile,0.1,0
2025-11-22,wk inc flu hosp,3,2025-12-13,50,quantile,0.15,1
2025-11-22,wk inc flu hosp,3,2025-12-13,50,quantile,0.2,1
2025-11-22,wk inc flu hosp,3,2025-12-13,50,quantile,0.25,1
2025-11-22,wk inc flu hosp,3,2025-12-13,50,quantile,0.3,1
2025-11-22,wk inc flu hosp,3,2025-12-13,50,quantile,0.35,2
2025-11-22,wk inc flu hosp,3,2025-12-13,50,quantile,0.4,2
2025-11-22,wk inc flu hosp,3,2025-12-13,50,quantile,0.45,2
2025-11-22,wk inc flu hosp,3,2025-12-13,50,quantile,0.5,3
2025-11-22,wk inc flu hosp,3,2025-12-13,50,quantile,0.55,3
2025-11-22,wk inc flu hosp,3,2025-12-13,50,quantile,0.6,3
2025-11-22,wk inc flu hosp,3,2025-12-13,50,quantile,0.65,4
2025-11-22,wk inc flu hosp,3,2025-12-13,50,quantile,0.7,5
2025-11-22,wk inc flu hosp,3,2025-12-13,50,quantile,0.75,6
2025-11-22,wk inc flu hosp,3,2025-12-13,50,quantile,0.8,7
2025-11-22,wk inc flu hosp,3,2025-12-13,50,quantile,0.85,10
2025-11-22,wk inc flu hosp,3,2025-12-13,50,quantile,0.9,14
2025-11-22,wk inc flu hosp,3,2025-12-13,50,quantile,0.95,20
2025-11-22,wk inc flu hosp,3,2025-12-13,50,quantile,0.975,20
2025-11-22,wk inc flu hosp,3,2025-12-13,50,quantile,0.99,20
2025-11-22,wk inc flu hosp,0,2025-11-22,51,quantile,0.01,19
2025-11-22,wk inc flu hosp,0,2025-11-22,51,quantile,0.025,19
2025-11-22,wk inc flu hosp,0,2025-11-22,51,quantile,0.05,21
2025-11-22,wk inc flu hosp,0,2025-11-22,51,quantile,0.1,23
2025-11-22,wk inc flu hosp,0,2025-11-22,51,quantile,0.15,26
2025-11-22,wk inc flu hosp,0,2025-11-22,51,quantile,0.2,27
2025-11-22,wk inc flu hosp,0,2025-11-22,51,quantile,0.25,27
2025-11-22,wk inc flu hosp,0,2025-11-22,51,quantile,0.3,28
2025-11-22,wk inc flu hosp,0,2025-11-22,51,quantile,0.35,29
2025-11-22,wk inc flu hosp,0,2025-11-22,51,quantile,0.4,30
2025-11-22,wk inc flu hosp,0,2025-11-22,51,quantile,0.45,31
2025-11-22,wk inc flu hosp,0,2025-11-22,51,quantile,0.5,32
2025-11-22,wk inc flu hosp,0,2025-11-22,51,quantile,0.55,33
2025-11-22,wk inc flu hosp,0,2025-11-22,51,quantile,0.6,34
2025-11-22,wk inc flu hosp,0,2025-11-22,51,quantile,0.65,35
2025-11-22,wk inc flu hosp,0,2025-11-22,51,quantile,0.7,36
2025-11-22,wk inc flu hosp,0,2025-11-22,51,quantile,0.75,37
2025-11-22,wk inc flu hosp,0,2025-11-22,51,quantile,0.8,39
2025-11-22,wk inc flu hosp,0,2025-11-22,51,quantile,0.85,41
2025-11-22,wk inc flu hosp,0,2025-11-22,51,quantile,0.9,44
2025-11-22,wk inc flu hosp,0,2025-11-22,51,quantile,0.95,48
2025-11-22,wk inc flu hosp,0,2025-11-22,51,quantile,0.975,53
2025-11-22,wk inc flu hosp,0,2025-11-22,51,quantile,0.99,59
2025-11-22,wk inc flu hosp,1,2025-11-29,51,quantile,0.01,16
2025-11-22,wk inc flu hosp,1,2025-11-29,51,quantile,0.025,18
2025-11-22,wk inc flu hosp,1,2025-11-29,51,quantile,0.05,20
2025-11-22,wk inc flu hosp,1,2025-11-29,51,quantile,0.1,22
2025-11-22,wk inc flu hosp,1,2025-11-29,51,quantile,0.15,24
2025-11-22,wk inc flu hosp,1,2025-11-29,51,quantile,0.2,25
2025-11-22,wk inc flu hosp,1,2025-11-29,51,quantile,0.25,27
2025-11-22,wk inc flu hosp,1,2025-11-29,51,quantile,0.3,28
2025-11-22,wk inc flu hosp,1,2025-11-29,51,quantile,0.35,28
2025-11-22,wk inc flu hosp,1,2025-11-29,51,quantile,0.4,29
2025-11-22,wk inc flu hosp,1,2025-11-29,51,quantile,0.45,30
2025-11-22,wk inc flu hosp,1,2025-11-29,51,quantile,0.5,32
2025-11-22,wk inc flu hosp,1,2025-11-29,51,quantile,0.55,33
2025-11-22,wk inc flu hosp,1,2025-11-29,51,quantile,0.6,34
2025-11-22,wk inc flu hosp,1,2025-11-29,51,quantile,0.65,36
2025-11-22,wk inc flu hosp,1,2025-11-29,51,quantile,0.7,38
2025-11-22,wk inc flu hosp,1,2025-11-29,51,quantile,0.75,40
2025-11-22,wk inc flu hosp,1,2025-11-29,51,quantile,0.8,43
2025-11-22,wk inc flu hosp,1,2025-11-29,51,quantile,0.85,47
2025-11-22,wk inc flu hosp,1,2025-11-29,51,quantile,0.9,54
2025-11-22,wk inc flu hosp,1,2025-11-29,51,quantile,0.95,64
2025-11-22,wk inc flu hosp,1,2025-11-29,51,quantile,0.975,75
2025-11-22,wk inc flu hosp,1,2025-11-29,51,quantile,0.99,75
2025-11-22,wk inc flu hosp,2,2025-12-06,51,quantile,0.01,13
2025-11-22,wk inc flu hosp,2,2025-12-06,51,quantile,0.025,16
2025-11-22,wk inc flu hosp,2,2025-12-06,51,quantile,0.05,19
2025-11-22,wk inc flu hosp,2,2025-12-06,51,quantile,0.1,21
2025-11-22,wk inc flu hosp,2,2025-12-06,51,quantile,0.15,23
2025-11-22,wk inc flu hosp,2,2025-12-06,51,quantile,0.2,25
2025-11-22,wk inc flu hosp,2,2025-12-06,51,quantile,0.25,27
2025-11-22,wk inc flu hosp,2,2025-12-06,51,quantile,0.3,27
2025-11-22,wk inc flu hosp,2,2025-12-06,51,quantile,0.35,29
2025-11-22,wk inc flu hosp,2,2025-12-06,51,quantile,0.4,30
2025-11-22,wk inc flu hosp,2,2025-12-06,51,quantile,0.45,32
2025-11-22,wk inc flu hosp,2,2025-12-06,51,quantile,0.5,33
2025-11-22,wk inc flu hosp,2,2025-12-06,51,quantile,0.55,35
2025-11-22,wk inc flu hosp,2,2025-12-06,51,quantile,0.6,37
2025-11-22,wk inc flu hosp,2,2025-12-06,51,quantile,0.65,39
2025-11-22,wk inc flu hosp,2,2025-12-06,51,quantile,0.7,42
2025-11-22,wk inc flu hosp,2,2025-12-06,51,quantile,0.75,45
2025-11-22,wk inc flu hosp,2,2025-12-06,51,quantile,0.8,49
2025-11-22,wk inc flu hosp,2,2025-12-06,51,quantile,0.85,56
2025-11-22,wk inc flu hosp,2,2025-12-06,51,quantile,0.9,67
2025-11-22,wk inc flu hosp,2,2025-12-06,51,quantile,0.95,88
2025-11-22,wk inc flu hosp,2,2025-12-06,51,quantile,0.975,92
2025-11-22,wk inc flu hosp,2,2025-12-06,51,quantile,0.99,92
2025-11-22,wk inc flu hosp,3,2025-12-13,51,quantile,0.01,14
2025-11-22,wk inc flu hosp,3,2025-12-13,51,quantile,0.025,17
2025-11-22,wk inc flu hosp,3,2025-12-13,51,quantile,0.05,20
2025-11-22,wk inc flu hosp,3,2025-12-13,51,quantile,0.1,24
2025-11-22,wk inc flu hosp,3,2025-12-13,51,quantile,0.15,26
2025-11-22,wk inc flu hosp,3,2025-12-13,51,quantile,0.2,27
2025-11-22,wk inc flu hosp,3,2025-12-13,51,quantile,0.25,27
2025-11-22,wk inc flu hosp,3,2025-12-13,51,quantile,0.3,30
2025-11-22,wk inc flu hosp,3,2025-12-13,51,quantile,0.35,32
2025-11-22,wk inc flu hosp,3,2025-12-13,51,quantile,0.4,34
2025-11-22,wk inc flu hosp,3,2025-12-13,51,quantile,0.45,36
2025-11-22,wk inc flu hosp,3,2025-12-13,51,quantile,0.5,38
2025-11-22,wk inc flu hosp,3,2025-12-13,51,quantile,0.55,40
2025-11-22,wk inc flu hosp,3,2025-12-13,51,quantile,0.6,43
2025-11-22,wk inc flu hosp,3,2025-12-13,51,quantile,0.65,46
2025-11-22,wk inc flu hosp,3,2025-12-13,51,quantile,0.7,50
2025-11-22,wk inc flu hosp,3,2025-12-13,51,quantile,0.75,55
2025-11-22,wk inc flu hosp,3,2025-12-13,51,quantile,0.8,61
2025-11-22,wk inc flu hosp,3,2025-12-13,51,quantile,0.85,72
2025-11-22,wk inc flu hosp,3,2025-12-13,51,quantile,0.9,88
2025-11-22,wk inc flu hosp,3,2025-12-13,51,quantile,0.95,113
2025-11-22,wk inc flu hosp,3,2025-12-13,51,quantile,0.975,113
2025-11-22,wk inc flu hosp,3,2025-12-13,51,quantile,0.99,113
2025-11-22,wk inc flu hosp,0,2025-11-22,53,quantile,0.01,7
2025-11-22,wk inc flu hosp,0,2025-11-22,53,quantile,0.025,7
2025-11-22,wk inc flu hosp,0,2025-11-22,53,quantile,0.05,9
2025-11-22,wk inc flu hosp,0,2025-11-22,53,quantile,0.1,10
2025-11-22,wk inc flu hosp,0,2025-11-22,53,quantile,0.15,12
2025-11-22,wk inc flu hosp,0,2025-11-22,53,quantile,0.2,13
2025-11-22,wk inc flu hosp,0,2025-11-22,53,quantile,0.25,13
2025-11-22,wk inc flu hosp,0,2025-11-22,53,quantile,0.3,15
2025-11-22,wk inc flu hosp,0,2025-11-22,53,quantile,0.35,16
2025-11-22,wk inc flu hosp,0,2025-11-22,53,quantile,0.4,17
2025-11-22,wk inc flu hosp,0,2025-11-22,53,quantile,0.45,18
2025-11-22,wk inc flu hosp,0,2025-11-22,53,quantile,0.5,19
2025-11-22,wk inc flu hosp,0,2025-11-22,53,quantile,0.55,20
2025-11-22,wk inc flu hosp,0,2025-11-22,53,quantile,0.6,21
2025-11-22,wk inc flu hosp,0,2025-11-22,53,quantile,0.65,22
2025-11-22,wk inc flu hosp,0,2025-11-22,53,quantile,0.7,23
2025-11-22,wk inc flu hosp,0,2025-11-22,53,quantile,0.75,25
2025-11-22,wk inc flu hosp,0,2025-11-22,53,quantile,0.8,27
2025-11-22,wk inc flu hosp,0,2025-11-22,53,quantile,0.85,29
2025-11-22,wk inc flu hosp,0,2025-11-22,53,quantile,0.9,33
2025-11-22,wk inc flu hosp,0,2025-11-22,53,quantile,0.95,39
2025-11-22,wk inc flu hosp,0,2025-11-22,53,quantile,0.975,45
2025-11-22,wk inc flu hosp,0,2025-11-22,53,quantile,0.99,54
2025-11-22,wk inc flu hosp,1,2025-11-29,53,quantile,0.01,7
2025-11-22,wk inc flu hosp,1,2025-11-29,53,quantile,0.025,8
2025-11-22,wk inc flu hosp,1,2025-11-29,53,quantile,0.05,9
2025-11-22,wk inc flu hosp,1,2025-11-29,53,quantile,0.1,11
2025-11-22,wk inc flu hosp,1,2025-11-29,53,quantile,0.15,12
2025-11-22,wk inc flu hosp,1,2025-11-29,53,quantile,0.2,13
2025-11-22,wk inc flu hosp,1,2025-11-29,53,quantile,0.25,15
2025-11-22,wk inc flu hosp,1,2025-11-29,53,quantile,0.3,16
2025-11-22,wk inc flu hosp,1,2025-11-29,53,quantile,0.35,16
2025-11-22,wk inc flu hosp,1,2025-11-29,53,quantile,0.4,17
2025-11-22,wk inc flu hosp,1,2025-11-29,53,quantile,0.45,18
2025-11-22,wk inc flu hosp,1,2025-11-29,53,quantile,0.5,19
2025-11-22,wk inc flu hosp,1,2025-11-29,53,quantile,0.55,20
2025-11-22,wk inc flu hosp,1,2025-11-29,53,quantile,0.6,21
2025-11-22,wk inc flu hosp,1,2025-11-29,53,quantile,0.65,23
2025-11-22,wk inc flu hosp,1,2025-11-29,53,quantile,0.7,25
2025-11-22,wk inc flu hosp,1,2025-11-29,53,quantile,0.75,27
2025-11-22,wk inc flu hosp,1,2025-11-29,53,quantile,0.8,30
2025-11-22,wk inc flu hosp,1,2025-11-29,53,quantile,0.85,34
2025-11-22,wk inc flu hosp,1,2025-11-29,53,quantile,0.9,41
2025-11-22,wk inc flu hosp,1,2025-11-29,53,quantile,0.95,53
2025-11-22,wk inc flu hosp,1,2025-11-29,53,quantile,0.975,64
2025-11-22,wk inc flu hosp,1,2025-11-29,53,quantile,0.99,65
2025-11-22,wk inc flu hosp,2,2025-12-06,53,quantile,0.01,5
2025-11-22,wk inc flu hosp,2,2025-12-06,53,quantile,0.025,7
2025-11-22,wk inc flu hosp,2,2025-12-06,53,quantile,0.05,9
2025-11-22,wk inc flu hosp,2,2025-12-06,53,quantile,0.1,11
2025-11-22,wk inc flu hosp,2,2025-12-06,53,quantile,0.15,12
2025-11-22,wk inc flu hosp,2,2025-12-06,53,quantile,0.2,14
2025-11-22,wk inc flu hosp,2,2025-12-06,53,quantile,0.25,15
2025-11-22,wk inc flu hosp,2,2025-12-06,53,quantile,0.3,15
2025-11-22,wk inc flu hosp,2,2025-12-06,53,quantile,0.35,16
2025-11-22,wk inc flu hosp,2,2025-12-06,53,quantile,0.4,17
2025-11-22,wk inc flu hosp,2,2025-12-06,53,quantile,0.45,19
2025-11-22,wk inc flu hosp,2,2025-12-06,53,quantile,0.5,20
2025-11-22,wk inc flu hosp,2,2025-12-06,53,quantile,0.55,22
2025-11-22,wk inc flu hosp,2,2025-12-06,53,quantile,0.6,23
2025-11-22,wk inc flu hosp,2,2025-12-06,53,quantile,0.65,25
2025-11-22,wk inc flu hosp,2,2025-12-06,53,quantile,0.7,28
2025-11-22,wk inc flu hosp,2,2025-12-06,53,quantile,0.75,31
2025-11-22,wk inc flu hosp,2,2025-12-06,53,quantile,0.8,35
2025-11-22,wk inc flu hosp,2,2025-12-06,53,quantile,0.85,42
2025-11-22,wk inc flu hosp,2,2025-12-06,53,quantile,0.9,53
2025-11-22,wk inc flu hosp,2,2025-12-06,53,quantile,0.95,74
2025-11-22,wk inc flu hosp,2,2025-12-06,53,quantile,0.975,78
2025-11-22,wk inc flu hosp,2,2025-12-06,53,quantile,0.99,78
2025-11-22,wk inc flu hosp,3,2025-12-13,53,quantile,0.01,5
2025-11-22,wk inc flu hosp,3,2025-12-13,53,quantile,0.025,7
2025-11-22,wk inc flu hosp,3,2025-12-13,53,quantile,0.05,9
2025-11-22,wk inc flu hosp,3,2025-12-13,53,quantile,0.1,12
2025-11-22,wk inc flu hosp,3,2025-12-13,53,quantile,0.15,14
2025-11-22,wk inc flu hosp,3,2025-12-13,53,quantile,0.2,14
2025-11-22,wk inc flu hosp,3,2025-12-13,53,quantile,0.25,15
2025-11-22,wk inc flu hosp,3,2025-12-13,53,quantile,0.3,17
2025-11-22,wk inc flu hosp,3,2025-12-13,53,quantile,0.35,19
2025-11-22,wk inc flu hosp,3,2025-12-13,53,quantile,0.4,20
2025-11-22,wk inc flu hosp,3,2025-12-13,53,quantile,0.45,22
2025-11-22,wk inc flu hosp,3,2025-12-13,53,quantile,0.5,24
2025-11-22,wk inc flu hosp,3,2025-12-13,53,quantile,0.55,26
2025-11-22,wk inc flu hosp,3,2025-12-13,53,quantile,0.6,28
2025-11-22,wk inc flu hosp,3,2025-12-13,53,quantile,0.65,31
2025-11-22,wk inc flu hosp,3,2025-12-13,53,quantile,0.7,34
2025-11-22,wk inc flu hosp,3,2025-12-13,53,quantile,0.75,39
2025-11-22,wk inc flu hosp,3,2025-12-13,53,quantile,0.8,46
2025-11-22,wk inc flu hosp,3,2025-12-13,53,quantile,0.85,57
2025-11-22,wk inc flu hosp,3,2025-12-13,53,quantile,0.9,75
2025-11-22,wk inc flu hosp,3,2025-12-13,53,quantile,0.95,102
2025-11-22,wk inc flu hosp,3,2025-12-13,53,quantile,0.975,102
2025-11-22,wk inc flu hosp,3,2025-12-13,53,quantile,0.99,102
2025-11-22,wk inc flu hosp,0,2025-11-22,54,quantile,0.01,0
2025-11-22,wk inc flu hosp,0,2025-11-22,54,quantile,0.025,0
2025-11-22,wk inc flu hosp,0,2025-11-22,54,quantile,0.05,0
2025-11-22,wk inc flu hosp,0,2025-11-22,54,quantile,0.1,0
2025-11-22,wk inc flu hosp,0,2025-11-22,54,quantile,0.15,0
2025-11-22,wk inc flu hosp,0,2025-11-22,54,quantile,0.2,0
2025-11-22,wk inc flu hosp,0,2025-11-22,54,quantile,0.25,0
2025-11-22,wk inc flu hosp,0,2025-11-22,54,quantile,0.3,1
2025-11-22,wk inc flu hosp,0,2025-11-22,54,quantile,0.35,1
2025-11-22,wk inc flu hosp,0,2025-11-22,54,quantile,0.4,1
2025-11-22,wk inc flu hosp,0,2025-11-22,54,quantile,0.45,1
2025-11-22,wk inc flu hosp,0,2025-11-22,54,quantile,0.5,2
2025-11-22,wk inc flu hosp,0,2025-11-22,54,quantile,0.55,2
2025-11-22,wk inc flu hosp,0,2025-11-22,54,quantile,0.6,2
2025-11-22,wk inc flu hosp,0,2025-11-22,54,quantile,0.65,2
2025-11-22,wk inc flu hosp,0,2025-11-22,54,quantile,0.7,3
2025-11-22,wk inc flu hosp,0,2025-11-22,54,quantile,0.75,3
2025-11-22,wk inc flu hosp,0,2025-11-22,54,quantile,0.8,4
2025-11-22,wk inc flu hosp,0,2025-11-22,54,quantile,0.85,4
2025-11-22,wk inc flu hosp,0,2025-11-22,54,quantile,0.9,5
2025-11-22,wk inc flu hosp,0,2025-11-22,54,quantile,0.95,7
2025-11-22,wk inc flu hosp,0,2025-11-22,54,quantile,0.975,9
2025-11-22,wk inc flu hosp,0,2025-11-22,54,quantile,0.99,12
2025-11-22,wk inc flu hosp,1,2025-11-29,54,quantile,0.01,0
2025-11-22,wk inc flu hosp,1,2025-11-29,54,quantile,0.025,0
2025-11-22,wk inc flu hosp,1,2025-11-29,54,quantile,0.05,0
2025-11-22,wk inc flu hosp,1,2025-11-29,54,quantile,0.1,0
2025-11-22,wk inc flu hosp,1,2025-11-29,54,quantile,0.15,0
2025-11-22,wk inc flu hosp,1,2025-11-29,54,quantile,0.2,1
2025-11-22,wk inc flu hosp,1,2025-11-29,54,quantile,0.25,1
2025-11-22,wk inc flu hosp,1,2025-11-29,54,quantile,0.3,1
2025-11-22,wk inc flu hosp,1,2025-11-29,54,quantile,0.35,1
2025-11-22,wk inc flu hosp,1,2025-11-29,54,quantile,0.4,1
2025-11-22,wk inc flu hosp,1,2025-11-29,54,quantile,0.45,1
2025-11-22,wk inc flu hosp,1,2025-11-29,54,quantile,0.5,2
2025-11-22,wk inc flu hosp,1,2025-11-29,54,quantile,0.55,2
2025-11-22,wk inc flu hosp,1,2025-11-29,54,quantile,0.6,2
2025-11-22,wk inc flu hosp,1,2025-11-29,54,quantile,0.65,2
2025-11-22,wk inc flu hosp,1,2025-11-29,54,quantile,0.7,3
2025-11-22,wk inc flu hosp,1,2025-11-29,54,quantile,0.75,3
2025-11-22,wk inc flu hosp,1,2025-11-29,54,quantile,0.8,4
2025-11-22,wk inc flu hosp,1,2025-11-29,54,quantile,0.85,5
2025-11-22,wk inc flu hosp,1,2025-11-29,54,quantile,0.9,7
2025-11-22,wk inc flu hosp,1,2025-11-29,54,quantile,0.95,10
2025-11-22,wk inc flu hosp,1,2025-11-29,54,quantile,0.975,13
2025-11-22,wk inc flu hosp,1,2025-11-29,54,quantile,0.99,13
2025-11-22,wk inc flu hosp,2,2025-12-06,54,quantile,0.01,0
2025-11-22,wk inc flu hosp,2,2025-12-06,54,quantile,0.025,0
2025-11-22,wk inc flu hosp,2,2025-12-06,54,quantile,0.05,0
2025-11-22,wk inc flu hosp,2,2025-12-06,54,quantile,0.1,0
2025-11-22,wk inc flu hosp,2,2025-12-06,54,quantile,0.15,1
2025-11-22,wk inc flu hosp,2,2025-12-06,54,quantile,0.2,1
2025-11-22,wk inc flu hosp,2,2025-12-06,54,quantile,0.25,1
2025-11-22,wk inc flu hosp,2,2025-12-06,54,quantile,0.3,1
2025-11-22,wk inc flu hosp,2,2025-12-06,54,quantile,0.35,1
2025-11-22,wk inc flu hosp,2,2025-12-06,54,quantile,0.4,1
2025-11-22,wk inc flu hosp,2,2025-12-06,54,quantile,0.45,2
2025-11-22,wk inc flu hosp,2,2025-12-06,54,quantile,0.5,2
2025-11-22,wk inc flu hosp,2,2025-12-06,54,quantile,0.55,2
2025-11-22,wk inc flu hosp,2,2025-12-06,54,quantile,0.6,3
2025-11-22,wk inc flu hosp,2,2025-12-06,54,quantile,0.65,3
2025-11-22,wk inc flu hosp,2,2025-12-06,54,quantile,0.7,4
2025-11-22,wk inc flu hosp,2,2025-12-06,54,quantile,0.75,4
2025-11-22,wk inc flu hosp,2,2025-12-06,54,quantile,0.8,5
2025-11-22,wk inc flu hosp,2,2025-12-06,54,quantile,0.85,7
2025-11-22,wk inc flu hosp,2,2025-12-06,54,quantile,0.9,9
2025-11-22,wk inc flu hosp,2,2025-12-06,54,quantile,0.95,15
2025-11-22,wk inc flu hosp,2,2025-12-06,54,quantile,0.975,15
2025-11-22,wk inc flu hosp,2,2025-12-06,54,quantile,0.99,15
2025-11-22,wk inc flu hosp,3,2025-12-13,54,quantile,0.01,0
2025-11-22,wk inc flu hosp,3,2025-12-13,54,quantile,0.025,0
2025-11-22,wk inc flu hosp,3,2025-12-13,54,quantile,0.05,0
2025-11-22,wk inc flu hosp,3,2025-12-13,54,quantile,0.1,0
2025-11-22,wk inc flu hosp,3,2025-12-13,54,quantile,0.15,0
2025-11-22,wk inc flu hosp,3,2025-12-13,54,quantile,0.2,1
2025-11-22,wk inc flu hosp,3,2025-12-13,54,quantile,0.25,1
2025-11-22,wk inc flu hosp,3,2025-12-13,54,quantile,0.3,1
2025-11-22,wk inc flu hosp,3,2025-12-13,54,quantile,0.35,1
2025-11-22,wk inc flu hosp,3,2025-12-13,54,quantile,0.4,2
2025-11-22,wk inc flu hosp,3,2025-12-13,54,quantile,0.45,2
2025-11-22,wk inc flu hosp,3,2025-12-13,54,quantile,0.5,2
2025-11-22,wk inc flu hosp,3,2025-12-13,54,quantile,0.55,3
2025-11-22,wk inc flu hosp,3,2025-12-13,54,quantile,0.6,3
2025-11-22,wk inc flu hosp,3,2025-12-13,54,quantile,0.65,4
2025-11-22,wk inc flu hosp,3,2025-12-13,54,quantile,0.7,5
2025-11-22,wk inc flu hosp,3,2025-12-13,54,quantile,0.75,6
2025-11-22,wk inc flu hosp,3,2025-12-13,54,quantile,0.8,7
2025-11-22,wk inc flu hosp,3,2025-12-13,54,quantile,0.85,10
2025-11-22,wk inc flu hosp,3,2025-12-13,54,quantile,0.9,14
2025-11-22,wk inc flu hosp,3,2025-12-13,54,quantile,0.95,21
2025-11-22,wk inc flu hosp,3,2025-12-13,54,quantile,0.975,21
2025-11-22,wk inc flu hosp,3,2025-12-13,54,quantile,0.99,21
2025-11-22,wk inc flu hosp,0,2025-11-22,55,quantile,0.01,2
2025-11-22,wk inc flu hosp,0,2025-11-22,55,quantile,0.025,2
2025-11-22,wk inc flu hosp,0,2025-11-22,55,quantile,0.05,3
2025-11-22,wk inc flu hosp,0,2025-11-22,55,quantile,0.1,3
2025-11-22,wk inc flu hosp,0,2025-11-22,55,quantile,0.15,4
2025-11-22,wk inc flu hosp,0,2025-11-22,55,quantile,0.2,5
2025-11-22,wk inc flu hosp,0,2025-11-22,55,quantile,0.25,5
2025-11-22,wk inc flu hosp,0,2025-11-22,55,quantile,0.3,6
2025-11-22,wk inc flu hosp,0,2025-11-22,55,quantile,0.35,7
2025-11-22,wk inc flu hosp,0,2025-11-22,55,quantile,0.4,7
2025-11-22,wk inc flu hosp,0,2025-11-22,55,quantile,0.45,8
2025-11-22,wk inc flu hosp,0,2025-11-22,55,quantile,0.5,8
2025-11-22,wk inc flu hosp,0,2025-11-22,55,quantile,0.55,9
2025-11-22,wk inc flu hosp,0,2025-11-22,55,quantile,0.6,9
2025-11-22,wk inc flu hosp,0,2025-11-22,55,quantile,0.65,10
2025-11-22,wk inc flu hosp,0,2025-11-22,55,quantile,0.7,11
2025-11-22,wk inc flu hosp,0,2025-11-22,55,quantile,0.75,12
2025-11-22,wk inc flu hosp,0,2025-11-22,55,quantile,0.8,13
2025-11-22,wk inc flu hosp,0,2025-11-22,55,quantile,0.85,14
2025-11-22,wk inc flu hosp,0,2025-11-22,55,quantile,0.9,16
2025-11-22,wk inc flu hosp,0,2025-11-22,55,quantile,0.95,20
2025-11-22,wk inc flu hosp,0,2025-11-22,55,quantile,0.975,23
2025-11-22,wk inc flu hosp,0,2025-11-22,55,quantile,0.99,28
2025-11-22,wk inc flu hosp,1,2025-11-29,55,quantile,0.01,2
2025-11-22,wk inc flu hosp,1,2025-11-29,55,quantile,0.025,3
2025-11-22,wk inc flu hosp,1,2025-11-29,55,quantile,0.05,3
2025-11-22,wk inc flu hosp,1,2025-11-29,55,quantile,0.1,4
2025-11-22,wk inc flu hosp,1,2025-11-29,55,quantile,0.15,5
2025-11-22,wk inc flu hosp,1,2025-11-29,55,quantile,0.2,5
2025-11-22,wk inc flu hosp,1,2025-11-29,55,quantile,0.25,6
2025-11-22,wk inc flu hosp,1,2025-11-29,55,quantile,0.3,7
2025-11-22,wk inc flu hosp,1,2025-11-29,55,quantile,0.35,7
2025-11-22,wk inc flu hosp,1,2025-11-29,55,quantile,0.4,7
2025-11-22,wk inc flu hosp,1,2025-11-29,55,quantile,0.45,8
2025-11-22,wk inc flu hosp,1,2025-11-29,55,quantile,0.5,8
2025-11-22,wk inc flu hosp,1,2025-11-29,55,quantile,0.55,9
2025-11-22,wk inc flu hosp,1,2025-11-29,55,quantile,0.6,10
2025-11-22,wk inc flu hosp,1,2025-11-29,55,quantile,0.65,11
2025-11-22,wk inc flu hosp,1,2025-11-29,55,quantile,0.7,12
2025-11-22,wk inc flu hosp,1,2025-11-29,55,quantile,0.75,13
2025-11-22,wk inc flu hosp,1,2025-11-29,55,quantile,0.8,14
2025-11-22,wk inc flu hosp,1,2025-11-29,55,quantile,0.85,17
2025-11-22,wk inc flu hosp,1,2025-11-29,55,quantile,0.9,21
2025-11-22,wk inc flu hosp,1,2025-11-29,55,quantile,0.95,27
2025-11-22,wk inc flu hosp,1,2025-11-29,55,quantile,0.975,34
2025-11-22,wk inc flu hosp,1,2025-11-29,55,quantile,0.99,34
2025-11-22,wk inc flu hosp,2,2025-12-06,55,quantile,0.01,1
2025-11-22,wk inc flu hosp,2,2025-12-06,55,quantile,0.025,3
2025-11-22,wk inc flu hosp,2,2025-12-06,55,quantile,0.05,4
2025-11-22,wk inc flu hosp,2,2025-12-06,55,quantile,0.1,5
2025-11-22,wk inc flu hosp,2,2025-12-06,55,quantile,0.15,5
2025-11-22,wk inc flu hosp,2,2025-12-06,55,quantile,0.2,6
2025-11-22,wk inc flu hosp,2,2025-12-06,55,quantile,0.25,7
2025-11-22,wk inc flu hosp,2,2025-12-06,55,quantile,0.3,7
2025-11-22,wk inc flu hosp,2,2025-12-06,55,quantile,0.35,8
2025-11-22,wk inc flu hosp,2,2025-12-06,55,quantile,0.4,8
2025-11-22,wk inc flu hosp,2,2025-12-06,55,quantile,0.45,9
2025-11-22,wk inc flu hosp,2,2025-12-06,55,quantile,0.5,10
2025-11-22,wk inc flu hosp,2,2025-12-06,55,quantile,0.55,10
2025-11-22,wk inc flu hosp,2,2025-12-06,55,quantile,0.6,11
2025-11-22,wk inc flu hosp,2,2025-12-06,55,quantile,0.65,12
2025-11-22,wk inc flu hosp,2,2025-12-06,55,quantile,0.7,14
2025-11-22,wk inc flu hosp,2,2025-12-06,55,quantile,0.75,15
2025-11-22,wk inc flu hosp,2,2025-12-06,55,quantile,0.8,18
2025-11-22,wk inc flu hosp,2,2025-12-06,55,quantile,0.85,21
2025-11-22,wk inc flu hosp,2,2025-12-06,55,quantile,0.9,27
2025-11-22,wk inc flu hosp,2,2025-12-06,55,quantile,0.95,39
2025-11-22,wk inc flu hosp,2,2025-12-06,55,quantile,0.975,41
2025-11-22,wk inc flu hosp,2,2025-12-06,55,quantile,0.99,41
2025-11-22,wk inc flu hosp,3,2025-12-13,55,quantile,0.01,1
2025-11-22,wk inc flu hosp,3,2025-12-13,55,quantile,0.025,3
2025-11-22,wk inc flu hosp,3,2025-12-13,55,quantile,0.05,4
2025-11-22,wk inc flu hosp,3,2025-12-13,55,quantile,0.1,5
2025-11-22,wk inc flu hosp,3,2025-12-13,55,quantile,0.15,6
2025-11-22,wk inc flu hosp,3,2025-12-13,55,quantile,0.2,6
2025-11-22,wk inc flu hosp,3,2025-12-13,55,quantile,0.25,7
2025-11-22,wk inc flu hosp,3,2025-12-13,55,quantile,0.3,8
2025-11-22,wk inc flu hosp,3,2025-12-13,55,quantile,0.35,9
2025-11-22,wk inc flu hosp,3,2025-12-13,55,quantile,0.4,9
2025-11-22,wk inc flu hosp,3,2025-12-13,55,quantile,0.45,11
2025-11-22,wk inc flu hosp,3,2025-12-13,55,quantile,0.5,11
2025-11-22,wk inc flu hosp,3,2025-12-13,55,quantile,0.55,12
2025-11-22,wk inc flu hosp,3,2025-12-13,55,quantile,0.6,14
2025-11-22,wk inc flu hosp,3,2025-12-13,55,quantile,0.65,15
2025-11-22,wk inc flu hosp,3,2025-12-13,55,quantile,0.7,17
2025-11-22,wk inc flu hosp,3,2025-12-13,55,quantile,0.75,20
2025-11-22,wk inc flu hosp,3,2025-12-13,55,quantile,0.8,23
2025-11-22,wk inc flu hosp,3,2025-12-13,55,quantile,0.85,30
2025-11-22,wk inc flu hosp,3,2025-12-13,55,quantile,0.9,39
2025-11-22,wk inc flu hosp,3,2025-12-13,55,quantile,0.95,54
2025-11-22,wk inc flu hosp,3,2025-12-13,55,quantile,0.975,54
2025-11-22,wk inc flu hosp,3,2025-12-13,55,quantile,0.99,54
2025-11-22,wk inc flu hosp,0,2025-11-22,56,quantile,0.01,0
2025-11-22,wk inc flu hosp,0,2025-11-22,56,quantile,0.025,0
2025-11-22,wk inc flu hosp,0,2025-11-22,56,quantile,0.05,1
2025-11-22,wk inc flu hosp,0,2025-11-22,56,quantile,0.1,1
2025-11-22,wk inc flu hosp,0,2025-11-22,56,quantile,0.15,1
2025-11-22,wk inc flu hosp,0,2025-11-22,56,quantile,0.2,2
2025-11-22,wk inc flu hosp,0,2025-11-22,56,quantile,0.25,2
2025-11-22,wk inc flu hosp,0,2025-11-22,56,quantile,0.3,2
2025-11-22,wk inc flu hosp,0,2025-11-22,56,quantile,0.35,2
2025-11-22,wk inc flu hosp,0,2025-11-22,56,quantile,0.4,3
2025-11-22,wk inc flu hosp,0,2025-11-22,56,quantile,0.45,3
2025-11-22,wk inc flu hosp,0,2025-11-22,56,quantile,0.5,4
2025-11-22,wk inc flu hosp,0,2025-11-22,56,quantile,0.55,4
2025-11-22,wk inc flu hosp,0,2025-11-22,56,quantile,0.6,4
2025-11-22,wk inc flu hosp,0,2025-11-22,56,quantile,0.65,5
2025-11-22,wk inc flu hosp,0,2025-11-22,56,quantile,0.7,5
2025-11-22,wk inc flu hosp,0,2025-11-22,56,quantile,0.75,6
2025-11-22,wk inc flu hosp,0,2025-11-22,56,quantile,0.8,7
2025-11-22,wk inc flu hosp,0,2025-11-22,56,quantile,0.85,8
2025-11-22,wk inc flu hosp,0,2025-11-22,56,quantile,0.9,10
2025-11-22,wk inc flu hosp,0,2025-11-22,56,quantile,0.95,13
2025-11-22,wk inc flu hosp,0,2025-11-22,56,quantile,0.975,16
2025-11-22,wk inc flu hosp,0,2025-11-22,56,quantile,0.99,21
2025-11-22,wk inc flu hosp,1,2025-11-29,56,quantile,0.01,0
2025-11-22,wk inc flu hosp,1,2025-11-29,56,quantile,0.025,0
2025-11-22,wk inc flu hosp,1,2025-11-29,56,quantile,0.05,1
2025-11-22,wk inc flu hosp,1,2025-11-29,56,quantile,0.1,1
2025-11-22,wk inc flu hosp,1,2025-11-29,56,quantile,0.15,2
2025-11-22,wk inc flu hosp,1,2025-11-29,56,quantile,0.2,2
2025-11-22,wk inc flu hosp,1,2025-11-29,56,quantile,0.25,2
2025-11-22,wk inc flu hosp,1,2025-11-29,56,quantile,0.3,2
2025-11-22,wk inc flu hosp,1,2025-11-29,56,quantile,0.35,3
2025-11-22,wk inc flu hosp,1,2025-11-29,56,quantile,0.4,3
2025-11-22,wk inc flu hosp,1,2025-11-29,56,quantile,0.45,3
2025-11-22,wk inc flu hosp,1,2025-11-29,56,quantile,0.5,3
2025-11-22,wk inc flu hosp,1,2025-11-29,56,quantile,0.55,4
2025-11-22,wk inc flu hosp,1,2025-11-29,56,quantile,0.6,4
2025-11-22,wk inc flu hosp,1,2025-11-29,56,quantile,0.65,5
2025-11-22,wk inc flu hosp,1,2025-11-29,56,quantile,0.7,5
2025-11-22,wk inc flu hosp,1,2025-11-29,56,quantile,0.75,6
2025-11-22,wk inc flu hosp,1,2025-11-29,56,quantile,0.8,7
2025-11-22,wk inc flu hosp,1,2025-11-29,56,quantile,0.85,9
2025-11-22,wk inc flu hosp,1,2025-11-29,56,quantile,0.9,12
2025-11-22,wk inc flu hosp,1,2025-11-29,56,quantile,0.95,17
2025-11-22,wk inc flu hosp,1,2025-11-29,56,quantile,0.975,21
2025-11-22,wk inc flu hosp,1,2025-11-29,56,quantile,0.99,21
2025-11-22,wk inc flu hosp,2,2025-12-06,56,quantile,0.01,0
2025-11-22,wk inc flu hosp,2,2025-12-06,56,quantile,0.025,0
2025-11-22,wk inc flu hosp,2,2025-12-06,56,quantile,0.05,1
2025-11-22,wk inc flu hosp,2,2025-12-06,56,quantile,0.1,1
2025-11-22,wk inc flu hosp,2,2025-12-06,56,quantile,0.15,2
2025-11-22,wk inc flu hosp,2,2025-12-06,56,quantile,0.2,2
2025-11-22,wk inc flu hosp,2,2025-12-06,56,quantile,0.25,2
2025-11-22,wk inc flu hosp,2,2025-12-06,56,quantile,0.3,2
2025-11-22,wk inc flu hosp,2,2025-12-06,56,quantile,0.35,3
2025-11-22,wk inc flu hosp,2,2025-12-06,56,quantile,0.4,3
2025-11-22,wk inc flu hosp,2,2025-12-06,56,quantile,0.45,4
2025-11-22,wk inc flu hosp,2,2025-12-06,56,quantile,0.5,4
2025-11-22,wk inc flu hosp,2,2025-12-06,56,quantile,0.55,5
2025-11-22,wk inc flu hosp,2,2025-12-06,56,quantile,0.6,5
2025-11-22,wk inc flu hosp,2,2025-12-06,56,quantile,0.65,6
2025-11-22,wk inc flu hosp,2,2025-12-06,56,quantile,0.7,7
2025-11-22,wk inc flu hosp,2,2025-12-06,56,quantile,0.75,8
2025-11-22,wk inc flu hosp,2,2025-12-06,56,quantile,0.8,9
2025-11-22,wk inc flu hosp,2,2025-12-06,56,quantile,0.85,12
2025-11-22,wk inc flu hosp,2,2025-12-06,56,quantile,0.9,16
2025-11-22,wk inc flu hosp,2,2025-12-06,56,quantile,0.95,25
2025-11-22,wk inc flu hosp,2,2025-12-06,56,quantile,0.975,27
2025-11-22,wk inc flu hosp,2,2025-12-06,56,quantile,0.99,27
2025-11-22,wk inc flu hosp,3,2025-12-13,56,quantile,0.01,0
2025-11-22,wk inc flu hosp,3,2025-12-13,56,quantile,0.025,1
2025-11-22,wk inc flu hosp,3,2025-12-13,56,quantile,0.05,1
2025-11-22,wk inc flu hosp,3,2025-12-13,56,quantile,0.1,1
2025-11-22,wk inc flu hosp,3,2025-12-13,56,quantile,0.15,2
2025-11-22,wk inc flu hosp,3,2025-12-13,56,quantile,0.2,2
2025-11-22,wk inc flu hosp,3,2025-12-13,56,quantile,0.25,2
2025-11-22,wk inc flu hosp,3,2025-12-13,56,quantile,0.3,3
2025-11-22,wk inc flu hosp,3,2025-12-13,56,quantile,0.35,3
2025-11-22,wk inc flu hosp,3,2025-12-13,56,quantile,0.4,4
2025-11-22,wk inc flu hosp,3,2025-12-13,56,quantile,0.45,4
2025-11-22,wk inc flu hosp,3,2025-12-13,56,quantile,0.5,5
2025-11-22,wk inc flu hosp,3,2025-12-13,56,quantile,0.55,5
2025-11-22,wk inc flu hosp,3,2025-12-13,56,quantile,0.6,6
2025-11-22,wk inc flu hosp,3,2025-12-13,56,quantile,0.65,7
2025-11-22,wk inc flu hosp,3,2025-12-13,56,quantile,0.7,8
2025-11-22,wk inc flu hosp,3,2025-12-13,56,quantile,0.75,9
2025-11-22,wk inc flu hosp,3,2025-12-13,56,quantile,0.8,12
2025-11-22,wk inc flu hosp,3,2025-12-13,56,quantile,0.85,16
2025-11-22,wk inc flu hosp,3,2025-12-13,56,quantile,0.9,22
2025-11-22,wk inc flu hosp,3,2025-12-13,56,quantile,0.95,33
2025-11-22,wk inc flu hosp,3,2025-12-13,56,quantile,0.975,33
2025-11-22,wk inc flu hosp,3,2025-12-13,56,quantile,0.99,33
2025-11-22,wk inc flu prop ed visits,0,2025-11-22,01,quantile,0.01,0.00367634204379848
2025-11-22,wk inc flu prop ed visits,0,2025-11-22,01,quantile,0.025,0.00372297703934317
2025-11-22,wk inc flu prop ed visits,0,2025-11-22,01,quantile,0.05,0.0042706055280562
2025-11-22,wk inc flu prop ed visits,0,2025-11-22,01,quantile,0.1,0.00458121385407111
2025-11-22,wk inc flu prop ed visits,0,2025-11-22,01,quantile,0.15,0.00529553317995159
2025-11-22,wk inc flu prop ed visits,0,2025-11-22,01,quantile,0.2,0.00550824875864694
2025-11-22,wk inc flu prop ed visits,0,2025-11-22,01,quantile,0.25,0.00550825084104447
2025-11-22,wk inc flu prop ed visits,0,2025-11-22,01,quantile,0.3,0.00587072665961554
2025-11-22,wk inc flu prop ed visits,0,2025-11-22,01,quantile,0.35,0.00611653083292055
2025-11-22,wk inc flu prop ed visits,0,2025-11-22,01,quantile,0.4,0.00634892059185853
2025-11-22,wk inc flu prop ed visits,0,2025-11-22,01,quantile,0.45,0.00651380604444135
2025-11-22,wk inc flu prop ed visits,0,2025-11-22,01,quantile,0.5,0.00674790646381857
2025-11-22,wk inc flu prop ed visits,0,2025-11-22,01,quantile,0.55,0.00691184588934054
2025-11-22,wk inc flu prop ed visits,0,2025-11-22,01,quantile,0.6,0.00709139777205765
2025-11-22,wk inc flu prop ed visits,0,2025-11-22,01,quantile,0.65,0.00734466141757646
2025-11-22,wk inc flu prop ed visits,0,2025-11-22,01,quantile,0.7,0.00753812609681372
2025-11-22,wk inc flu prop ed visits,0,2025-11-22,01,quantile,0.75,0.0078211333905899
2025-11-22,wk inc flu prop ed visits,0,2025-11-22,01,quantile,0.8,0.00816479519985165
2025-11-22,wk inc flu prop ed visits,0,2025-11-22,01,quantile,0.85,0.00862669228043718
2025-11-22,wk inc flu prop ed visits,0,2025-11-22,01,quantile,0.9,0.00922539956836458
2025-11-22,wk inc flu prop ed visits,0,2025-11-22,01,quantile,0.95,0.0102595226801765
2025-11-22,wk inc flu prop ed visits,0,2025-11-22,01,quantile,0.975,0.0113954593633997
2025-11-22,wk inc flu prop ed visits,0,2025-11-22,01,quantile,0.99,0.0128042558687467
2025-11-22,wk inc flu prop ed visits,1,2025-11-29,01,quantile,0.01,0.00313766188016183
2025-11-22,wk inc flu prop ed visits,1,2025-11-29,01,quantile,0.025,0.00357422787101831
2025-11-22,wk inc flu prop ed visits,1,2025-11-29,01,quantile,0.05,0.00397596485423527
2025-11-22,wk inc flu prop ed visits,1,2025-11-29,01,quantile,0.1,0.00463768038389955
2025-11-22,wk inc flu prop ed visits,1,2025-11-29,01,quantile,0.15,0.00488614863477764
2025-11-22,wk inc flu prop ed visits,1,2025-11-29,01,quantile,0.2,0.00517150410282422
2025-11-22,wk inc flu prop ed visits,1,2025-11-29,01,quantile,0.25,0.00554265858110201
2025-11-22,wk inc flu prop ed visits,1,2025-11-29,01,quantile,0.3,0.00574341217462174
2025-11-22,wk inc flu prop ed visits,1,2025-11-29,01,quantile,0.35,0.00584002961843514
2025-11-22,wk inc flu prop ed visits,1,2025-11-29,01,quantile,0.4,0.00600263162593253
2025-11-22,wk inc flu prop ed visits,1,2025-11-29,01,quantile,0.45,0.00624850666342135
2025-11-22,wk inc flu prop ed visits,1,2025-11-29,01,quantile,0.5,0.00650968140871256
2025-11-22,wk inc flu prop ed visits,1,2025-11-29,01,quantile,0.55,0.00678480100025417
2025-11-22,wk inc flu prop ed visits,1,2025-11-29,01,quantile,0.6,0.00706379468240808
2025-11-22,wk inc flu prop ed visits,1,2025-11-29,01,quantile,0.65,0.0074076848827811
2025-11-22,wk inc flu prop ed visits,1,2025-11-29,01,quantile,0.7,0.00783009195945759
2025-11-22,wk inc flu prop ed visits,1,2025-11-29,01,quantile,0.75,0.00826102204655455
2025-11-22,wk inc flu prop ed visits,1,2025-11-29,01,quantile,0.8,0.00887297538037949
2025-11-22,wk inc flu prop ed visits,1,2025-11-29,01,quantile,0.85,0.00970311238066017
2025-11-22,wk inc flu prop ed visits,1,2025-11-29,01,quantile,0.9,0.011312458687257
2025-11-22,wk inc flu prop ed visits,1,2025-11-29,01,quantile,0.95,0.0136374940669481
2025-11-22,wk inc flu prop ed visits,1,2025-11-29,01,quantile,0.975,0.0161585992432549
2025-11-22,wk inc flu prop ed visits,1,2025-11-29,01,quantile,0.99,0.016290813125033
2025-11-22,wk inc flu prop ed visits,2,2025-12-06,01,quantile,0.01,0.00256777582051036
2025-11-22,wk inc flu prop ed visits,2,2025-12-06,01,quantile,0.025,0.0032806520506418
2025-11-22,wk inc flu prop ed visits,2,2025-12-06,01,quantile,0.05,0.00387117427174313
2025-11-22,wk inc flu prop ed visits,2,2025-12-06,01,quantile,0.1,0.00444549964578131
2025-11-22,wk inc flu prop ed visits,2,2025-12-06,01,quantile,0.15,0.00481819053078159
2025-11-22,wk inc flu prop ed visits,2,2025-12-06,01,quantile,0.2,0.00524206524381984
2025-11-22,wk inc flu prop ed visits,2,2025-12-06,01,quantile,0.25,0.00554407816721789
2025-11-22,wk inc flu prop ed visits,2,2025-12-06,01,quantile,0.3,0.0056194861259545
2025-11-22,wk inc flu prop ed visits,2,2025-12-06,01,quantile,0.35,0.00594175397031714
2025-11-22,wk inc flu prop ed visits,2,2025-12-06,01,quantile,0.4,0.00621328942759759
2025-11-22,wk inc flu prop ed visits,2,2025-12-06,01,quantile,0.45,0.00656388077066555
2025-11-22,wk inc flu prop ed visits,2,2025-12-06,01,quantile,0.5,0.00685899411945488
2025-11-22,wk inc flu prop ed visits,2,2025-12-06,01,quantile,0.55,0.00722515619450565
2025-11-22,wk inc flu prop ed visits,2,2025-12-06,01,quantile,0.6,0.00760546029247429
2025-11-22,wk inc flu prop ed visits,2,2025-12-06,01,quantile,0.65,0.00805636634677336
2025-11-22,wk inc flu prop ed visits,2,2025-12-06,01,quantile,0.7,0.00864843136117243
2025-11-22,wk inc flu prop ed visits,2,2025-12-06,01,quantile,0.75,0.00932749643749341
2025-11-22,wk inc flu prop ed visits,2,2025-12-06,01,quantile,0.8,0.0102534852781257
2025-11-22,wk inc flu prop ed visits,2,2025-12-06,01,quantile,0.85,0.011626243508836301
2025-11-22,wk inc flu prop ed visits,2,2025-12-06,01,quantile,0.9,0.0141384741297567
2025-11-22,wk inc flu prop ed visits,2,2025-12-06,01,quantile,0.95,0.0187747751428352
2025-11-22,wk inc flu prop ed visits,2,2025-12-06,01,quantile,0.975,0.0196185597151776
2025-11-22,wk inc flu prop ed visits,2,2025-12-06,01,quantile,0.99,0.0196185597151776
2025-11-22,wk inc flu prop ed visits,3,2025-12-13,01,quantile,0.01,0.00254074640980663
2025-11-22,wk inc flu prop ed visits,3,2025-12-13,01,quantile,0.025,0.00322941103190476
2025-11-22,wk inc flu prop ed visits,3,2025-12-13,01,quantile,0.05,0.00384831525181233
2025-11-22,wk inc flu prop ed visits,3,2025-12-13,01,quantile,0.1,0.00472737818496241
2025-11-22,wk inc flu prop ed visits,3,2025-12-13,01,quantile,0.15,0.00520930342737392
2025-11-22,wk inc flu prop ed visits,3,2025-12-13,01,quantile,0.2,0.00546758282963524
2025-11-22,wk inc flu prop ed visits,3,2025-12-13,01,quantile,0.25,0.00557893560554873
2025-11-22,wk inc flu prop ed visits,3,2025-12-13,01,quantile,0.3,0.00614753551879585
2025-11-22,wk inc flu prop ed visits,3,2025-12-13,01,quantile,0.35,0.00656723463560986
2025-11-22,wk inc flu prop ed visits,3,2025-12-13,01,quantile,0.4,0.00698743209004906
2025-11-22,wk inc flu prop ed visits,3,2025-12-13,01,quantile,0.45,0.00748685781194093
2025-11-22,wk inc flu prop ed visits,3,2025-12-13,01,quantile,0.5,0.00787618975793019
2025-11-22,wk inc flu prop ed visits,3,2025-12-13,01,quantile,0.55,0.00834902231480714
2025-11-22,wk inc flu prop ed visits,3,2025-12-13,01,quantile,0.6,0.00886801605886014
2025-11-22,wk inc flu prop ed visits,3,2025-12-13,01,quantile,0.65,0.00953890715885806
2025-11-22,wk inc flu prop ed visits,3,2025-12-13,01,quantile,0.7,0.0102874490318212
2025-11-22,wk inc flu prop ed visits,3,2025-12-13,01,quantile,0.75,0.0113346587795004
2025-11-22,wk inc flu prop ed visits,3,2025-12-13,01,quantile,0.8,0.0128135310938238
2025-11-22,wk inc flu prop ed visits,3,2025-12-13,01,quantile,0.85,0.0153338347707186
2025-11-22,wk inc flu prop ed visits,3,2025-12-13,01,quantile,0.9,0.0191949110879187
2025-11-22,wk inc flu prop ed visits,3,2025-12-13,01,quantile,0.95,0.0252918252664434
2025-11-22,wk inc flu prop ed visits,3,2025-12-13,01,quantile,0.975,0.0252918252664434
2025-11-22,wk inc flu prop ed visits,3,2025-12-13,01,quantile,0.99,0.0252918252664434
2025-11-22,wk inc flu prop ed visits,0,2025-11-22,02,quantile,0.01,0.00105994335313883
2025-11-22,wk inc flu prop ed visits,0,2025-11-22,02,quantile,0.025,0.00108730673955462
2025-11-22,wk inc flu prop ed visits,0,2025-11-22,02,quantile,0.05,0.00140782986972511
2025-11-22,wk inc flu prop ed visits,0,2025-11-22,02,quantile,0.1,0.00158386207103673
2025-11-22,wk inc flu prop ed visits,0,2025-11-22,02,quantile,0.15,0.00209040639113834
2025-11-22,wk inc flu prop ed visits,0,2025-11-22,02,quantile,0.2,0.00228733871748703
2025-11-22,wk inc flu prop ed visits,0,2025-11-22,02,quantile,0.25,0.00228734080487471
2025-11-22,wk inc flu prop ed visits,0,2025-11-22,02,quantile,0.3,0.00260152705018588
2025-11-22,wk inc flu prop ed visits,0,2025-11-22,02,quantile,0.35,0.00280974173489979
2025-11-22,wk inc flu prop ed visits,0,2025-11-22,02,quantile,0.4,0.00306314987917136
2025-11-22,wk inc flu prop ed visits,0,2025-11-22,02,quantile,0.45,0.00319978851733633
2025-11-22,wk inc flu prop ed visits,0,2025-11-22,02,quantile,0.5,0.00345088057451368
2025-11-22,wk inc flu prop ed visits,0,2025-11-22,02,quantile,0.55,0.00362044953622997
2025-11-22,wk inc flu prop ed visits,0,2025-11-22,02,quantile,0.6,0.00379266341019262
2025-11-22,wk inc flu prop ed visits,0,2025-11-22,02,quantile,0.65,0.00406171560896513
2025-11-22,wk inc flu prop ed visits,0,2025-11-22,02,quantile,0.7,0.00426503802661097
2025-11-22,wk inc flu prop ed visits,0,2025-11-22,02,quantile,0.75,0.00461679841237891
2025-11-22,wk inc flu prop ed visits,0,2025-11-22,02,quantile,0.8,0.00499297368206156
2025-11-22,wk inc flu prop ed visits,0,2025-11-22,02,quantile,0.85,0.00551973996875731
2025-11-22,wk inc flu prop ed visits,0,2025-11-22,02,quantile,0.9,0.00623345873224657
2025-11-22,wk inc flu prop ed visits,0,2025-11-22,02,quantile,0.95,0.00747870199539233
2025-11-22,wk inc flu prop ed visits,0,2025-11-22,02,quantile,0.975,0.00879074707283441
2025-11-22,wk inc flu prop ed visits,0,2025-11-22,02,quantile,0.99,0.0107222843381125
2025-11-22,wk inc flu prop ed visits,1,2025-11-29,02,quantile,0.01,9.6338103002432e-4
2025-11-22,wk inc flu prop ed visits,1,2025-11-29,02,quantile,0.025,0.00124488835665916
2025-11-22,wk inc flu prop ed visits,1,2025-11-29,02,quantile,0.05,0.0014995380196113
2025-11-22,wk inc flu prop ed visits,1,2025-11-29,02,quantile,0.1,0.00196661258466935
2025-11-22,wk inc flu prop ed visits,1,2025-11-29,02,quantile,0.15,0.00216164348118484
2025-11-22,wk inc flu prop ed visits,1,2025-11-29,02,quantile,0.2,0.00236903940947796
2025-11-22,wk inc flu prop ed visits,1,2025-11-29,02,quantile,0.25,0.00265333052093294
2025-11-22,wk inc flu prop ed visits,1,2025-11-29,02,quantile,0.3,0.0028120877481035
2025-11-22,wk inc flu prop ed visits,1,2025-11-29,02,quantile,0.35,0.00290080319703037
2025-11-22,wk inc flu prop ed visits,1,2025-11-29,02,quantile,0.4,0.00301384539118847
2025-11-22,wk inc flu prop ed visits,1,2025-11-29,02,quantile,0.45,0.00322220718300314
2025-11-22,wk inc flu prop ed visits,1,2025-11-29,02,quantile,0.5,0.00344857766732217
2025-11-22,wk inc flu prop ed visits,1,2025-11-29,02,quantile,0.55,0.00367935024632494
2025-11-22,wk inc flu prop ed visits,1,2025-11-29,02,quantile,0.6,0.00391534337474496
2025-11-22,wk inc flu prop ed visits,1,2025-11-29,02,quantile,0.65,0.00422775691582781
2025-11-22,wk inc flu prop ed visits,1,2025-11-29,02,quantile,0.7,0.00461133946981123
2025-11-22,wk inc flu prop ed visits,1,2025-11-29,02,quantile,0.75,0.00500726609798104
2025-11-22,wk inc flu prop ed visits,1,2025-11-29,02,quantile,0.8,0.0055876172447659
2025-11-22,wk inc flu prop ed visits,1,2025-11-29,02,quantile,0.85,0.00641030243635726
2025-11-22,wk inc flu prop ed visits,1,2025-11-29,02,quantile,0.9,0.00801663120515305
2025-11-22,wk inc flu prop ed visits,1,2025-11-29,02,quantile,0.95,0.0104645940025033
2025-11-22,wk inc flu prop ed visits,1,2025-11-29,02,quantile,0.975,0.0128177538705836
2025-11-22,wk inc flu prop ed visits,1,2025-11-29,02,quantile,0.99,0.0129355948823991
2025-11-22,wk inc flu prop ed visits,2,2025-12-06,02,quantile,0.01,7.204673553901e-4
2025-11-22,wk inc flu prop ed visits,2,2025-12-06,02,quantile,0.025,0.00118995289856356
2025-11-22,wk inc flu prop ed visits,2,2025-12-06,02,quantile,0.05,0.00157355502690407
2025-11-22,wk inc flu prop ed visits,2,2025-12-06,02,quantile,0.1,0.00197134318412315
2025-11-22,wk inc flu prop ed visits,2,2025-12-06,02,quantile,0.15,0.00224752061406015
2025-11-22,wk inc flu prop ed visits,2,2025-12-06,02,quantile,0.2,0.00256974157875401
2025-11-22,wk inc flu prop ed visits,2,2025-12-06,02,quantile,0.25,0.00278752035022876
2025-11-22,wk inc flu prop ed visits,2,2025-12-06,02,quantile,0.3,0.00284711087601795
2025-11-22,wk inc flu prop ed visits,2,2025-12-06,02,quantile,0.35,0.00309751682641765
2025-11-22,wk inc flu prop ed visits,2,2025-12-06,02,quantile,0.4,0.00329566814566228
2025-11-22,wk inc flu prop ed visits,2,2025-12-06,02,quantile,0.45,0.00358866986281538
2025-11-22,wk inc flu prop ed visits,2,2025-12-06,02,quantile,0.5,0.00383713901650207
2025-11-22,wk inc flu prop ed visits,2,2025-12-06,02,quantile,0.55,0.00415146340855402
2025-11-22,wk inc flu prop ed visits,2,2025-12-06,02,quantile,0.6,0.00446375085924911
2025-11-22,wk inc flu prop ed visits,2,2025-12-06,02,quantile,0.65,0.0048523104704844
2025-11-22,wk inc flu prop ed visits,2,2025-12-06,02,quantile,0.7,0.00537332751467209
2025-11-22,wk inc flu prop ed visits,2,2025-12-06,02,quantile,0.75,0.00598921125372942
2025-11-22,wk inc flu prop ed visits,2,2025-12-06,02,quantile,0.8,0.006850378641026
2025-11-22,wk inc flu prop ed visits,2,2025-12-06,02,quantile,0.85,0.00815780423615645
2025-11-22,wk inc flu prop ed visits,2,2025-12-06,02,quantile,0.9,0.0104660278486562
2025-11-22,wk inc flu prop ed visits,2,2025-12-06,02,quantile,0.95,0.0150234306161371
2025-11-22,wk inc flu prop ed visits,2,2025-12-06,02,quantile,0.975,0.0157624644687045
2025-11-22,wk inc flu prop ed visits,2,2025-12-06,02,quantile,0.99,0.0157624644687045
2025-11-22,wk inc flu prop ed visits,3,2025-12-13,02,quantile,0.01,7.5685845898769e-4
2025-11-22,wk inc flu prop ed visits,3,2025-12-13,02,quantile,0.025,0.00117963062363961
2025-11-22,wk inc flu prop ed visits,3,2025-12-13,02,quantile,0.05,0.00155570927100714
2025-11-22,wk inc flu prop ed visits,3,2025-12-13,02,quantile,0.1,0.00214521004723172
2025-11-22,wk inc flu prop ed visits,3,2025-12-13,02,quantile,0.15,0.00247949232686374
2025-11-22,wk inc flu prop ed visits,3,2025-12-13,02,quantile,0.2,0.00265046985005536
2025-11-22,wk inc flu prop ed visits,3,2025-12-13,02,quantile,0.25,0.0027381796698655
2025-11-22,wk inc flu prop ed visits,3,2025-12-13,02,quantile,0.3,0.00315997800969079
2025-11-22,wk inc flu prop ed visits,3,2025-12-13,02,quantile,0.35,0.00347814072485764
2025-11-22,wk inc flu prop ed visits,3,2025-12-13,02,quantile,0.4,0.00380138614671782
2025-11-22,wk inc flu prop ed visits,3,2025-12-13,02,quantile,0.45,0.00421030769022449
2025-11-22,wk inc flu prop ed visits,3,2025-12-13,02,quantile,0.5,0.00452661440088316
2025-11-22,wk inc flu prop ed visits,3,2025-12-13,02,quantile,0.55,0.00492824929169656
2025-11-22,wk inc flu prop ed visits,3,2025-12-13,02,quantile,0.6,0.00535187192194296
2025-11-22,wk inc flu prop ed visits,3,2025-12-13,02,quantile,0.65,0.00594103906084751
2025-11-22,wk inc flu prop ed visits,3,2025-12-13,02,quantile,0.7,0.00659136775870343
2025-11-22,wk inc flu prop ed visits,3,2025-12-13,02,quantile,0.75,0.00749806644474383
2025-11-22,wk inc flu prop ed visits,3,2025-12-13,02,quantile,0.8,0.00888339252676364
2025-11-22,wk inc flu prop ed visits,3,2025-12-13,02,quantile,0.85,0.0112094642354587
2025-11-22,wk inc flu prop ed visits,3,2025-12-13,02,quantile,0.9,0.0148399136648595
2025-11-22,wk inc flu prop ed visits,3,2025-12-13,02,quantile,0.95,0.0204133164550106
2025-11-22,wk inc flu prop ed visits,3,2025-12-13,02,quantile,0.975,0.0204133164550106
2025-11-22,wk inc flu prop ed visits,3,2025-12-13,02,quantile,0.99,0.0204133164550106
2025-11-22,wk inc flu prop ed visits,0,2025-11-22,04,quantile,0.01,0.0012621315497209
2025-11-22,wk inc flu prop ed visits,0,2025-11-22,04,quantile,0.025,0.00127734802431248
2025-11-22,wk inc flu prop ed visits,0,2025-11-22,04,quantile,0.05,0.00145631732119809
2025-11-22,wk inc flu prop ed visits,0,2025-11-22,04,quantile,0.1,0.00155818067946516
2025-11-22,wk inc flu prop ed visits,0,2025-11-22,04,quantile,0.15,0.00184038187321506
2025-11-22,wk inc flu prop ed visits,0,2025-11-22,04,quantile,0.2,0.00195774257227463
2025-11-22,wk inc flu prop ed visits,0,2025-11-22,04,quantile,0.25,0.00195774266840549
2025-11-22,wk inc flu prop ed visits,0,2025-11-22,04,quantile,0.3,0.00215224376389838
2025-11-22,wk inc flu prop ed visits,0,2025-11-22,04,quantile,0.35,0.00227182744462708
2025-11-22,wk inc flu prop ed visits,0,2025-11-22,04,quantile,0.4,0.00240551598136505
2025-11-22,wk inc flu prop ed visits,0,2025-11-22,04,quantile,0.45,0.00249214284093084
2025-11-22,wk inc flu prop ed visits,0,2025-11-22,04,quantile,0.5,0.00263288650367017
2025-11-22,wk inc flu prop ed visits,0,2025-11-22,04,quantile,0.55,0.00272742795482882
2025-11-22,wk inc flu prop ed visits,0,2025-11-22,04,quantile,0.6,0.00282511642062036
2025-11-22,wk inc flu prop ed visits,0,2025-11-22,04,quantile,0.65,0.00297890975779709
2025-11-22,wk inc flu prop ed visits,0,2025-11-22,04,quantile,0.7,0.00309737926573574
2025-11-22,wk inc flu prop ed visits,0,2025-11-22,04,quantile,0.75,0.00326978015308217
2025-11-22,wk inc flu prop ed visits,0,2025-11-22,04,quantile,0.8,0.00348334241038249
2025-11-22,wk inc flu prop ed visits,0,2025-11-22,04,quantile,0.85,0.00377839281628843
2025-11-22,wk inc flu prop ed visits,0,2025-11-22,04,quantile,0.9,0.00417625897099409
2025-11-22,wk inc flu prop ed visits,0,2025-11-22,04,quantile,0.95,0.00488065668979937
2025-11-22,wk inc flu prop ed visits,0,2025-11-22,04,quantile,0.975,0.00555632721956222
2025-11-22,wk inc flu prop ed visits,0,2025-11-22,04,quantile,0.99,0.00655613118603556
2025-11-22,wk inc flu prop ed visits,1,2025-11-29,04,quantile,0.01,0.00103240253049515
2025-11-22,wk inc flu prop ed visits,1,2025-11-29,04,quantile,0.025,0.00119347339239885
2025-11-22,wk inc flu prop ed visits,1,2025-11-29,04,quantile,0.05,0.00134011010531407
2025-11-22,wk inc flu prop ed visits,1,2025-11-29,04,quantile,0.1,0.00160997957811652
2025-11-22,wk inc flu prop ed visits,1,2025-11-29,04,quantile,0.15,0.00172744400436248
2025-11-22,wk inc flu prop ed visits,1,2025-11-29,04,quantile,0.2,0.00185763274766705
2025-11-22,wk inc flu prop ed visits,1,2025-11-29,04,quantile,0.25,0.00203178683661348
2025-11-22,wk inc flu prop ed visits,1,2025-11-29,04,quantile,0.3,0.00212454356577275
2025-11-22,wk inc flu prop ed visits,1,2025-11-29,04,quantile,0.35,0.00217285517855308
2025-11-22,wk inc flu prop ed visits,1,2025-11-29,04,quantile,0.4,0.00224801629450637
2025-11-22,wk inc flu prop ed visits,1,2025-11-29,04,quantile,0.45,0.00236929412540662
2025-11-22,wk inc flu prop ed visits,1,2025-11-29,04,quantile,0.5,0.00250854552035704
2025-11-22,wk inc flu prop ed visits,1,2025-11-29,04,quantile,0.55,0.00264699067432013
2025-11-22,wk inc flu prop ed visits,1,2025-11-29,04,quantile,0.6,0.00279128093172718
2025-11-22,wk inc flu prop ed visits,1,2025-11-29,04,quantile,0.65,0.00297659225325693
2025-11-22,wk inc flu prop ed visits,1,2025-11-29,04,quantile,0.7,0.00321343151172958
2025-11-22,wk inc flu prop ed visits,1,2025-11-29,04,quantile,0.75,0.00345105537509318
2025-11-22,wk inc flu prop ed visits,1,2025-11-29,04,quantile,0.8,0.00378864785107429
2025-11-22,wk inc flu prop ed visits,1,2025-11-29,04,quantile,0.85,0.00427238201057501
2025-11-22,wk inc flu prop ed visits,1,2025-11-29,04,quantile,0.9,0.00521043488755924
2025-11-22,wk inc flu prop ed visits,1,2025-11-29,04,quantile,0.95,0.00664807606005279
2025-11-22,wk inc flu prop ed visits,1,2025-11-29,04,quantile,0.975,0.00804510154448297
2025-11-22,wk inc flu prop ed visits,1,2025-11-29,04,quantile,0.99,0.00811533830479576
2025-11-22,wk inc flu prop ed visits,2,2025-12-06,04,quantile,0.01,8.3600293469078e-4
2025-11-22,wk inc flu prop ed visits,2,2025-12-06,04,quantile,0.025,0.00109238963442451
2025-11-22,wk inc flu prop ed visits,2,2025-12-06,04,quantile,0.05,0.00131227140334459
2025-11-22,wk inc flu prop ed visits,2,2025-12-06,04,quantile,0.1,0.00154514592001814
2025-11-22,wk inc flu prop ed visits,2,2025-12-06,04,quantile,0.15,0.0017069362572352
2025-11-22,wk inc flu prop ed visits,2,2025-12-06,04,quantile,0.2,0.00190130487629972
2025-11-22,wk inc flu prop ed visits,2,2025-12-06,04,quantile,0.25,0.00203260596609138
2025-11-22,wk inc flu prop ed visits,2,2025-12-06,04,quantile,0.3,0.00206835843660748
2025-11-22,wk inc flu prop ed visits,2,2025-12-06,04,quantile,0.35,0.00221509049418605
2025-11-22,wk inc flu prop ed visits,2,2025-12-06,04,quantile,0.4,0.00233617971497428
2025-11-22,wk inc flu prop ed visits,2,2025-12-06,04,quantile,0.45,0.00251014865711805
2025-11-22,wk inc flu prop ed visits,2,2025-12-06,04,quantile,0.5,0.00264684989573534
2025-11-22,wk inc flu prop ed visits,2,2025-12-06,04,quantile,0.55,0.00283518349928987
2025-11-22,wk inc flu prop ed visits,2,2025-12-06,04,quantile,0.6,0.00301342347364244
2025-11-22,wk inc flu prop ed visits,2,2025-12-06,04,quantile,0.65,0.00323303031371329
2025-11-22,wk inc flu prop ed visits,2,2025-12-06,04,quantile,0.7,0.00354430508352382
2025-11-22,wk inc flu prop ed visits,2,2025-12-06,04,quantile,0.75,0.00390280158403198
2025-11-22,wk inc flu prop ed visits,2,2025-12-06,04,quantile,0.8,0.0043895607515053
2025-11-22,wk inc flu prop ed visits,2,2025-12-06,04,quantile,0.85,0.00511840053911886
2025-11-22,wk inc flu prop ed visits,2,2025-12-06,04,quantile,0.9,0.00639481173639147
2025-11-22,wk inc flu prop ed visits,2,2025-12-06,04,quantile,0.95,0.0088821724996472
2025-11-22,wk inc flu prop ed visits,2,2025-12-06,04,quantile,0.975,0.00929528224755231
2025-11-22,wk inc flu prop ed visits,2,2025-12-06,04,quantile,0.99,0.00929528224755231
2025-11-22,wk inc flu prop ed visits,3,2025-12-13,04,quantile,0.01,8.5904652165616e-4
2025-11-22,wk inc flu prop ed visits,3,2025-12-13,04,quantile,0.025,0.00110223634104244
2025-11-22,wk inc flu prop ed visits,3,2025-12-13,04,quantile,0.05,0.00132629909088021
2025-11-22,wk inc flu prop ed visits,3,2025-12-13,04,quantile,0.1,0.00167690235302579
2025-11-22,wk inc flu prop ed visits,3,2025-12-13,04,quantile,0.15,0.0018792133175695
2025-11-22,wk inc flu prop ed visits,3,2025-12-13,04,quantile,0.2,0.00198526040752894
2025-11-22,wk inc flu prop ed visits,3,2025-12-13,04,quantile,0.25,0.00203956735191893
2025-11-22,wk inc flu prop ed visits,3,2025-12-13,04,quantile,0.3,0.00229433643687708
2025-11-22,wk inc flu prop ed visits,3,2025-12-13,04,quantile,0.35,0.00248500042018781
2025-11-22,wk inc flu prop ed visits,3,2025-12-13,04,quantile,0.4,0.00267601156024162
2025-11-22,wk inc flu prop ed visits,3,2025-12-13,04,quantile,0.45,0.00292256768525952
2025-11-22,wk inc flu prop ed visits,3,2025-12-13,04,quantile,0.5,0.00309874003823415
2025-11-22,wk inc flu prop ed visits,3,2025-12-13,04,quantile,0.55,0.00334392987477689
2025-11-22,wk inc flu prop ed visits,3,2025-12-13,04,quantile,0.6,0.00358770510093899
2025-11-22,wk inc flu prop ed visits,3,2025-12-13,04,quantile,0.65,0.00391288545851261
2025-11-22,wk inc flu prop ed visits,3,2025-12-13,04,quantile,0.7,0.00431102336743194
2025-11-22,wk inc flu prop ed visits,3,2025-12-13,04,quantile,0.75,0.00483370719672655
2025-11-22,wk inc flu prop ed visits,3,2025-12-13,04,quantile,0.8,0.00562143030788951
2025-11-22,wk inc flu prop ed visits,3,2025-12-13,04,quantile,0.85,0.00693542994117423
2025-11-22,wk inc flu prop ed visits,3,2025-12-13,04,quantile,0.9,0.00893037944790477
2025-11-22,wk inc flu prop ed visits,3,2025-12-13,04,quantile,0.95,0.0120864296938417
2025-11-22,wk inc flu prop ed visits,3,2025-12-13,04,quantile,0.975,0.0120864296938417
2025-11-22,wk inc flu prop ed visits,3,2025-12-13,04,quantile,0.99,0.0120864296938417
2025-11-22,wk inc flu prop ed visits,0,2025-11-22,05,quantile,0.01,0.00134245200412358
2025-11-22,wk inc flu prop ed visits,0,2025-11-22,05,quantile,0.025,0.00136691140629405
2025-11-22,wk inc flu prop ed visits,0,2025-11-22,05,quantile,0.05,0.00165381722439733
2025-11-22,wk inc flu prop ed visits,0,2025-11-22,05,quantile,0.1,0.00181092187500915
2025-11-22,wk inc flu prop ed visits,0,2025-11-22,05,quantile,0.15,0.00223319947493185
2025-11-22,wk inc flu prop ed visits,0,2025-11-22,05,quantile,0.2,0.00240033302311506
2025-11-22,wk inc flu prop ed visits,0,2025-11-22,05,quantile,0.25,0.00240033373662146
2025-11-22,wk inc flu prop ed visits,0,2025-11-22,05,quantile,0.3,0.00267278277188729
2025-11-22,wk inc flu prop ed visits,0,2025-11-22,05,quantile,0.35,0.0028474008904389
2025-11-22,wk inc flu prop ed visits,0,2025-11-22,05,quantile,0.4,0.0030545850102243
2025-11-22,wk inc flu prop ed visits,0,2025-11-22,05,quantile,0.45,0.00317184113979406
2025-11-22,wk inc flu prop ed visits,0,2025-11-22,05,quantile,0.5,0.00337700936220808
2025-11-22,wk inc flu prop ed visits,0,2025-11-22,05,quantile,0.55,0.00351678600760019
2025-11-22,wk inc flu prop ed visits,0,2025-11-22,05,quantile,0.6,0.00366206999326866
2025-11-22,wk inc flu prop ed visits,0,2025-11-22,05,quantile,0.65,0.00388828412346642
2025-11-22,wk inc flu prop ed visits,0,2025-11-22,05,quantile,0.7,0.00405872185794695
2025-11-22,wk inc flu prop ed visits,0,2025-11-22,05,quantile,0.75,0.00432265338669332
2025-11-22,wk inc flu prop ed visits,0,2025-11-22,05,quantile,0.8,0.00463557635977573
2025-11-22,wk inc flu prop ed visits,0,2025-11-22,05,quantile,0.85,0.00506429992247133
2025-11-22,wk inc flu prop ed visits,0,2025-11-22,05,quantile,0.9,0.00563395616192418
2025-11-22,wk inc flu prop ed visits,0,2025-11-22,05,quantile,0.95,0.00663138385622787
2025-11-22,wk inc flu prop ed visits,0,2025-11-22,05,quantile,0.975,0.00763940615744988
2025-11-22,wk inc flu prop ed visits,0,2025-11-22,05,quantile,0.99,0.00911837058075123
2025-11-22,wk inc flu prop ed visits,1,2025-11-29,05,quantile,0.01,0.00112286362967403
2025-11-22,wk inc flu prop ed visits,1,2025-11-29,05,quantile,0.025,0.001352427248403
2025-11-22,wk inc flu prop ed visits,1,2025-11-29,05,quantile,0.05,0.0015634915128627
2025-11-22,wk inc flu prop ed visits,1,2025-11-29,05,quantile,0.1,0.00194585105845358
2025-11-22,wk inc flu prop ed visits,1,2025-11-29,05,quantile,0.15,0.00211569654613474
2025-11-22,wk inc flu prop ed visits,1,2025-11-29,05,quantile,0.2,0.0022974725481173
2025-11-22,wk inc flu prop ed visits,1,2025-11-29,05,quantile,0.25,0.00254581113082084
2025-11-22,wk inc flu prop ed visits,1,2025-11-29,05,quantile,0.3,0.00268606524930122
2025-11-22,wk inc flu prop ed visits,1,2025-11-29,05,quantile,0.35,0.00276172307013107
2025-11-22,wk inc flu prop ed visits,1,2025-11-29,05,quantile,0.4,0.00286229575520629
2025-11-22,wk inc flu prop ed visits,1,2025-11-29,05,quantile,0.45,0.0030402011496818
2025-11-22,wk inc flu prop ed visits,1,2025-11-29,05,quantile,0.5,0.00324301001997966
2025-11-22,wk inc flu prop ed visits,1,2025-11-29,05,quantile,0.55,0.00344056563162042
2025-11-22,wk inc flu prop ed visits,1,2025-11-29,05,quantile,0.6,0.00364722587739413
2025-11-22,wk inc flu prop ed visits,1,2025-11-29,05,quantile,0.65,0.00391294544663718
2025-11-22,wk inc flu prop ed visits,1,2025-11-29,05,quantile,0.7,0.00424534677060069
2025-11-22,wk inc flu prop ed visits,1,2025-11-29,05,quantile,0.75,0.00458689841850321
2025-11-22,wk inc flu prop ed visits,1,2025-11-29,05,quantile,0.8,0.00508041352504735
2025-11-22,wk inc flu prop ed visits,1,2025-11-29,05,quantile,0.85,0.00577110877246058
2025-11-22,wk inc flu prop ed visits,1,2025-11-29,05,quantile,0.9,0.00710604241420497
2025-11-22,wk inc flu prop ed visits,1,2025-11-29,05,quantile,0.95,0.0091861383755727
2025-11-22,wk inc flu prop ed visits,1,2025-11-29,05,quantile,0.975,0.0111796570331504
2025-11-22,wk inc flu prop ed visits,1,2025-11-29,05,quantile,0.99,0.011279738192919
2025-11-22,wk inc flu prop ed visits,2,2025-12-06,05,quantile,0.01,7.518499389672e-4
2025-11-22,wk inc flu prop ed visits,2,2025-12-06,05,quantile,0.025,0.00109986620084662
2025-11-22,wk inc flu prop ed visits,2,2025-12-06,05,quantile,0.05,0.0014030672067299
2025-11-22,wk inc flu prop ed visits,2,2025-12-06,05,quantile,0.1,0.00173980761739584
2025-11-22,wk inc flu prop ed visits,2,2025-12-06,05,quantile,0.15,0.00197700560262402
2025-11-22,wk inc flu prop ed visits,2,2025-12-06,05,quantile,0.2,0.00226903549626449
2025-11-22,wk inc flu prop ed visits,2,2025-12-06,05,quantile,0.25,0.0024597577487774098
2025-11-22,wk inc flu prop ed visits,2,2025-12-06,05,quantile,0.3,0.00251330204539022
2025-11-22,wk inc flu prop ed visits,2,2025-12-06,05,quantile,0.35,0.00274367713385551
2025-11-22,wk inc flu prop ed visits,2,2025-12-06,05,quantile,0.4,0.00291763026878501
2025-11-22,wk inc flu prop ed visits,2,2025-12-06,05,quantile,0.45,0.0031807283555076
2025-11-22,wk inc flu prop ed visits,2,2025-12-06,05,quantile,0.5,0.00338874217137111
2025-11-22,wk inc flu prop ed visits,2,2025-12-06,05,quantile,0.55,0.00367272824607227
2025-11-22,wk inc flu prop ed visits,2,2025-12-06,05,quantile,0.6,0.00393344439044855
2025-11-22,wk inc flu prop ed visits,2,2025-12-06,05,quantile,0.65,0.00426000294143745
2025-11-22,wk inc flu prop ed visits,2,2025-12-06,05,quantile,0.7,0.00470842628582236
2025-11-22,wk inc flu prop ed visits,2,2025-12-06,05,quantile,0.75,0.00523077243426523
2025-11-22,wk inc flu prop ed visits,2,2025-12-06,05,quantile,0.8,0.0059533877645588
2025-11-22,wk inc flu prop ed visits,2,2025-12-06,05,quantile,0.85,0.00704064567663259
2025-11-22,wk inc flu prop ed visits,2,2025-12-06,05,quantile,0.9,0.00893857310893409
2025-11-22,wk inc flu prop ed visits,2,2025-12-06,05,quantile,0.95,0.0127661150640109
2025-11-22,wk inc flu prop ed visits,2,2025-12-06,05,quantile,0.975,0.0134040377007502
2025-11-22,wk inc flu prop ed visits,2,2025-12-06,05,quantile,0.99,0.0134040377007502
2025-11-22,wk inc flu prop ed visits,3,2025-12-13,05,quantile,0.01,7.9492165210476e-4
2025-11-22,wk inc flu prop ed visits,3,2025-12-13,05,quantile,0.025,0.00106872245082956
2025-11-22,wk inc flu prop ed visits,3,2025-12-13,05,quantile,0.05,0.0013430009640041
2025-11-22,wk inc flu prop ed visits,3,2025-12-13,05,quantile,0.1,0.00178673951162793
2025-11-22,wk inc flu prop ed visits,3,2025-12-13,05,quantile,0.15,0.00207414170044346
2025-11-22,wk inc flu prop ed visits,3,2025-12-13,05,quantile,0.2,0.00221858775798418
2025-11-22,wk inc flu prop ed visits,3,2025-12-13,05,quantile,0.25,0.00230302005520732
2025-11-22,wk inc flu prop ed visits,3,2025-12-13,05,quantile,0.3,0.00265984467815881
2025-11-22,wk inc flu prop ed visits,3,2025-12-13,05,quantile,0.35,0.00295307026979625
2025-11-22,wk inc flu prop ed visits,3,2025-12-13,05,quantile,0.4,0.00322750672768503
2025-11-22,wk inc flu prop ed visits,3,2025-12-13,05,quantile,0.45,0.00358759825552637
2025-11-22,wk inc flu prop ed visits,3,2025-12-13,05,quantile,0.5,0.00384944415242913
2025-11-22,wk inc flu prop ed visits,3,2025-12-13,05,quantile,0.55,0.00422317498322128
2025-11-22,wk inc flu prop ed visits,3,2025-12-13,05,quantile,0.6,0.00457574381709724
2025-11-22,wk inc flu prop ed visits,3,2025-12-13,05,quantile,0.65,0.00505567528095851
2025-11-22,wk inc flu prop ed visits,3,2025-12-13,05,quantile,0.7,0.00563332748451222
2025-11-22,wk inc flu prop ed visits,3,2025-12-13,05,quantile,0.75,0.00638850822410437
2025-11-22,wk inc flu prop ed visits,3,2025-12-13,05,quantile,0.8,0.00757612291125738
2025-11-22,wk inc flu prop ed visits,3,2025-12-13,05,quantile,0.85,0.00957347553247327
2025-11-22,wk inc flu prop ed visits,3,2025-12-13,05,quantile,0.9,0.0126498620988937
2025-11-22,wk inc flu prop ed visits,3,2025-12-13,05,quantile,0.95,0.0174807851106983
2025-11-22,wk inc flu prop ed visits,3,2025-12-13,05,quantile,0.975,0.0174807851106983
2025-11-22,wk inc flu prop ed visits,3,2025-12-13,05,quantile,0.99,0.0174807851106983
2025-11-22,wk inc flu prop ed visits,0,2025-11-22,06,quantile,0.01,0.00180400185980012
2025-11-22,wk inc flu prop ed visits,0,2025-11-22,06,quantile,0.025,0.00182151837984237
2025-11-22,wk inc flu prop ed visits,0,2025-11-22,06,quantile,0.05,0.00202748952588357
2025-11-22,wk inc flu prop ed visits,0,2025-11-22,06,quantile,0.1,0.00215181655564265
2025-11-22,wk inc flu prop ed visits,0,2025-11-22,06,quantile,0.15,0.0024199358667106
2025-11-22,wk inc flu prop ed visits,0,2025-11-22,06,quantile,0.2,0.00248725223688968
2025-11-22,wk inc flu prop ed visits,0,2025-11-22,06,quantile,0.25,0.00248725396478353
2025-11-22,wk inc flu prop ed visits,0,2025-11-22,06,quantile,0.3,0.00260602491350072
2025-11-22,wk inc flu prop ed visits,0,2025-11-22,06,quantile,0.35,0.00268924870577928
2025-11-22,wk inc flu prop ed visits,0,2025-11-22,06,quantile,0.4,0.00276201177994063
2025-11-22,wk inc flu prop ed visits,0,2025-11-22,06,quantile,0.45,0.0028196370527823
2025-11-22,wk inc flu prop ed visits,0,2025-11-22,06,quantile,0.5,0.00289198427394562
2025-11-22,wk inc flu prop ed visits,0,2025-11-22,06,quantile,0.55,0.00294718966750802
2025-11-22,wk inc flu prop ed visits,0,2025-11-22,06,quantile,0.6,0.00300328386129169
2025-11-22,wk inc flu prop ed visits,0,2025-11-22,06,quantile,0.65,0.00308454773368822
2025-11-22,wk inc flu prop ed visits,0,2025-11-22,06,quantile,0.7,0.00314774529787911
2025-11-22,wk inc flu prop ed visits,0,2025-11-22,06,quantile,0.75,0.00322989548709836
2025-11-22,wk inc flu prop ed visits,0,2025-11-22,06,quantile,0.8,0.00334491065931835
2025-11-22,wk inc flu prop ed visits,0,2025-11-22,06,quantile,0.85,0.0034946670917555
2025-11-22,wk inc flu prop ed visits,0,2025-11-22,06,quantile,0.9,0.00367901342455759
2025-11-22,wk inc flu prop ed visits,0,2025-11-22,06,quantile,0.95,0.00399424879622534
2025-11-22,wk inc flu prop ed visits,0,2025-11-22,06,quantile,0.975,0.00434639074593531
2025-11-22,wk inc flu prop ed visits,0,2025-11-22,06,quantile,0.99,0.00478715714711509
2025-11-22,wk inc flu prop ed visits,1,2025-11-29,06,quantile,0.01,0.0016010105194341
2025-11-22,wk inc flu prop ed visits,1,2025-11-29,06,quantile,0.025,0.0017657296205891
2025-11-22,wk inc flu prop ed visits,1,2025-11-29,06,quantile,0.05,0.00192183696165143
2025-11-22,wk inc flu prop ed visits,1,2025-11-29,06,quantile,0.1,0.00218026718701327
2025-11-22,wk inc flu prop ed visits,1,2025-11-29,06,quantile,0.15,0.00227298913361039
2025-11-22,wk inc flu prop ed visits,1,2025-11-29,06,quantile,0.2,0.00237822531475411
2025-11-22,wk inc flu prop ed visits,1,2025-11-29,06,quantile,0.25,0.00251770840343597
2025-11-22,wk inc flu prop ed visits,1,2025-11-29,06,quantile,0.3,0.00259680948307551
2025-11-22,wk inc flu prop ed visits,1,2025-11-29,06,quantile,0.35,0.00263449503856382
2025-11-22,wk inc flu prop ed visits,1,2025-11-29,06,quantile,0.4,0.00269335243080057
2025-11-22,wk inc flu prop ed visits,1,2025-11-29,06,quantile,0.45,0.00278547383180539
2025-11-22,wk inc flu prop ed visits,1,2025-11-29,06,quantile,0.5,0.00288409359984594
2025-11-22,wk inc flu prop ed visits,1,2025-11-29,06,quantile,0.55,0.00298521868947098
2025-11-22,wk inc flu prop ed visits,1,2025-11-29,06,quantile,0.6,0.00308730465814392
2025-11-22,wk inc flu prop ed visits,1,2025-11-29,06,quantile,0.65,0.00321090632482795
2025-11-22,wk inc flu prop ed visits,1,2025-11-29,06,quantile,0.7,0.00336290461448434
2025-11-22,wk inc flu prop ed visits,1,2025-11-29,06,quantile,0.75,0.00352030002635856
2025-11-22,wk inc flu prop ed visits,1,2025-11-29,06,quantile,0.8,0.00374139842231258
2025-11-22,wk inc flu prop ed visits,1,2025-11-29,06,quantile,0.85,0.00402591388452749
2025-11-22,wk inc flu prop ed visits,1,2025-11-29,06,quantile,0.9,0.00455372085343898
2025-11-22,wk inc flu prop ed visits,1,2025-11-29,06,quantile,0.95,0.00532167913901278
2025-11-22,wk inc flu prop ed visits,1,2025-11-29,06,quantile,0.975,0.00616531599975644
2025-11-22,wk inc flu prop ed visits,1,2025-11-29,06,quantile,0.99,0.00621007931403577
2025-11-22,wk inc flu prop ed visits,2,2025-12-06,06,quantile,0.01,0.00135408991020558
2025-11-22,wk inc flu prop ed visits,2,2025-12-06,06,quantile,0.025,0.00162040160969609
2025-11-22,wk inc flu prop ed visits,2,2025-12-06,06,quantile,0.05,0.00184745329006275
2025-11-22,wk inc flu prop ed visits,2,2025-12-06,06,quantile,0.1,0.00207678635648571
2025-11-22,wk inc flu prop ed visits,2,2025-12-06,06,quantile,0.15,0.00221930559701798
2025-11-22,wk inc flu prop ed visits,2,2025-12-06,06,quantile,0.2,0.00238059682847974
2025-11-22,wk inc flu prop ed visits,2,2025-12-06,06,quantile,0.25,0.00249483167917688
2025-11-22,wk inc flu prop ed visits,2,2025-12-06,06,quantile,0.3,0.00252452002530758
2025-11-22,wk inc flu prop ed visits,2,2025-12-06,06,quantile,0.35,0.00265493005978069
2025-11-22,wk inc flu prop ed visits,2,2025-12-06,06,quantile,0.4,0.00275742927082177
2025-11-22,wk inc flu prop ed visits,2,2025-12-06,06,quantile,0.45,0.0028923566435668
2025-11-22,wk inc flu prop ed visits,2,2025-12-06,06,quantile,0.5,0.00301033891552188
2025-11-22,wk inc flu prop ed visits,2,2025-12-06,06,quantile,0.55,0.00315020928397817
2025-11-22,wk inc flu prop ed visits,2,2025-12-06,06,quantile,0.6,0.00329590069514845
2025-11-22,wk inc flu prop ed visits,2,2025-12-06,06,quantile,0.65,0.00346214670489777
2025-11-22,wk inc flu prop ed visits,2,2025-12-06,06,quantile,0.7,0.00369052132665588
2025-11-22,wk inc flu prop ed visits,2,2025-12-06,06,quantile,0.75,0.00394636369879073
2025-11-22,wk inc flu prop ed visits,2,2025-12-06,06,quantile,0.8,0.0042894412749304
2025-11-22,wk inc flu prop ed visits,2,2025-12-06,06,quantile,0.85,0.0047909588409391
2025-11-22,wk inc flu prop ed visits,2,2025-12-06,06,quantile,0.9,0.00570262972238412
2025-11-22,wk inc flu prop ed visits,2,2025-12-06,06,quantile,0.95,0.0074206967993542
2025-11-22,wk inc flu prop ed visits,2,2025-12-06,06,quantile,0.975,0.00773311097270256
2025-11-22,wk inc flu prop ed visits,2,2025-12-06,06,quantile,0.99,0.00773311097270256
2025-11-22,wk inc flu prop ed visits,3,2025-12-13,06,quantile,0.01,0.0013433881830859
2025-11-22,wk inc flu prop ed visits,3,2025-12-13,06,quantile,0.025,0.00161051519099177
2025-11-22,wk inc flu prop ed visits,3,2025-12-13,06,quantile,0.05,0.00185589369253447
2025-11-22,wk inc flu prop ed visits,3,2025-12-13,06,quantile,0.1,0.00220135497981224
2025-11-22,wk inc flu prop ed visits,3,2025-12-13,06,quantile,0.15,0.00239059078443968
2025-11-22,wk inc flu prop ed visits,3,2025-12-13,06,quantile,0.2,0.00248929661007362
2025-11-22,wk inc flu prop ed visits,3,2025-12-13,06,quantile,0.25,0.00253303535430449
2025-11-22,wk inc flu prop ed visits,3,2025-12-13,06,quantile,0.3,0.00274949263770411
2025-11-22,wk inc flu prop ed visits,3,2025-12-13,06,quantile,0.35,0.0029133618221385
2025-11-22,wk inc flu prop ed visits,3,2025-12-13,06,quantile,0.4,0.00307203525895542
2025-11-22,wk inc flu prop ed visits,3,2025-12-13,06,quantile,0.45,0.00325816228351356
2025-11-22,wk inc flu prop ed visits,3,2025-12-13,06,quantile,0.5,0.00340921837121282
2025-11-22,wk inc flu prop ed visits,3,2025-12-13,06,quantile,0.55,0.0035814502800997
2025-11-22,wk inc flu prop ed visits,3,2025-12-13,06,quantile,0.6,0.00377223711089549
2025-11-22,wk inc flu prop ed visits,3,2025-12-13,06,quantile,0.65,0.00401533041909419
2025-11-22,wk inc flu prop ed visits,3,2025-12-13,06,quantile,0.7,0.00429073086961941
2025-11-22,wk inc flu prop ed visits,3,2025-12-13,06,quantile,0.75,0.00467331401903316
2025-11-22,wk inc flu prop ed visits,3,2025-12-13,06,quantile,0.8,0.00518497716251994
2025-11-22,wk inc flu prop ed visits,3,2025-12-13,06,quantile,0.85,0.00602685035466833
2025-11-22,wk inc flu prop ed visits,3,2025-12-13,06,quantile,0.9,0.00730918585053038
2025-11-22,wk inc flu prop ed visits,3,2025-12-13,06,quantile,0.95,0.009332385153808
2025-11-22,wk inc flu prop ed visits,3,2025-12-13,06,quantile,0.975,0.009332385153808
2025-11-22,wk inc flu prop ed visits,3,2025-12-13,06,quantile,0.99,0.009332385153808
2025-11-22,wk inc flu prop ed visits,0,2025-11-22,08,quantile,0.01,0.00348573751218278
2025-11-22,wk inc flu prop ed visits,0,2025-11-22,08,quantile,0.025,0.00354166648681128
2025-11-22,wk inc flu prop ed visits,0,2025-11-22,08,quantile,0.05,0.0041991801795448
2025-11-22,wk inc flu prop ed visits,0,2025-11-22,08,quantile,0.1,0.00457183157097969
2025-11-22,wk inc flu prop ed visits,0,2025-11-22,08,quantile,0.15,0.00541195963610841
2025-11-22,wk inc flu prop ed visits,0,2025-11-22,08,quantile,0.2,0.00573420283626013
2025-11-22,wk inc flu prop ed visits,0,2025-11-22,08,quantile,0.25,0.00573420362156549
2025-11-22,wk inc flu prop ed visits,0,2025-11-22,08,quantile,0.3,0.00628571866768144
2025-11-22,wk inc flu prop ed visits,0,2025-11-22,08,quantile,0.35,0.00661831732152906
2025-11-22,wk inc flu prop ed visits,0,2025-11-22,08,quantile,0.4,0.00697815170552656
2025-11-22,wk inc flu prop ed visits,0,2025-11-22,08,quantile,0.45,0.00722072546033638
2025-11-22,wk inc flu prop ed visits,0,2025-11-22,08,quantile,0.5,0.00757852335529685
2025-11-22,wk inc flu prop ed visits,0,2025-11-22,08,quantile,0.55,0.00783304568438047
2025-11-22,wk inc flu prop ed visits,0,2025-11-22,08,quantile,0.6,0.00809867547928793
2025-11-22,wk inc flu prop ed visits,0,2025-11-22,08,quantile,0.65,0.00851133651740375
2025-11-22,wk inc flu prop ed visits,0,2025-11-22,08,quantile,0.7,0.00881257517873694
2025-11-22,wk inc flu prop ed visits,0,2025-11-22,08,quantile,0.75,0.00928925470570956
2025-11-22,wk inc flu prop ed visits,0,2025-11-22,08,quantile,0.8,0.00985416668853076
2025-11-22,wk inc flu prop ed visits,0,2025-11-22,08,quantile,0.85,0.0106054910020366
2025-11-22,wk inc flu prop ed visits,0,2025-11-22,08,quantile,0.9,0.0116148522402871
2025-11-22,wk inc flu prop ed visits,0,2025-11-22,08,quantile,0.95,0.0133856734731931
2025-11-22,wk inc flu prop ed visits,0,2025-11-22,08,quantile,0.975,0.0151323234785835
2025-11-22,wk inc flu prop ed visits,0,2025-11-22,08,quantile,0.99,0.0175599441903455
2025-11-22,wk inc flu prop ed visits,1,2025-11-29,08,quantile,0.01,0.00261842300392672
2025-11-22,wk inc flu prop ed visits,1,2025-11-29,08,quantile,0.025,0.0031042614443473
2025-11-22,wk inc flu prop ed visits,1,2025-11-29,08,quantile,0.05,0.00354681658747099
2025-11-22,wk inc flu prop ed visits,1,2025-11-29,08,quantile,0.1,0.0042818179484561
2025-11-22,wk inc flu prop ed visits,1,2025-11-29,08,quantile,0.15,0.00461871944111971
2025-11-22,wk inc flu prop ed visits,1,2025-11-29,08,quantile,0.2,0.00499118243378115
2025-11-22,wk inc flu prop ed visits,1,2025-11-29,08,quantile,0.25,0.0054738438993278
2025-11-22,wk inc flu prop ed visits,1,2025-11-29,08,quantile,0.3,0.00574691338987906
2025-11-22,wk inc flu prop ed visits,1,2025-11-29,08,quantile,0.35,0.00588970848855623
2025-11-22,wk inc flu prop ed visits,1,2025-11-29,08,quantile,0.4,0.00608314800170821
2025-11-22,wk inc flu prop ed visits,1,2025-11-29,08,quantile,0.45,0.00642181384968633
2025-11-22,wk inc flu prop ed visits,1,2025-11-29,08,quantile,0.5,0.00680752253348984
2025-11-22,wk inc flu prop ed visits,1,2025-11-29,08,quantile,0.55,0.00717314894708081
2025-11-22,wk inc flu prop ed visits,1,2025-11-29,08,quantile,0.6,0.00756648141549627
2025-11-22,wk inc flu prop ed visits,1,2025-11-29,08,quantile,0.65,0.00805751982011467
2025-11-22,wk inc flu prop ed visits,1,2025-11-29,08,quantile,0.7,0.00867130181250776
2025-11-22,wk inc flu prop ed visits,1,2025-11-29,08,quantile,0.75,0.00929485193159852
2025-11-22,wk inc flu prop ed visits,1,2025-11-29,08,quantile,0.8,0.0101902677043351
2025-11-22,wk inc flu prop ed visits,1,2025-11-29,08,quantile,0.85,0.0114334386095671
2025-11-22,wk inc flu prop ed visits,1,2025-11-29,08,quantile,0.9,0.0138514576897382
2025-11-22,wk inc flu prop ed visits,1,2025-11-29,08,quantile,0.95,0.0175175450689923
2025-11-22,wk inc flu prop ed visits,1,2025-11-29,08,quantile,0.975,0.0212210536527102
2025-11-22,wk inc flu prop ed visits,1,2025-11-29,08,quantile,0.99,0.0214100807890181
2025-11-22,wk inc flu prop ed visits,2,2025-12-06,08,quantile,0.01,0.00171508311323224
2025-11-22,wk inc flu prop ed visits,2,2025-12-06,08,quantile,0.025,0.00247247581273494
2025-11-22,wk inc flu prop ed visits,2,2025-12-06,08,quantile,0.05,0.00308168879007709
2025-11-22,wk inc flu prop ed visits,2,2025-12-06,08,quantile,0.1,0.00372677061572367
2025-11-22,wk inc flu prop ed visits,2,2025-12-06,08,quantile,0.15,0.00420040691376048
2025-11-22,wk inc flu prop ed visits,2,2025-12-06,08,quantile,0.2,0.00476358944014725
2025-11-22,wk inc flu prop ed visits,2,2025-12-06,08,quantile,0.25,0.0051361367428755
2025-11-22,wk inc flu prop ed visits,2,2025-12-06,08,quantile,0.3,0.00523237818898631
2025-11-22,wk inc flu prop ed visits,2,2025-12-06,08,quantile,0.35,0.00566830878133778
2025-11-22,wk inc flu prop ed visits,2,2025-12-06,08,quantile,0.4,0.00599562171303778
2025-11-22,wk inc flu prop ed visits,2,2025-12-06,08,quantile,0.45,0.00648425086580749
2025-11-22,wk inc flu prop ed visits,2,2025-12-06,08,quantile,0.5,0.00687570834270314
2025-11-22,wk inc flu prop ed visits,2,2025-12-06,08,quantile,0.55,0.00739133818074021
2025-11-22,wk inc flu prop ed visits,2,2025-12-06,08,quantile,0.6,0.00788591994823811
2025-11-22,wk inc flu prop ed visits,2,2025-12-06,08,quantile,0.65,0.00849067758700495
2025-11-22,wk inc flu prop ed visits,2,2025-12-06,08,quantile,0.7,0.0093107531040868
2025-11-22,wk inc flu prop ed visits,2,2025-12-06,08,quantile,0.75,0.0102632967048875
2025-11-22,wk inc flu prop ed visits,2,2025-12-06,08,quantile,0.8,0.0115469184942324
2025-11-22,wk inc flu prop ed visits,2,2025-12-06,08,quantile,0.85,0.0135275012465489
2025-11-22,wk inc flu prop ed visits,2,2025-12-06,08,quantile,0.9,0.0169901153068542
2025-11-22,wk inc flu prop ed visits,2,2025-12-06,08,quantile,0.95,0.0237761836433484
2025-11-22,wk inc flu prop ed visits,2,2025-12-06,08,quantile,0.975,0.0249498353520836
2025-11-22,wk inc flu prop ed visits,2,2025-12-06,08,quantile,0.99,0.0249498353520836
2025-11-22,wk inc flu prop ed visits,3,2025-12-13,08,quantile,0.01,0.00168651089753288
2025-11-22,wk inc flu prop ed visits,3,2025-12-13,08,quantile,0.025,0.00223850014650523
2025-11-22,wk inc flu prop ed visits,3,2025-12-13,08,quantile,0.05,0.00276759043346631
2025-11-22,wk inc flu prop ed visits,3,2025-12-13,08,quantile,0.1,0.00355752660049006
2025-11-22,wk inc flu prop ed visits,3,2025-12-13,08,quantile,0.15,0.00413176018408573
2025-11-22,wk inc flu prop ed visits,3,2025-12-13,08,quantile,0.2,0.00441218207232382
2025-11-22,wk inc flu prop ed visits,3,2025-12-13,08,quantile,0.25,0.00457879233669221
2025-11-22,wk inc flu prop ed visits,3,2025-12-13,08,quantile,0.3,0.00523205785868137
2025-11-22,wk inc flu prop ed visits,3,2025-12-13,08,quantile,0.35,0.00578300727776552
2025-11-22,wk inc flu prop ed visits,3,2025-12-13,08,quantile,0.4,0.00629009240918525
2025-11-22,wk inc flu prop ed visits,3,2025-12-13,08,quantile,0.45,0.00694920479208692
2025-11-22,wk inc flu prop ed visits,3,2025-12-13,08,quantile,0.5,0.00744565138932309
2025-11-22,wk inc flu prop ed visits,3,2025-12-13,08,quantile,0.55,0.00810994285240181
2025-11-22,wk inc flu prop ed visits,3,2025-12-13,08,quantile,0.6,0.00877663231237703
2025-11-22,wk inc flu prop ed visits,3,2025-12-13,08,quantile,0.65,0.00966017592620822
2025-11-22,wk inc flu prop ed visits,3,2025-12-13,08,quantile,0.7,0.0107374812179724
2025-11-22,wk inc flu prop ed visits,3,2025-12-13,08,quantile,0.75,0.0121016954237798
2025-11-22,wk inc flu prop ed visits,3,2025-12-13,08,quantile,0.8,0.0142805959300912
2025-11-22,wk inc flu prop ed visits,3,2025-12-13,08,quantile,0.85,0.0179815830551704
2025-11-22,wk inc flu prop ed visits,3,2025-12-13,08,quantile,0.9,0.0236961768944141
2025-11-22,wk inc flu prop ed visits,3,2025-12-13,08,quantile,0.95,0.0322858901802896
2025-11-22,wk inc flu prop ed visits,3,2025-12-13,08,quantile,0.975,0.0322858901802896
2025-11-22,wk inc flu prop ed visits,3,2025-12-13,08,quantile,0.99,0.0322858901802896
2025-11-22,wk inc flu prop ed visits,0,2025-11-22,09,quantile,0.01,0.001709475787717
2025-11-22,wk inc flu prop ed visits,0,2025-11-22,09,quantile,0.025,0.00173053546403095
2025-11-22,wk inc flu prop ed visits,0,2025-11-22,09,quantile,0.05,0.00197844208099707
2025-11-22,wk inc flu prop ed visits,0,2025-11-22,09,quantile,0.1,0.0021227093091413
2025-11-22,wk inc flu prop ed visits,0,2025-11-22,09,quantile,0.15,0.00243823891255957
2025-11-22,wk inc flu prop ed visits,0,2025-11-22,09,quantile,0.2,0.00255568738071806
2025-11-22,wk inc flu prop ed visits,0,2025-11-22,09,quantile,0.25,0.00255568785793317
2025-11-22,wk inc flu prop ed visits,0,2025-11-22,09,quantile,0.3,0.00275778650534782
2025-11-22,wk inc flu prop ed visits,0,2025-11-22,09,quantile,0.35,0.00288126363096697
2025-11-22,wk inc flu prop ed visits,0,2025-11-22,09,quantile,0.4,0.00300965940738867
2025-11-22,wk inc flu prop ed visits,0,2025-11-22,09,quantile,0.45,0.00310170639151721
2025-11-22,wk inc flu prop ed visits,0,2025-11-22,09,quantile,0.5,0.00323062623067204
2025-11-22,wk inc flu prop ed visits,0,2025-11-22,09,quantile,0.55,0.00332048559830963
2025-11-22,wk inc flu prop ed visits,0,2025-11-22,09,quantile,0.6,0.00341800922201991
2025-11-22,wk inc flu prop ed visits,0,2025-11-22,09,quantile,0.65,0.00356581139944316
2025-11-22,wk inc flu prop ed visits,0,2025-11-22,09,quantile,0.7,0.00367337188901836
2025-11-22,wk inc flu prop ed visits,0,2025-11-22,09,quantile,0.75,0.00383724541688891
2025-11-22,wk inc flu prop ed visits,0,2025-11-22,09,quantile,0.8,0.0040336224239173
2025-11-22,wk inc flu prop ed visits,0,2025-11-22,09,quantile,0.85,0.00429739742617117
2025-11-22,wk inc flu prop ed visits,0,2025-11-22,09,quantile,0.9,0.00464747501800915
2025-11-22,wk inc flu prop ed visits,0,2025-11-22,09,quantile,0.95,0.00525256974704897
2025-11-22,wk inc flu prop ed visits,0,2025-11-22,09,quantile,0.975,0.00584669377770414
2025-11-22,wk inc flu prop ed visits,0,2025-11-22,09,quantile,0.99,0.00664052514205865
2025-11-22,wk inc flu prop ed visits,1,2025-11-29,09,quantile,0.01,0.00137212490596445
2025-11-22,wk inc flu prop ed visits,1,2025-11-29,09,quantile,0.025,0.00156507578208519
2025-11-22,wk inc flu prop ed visits,1,2025-11-29,09,quantile,0.05,0.00174318270899419
2025-11-22,wk inc flu prop ed visits,1,2025-11-29,09,quantile,0.1,0.00203501301595758
2025-11-22,wk inc flu prop ed visits,1,2025-11-29,09,quantile,0.15,0.00216016965892125
2025-11-22,wk inc flu prop ed visits,1,2025-11-29,09,quantile,0.2,0.00230357638264101
2025-11-22,wk inc flu prop ed visits,1,2025-11-29,09,quantile,0.25,0.00248932162745055
2025-11-22,wk inc flu prop ed visits,1,2025-11-29,09,quantile,0.3,0.00259392548021337
2025-11-22,wk inc flu prop ed visits,1,2025-11-29,09,quantile,0.35,0.00264653369828998
2025-11-22,wk inc flu prop ed visits,1,2025-11-29,09,quantile,0.4,0.00272377207650746
2025-11-22,wk inc flu prop ed visits,1,2025-11-29,09,quantile,0.45,0.0028512094677264
2025-11-22,wk inc flu prop ed visits,1,2025-11-29,09,quantile,0.5,0.00299487942301193
2025-11-22,wk inc flu prop ed visits,1,2025-11-29,09,quantile,0.55,0.00313448345854915
2025-11-22,wk inc flu prop ed visits,1,2025-11-29,09,quantile,0.6,0.00328299027790879
2025-11-22,wk inc flu prop ed visits,1,2025-11-29,09,quantile,0.65,0.00346488472597639
2025-11-22,wk inc flu prop ed visits,1,2025-11-29,09,quantile,0.7,0.00369173188366664
2025-11-22,wk inc flu prop ed visits,1,2025-11-29,09,quantile,0.75,0.00392134313851798
2025-11-22,wk inc flu prop ed visits,1,2025-11-29,09,quantile,0.8,0.00425177595507101
2025-11-22,wk inc flu prop ed visits,1,2025-11-29,09,quantile,0.85,0.00470104963200303
2025-11-22,wk inc flu prop ed visits,1,2025-11-29,09,quantile,0.9,0.00556853590904047
2025-11-22,wk inc flu prop ed visits,1,2025-11-29,09,quantile,0.95,0.00686564373418303
2025-11-22,wk inc flu prop ed visits,1,2025-11-29,09,quantile,0.975,0.00820589474207769
2025-11-22,wk inc flu prop ed visits,1,2025-11-29,09,quantile,0.99,0.00827509316626658
2025-11-22,wk inc flu prop ed visits,2,2025-12-06,09,quantile,0.01,0.00104777407544751
2025-11-22,wk inc flu prop ed visits,2,2025-12-06,09,quantile,0.025,0.00136231795548914
2025-11-22,wk inc flu prop ed visits,2,2025-12-06,09,quantile,0.05,0.00161420903735015
2025-11-22,wk inc flu prop ed visits,2,2025-12-06,09,quantile,0.1,0.00187390170594272
2025-11-22,wk inc flu prop ed visits,2,2025-12-06,09,quantile,0.15,0.0020566655591822
2025-11-22,wk inc flu prop ed visits,2,2025-12-06,09,quantile,0.2,0.00227472390321987
2025-11-22,wk inc flu prop ed visits,2,2025-12-06,09,quantile,0.25,0.00241966113260539
2025-11-22,wk inc flu prop ed visits,2,2025-12-06,09,quantile,0.3,0.00245590990243991
2025-11-22,wk inc flu prop ed visits,2,2025-12-06,09,quantile,0.35,0.00262618192512203
2025-11-22,wk inc flu prop ed visits,2,2025-12-06,09,quantile,0.4,0.00275884525941399
2025-11-22,wk inc flu prop ed visits,2,2025-12-06,09,quantile,0.45,0.00294431571484273
2025-11-22,wk inc flu prop ed visits,2,2025-12-06,09,quantile,0.5,0.00309295999059133
2025-11-22,wk inc flu prop ed visits,2,2025-12-06,09,quantile,0.55,0.00328965060702153
2025-11-22,wk inc flu prop ed visits,2,2025-12-06,09,quantile,0.6,0.00348076923322338
2025-11-22,wk inc flu prop ed visits,2,2025-12-06,09,quantile,0.65,0.00371050866376959
2025-11-22,wk inc flu prop ed visits,2,2025-12-06,09,quantile,0.7,0.00402326919031812
2025-11-22,wk inc flu prop ed visits,2,2025-12-06,09,quantile,0.75,0.00438290636774832
2025-11-22,wk inc flu prop ed visits,2,2025-12-06,09,quantile,0.8,0.00486408758823806
2025-11-22,wk inc flu prop ed visits,2,2025-12-06,09,quantile,0.85,0.00559775375692377
2025-11-22,wk inc flu prop ed visits,2,2025-12-06,09,quantile,0.9,0.00688962065440673
2025-11-22,wk inc flu prop ed visits,2,2025-12-06,09,quantile,0.95,0.00935422150495258
2025-11-22,wk inc flu prop ed visits,2,2025-12-06,09,quantile,0.975,0.00978623361011063
2025-11-22,wk inc flu prop ed visits,2,2025-12-06,09,quantile,0.99,0.00978623361011063
2025-11-22,wk inc flu prop ed visits,3,2025-12-13,09,quantile,0.01,0.00103189248624306
2025-11-22,wk inc flu prop ed visits,3,2025-12-13,09,quantile,0.025,0.00133919777511571
2025-11-22,wk inc flu prop ed visits,3,2025-12-13,09,quantile,0.05,0.0016145658657013
2025-11-22,wk inc flu prop ed visits,3,2025-12-13,09,quantile,0.1,0.00200850601361306
2025-11-22,wk inc flu prop ed visits,3,2025-12-13,09,quantile,0.15,0.00224194941896455
2025-11-22,wk inc flu prop ed visits,3,2025-12-13,09,quantile,0.2,0.00236008678384977
2025-11-22,wk inc flu prop ed visits,3,2025-12-13,09,quantile,0.25,0.00242082401403697
2025-11-22,wk inc flu prop ed visits,3,2025-12-13,09,quantile,0.3,0.00269408455340726
2025-11-22,wk inc flu prop ed visits,3,2025-12-13,09,quantile,0.35,0.00291061654964882
2025-11-22,wk inc flu prop ed visits,3,2025-12-13,09,quantile,0.4,0.00311787172256977
2025-11-22,wk inc flu prop ed visits,3,2025-12-13,09,quantile,0.45,0.00337150794902017
2025-11-22,wk inc flu prop ed visits,3,2025-12-13,09,quantile,0.5,0.00357291413445698
2025-11-22,wk inc flu prop ed visits,3,2025-12-13,09,quantile,0.55,0.00381648671025235
2025-11-22,wk inc flu prop ed visits,3,2025-12-13,09,quantile,0.6,0.00408406805736282
2025-11-22,wk inc flu prop ed visits,3,2025-12-13,09,quantile,0.65,0.00442856899106073
2025-11-22,wk inc flu prop ed visits,3,2025-12-13,09,quantile,0.7,0.00483355640293693
2025-11-22,wk inc flu prop ed visits,3,2025-12-13,09,quantile,0.75,0.00536878331617936
2025-11-22,wk inc flu prop ed visits,3,2025-12-13,09,quantile,0.8,0.00617472440371248
2025-11-22,wk inc flu prop ed visits,3,2025-12-13,09,quantile,0.85,0.00753740017476842
2025-11-22,wk inc flu prop ed visits,3,2025-12-13,09,quantile,0.9,0.00960918300293223
2025-11-22,wk inc flu prop ed visits,3,2025-12-13,09,quantile,0.95,0.0128765786176675
2025-11-22,wk inc flu prop ed visits,3,2025-12-13,09,quantile,0.975,0.0128765786176675
2025-11-22,wk inc flu prop ed visits,3,2025-12-13,09,quantile,0.99,0.0128765786176675
2025-11-22,wk inc flu prop ed visits,0,2025-11-22,10,quantile,0.01,0.00113791652106673
2025-11-22,wk inc flu prop ed visits,0,2025-11-22,10,quantile,0.025,0.00115793151567066
2025-11-22,wk inc flu prop ed visits,0,2025-11-22,10,quantile,0.05,0.00139277048911846
2025-11-22,wk inc flu prop ed visits,0,2025-11-22,10,quantile,0.1,0.00152148577565827
2025-11-22,wk inc flu prop ed visits,0,2025-11-22,10,quantile,0.15,0.0018346444401603
2025-11-22,wk inc flu prop ed visits,0,2025-11-22,10,quantile,0.2,0.00195728799343957
2025-11-22,wk inc flu prop ed visits,0,2025-11-22,10,quantile,0.25,0.00195728838178112
2025-11-22,wk inc flu prop ed visits,0,2025-11-22,10,quantile,0.3,0.00215815371019154
2025-11-22,wk inc flu prop ed visits,0,2025-11-22,10,quantile,0.35,0.00228447777512364
2025-11-22,wk inc flu prop ed visits,0,2025-11-22,10,quantile,0.4,0.00242443706629731
2025-11-22,wk inc flu prop ed visits,0,2025-11-22,10,quantile,0.45,0.00251210549370744
2025-11-22,wk inc flu prop ed visits,0,2025-11-22,10,quantile,0.5,0.00265264271020786
2025-11-22,wk inc flu prop ed visits,0,2025-11-22,10,quantile,0.55,0.00274766937554654
2025-11-22,wk inc flu prop ed visits,0,2025-11-22,10,quantile,0.6,0.00285112226472766
2025-11-22,wk inc flu prop ed visits,0,2025-11-22,10,quantile,0.65,0.00300911962513714
2025-11-22,wk inc flu prop ed visits,0,2025-11-22,10,quantile,0.7,0.0031276282451102
2025-11-22,wk inc flu prop ed visits,0,2025-11-22,10,quantile,0.75,0.00330196726529269
2025-11-22,wk inc flu prop ed visits,0,2025-11-22,10,quantile,0.8,0.00351525163348705
2025-11-22,wk inc flu prop ed visits,0,2025-11-22,10,quantile,0.85,0.00380515481711749
2025-11-22,wk inc flu prop ed visits,0,2025-11-22,10,quantile,0.9,0.00419912740044149
2025-11-22,wk inc flu prop ed visits,0,2025-11-22,10,quantile,0.95,0.00489729891516701
2025-11-22,wk inc flu prop ed visits,0,2025-11-22,10,quantile,0.975,0.00559212870967539
2025-11-22,wk inc flu prop ed visits,0,2025-11-22,10,quantile,0.99,0.0065706536177982
2025-11-22,wk inc flu prop ed visits,1,2025-11-29,10,quantile,0.01,9.0783085925605e-4
2025-11-22,wk inc flu prop ed visits,1,2025-11-29,10,quantile,0.025,0.00109438738257715
2025-11-22,wk inc flu prop ed visits,1,2025-11-29,10,quantile,0.05,0.00126360769253198
2025-11-22,wk inc flu prop ed visits,1,2025-11-29,10,quantile,0.1,0.00155276735364474
2025-11-22,wk inc flu prop ed visits,1,2025-11-29,10,quantile,0.15,0.00167893182703512
2025-11-22,wk inc flu prop ed visits,1,2025-11-29,10,quantile,0.2,0.00181772636390607
2025-11-22,wk inc flu prop ed visits,1,2025-11-29,10,quantile,0.25,0.00200111224373142
2025-11-22,wk inc flu prop ed visits,1,2025-11-29,10,quantile,0.3,0.00210310967868625
2025-11-22,wk inc flu prop ed visits,1,2025-11-29,10,quantile,0.35,0.00215698531154653
2025-11-22,wk inc flu prop ed visits,1,2025-11-29,10,quantile,0.4,0.0022319101120384
2025-11-22,wk inc flu prop ed visits,1,2025-11-29,10,quantile,0.45,0.00236116460234797
2025-11-22,wk inc flu prop ed visits,1,2025-11-29,10,quantile,0.5,0.00250505688641259
2025-11-22,wk inc flu prop ed visits,1,2025-11-29,10,quantile,0.55,0.00264713857048558
2025-11-22,wk inc flu prop ed visits,1,2025-11-29,10,quantile,0.6,0.00279619936041538
2025-11-22,wk inc flu prop ed visits,1,2025-11-29,10,quantile,0.65,0.00298633685764404
2025-11-22,wk inc flu prop ed visits,1,2025-11-29,10,quantile,0.7,0.00321999963165496
2025-11-22,wk inc flu prop ed visits,1,2025-11-29,10,quantile,0.75,0.00345896833741231
2025-11-22,wk inc flu prop ed visits,1,2025-11-29,10,quantile,0.8,0.00380447664263325
2025-11-22,wk inc flu prop ed visits,1,2025-11-29,10,quantile,0.85,0.00429035002278849
2025-11-22,wk inc flu prop ed visits,1,2025-11-29,10,quantile,0.9,0.00524382197324315
2025-11-22,wk inc flu prop ed visits,1,2025-11-29,10,quantile,0.95,0.00668807299678973
2025-11-22,wk inc flu prop ed visits,1,2025-11-29,10,quantile,0.975,0.00812797602739579
2025-11-22,wk inc flu prop ed visits,1,2025-11-29,10,quantile,0.99,0.00820123436751173
2025-11-22,wk inc flu prop ed visits,2,2025-12-06,10,quantile,0.01,5.7746111702583e-4
2025-11-22,wk inc flu prop ed visits,2,2025-12-06,10,quantile,0.025,8.7645936086678e-4
2025-11-22,wk inc flu prop ed visits,2,2025-12-06,10,quantile,0.05,0.00112133791919259
2025-11-22,wk inc flu prop ed visits,2,2025-12-06,10,quantile,0.1,0.00137728270879561
2025-11-22,wk inc flu prop ed visits,2,2025-12-06,10,quantile,0.15,0.00155914463720973
2025-11-22,wk inc flu prop ed visits,2,2025-12-06,10,quantile,0.2,0.00177395882555044
2025-11-22,wk inc flu prop ed visits,2,2025-12-06,10,quantile,0.25,0.00191653518571225
2025-11-22,wk inc flu prop ed visits,2,2025-12-06,10,quantile,0.3,0.00195379266091956
2025-11-22,wk inc flu prop ed visits,2,2025-12-06,10,quantile,0.35,0.00212201159235695
2025-11-22,wk inc flu prop ed visits,2,2025-12-06,10,quantile,0.4,0.00225088229719487
2025-11-22,wk inc flu prop ed visits,2,2025-12-06,10,quantile,0.45,0.00243919688970807
2025-11-22,wk inc flu prop ed visits,2,2025-12-06,10,quantile,0.5,0.0025897949828241
2025-11-22,wk inc flu prop ed visits,2,2025-12-06,10,quantile,0.55,0.00279055969839438
2025-11-22,wk inc flu prop ed visits,2,2025-12-06,10,quantile,0.6,0.00298370179882037
2025-11-22,wk inc flu prop ed visits,2,2025-12-06,10,quantile,0.65,0.00322135555219421
2025-11-22,wk inc flu prop ed visits,2,2025-12-06,10,quantile,0.7,0.00354086435875635
2025-11-22,wk inc flu prop ed visits,2,2025-12-06,10,quantile,0.75,0.003913329564753
2025-11-22,wk inc flu prop ed visits,2,2025-12-06,10,quantile,0.8,0.00442548032311534
2025-11-22,wk inc flu prop ed visits,2,2025-12-06,10,quantile,0.85,0.00521389816063331
2025-11-22,wk inc flu prop ed visits,2,2025-12-06,10,quantile,0.9,0.00660281460806635
2025-11-22,wk inc flu prop ed visits,2,2025-12-06,10,quantile,0.95,0.00930863878966535
2025-11-22,wk inc flu prop ed visits,2,2025-12-06,10,quantile,0.975,0.00976950300027197
2025-11-22,wk inc flu prop ed visits,2,2025-12-06,10,quantile,0.99,0.00976950300027197
2025-11-22,wk inc flu prop ed visits,3,2025-12-13,10,quantile,0.01,5.8473530750347e-4
2025-11-22,wk inc flu prop ed visits,3,2025-12-13,10,quantile,0.025,8.2810427280648e-4
2025-11-22,wk inc flu prop ed visits,3,2025-12-13,10,quantile,0.05,0.00105681959546533
2025-11-22,wk inc flu prop ed visits,3,2025-12-13,10,quantile,0.1,0.00139666844451496
2025-11-22,wk inc flu prop ed visits,3,2025-12-13,10,quantile,0.15,0.00161892589269902
2025-11-22,wk inc flu prop ed visits,3,2025-12-13,10,quantile,0.2,0.00173024937368279
2025-11-22,wk inc flu prop ed visits,3,2025-12-13,10,quantile,0.25,0.00179134936604983
2025-11-22,wk inc flu prop ed visits,3,2025-12-13,10,quantile,0.3,0.00205216900759889
2025-11-22,wk inc flu prop ed visits,3,2025-12-13,10,quantile,0.35,0.00226550574049746
2025-11-22,wk inc flu prop ed visits,3,2025-12-13,10,quantile,0.4,0.00246801701799542
2025-11-22,wk inc flu prop ed visits,3,2025-12-13,10,quantile,0.45,0.00272571349895566
2025-11-22,wk inc flu prop ed visits,3,2025-12-13,10,quantile,0.5,0.00291797238126358
2025-11-22,wk inc flu prop ed visits,3,2025-12-13,10,quantile,0.55,0.00317731609633211
2025-11-22,wk inc flu prop ed visits,3,2025-12-13,10,quantile,0.6,0.00344064432494916
2025-11-22,wk inc flu prop ed visits,3,2025-12-13,10,quantile,0.65,0.00379286704779492
2025-11-22,wk inc flu prop ed visits,3,2025-12-13,10,quantile,0.7,0.00420808744587669
2025-11-22,wk inc flu prop ed visits,3,2025-12-13,10,quantile,0.75,0.00475511315530841
2025-11-22,wk inc flu prop ed visits,3,2025-12-13,10,quantile,0.8,0.00561026331177665
2025-11-22,wk inc flu prop ed visits,3,2025-12-13,10,quantile,0.85,0.00706739939836906
2025-11-22,wk inc flu prop ed visits,3,2025-12-13,10,quantile,0.9,0.009327846131769
2025-11-22,wk inc flu prop ed visits,3,2025-12-13,10,quantile,0.95,0.0127645457326639
2025-11-22,wk inc flu prop ed visits,3,2025-12-13,10,quantile,0.975,0.0127645457326639
2025-11-22,wk inc flu prop ed visits,3,2025-12-13,10,quantile,0.99,0.0127645457326639
2025-11-22,wk inc flu prop ed visits,0,2025-11-22,11,quantile,0.01,0.00119556481598557
2025-11-22,wk inc flu prop ed visits,0,2025-11-22,11,quantile,0.025,0.00121333180962381
2025-11-22,wk inc flu prop ed visits,0,2025-11-22,11,quantile,0.05,0.00142181356217815
2025-11-22,wk inc flu prop ed visits,0,2025-11-22,11,quantile,0.1,0.00153536195299586
2025-11-22,wk inc flu prop ed visits,0,2025-11-22,11,quantile,0.15,0.00193777925322841
2025-11-22,wk inc flu prop ed visits,0,2025-11-22,11,quantile,0.2,0.00213589077007868
2025-11-22,wk inc flu prop ed visits,0,2025-11-22,11,quantile,0.25,0.00213589077007868
2025-11-22,wk inc flu prop ed visits,0,2025-11-22,11,quantile,0.3,0.00245603853222438
2025-11-22,wk inc flu prop ed visits,0,2025-11-22,11,quantile,0.35,0.00265365765865502
2025-11-22,wk inc flu prop ed visits,0,2025-11-22,11,quantile,0.4,0.00291491741876879
2025-11-22,wk inc flu prop ed visits,0,2025-11-22,11,quantile,0.45,0.00304888416015388
2025-11-22,wk inc flu prop ed visits,0,2025-11-22,11,quantile,0.5,0.00333910175415888
2025-11-22,wk inc flu prop ed visits,0,2025-11-22,11,quantile,0.55,0.00353058649923347
2025-11-22,wk inc flu prop ed visits,0,2025-11-22,11,quantile,0.6,0.00370872877510256
2025-11-22,wk inc flu prop ed visits,0,2025-11-22,11,quantile,0.65,0.00401824646832039
2025-11-22,wk inc flu prop ed visits,0,2025-11-22,11,quantile,0.7,0.00427033742942247
2025-11-22,wk inc flu prop ed visits,0,2025-11-22,11,quantile,0.75,0.00463452338539146
2025-11-22,wk inc flu prop ed visits,0,2025-11-22,11,quantile,0.8,0.0050807407046538
2025-11-22,wk inc flu prop ed visits,0,2025-11-22,11,quantile,0.85,0.00570043133009184
2025-11-22,wk inc flu prop ed visits,0,2025-11-22,11,quantile,0.9,0.00655457651598927
2025-11-22,wk inc flu prop ed visits,0,2025-11-22,11,quantile,0.95,0.00809447980954824
2025-11-22,wk inc flu prop ed visits,0,2025-11-22,11,quantile,0.975,0.00958206650285425
2025-11-22,wk inc flu prop ed visits,0,2025-11-22,11,quantile,0.99,0.0119763792579543
2025-11-22,wk inc flu prop ed visits,1,2025-11-29,11,quantile,0.01,8.5440977960897e-4
2025-11-22,wk inc flu prop ed visits,1,2025-11-29,11,quantile,0.025,0.00103513291403265
2025-11-22,wk inc flu prop ed visits,1,2025-11-29,11,quantile,0.05,0.00119804905561387
2025-11-22,wk inc flu prop ed visits,1,2025-11-29,11,quantile,0.1,0.00155722882158039
2025-11-22,wk inc flu prop ed visits,1,2025-11-29,11,quantile,0.15,0.00175345917402631
2025-11-22,wk inc flu prop ed visits,1,2025-11-29,11,quantile,0.2,0.00195358618626979
2025-11-22,wk inc flu prop ed visits,1,2025-11-29,11,quantile,0.25,0.00222841381756112
2025-11-22,wk inc flu prop ed visits,1,2025-11-29,11,quantile,0.3,0.00238502904043596
2025-11-22,wk inc flu prop ed visits,1,2025-11-29,11,quantile,0.35,0.00247925348176146
2025-11-22,wk inc flu prop ed visits,1,2025-11-29,11,quantile,0.4,0.00258166257542062
2025-11-22,wk inc flu prop ed visits,1,2025-11-29,11,quantile,0.45,0.0028057433789798
2025-11-22,wk inc flu prop ed visits,1,2025-11-29,11,quantile,0.5,0.00307024143464019
2025-11-22,wk inc flu prop ed visits,1,2025-11-29,11,quantile,0.55,0.00330505378571243
2025-11-22,wk inc flu prop ed visits,1,2025-11-29,11,quantile,0.6,0.00355697359781472
2025-11-22,wk inc flu prop ed visits,1,2025-11-29,11,quantile,0.65,0.00390408964225885
2025-11-22,wk inc flu prop ed visits,1,2025-11-29,11,quantile,0.7,0.00434517611790797
2025-11-22,wk inc flu prop ed visits,1,2025-11-29,11,quantile,0.75,0.0047879032732194
2025-11-22,wk inc flu prop ed visits,1,2025-11-29,11,quantile,0.8,0.00542137942074371
2025-11-22,wk inc flu prop ed visits,1,2025-11-29,11,quantile,0.85,0.0063547851069248
2025-11-22,wk inc flu prop ed visits,1,2025-11-29,11,quantile,0.9,0.00809681245865639
2025-11-22,wk inc flu prop ed visits,1,2025-11-29,11,quantile,0.95,0.0109328846393826
2025-11-22,wk inc flu prop ed visits,1,2025-11-29,11,quantile,0.975,0.0134345913506037
2025-11-22,wk inc flu prop ed visits,1,2025-11-29,11,quantile,0.99,0.0135568523019254
2025-11-22,wk inc flu prop ed visits,2,2025-12-06,11,quantile,0.01,7.7903087911192e-4
2025-11-22,wk inc flu prop ed visits,2,2025-12-06,11,quantile,0.025,0.00106953524022142
2025-11-22,wk inc flu prop ed visits,2,2025-12-06,11,quantile,0.05,0.00132622297863256
2025-11-22,wk inc flu prop ed visits,2,2025-12-06,11,quantile,0.1,0.0016329918203009401
2025-11-22,wk inc flu prop ed visits,2,2025-12-06,11,quantile,0.15,0.00187228766182744
2025-11-22,wk inc flu prop ed visits,2,2025-12-06,11,quantile,0.2,0.00217448298628153
2025-11-22,wk inc flu prop ed visits,2,2025-12-06,11,quantile,0.25,0.00236391057496993
2025-11-22,wk inc flu prop ed visits,2,2025-12-06,11,quantile,0.3,0.00242123788463702
2025-11-22,wk inc flu prop ed visits,2,2025-12-06,11,quantile,0.35,0.00265069069639462
2025-11-22,wk inc flu prop ed visits,2,2025-12-06,11,quantile,0.4,0.00282601069989651
2025-11-22,wk inc flu prop ed visits,2,2025-12-06,11,quantile,0.45,0.00312995513186314
2025-11-22,wk inc flu prop ed visits,2,2025-12-06,11,quantile,0.5,0.00335024439735532
2025-11-22,wk inc flu prop ed visits,2,2025-12-06,11,quantile,0.55,0.00368433303382926
2025-11-22,wk inc flu prop ed visits,2,2025-12-06,11,quantile,0.6,0.00396870801632666
2025-11-22,wk inc flu prop ed visits,2,2025-12-06,11,quantile,0.65,0.00434568193560668
2025-11-22,wk inc flu prop ed visits,2,2025-12-06,11,quantile,0.7,0.00488132454106235
2025-11-22,wk inc flu prop ed visits,2,2025-12-06,11,quantile,0.75,0.00551819598894068
2025-11-22,wk inc flu prop ed visits,2,2025-12-06,11,quantile,0.8,0.00639079005541787
2025-11-22,wk inc flu prop ed visits,2,2025-12-06,11,quantile,0.85,0.00769050222943104
2025-11-22,wk inc flu prop ed visits,2,2025-12-06,11,quantile,0.9,0.00988808189102167
2025-11-22,wk inc flu prop ed visits,2,2025-12-06,11,quantile,0.95,0.0144309078606661
2025-11-22,wk inc flu prop ed visits,2,2025-12-06,11,quantile,0.975,0.0151339551465635
2025-11-22,wk inc flu prop ed visits,2,2025-12-06,11,quantile,0.99,0.0151339551465635
2025-11-22,wk inc flu prop ed visits,3,2025-12-13,11,quantile,0.01,8.2573094934765e-4
2025-11-22,wk inc flu prop ed visits,3,2025-12-13,11,quantile,0.025,0.00103955313431606
2025-11-22,wk inc flu prop ed visits,3,2025-12-13,11,quantile,0.05,0.00124847224407909
2025-11-22,wk inc flu prop ed visits,3,2025-12-13,11,quantile,0.1,0.00163440996858782
2025-11-22,wk inc flu prop ed visits,3,2025-12-13,11,quantile,0.15,0.00192110296290878
2025-11-22,wk inc flu prop ed visits,3,2025-12-13,11,quantile,0.2,0.00205437131895468
2025-11-22,wk inc flu prop ed visits,3,2025-12-13,11,quantile,0.25,0.0021449350660727798
2025-11-22,wk inc flu prop ed visits,3,2025-12-13,11,quantile,0.3,0.00249503974244069
2025-11-22,wk inc flu prop ed visits,3,2025-12-13,11,quantile,0.35,0.00278316968189098
2025-11-22,wk inc flu prop ed visits,3,2025-12-13,11,quantile,0.4,0.0030498250353652
2025-11-22,wk inc flu prop ed visits,3,2025-12-13,11,quantile,0.45,0.00344113451553189
2025-11-22,wk inc flu prop ed visits,3,2025-12-13,11,quantile,0.5,0.00371993264501383
2025-11-22,wk inc flu prop ed visits,3,2025-12-13,11,quantile,0.55,0.00413602548236061
2025-11-22,wk inc flu prop ed visits,3,2025-12-13,11,quantile,0.6,0.0045069775199568
2025-11-22,wk inc flu prop ed visits,3,2025-12-13,11,quantile,0.65,0.0050332294359204
2025-11-22,wk inc flu prop ed visits,3,2025-12-13,11,quantile,0.7,0.00569725238637287
2025-11-22,wk inc flu prop ed visits,3,2025-12-13,11,quantile,0.75,0.00653707578221251
2025-11-22,wk inc flu prop ed visits,3,2025-12-13,11,quantile,0.8,0.00792064682347484
2025-11-22,wk inc flu prop ed visits,3,2025-12-13,11,quantile,0.85,0.0101449969471329
2025-11-22,wk inc flu prop ed visits,3,2025-12-13,11,quantile,0.9,0.0136169079437778
2025-11-22,wk inc flu prop ed visits,3,2025-12-13,11,quantile,0.95,0.0188762938609523
2025-11-22,wk inc flu prop ed visits,3,2025-12-13,11,quantile,0.975,0.0188762938609523
2025-11-22,wk inc flu prop ed visits,3,2025-12-13,11,quantile,0.99,0.0188762938609523
2025-11-22,wk inc flu prop ed visits,0,2025-11-22,12,quantile,0.01,0.00847085967826638
2025-11-22,wk inc flu prop ed visits,0,2025-11-22,12,quantile,0.025,0.00855262520691555
2025-11-22,wk inc flu prop ed visits,0,2025-11-22,12,quantile,0.05,0.00951803313602382
2025-11-22,wk inc flu prop ed visits,0,2025-11-22,12,quantile,0.1,0.0101124643853687
2025-11-22,wk inc flu prop ed visits,0,2025-11-22,12,quantile,0.15,0.0112281949113581
2025-11-22,wk inc flu prop ed visits,0,2025-11-22,12,quantile,0.2,0.0115472182658796
2025-11-22,wk inc flu prop ed visits,0,2025-11-22,12,quantile,0.25,0.0115472209837337
2025-11-22,wk inc flu prop ed visits,0,2025-11-22,12,quantile,0.3,0.0121174637634577
2025-11-22,wk inc flu prop ed visits,0,2025-11-22,12,quantile,0.35,0.0124841740404495
2025-11-22,wk inc flu prop ed visits,0,2025-11-22,12,quantile,0.4,0.0128102023477353
2025-11-22,wk inc flu prop ed visits,0,2025-11-22,12,quantile,0.45,0.0130848954436614
2025-11-22,wk inc flu prop ed visits,0,2025-11-22,12,quantile,0.5,0.0134092953797073
2025-11-22,wk inc flu prop ed visits,0,2025-11-22,12,quantile,0.55,0.0136584659236797
2025-11-22,wk inc flu prop ed visits,0,2025-11-22,12,quantile,0.6,0.0139112959987998
2025-11-22,wk inc flu prop ed visits,0,2025-11-22,12,quantile,0.65,0.0142905310391704
2025-11-22,wk inc flu prop ed visits,0,2025-11-22,12,quantile,0.7,0.0145699632991915
2025-11-22,wk inc flu prop ed visits,0,2025-11-22,12,quantile,0.75,0.0149639699330602
2025-11-22,wk inc flu prop ed visits,0,2025-11-22,12,quantile,0.8,0.0154961392129235
2025-11-22,wk inc flu prop ed visits,0,2025-11-22,12,quantile,0.85,0.0161671842364846
2025-11-22,wk inc flu prop ed visits,0,2025-11-22,12,quantile,0.9,0.0170058573850028
2025-11-22,wk inc flu prop ed visits,0,2025-11-22,12,quantile,0.95,0.0184719209175543
2025-11-22,wk inc flu prop ed visits,0,2025-11-22,12,quantile,0.975,0.0199031898098961
2025-11-22,wk inc flu prop ed visits,0,2025-11-22,12,quantile,0.99,0.0217123229443789
2025-11-22,wk inc flu prop ed visits,1,2025-11-29,12,quantile,0.01,0.00700749633220073
2025-11-22,wk inc flu prop ed visits,1,2025-11-29,12,quantile,0.025,0.0077203590262
2025-11-22,wk inc flu prop ed visits,1,2025-11-29,12,quantile,0.05,0.00839197039467746
2025-11-22,wk inc flu prop ed visits,1,2025-11-29,12,quantile,0.1,0.00940567638502933
2025-11-22,wk inc flu prop ed visits,1,2025-11-29,12,quantile,0.15,0.00980995009767731
2025-11-22,wk inc flu prop ed visits,1,2025-11-29,12,quantile,0.2,0.0102865861274183
2025-11-22,wk inc flu prop ed visits,1,2025-11-29,12,quantile,0.25,0.0108875189873541
2025-11-22,wk inc flu prop ed visits,1,2025-11-29,12,quantile,0.3,0.0112356938158944
2025-11-22,wk inc flu prop ed visits,1,2025-11-29,12,quantile,0.35,0.0114077468651056
2025-11-22,wk inc flu prop ed visits,1,2025-11-29,12,quantile,0.4,0.0116490297890447
2025-11-22,wk inc flu prop ed visits,1,2025-11-29,12,quantile,0.45,0.0120444861735897
2025-11-22,wk inc flu prop ed visits,1,2025-11-29,12,quantile,0.5,0.0124925639886912
2025-11-22,wk inc flu prop ed visits,1,2025-11-29,12,quantile,0.55,0.0129197666535807
2025-11-22,wk inc flu prop ed visits,1,2025-11-29,12,quantile,0.6,0.0133808140461474
2025-11-22,wk inc flu prop ed visits,1,2025-11-29,12,quantile,0.65,0.013916919160003
2025-11-22,wk inc flu prop ed visits,1,2025-11-29,12,quantile,0.7,0.0145847927973993
2025-11-22,wk inc flu prop ed visits,1,2025-11-29,12,quantile,0.75,0.0152628914897471
2025-11-22,wk inc flu prop ed visits,1,2025-11-29,12,quantile,0.8,0.0162366883849592
2025-11-22,wk inc flu prop ed visits,1,2025-11-29,12,quantile,0.85,0.0174863034478413
2025-11-22,wk inc flu prop ed visits,1,2025-11-29,12,quantile,0.9,0.0197994419075448
2025-11-22,wk inc flu prop ed visits,1,2025-11-29,12,quantile,0.95,0.023168333470645
2025-11-22,wk inc flu prop ed visits,1,2025-11-29,12,quantile,0.975,0.0269282129639339
2025-11-22,wk inc flu prop ed visits,1,2025-11-29,12,quantile,0.99,0.0271285891525268
2025-11-22,wk inc flu prop ed visits,2,2025-12-06,12,quantile,0.01,0.00586064700453528
2025-11-22,wk inc flu prop ed visits,2,2025-12-06,12,quantile,0.025,0.00695394863504094
2025-11-22,wk inc flu prop ed visits,2,2025-12-06,12,quantile,0.05,0.0078244326855852
2025-11-22,wk inc flu prop ed visits,2,2025-12-06,12,quantile,0.1,0.00869419880405939
2025-11-22,wk inc flu prop ed visits,2,2025-12-06,12,quantile,0.15,0.00928685051819049
2025-11-22,wk inc flu prop ed visits,2,2025-12-06,12,quantile,0.2,0.00998176428898759
2025-11-22,wk inc flu prop ed visits,2,2025-12-06,12,quantile,0.25,0.010473470605779
2025-11-22,wk inc flu prop ed visits,2,2025-12-06,12,quantile,0.3,0.0105931198931246
2025-11-22,wk inc flu prop ed visits,2,2025-12-06,12,quantile,0.35,0.0111456431441041
2025-11-22,wk inc flu prop ed visits,2,2025-12-06,12,quantile,0.4,0.0115671684225066
2025-11-22,wk inc flu prop ed visits,2,2025-12-06,12,quantile,0.45,0.0121506852192879
2025-11-22,wk inc flu prop ed visits,2,2025-12-06,12,quantile,0.5,0.012643294142799
2025-11-22,wk inc flu prop ed visits,2,2025-12-06,12,quantile,0.55,0.0132480480173042
2025-11-22,wk inc flu prop ed visits,2,2025-12-06,12,quantile,0.6,0.0138701264274857
2025-11-22,wk inc flu prop ed visits,2,2025-12-06,12,quantile,0.65,0.0145808526496471
2025-11-22,wk inc flu prop ed visits,2,2025-12-06,12,quantile,0.7,0.0155301205754741
2025-11-22,wk inc flu prop ed visits,2,2025-12-06,12,quantile,0.75,0.0166130948150208
2025-11-22,wk inc flu prop ed visits,2,2025-12-06,12,quantile,0.8,0.0180428287210646
2025-11-22,wk inc flu prop ed visits,2,2025-12-06,12,quantile,0.85,0.0202019881131897
2025-11-22,wk inc flu prop ed visits,2,2025-12-06,12,quantile,0.9,0.0240222631862842
2025-11-22,wk inc flu prop ed visits,2,2025-12-06,12,quantile,0.95,0.0312836451155363
2025-11-22,wk inc flu prop ed visits,2,2025-12-06,12,quantile,0.975,0.0326265377135872
2025-11-22,wk inc flu prop ed visits,2,2025-12-06,12,quantile,0.99,0.0326265377135872
2025-11-22,wk inc flu prop ed visits,3,2025-12-13,12,quantile,0.01,0.00587308487711349
2025-11-22,wk inc flu prop ed visits,3,2025-12-13,12,quantile,0.025,0.0069951233088365
2025-11-22,wk inc flu prop ed visits,3,2025-12-13,12,quantile,0.05,0.00797340995419148
2025-11-22,wk inc flu prop ed visits,3,2025-12-13,12,quantile,0.1,0.00931458582667029
2025-11-22,wk inc flu prop ed visits,3,2025-12-13,12,quantile,0.15,0.0100707285665794
2025-11-22,wk inc flu prop ed visits,3,2025-12-13,12,quantile,0.2,0.0104577775364982
2025-11-22,wk inc flu prop ed visits,3,2025-12-13,12,quantile,0.25,0.0106395387521109
2025-11-22,wk inc flu prop ed visits,3,2025-12-13,12,quantile,0.3,0.0114967650917095
2025-11-22,wk inc flu prop ed visits,3,2025-12-13,12,quantile,0.35,0.0121020135887226
2025-11-22,wk inc flu prop ed visits,3,2025-12-13,12,quantile,0.4,0.0127135165330922
2025-11-22,wk inc flu prop ed visits,3,2025-12-13,12,quantile,0.45,0.0134714021343647
2025-11-22,wk inc flu prop ed visits,3,2025-12-13,12,quantile,0.5,0.0141197254710992
2025-11-22,wk inc flu prop ed visits,3,2025-12-13,12,quantile,0.55,0.0147568826810864
2025-11-22,wk inc flu prop ed visits,3,2025-12-13,12,quantile,0.6,0.015560032037144
2025-11-22,wk inc flu prop ed visits,3,2025-12-13,12,quantile,0.65,0.0165484760021795
2025-11-22,wk inc flu prop ed visits,3,2025-12-13,12,quantile,0.7,0.0176835884957553
2025-11-22,wk inc flu prop ed visits,3,2025-12-13,12,quantile,0.75,0.0191529757191126
2025-11-22,wk inc flu prop ed visits,3,2025-12-13,12,quantile,0.8,0.0212883825950914
2025-11-22,wk inc flu prop ed visits,3,2025-12-13,12,quantile,0.85,0.0249377018100588
2025-11-22,wk inc flu prop ed visits,3,2025-12-13,12,quantile,0.9,0.0300545348509069
2025-11-22,wk inc flu prop ed visits,3,2025-12-13,12,quantile,0.95,0.0383824846538301
2025-11-22,wk inc flu prop ed visits,3,2025-12-13,12,quantile,0.975,0.0383824846538301
2025-11-22,wk inc flu prop ed visits,3,2025-12-13,12,quantile,0.99,0.0383824846538301
2025-11-22,wk inc flu prop ed visits,0,2025-11-22,13,quantile,0.01,0.00215503170333906
2025-11-22,wk inc flu prop ed visits,0,2025-11-22,13,quantile,0.025,0.00218655943401985
2025-11-22,wk inc flu prop ed visits,0,2025-11-22,13,quantile,0.05,0.00255718857031267
2025-11-22,wk inc flu prop ed visits,0,2025-11-22,13,quantile,0.1,0.00276899524438328
2025-11-22,wk inc flu prop ed visits,0,2025-11-22,13,quantile,0.15,0.00322661255951587
2025-11-22,wk inc flu prop ed visits,0,2025-11-22,13,quantile,0.2,0.00338226944638737
2025-11-22,wk inc flu prop ed visits,0,2025-11-22,13,quantile,0.25,0.00338227049018281
2025-11-22,wk inc flu prop ed visits,0,2025-11-22,13,quantile,0.3,0.0036498521683845
2025-11-22,wk inc flu prop ed visits,0,2025-11-22,13,quantile,0.35,0.00381795584570294
2025-11-22,wk inc flu prop ed visits,0,2025-11-22,13,quantile,0.4,0.00398981566238827
2025-11-22,wk inc flu prop ed visits,0,2025-11-22,13,quantile,0.45,0.00410899629637736
2025-11-22,wk inc flu prop ed visits,0,2025-11-22,13,quantile,0.5,0.00427759311038195
2025-11-22,wk inc flu prop ed visits,0,2025-11-22,13,quantile,0.55,0.00439862438325871
2025-11-22,wk inc flu prop ed visits,0,2025-11-22,13,quantile,0.6,0.0045296030334865
2025-11-22,wk inc flu prop ed visits,0,2025-11-22,13,quantile,0.65,0.00472665300217403
2025-11-22,wk inc flu prop ed visits,0,2025-11-22,13,quantile,0.7,0.00486746660985121
2025-11-22,wk inc flu prop ed visits,0,2025-11-22,13,quantile,0.75,0.00508885839578111
2025-11-22,wk inc flu prop ed visits,0,2025-11-22,13,quantile,0.8,0.00535144486613748
2025-11-22,wk inc flu prop ed visits,0,2025-11-22,13,quantile,0.85,0.00570440737146107
2025-11-22,wk inc flu prop ed visits,0,2025-11-22,13,quantile,0.9,0.00616492702441103
2025-11-22,wk inc flu prop ed visits,0,2025-11-22,13,quantile,0.95,0.00696048475629783
2025-11-22,wk inc flu prop ed visits,0,2025-11-22,13,quantile,0.975,0.0077750651504139
2025-11-22,wk inc flu prop ed visits,0,2025-11-22,13,quantile,0.99,0.00884299647160206
2025-11-22,wk inc flu prop ed visits,1,2025-11-29,13,quantile,0.01,0.00175685783509945
2025-11-22,wk inc flu prop ed visits,1,2025-11-29,13,quantile,0.025,0.00203422215493502
2025-11-22,wk inc flu prop ed visits,1,2025-11-29,13,quantile,0.05,0.0022901647744976
2025-11-22,wk inc flu prop ed visits,1,2025-11-29,13,quantile,0.1,0.00269869814521353
2025-11-22,wk inc flu prop ed visits,1,2025-11-29,13,quantile,0.15,0.00286650060065667
2025-11-22,wk inc flu prop ed visits,1,2025-11-29,13,quantile,0.2,0.00305820180353964
2025-11-22,wk inc flu prop ed visits,1,2025-11-29,13,quantile,0.25,0.00330355377535675
2025-11-22,wk inc flu prop ed visits,1,2025-11-29,13,quantile,0.3,0.0034423259892986
2025-11-22,wk inc flu prop ed visits,1,2025-11-29,13,quantile,0.35,0.00351410879080063
2025-11-22,wk inc flu prop ed visits,1,2025-11-29,13,quantile,0.4,0.00361187140424699
2025-11-22,wk inc flu prop ed visits,1,2025-11-29,13,quantile,0.45,0.00377970256848345
2025-11-22,wk inc flu prop ed visits,1,2025-11-29,13,quantile,0.5,0.00396749120706532
2025-11-22,wk inc flu prop ed visits,1,2025-11-29,13,quantile,0.55,0.00414951536373122
2025-11-22,wk inc flu prop ed visits,1,2025-11-29,13,quantile,0.6,0.00434468549005886
2025-11-22,wk inc flu prop ed visits,1,2025-11-29,13,quantile,0.65,0.00458166555268041
2025-11-22,wk inc flu prop ed visits,1,2025-11-29,13,quantile,0.7,0.00487660073125336
2025-11-22,wk inc flu prop ed visits,1,2025-11-29,13,quantile,0.75,0.00517857628978258
2025-11-22,wk inc flu prop ed visits,1,2025-11-29,13,quantile,0.8,0.00561382496751404
2025-11-22,wk inc flu prop ed visits,1,2025-11-29,13,quantile,0.85,0.00620301585215502
2025-11-22,wk inc flu prop ed visits,1,2025-11-29,13,quantile,0.9,0.00734833507315614
2025-11-22,wk inc flu prop ed visits,1,2025-11-29,13,quantile,0.95,0.00902031009025455
2025-11-22,wk inc flu prop ed visits,1,2025-11-29,13,quantile,0.975,0.0107874514356206
2025-11-22,wk inc flu prop ed visits,1,2025-11-29,13,quantile,0.99,0.010878934350284
2025-11-22,wk inc flu prop ed visits,2,2025-12-06,13,quantile,0.01,0.00115786206262768
2025-11-22,wk inc flu prop ed visits,2,2025-12-06,13,quantile,0.025,0.00159437948605522
2025-11-22,wk inc flu prop ed visits,2,2025-12-06,13,quantile,0.05,0.00195414298960943
2025-11-22,wk inc flu prop ed visits,2,2025-12-06,13,quantile,0.1,0.00231953839793208
2025-11-22,wk inc flu prop ed visits,2,2025-12-06,13,quantile,0.15,0.00257059713102567
2025-11-22,wk inc flu prop ed visits,2,2025-12-06,13,quantile,0.2,0.00286981520376582
2025-11-22,wk inc flu prop ed visits,2,2025-12-06,13,quantile,0.25,0.00306679769584269
2025-11-22,wk inc flu prop ed visits,2,2025-12-06,13,quantile,0.3,0.00311772441468353
2025-11-22,wk inc flu prop ed visits,2,2025-12-06,13,quantile,0.35,0.00335119733748457
2025-11-22,wk inc flu prop ed visits,2,2025-12-06,13,quantile,0.4,0.00352756185274128
2025-11-22,wk inc flu prop ed visits,2,2025-12-06,13,quantile,0.45,0.00377763422695627
2025-11-22,wk inc flu prop ed visits,2,2025-12-06,13,quantile,0.5,0.00398072748882884
2025-11-22,wk inc flu prop ed visits,2,2025-12-06,13,quantile,0.55,0.00424443944996226
2025-11-22,wk inc flu prop ed visits,2,2025-12-06,13,quantile,0.6,0.00450691397287743
2025-11-22,wk inc flu prop ed visits,2,2025-12-06,13,quantile,0.65,0.0048185691595333
2025-11-22,wk inc flu prop ed visits,2,2025-12-06,13,quantile,0.7,0.00523493339863271
2025-11-22,wk inc flu prop ed visits,2,2025-12-06,13,quantile,0.75,0.00571755667667681
2025-11-22,wk inc flu prop ed visits,2,2025-12-06,13,quantile,0.8,0.00636835658767107
2025-11-22,wk inc flu prop ed visits,2,2025-12-06,13,quantile,0.85,0.00737843818578006
2025-11-22,wk inc flu prop ed visits,2,2025-12-06,13,quantile,0.9,0.00916875067359634
2025-11-22,wk inc flu prop ed visits,2,2025-12-06,13,quantile,0.95,0.0126094465518467
2025-11-22,wk inc flu prop ed visits,2,2025-12-06,13,quantile,0.975,0.0132221561814661
2025-11-22,wk inc flu prop ed visits,2,2025-12-06,13,quantile,0.99,0.0132221561814661
2025-11-22,wk inc flu prop ed visits,3,2025-12-13,13,quantile,0.01,0.00115441363777798
2025-11-22,wk inc flu prop ed visits,3,2025-12-13,13,quantile,0.025,0.00155105613470018
2025-11-22,wk inc flu prop ed visits,3,2025-12-13,13,quantile,0.05,0.00192340936490879
2025-11-22,wk inc flu prop ed visits,3,2025-12-13,13,quantile,0.1,0.00245536181415773
2025-11-22,wk inc flu prop ed visits,3,2025-12-13,13,quantile,0.15,0.00276988759762107
2025-11-22,wk inc flu prop ed visits,3,2025-12-13,13,quantile,0.2,0.00293584676989472
2025-11-22,wk inc flu prop ed visits,3,2025-12-13,13,quantile,0.25,0.00301743739965763
2025-11-22,wk inc flu prop ed visits,3,2025-12-13,13,quantile,0.3,0.00339018283649285
2025-11-22,wk inc flu prop ed visits,3,2025-12-13,13,quantile,0.35,0.00368895583014287
2025-11-22,wk inc flu prop ed visits,3,2025-12-13,13,quantile,0.4,0.00396755685886572
2025-11-22,wk inc flu prop ed visits,3,2025-12-13,13,quantile,0.45,0.00431864588672751
2025-11-22,wk inc flu prop ed visits,3,2025-12-13,13,quantile,0.5,0.00458056400288018
2025-11-22,wk inc flu prop ed visits,3,2025-12-13,13,quantile,0.55,0.00492632256979877
2025-11-22,wk inc flu prop ed visits,3,2025-12-13,13,quantile,0.6,0.00528795618494786
2025-11-22,wk inc flu prop ed visits,3,2025-12-13,13,quantile,0.65,0.00575467412958746
2025-11-22,wk inc flu prop ed visits,3,2025-12-13,13,quantile,0.7,0.00629351856078304
2025-11-22,wk inc flu prop ed visits,3,2025-12-13,13,quantile,0.75,0.00702010417763902
2025-11-22,wk inc flu prop ed visits,3,2025-12-13,13,quantile,0.8,0.00810305273871591
2025-11-22,wk inc flu prop ed visits,3,2025-12-13,13,quantile,0.85,0.00997050944775066
2025-11-22,wk inc flu prop ed visits,3,2025-12-13,13,quantile,0.9,0.0128204136240257
2025-11-22,wk inc flu prop ed visits,3,2025-12-13,13,quantile,0.95,0.017418815701255
2025-11-22,wk inc flu prop ed visits,3,2025-12-13,13,quantile,0.975,0.017418815701255
2025-11-22,wk inc flu prop ed visits,3,2025-12-13,13,quantile,0.99,0.017418815701255
2025-11-22,wk inc flu prop ed visits,0,2025-11-22,15,quantile,0.01,0.0118321833540126
2025-11-22,wk inc flu prop ed visits,0,2025-11-22,15,quantile,0.025,0.0119887181433373
2025-11-22,wk inc flu prop ed visits,0,2025-11-22,15,quantile,0.05,0.0138284127264594
2025-11-22,wk inc flu prop ed visits,0,2025-11-22,15,quantile,0.1,0.0148670324659958
2025-11-22,wk inc flu prop ed visits,0,2025-11-22,15,quantile,0.15,0.0170899086270909
2025-11-22,wk inc flu prop ed visits,0,2025-11-22,15,quantile,0.2,0.0178856121421406
2025-11-22,wk inc flu prop ed visits,0,2025-11-22,15,quantile,0.25,0.0178856147882846
2025-11-22,wk inc flu prop ed visits,0,2025-11-22,15,quantile,0.3,0.0193011682188286
2025-11-22,wk inc flu prop ed visits,0,2025-11-22,15,quantile,0.35,0.0201683090462131
2025-11-22,wk inc flu prop ed visits,0,2025-11-22,15,quantile,0.4,0.0210601627366772
2025-11-22,wk inc flu prop ed visits,0,2025-11-22,15,quantile,0.45,0.0216845157195797
2025-11-22,wk inc flu prop ed visits,0,2025-11-22,15,quantile,0.5,0.0225841047324346
2025-11-22,wk inc flu prop ed visits,0,2025-11-22,15,quantile,0.55,0.0232126703385322
2025-11-22,wk inc flu prop ed visits,0,2025-11-22,15,quantile,0.6,0.0238888509417413
2025-11-22,wk inc flu prop ed visits,0,2025-11-22,15,quantile,0.65,0.0249465186836891
2025-11-22,wk inc flu prop ed visits,0,2025-11-22,15,quantile,0.7,0.0256936907709922
2025-11-22,wk inc flu prop ed visits,0,2025-11-22,15,quantile,0.75,0.0268818563634902
2025-11-22,wk inc flu prop ed visits,0,2025-11-22,15,quantile,0.8,0.0282820918561627
2025-11-22,wk inc flu prop ed visits,0,2025-11-22,15,quantile,0.85,0.0301538463113504
2025-11-22,wk inc flu prop ed visits,0,2025-11-22,15,quantile,0.9,0.0326013273056148
2025-11-22,wk inc flu prop ed visits,0,2025-11-22,15,quantile,0.95,0.0368327730230226
2025-11-22,wk inc flu prop ed visits,0,2025-11-22,15,quantile,0.975,0.0410481455376601
2025-11-22,wk inc flu prop ed visits,0,2025-11-22,15,quantile,0.99,0.0466432206315241
2025-11-22,wk inc flu prop ed visits,1,2025-11-29,15,quantile,0.01,0.0097221010282476
2025-11-22,wk inc flu prop ed visits,1,2025-11-29,15,quantile,0.025,0.0110908639965627
2025-11-22,wk inc flu prop ed visits,1,2025-11-29,15,quantile,0.05,0.0123485484809157
2025-11-22,wk inc flu prop ed visits,1,2025-11-29,15,quantile,0.1,0.014336224349416
2025-11-22,wk inc flu prop ed visits,1,2025-11-29,15,quantile,0.15,0.0151921647976226
2025-11-22,wk inc flu prop ed visits,1,2025-11-29,15,quantile,0.2,0.0161941092487918
2025-11-22,wk inc flu prop ed visits,1,2025-11-29,15,quantile,0.25,0.0174566426687051
2025-11-22,wk inc flu prop ed visits,1,2025-11-29,15,quantile,0.3,0.0181614879551858
2025-11-22,wk inc flu prop ed visits,1,2025-11-29,15,quantile,0.35,0.0185292827978457
2025-11-22,wk inc flu prop ed visits,1,2025-11-29,15,quantile,0.4,0.0190256308361665
2025-11-22,wk inc flu prop ed visits,1,2025-11-29,15,quantile,0.45,0.0198974373165108
2025-11-22,wk inc flu prop ed visits,1,2025-11-29,15,quantile,0.5,0.0208909769537805
2025-11-22,wk inc flu prop ed visits,1,2025-11-29,15,quantile,0.55,0.0218283650427954
2025-11-22,wk inc flu prop ed visits,1,2025-11-29,15,quantile,0.6,0.0228616514510447
2025-11-22,wk inc flu prop ed visits,1,2025-11-29,15,quantile,0.65,0.0241018951552876
2025-11-22,wk inc flu prop ed visits,1,2025-11-29,15,quantile,0.7,0.0256719904062339
2025-11-22,wk inc flu prop ed visits,1,2025-11-29,15,quantile,0.75,0.0272642759387844
2025-11-22,wk inc flu prop ed visits,1,2025-11-29,15,quantile,0.8,0.0295610013662703
2025-11-22,wk inc flu prop ed visits,1,2025-11-29,15,quantile,0.85,0.0326630490805482
2025-11-22,wk inc flu prop ed visits,1,2025-11-29,15,quantile,0.9,0.038665534141724
2025-11-22,wk inc flu prop ed visits,1,2025-11-29,15,quantile,0.95,0.0473859493060276
2025-11-22,wk inc flu prop ed visits,1,2025-11-29,15,quantile,0.975,0.056521493300778
2025-11-22,wk inc flu prop ed visits,1,2025-11-29,15,quantile,0.99,0.0569931950042688
2025-11-22,wk inc flu prop ed visits,2,2025-12-06,15,quantile,0.01,0.00692769921227884
2025-11-22,wk inc flu prop ed visits,2,2025-12-06,15,quantile,0.025,0.00906187062862198
2025-11-22,wk inc flu prop ed visits,2,2025-12-06,15,quantile,0.05,0.0107660503453996
2025-11-22,wk inc flu prop ed visits,2,2025-12-06,15,quantile,0.1,0.0125342632321456
2025-11-22,wk inc flu prop ed visits,2,2025-12-06,15,quantile,0.15,0.0137903968473312
2025-11-22,wk inc flu prop ed visits,2,2025-12-06,15,quantile,0.2,0.0153427081461713
2025-11-22,wk inc flu prop ed visits,2,2025-12-06,15,quantile,0.25,0.0163339848114095
2025-11-22,wk inc flu prop ed visits,2,2025-12-06,15,quantile,0.3,0.0165890454275757
2025-11-22,wk inc flu prop ed visits,2,2025-12-06,15,quantile,0.35,0.0177557674355247
2025-11-22,wk inc flu prop ed visits,2,2025-12-06,15,quantile,0.4,0.0186602668012646
2025-11-22,wk inc flu prop ed visits,2,2025-12-06,15,quantile,0.45,0.0199573563648551
2025-11-22,wk inc flu prop ed visits,2,2025-12-06,15,quantile,0.5,0.0209802847715901
2025-11-22,wk inc flu prop ed visits,2,2025-12-06,15,quantile,0.55,0.0223537471077129
2025-11-22,wk inc flu prop ed visits,2,2025-12-06,15,quantile,0.6,0.0236846449404349
2025-11-22,wk inc flu prop ed visits,2,2025-12-06,15,quantile,0.65,0.0252935895591994
2025-11-22,wk inc flu prop ed visits,2,2025-12-06,15,quantile,0.7,0.027460310500701
2025-11-22,wk inc flu prop ed visits,2,2025-12-06,15,quantile,0.75,0.0299845459491433
2025-11-22,wk inc flu prop ed visits,2,2025-12-06,15,quantile,0.8,0.0333156113115789
2025-11-22,wk inc flu prop ed visits,2,2025-12-06,15,quantile,0.85,0.038444149322962
2025-11-22,wk inc flu prop ed visits,2,2025-12-06,15,quantile,0.9,0.0474596983006752
2025-11-22,wk inc flu prop ed visits,2,2025-12-06,15,quantile,0.95,0.0647582281683002
2025-11-22,wk inc flu prop ed visits,2,2025-12-06,15,quantile,0.975,0.067835764766886
2025-11-22,wk inc flu prop ed visits,2,2025-12-06,15,quantile,0.99,0.067835764766886
2025-11-22,wk inc flu prop ed visits,3,2025-12-13,15,quantile,0.01,0.00662942812509153
2025-11-22,wk inc flu prop ed visits,3,2025-12-13,15,quantile,0.025,0.00864921960317607
2025-11-22,wk inc flu prop ed visits,3,2025-12-13,15,quantile,0.05,0.0104812928553684
2025-11-22,wk inc flu prop ed visits,3,2025-12-13,15,quantile,0.1,0.0131480084853467
2025-11-22,wk inc flu prop ed visits,3,2025-12-13,15,quantile,0.15,0.0147435945642445
2025-11-22,wk inc flu prop ed visits,3,2025-12-13,15,quantile,0.2,0.0155861367396007
2025-11-22,wk inc flu prop ed visits,3,2025-12-13,15,quantile,0.25,0.0160152451857877
2025-11-22,wk inc flu prop ed visits,3,2025-12-13,15,quantile,0.3,0.0179149666545889
2025-11-22,wk inc flu prop ed visits,3,2025-12-13,15,quantile,0.35,0.0194186603151225
2025-11-22,wk inc flu prop ed visits,3,2025-12-13,15,quantile,0.4,0.0208238373749015
2025-11-22,wk inc flu prop ed visits,3,2025-12-13,15,quantile,0.45,0.0226180802024063
2025-11-22,wk inc flu prop ed visits,3,2025-12-13,15,quantile,0.5,0.0239744998075131
2025-11-22,wk inc flu prop ed visits,3,2025-12-13,15,quantile,0.55,0.0257414865799617
2025-11-22,wk inc flu prop ed visits,3,2025-12-13,15,quantile,0.6,0.0275923221867839
2025-11-22,wk inc flu prop ed visits,3,2025-12-13,15,quantile,0.65,0.0299959271302936
2025-11-22,wk inc flu prop ed visits,3,2025-12-13,15,quantile,0.7,0.0328099771535802
2025-11-22,wk inc flu prop ed visits,3,2025-12-13,15,quantile,0.75,0.0365155744207914
2025-11-22,wk inc flu prop ed visits,3,2025-12-13,15,quantile,0.8,0.0421254993633764
2025-11-22,wk inc flu prop ed visits,3,2025-12-13,15,quantile,0.85,0.0516514279204353
2025-11-22,wk inc flu prop ed visits,3,2025-12-13,15,quantile,0.9,0.0660787672707388
2025-11-22,wk inc flu prop ed visits,3,2025-12-13,15,quantile,0.95,0.0896869409403968
2025-11-22,wk inc flu prop ed visits,3,2025-12-13,15,quantile,0.975,0.0896869409403968
2025-11-22,wk inc flu prop ed visits,3,2025-12-13,15,quantile,0.99,0.0896869409403968
2025-11-22,wk inc flu prop ed visits,0,2025-11-22,16,quantile,0.01,0.00257642727301398
2025-11-22,wk inc flu prop ed visits,0,2025-11-22,16,quantile,0.025,0.00261186590246033
2025-11-22,wk inc flu prop ed visits,0,2025-11-22,16,quantile,0.05,0.00302841575035357
2025-11-22,wk inc flu prop ed visits,0,2025-11-22,16,quantile,0.1,0.00326265330082132
2025-11-22,wk inc flu prop ed visits,0,2025-11-22,16,quantile,0.15,0.003896482986905
2025-11-22,wk inc flu prop ed visits,0,2025-11-22,16,quantile,0.2,0.00417066505630577
2025-11-22,wk inc flu prop ed visits,0,2025-11-22,16,quantile,0.25,0.00417066519262431
2025-11-22,wk inc flu prop ed visits,0,2025-11-22,16,quantile,0.3,0.00462686799391879
2025-11-22,wk inc flu prop ed visits,0,2025-11-22,16,quantile,0.35,0.0049054281161597
2025-11-22,wk inc flu prop ed visits,0,2025-11-22,16,quantile,0.4,0.00523369631174202
2025-11-22,wk inc flu prop ed visits,0,2025-11-22,16,quantile,0.45,0.00543159343560767
2025-11-22,wk inc flu prop ed visits,0,2025-11-22,16,quantile,0.5,0.00577618147598731
2025-11-22,wk inc flu prop ed visits,0,2025-11-22,16,quantile,0.55,0.00600812830358381
2025-11-22,wk inc flu prop ed visits,0,2025-11-22,16,quantile,0.6,0.00624322187666393
2025-11-22,wk inc flu prop ed visits,0,2025-11-22,16,quantile,0.65,0.00663129503800845
2025-11-22,wk inc flu prop ed visits,0,2025-11-22,16,quantile,0.7,0.00692701145393397
2025-11-22,wk inc flu prop ed visits,0,2025-11-22,16,quantile,0.75,0.00735828746580527
2025-11-22,wk inc flu prop ed visits,0,2025-11-22,16,quantile,0.8,0.00789842274899909
2025-11-22,wk inc flu prop ed visits,0,2025-11-22,16,quantile,0.85,0.00863504275189231
2025-11-22,wk inc flu prop ed visits,0,2025-11-22,16,quantile,0.9,0.00964395437020657
2025-11-22,wk inc flu prop ed visits,0,2025-11-22,16,quantile,0.95,0.0114622509819202
2025-11-22,wk inc flu prop ed visits,0,2025-11-22,16,quantile,0.975,0.0132054814518243
2025-11-22,wk inc flu prop ed visits,0,2025-11-22,16,quantile,0.99,0.0158604842462857
2025-11-22,wk inc flu prop ed visits,1,2025-11-29,16,quantile,0.01,0.00213284283085741
2025-11-22,wk inc flu prop ed visits,1,2025-11-29,16,quantile,0.025,0.00248095047260677
2025-11-22,wk inc flu prop ed visits,1,2025-11-29,16,quantile,0.05,0.00279734410059547
2025-11-22,wk inc flu prop ed visits,1,2025-11-29,16,quantile,0.1,0.00337113641632076
2025-11-22,wk inc flu prop ed visits,1,2025-11-29,16,quantile,0.15,0.00363784978816646
2025-11-22,wk inc flu prop ed visits,1,2025-11-29,16,quantile,0.2,0.00392871790814036
2025-11-22,wk inc flu prop ed visits,1,2025-11-29,16,quantile,0.25,0.00431753466520387
2025-11-22,wk inc flu prop ed visits,1,2025-11-29,16,quantile,0.3,0.00453013411145651
2025-11-22,wk inc flu prop ed visits,1,2025-11-29,16,quantile,0.35,0.00464792046876636
2025-11-22,wk inc flu prop ed visits,1,2025-11-29,16,quantile,0.4,0.00480246909765572
2025-11-22,wk inc flu prop ed visits,1,2025-11-29,16,quantile,0.45,0.00508486699450339
2025-11-22,wk inc flu prop ed visits,1,2025-11-29,16,quantile,0.5,0.0054122752394452104
2025-11-22,wk inc flu prop ed visits,1,2025-11-29,16,quantile,0.55,0.00572283671430755
2025-11-22,wk inc flu prop ed visits,1,2025-11-29,16,quantile,0.6,0.00605616725338647
2025-11-22,wk inc flu prop ed visits,1,2025-11-29,16,quantile,0.65,0.0064874915672473
2025-11-22,wk inc flu prop ed visits,1,2025-11-29,16,quantile,0.7,0.00702962776657443
2025-11-22,wk inc flu prop ed visits,1,2025-11-29,16,quantile,0.75,0.00758031644234443
2025-11-22,wk inc flu prop ed visits,1,2025-11-29,16,quantile,0.8,0.00837186689055105
2025-11-22,wk inc flu prop ed visits,1,2025-11-29,16,quantile,0.85,0.00950237401480728
2025-11-22,wk inc flu prop ed visits,1,2025-11-29,16,quantile,0.9,0.0116981525862521
2025-11-22,wk inc flu prop ed visits,1,2025-11-29,16,quantile,0.95,0.0151042481348554
2025-11-22,wk inc flu prop ed visits,1,2025-11-29,16,quantile,0.975,0.0183380191554653
2025-11-22,wk inc flu prop ed visits,1,2025-11-29,16,quantile,0.99,0.0184999685648357
2025-11-22,wk inc flu prop ed visits,2,2025-12-06,16,quantile,0.01,0.00144015117191217
2025-11-22,wk inc flu prop ed visits,2,2025-12-06,16,quantile,0.025,0.00197641876936191
2025-11-22,wk inc flu prop ed visits,2,2025-12-06,16,quantile,0.05,0.00243575832874669
2025-11-22,wk inc flu prop ed visits,2,2025-12-06,16,quantile,0.1,0.00294214324124361
2025-11-22,wk inc flu prop ed visits,2,2025-12-06,16,quantile,0.15,0.00331305975313575
2025-11-22,wk inc flu prop ed visits,2,2025-12-06,16,quantile,0.2,0.00377186030707347
2025-11-22,wk inc flu prop ed visits,2,2025-12-06,16,quantile,0.25,0.00406600937221787
2025-11-22,wk inc flu prop ed visits,2,2025-12-06,16,quantile,0.3,0.00414837976307825
2025-11-22,wk inc flu prop ed visits,2,2025-12-06,16,quantile,0.35,0.00449905443624981
2025-11-22,wk inc flu prop ed visits,2,2025-12-06,16,quantile,0.4,0.00476684142079479
2025-11-22,wk inc flu prop ed visits,2,2025-12-06,16,quantile,0.45,0.00518725110126502
2025-11-22,wk inc flu prop ed visits,2,2025-12-06,16,quantile,0.5,0.00550492229229544
2025-11-22,wk inc flu prop ed visits,2,2025-12-06,16,quantile,0.55,0.005959897066906
2025-11-22,wk inc flu prop ed visits,2,2025-12-06,16,quantile,0.6,0.00637156352459219
2025-11-22,wk inc flu prop ed visits,2,2025-12-06,16,quantile,0.65,0.0068912510122398
2025-11-22,wk inc flu prop ed visits,2,2025-12-06,16,quantile,0.7,0.0076138406214788
2025-11-22,wk inc flu prop ed visits,2,2025-12-06,16,quantile,0.75,0.00845500776903771
2025-11-22,wk inc flu prop ed visits,2,2025-12-06,16,quantile,0.8,0.0096092610136234
2025-11-22,wk inc flu prop ed visits,2,2025-12-06,16,quantile,0.85,0.0113733381183456
2025-11-22,wk inc flu prop ed visits,2,2025-12-06,16,quantile,0.9,0.0144294752892927
2025-11-22,wk inc flu prop ed visits,2,2025-12-06,16,quantile,0.95,0.0205419709771412
2025-11-22,wk inc flu prop ed visits,2,2025-12-06,16,quantile,0.975,0.0215499880441467
2025-11-22,wk inc flu prop ed visits,2,2025-12-06,16,quantile,0.99,0.0215499880441467
2025-11-22,wk inc flu prop ed visits,3,2025-12-13,16,quantile,0.01,0.00146775322039923
2025-11-22,wk inc flu prop ed visits,3,2025-12-13,16,quantile,0.025,0.00190137572872912
2025-11-22,wk inc flu prop ed visits,3,2025-12-13,16,quantile,0.05,0.00232089108296086
2025-11-22,wk inc flu prop ed visits,3,2025-12-13,16,quantile,0.1,0.00299640783713924
2025-11-22,wk inc flu prop ed visits,3,2025-12-13,16,quantile,0.15,0.0034502207864605
2025-11-22,wk inc flu prop ed visits,3,2025-12-13,16,quantile,0.2,0.00367571358575495
2025-11-22,wk inc flu prop ed visits,3,2025-12-13,16,quantile,0.25,0.00380870645937975
2025-11-22,wk inc flu prop ed visits,3,2025-12-13,16,quantile,0.3,0.00435649452416867
2025-11-22,wk inc flu prop ed visits,3,2025-12-13,16,quantile,0.35,0.00480344827280894
2025-11-22,wk inc flu prop ed visits,3,2025-12-13,16,quantile,0.4,0.00521929381010551
2025-11-22,wk inc flu prop ed visits,3,2025-12-13,16,quantile,0.45,0.00578526491025019
2025-11-22,wk inc flu prop ed visits,3,2025-12-13,16,quantile,0.5,0.00618912821321026
2025-11-22,wk inc flu prop ed visits,3,2025-12-13,16,quantile,0.55,0.00677583147061875
2025-11-22,wk inc flu prop ed visits,3,2025-12-13,16,quantile,0.6,0.00733002527780919
2025-11-22,wk inc flu prop ed visits,3,2025-12-13,16,quantile,0.65,0.00808156530701954
2025-11-22,wk inc flu prop ed visits,3,2025-12-13,16,quantile,0.7,0.0090079502798361
2025-11-22,wk inc flu prop ed visits,3,2025-12-13,16,quantile,0.75,0.010190279782822
2025-11-22,wk inc flu prop ed visits,3,2025-12-13,16,quantile,0.8,0.0120856205873486
2025-11-22,wk inc flu prop ed visits,3,2025-12-13,16,quantile,0.85,0.0152553774967711
2025-11-22,wk inc flu prop ed visits,3,2025-12-13,16,quantile,0.9,0.0201295303446439
2025-11-22,wk inc flu prop ed visits,3,2025-12-13,16,quantile,0.95,0.0277244354737236
2025-11-22,wk inc flu prop ed visits,3,2025-12-13,16,quantile,0.975,0.0277244354737236
2025-11-22,wk inc flu prop ed visits,3,2025-12-13,16,quantile,0.99,0.0277244354737236
2025-11-22,wk inc flu prop ed visits,0,2025-11-22,17,quantile,0.01,0.00196556706912354
2025-11-22,wk inc flu prop ed visits,0,2025-11-22,17,quantile,0.025,0.0019881953466315
2025-11-22,wk inc flu prop ed visits,0,2025-11-22,17,quantile,0.05,0.00225475476126416
2025-11-22,wk inc flu prop ed visits,0,2025-11-22,17,quantile,0.1,0.00241165173803583
2025-11-22,wk inc flu prop ed visits,0,2025-11-22,17,quantile,0.15,0.00273354460495284
2025-11-22,wk inc flu prop ed visits,0,2025-11-22,17,quantile,0.2,0.00284531655814734
2025-11-22,wk inc flu prop ed visits,0,2025-11-22,17,quantile,0.25,0.00284531699553265
2025-11-22,wk inc flu prop ed visits,0,2025-11-22,17,quantile,0.3,0.00304147966834381
2025-11-22,wk inc flu prop ed visits,0,2025-11-22,17,quantile,0.35,0.00316101660448692
2025-11-22,wk inc flu prop ed visits,0,2025-11-22,17,quantile,0.4,0.0032795683102575
2025-11-22,wk inc flu prop ed visits,0,2025-11-22,17,quantile,0.45,0.0033689572079085
2025-11-22,wk inc flu prop ed visits,0,2025-11-22,17,quantile,0.5,0.00348841467231141
2025-11-22,wk inc flu prop ed visits,0,2025-11-22,17,quantile,0.55,0.00357396703236555
2025-11-22,wk inc flu prop ed visits,0,2025-11-22,17,quantile,0.6,0.00366632511744944
2025-11-22,wk inc flu prop ed visits,0,2025-11-22,17,quantile,0.65,0.00380618405140285
2025-11-22,wk inc flu prop ed visits,0,2025-11-22,17,quantile,0.7,0.0039067076150926
2025-11-22,wk inc flu prop ed visits,0,2025-11-22,17,quantile,0.75,0.00406353513964207
2025-11-22,wk inc flu prop ed visits,0,2025-11-22,17,quantile,0.8,0.00424969858651094
2025-11-22,wk inc flu prop ed visits,0,2025-11-22,17,quantile,0.85,0.00449735085716237
2025-11-22,wk inc flu prop ed visits,0,2025-11-22,17,quantile,0.9,0.00482276092588583
2025-11-22,wk inc flu prop ed visits,0,2025-11-22,17,quantile,0.95,0.00539184535703263
2025-11-22,wk inc flu prop ed visits,0,2025-11-22,17,quantile,0.975,0.00594757332759113
2025-11-22,wk inc flu prop ed visits,0,2025-11-22,17,quantile,0.99,0.00667245726775769
2025-11-22,wk inc flu prop ed visits,1,2025-11-29,17,quantile,0.01,0.00155083675267138
2025-11-22,wk inc flu prop ed visits,1,2025-11-29,17,quantile,0.025,0.00175354746106538
2025-11-22,wk inc flu prop ed visits,1,2025-11-29,17,quantile,0.05,0.00193979685209164
2025-11-22,wk inc flu prop ed visits,1,2025-11-29,17,quantile,0.1,0.00223089042463487
2025-11-22,wk inc flu prop ed visits,1,2025-11-29,17,quantile,0.15,0.0023540490177872
2025-11-22,wk inc flu prop ed visits,1,2025-11-29,17,quantile,0.2,0.00249856513558639
2025-11-22,wk inc flu prop ed visits,1,2025-11-29,17,quantile,0.25,0.00268059668317693
2025-11-22,wk inc flu prop ed visits,1,2025-11-29,17,quantile,0.3,0.00278210158013794
2025-11-22,wk inc flu prop ed visits,1,2025-11-29,17,quantile,0.35,0.00283236256087768
2025-11-22,wk inc flu prop ed visits,1,2025-11-29,17,quantile,0.4,0.00290737067031449
2025-11-22,wk inc flu prop ed visits,1,2025-11-29,17,quantile,0.45,0.00302987684389407
2025-11-22,wk inc flu prop ed visits,1,2025-11-29,17,quantile,0.5,0.0031669562125609
2025-11-22,wk inc flu prop ed visits,1,2025-11-29,17,quantile,0.55,0.00329967854944834
2025-11-22,wk inc flu prop ed visits,1,2025-11-29,17,quantile,0.6,0.00344284373293023
2025-11-22,wk inc flu prop ed visits,1,2025-11-29,17,quantile,0.65,0.00361334233516289
2025-11-22,wk inc flu prop ed visits,1,2025-11-29,17,quantile,0.7,0.00382803372133087
2025-11-22,wk inc flu prop ed visits,1,2025-11-29,17,quantile,0.75,0.00404439449904797
2025-11-22,wk inc flu prop ed visits,1,2025-11-29,17,quantile,0.8,0.00435460316061043
2025-11-22,wk inc flu prop ed visits,1,2025-11-29,17,quantile,0.85,0.00476788472338142
2025-11-22,wk inc flu prop ed visits,1,2025-11-29,17,quantile,0.9,0.00555695718566642
2025-11-22,wk inc flu prop ed visits,1,2025-11-29,17,quantile,0.95,0.0067101147209001
2025-11-22,wk inc flu prop ed visits,1,2025-11-29,17,quantile,0.975,0.00795394524251368
2025-11-22,wk inc flu prop ed visits,1,2025-11-29,17,quantile,0.99,0.00801908907107191
2025-11-22,wk inc flu prop ed visits,2,2025-12-06,17,quantile,0.01,0.00120732503286794
2025-11-22,wk inc flu prop ed visits,2,2025-12-06,17,quantile,0.025,0.00152880761814494
2025-11-22,wk inc flu prop ed visits,2,2025-12-06,17,quantile,0.05,0.00178208516629406
2025-11-22,wk inc flu prop ed visits,2,2025-12-06,17,quantile,0.1,0.00203482222310154
2025-11-22,wk inc flu prop ed visits,2,2025-12-06,17,quantile,0.15,0.00221408346547543
2025-11-22,wk inc flu prop ed visits,2,2025-12-06,17,quantile,0.2,0.00242571633311095
2025-11-22,wk inc flu prop ed visits,2,2025-12-06,17,quantile,0.25,0.00257209159225004
2025-11-22,wk inc flu prop ed visits,2,2025-12-06,17,quantile,0.3,0.00260744875603287
2025-11-22,wk inc flu prop ed visits,2,2025-12-06,17,quantile,0.35,0.00276768347586989
2025-11-22,wk inc flu prop ed visits,2,2025-12-06,17,quantile,0.4,0.002895591333368
2025-11-22,wk inc flu prop ed visits,2,2025-12-06,17,quantile,0.45,0.00307155482820925
2025-11-22,wk inc flu prop ed visits,2,2025-12-06,17,quantile,0.5,0.00321507042729365
2025-11-22,wk inc flu prop ed visits,2,2025-12-06,17,quantile,0.55,0.00339854535351519
2025-11-22,wk inc flu prop ed visits,2,2025-12-06,17,quantile,0.6,0.00358373736701311
2025-11-22,wk inc flu prop ed visits,2,2025-12-06,17,quantile,0.65,0.00380312009854317
2025-11-22,wk inc flu prop ed visits,2,2025-12-06,17,quantile,0.7,0.00409490450060791
2025-11-22,wk inc flu prop ed visits,2,2025-12-06,17,quantile,0.75,0.00443230216681974
2025-11-22,wk inc flu prop ed visits,2,2025-12-06,17,quantile,0.8,0.00487644317211686
2025-11-22,wk inc flu prop ed visits,2,2025-12-06,17,quantile,0.85,0.00555212281991508
2025-11-22,wk inc flu prop ed visits,2,2025-12-06,17,quantile,0.9,0.00674462831713657
2025-11-22,wk inc flu prop ed visits,2,2025-12-06,17,quantile,0.95,0.00899304474559376
2025-11-22,wk inc flu prop ed visits,2,2025-12-06,17,quantile,0.975,0.00940260267829684
2025-11-22,wk inc flu prop ed visits,2,2025-12-06,17,quantile,0.99,0.00940260267829684
2025-11-22,wk inc flu prop ed visits,3,2025-12-13,17,quantile,0.01,0.00120189295844406
2025-11-22,wk inc flu prop ed visits,3,2025-12-13,17,quantile,0.025,0.00150320950639427
2025-11-22,wk inc flu prop ed visits,3,2025-12-13,17,quantile,0.05,0.00177286553518131
2025-11-22,wk inc flu prop ed visits,3,2025-12-13,17,quantile,0.1,0.0021472781578967
2025-11-22,wk inc flu prop ed visits,3,2025-12-13,17,quantile,0.15,0.00237578842813866
2025-11-22,wk inc flu prop ed visits,3,2025-12-13,17,quantile,0.2,0.00249374680235313
2025-11-22,wk inc flu prop ed visits,3,2025-12-13,17,quantile,0.25,0.00255209917146023
2025-11-22,wk inc flu prop ed visits,3,2025-12-13,17,quantile,0.3,0.00281394603334421
2025-11-22,wk inc flu prop ed visits,3,2025-12-13,17,quantile,0.35,0.00301452541054833
2025-11-22,wk inc flu prop ed visits,3,2025-12-13,17,quantile,0.4,0.00321197189223269
2025-11-22,wk inc flu prop ed visits,3,2025-12-13,17,quantile,0.45,0.00345278741958689
2025-11-22,wk inc flu prop ed visits,3,2025-12-13,17,quantile,0.5,0.00364801084188693
2025-11-22,wk inc flu prop ed visits,3,2025-12-13,17,quantile,0.55,0.00387052913979846
2025-11-22,wk inc flu prop ed visits,3,2025-12-13,17,quantile,0.6,0.00412839674121803
2025-11-22,wk inc flu prop ed visits,3,2025-12-13,17,quantile,0.65,0.00445232243686437
2025-11-22,wk inc flu prop ed visits,3,2025-12-13,17,quantile,0.7,0.0048316732150271
2025-11-22,wk inc flu prop ed visits,3,2025-12-13,17,quantile,0.75,0.00533072158184939
2025-11-22,wk inc flu prop ed visits,3,2025-12-13,17,quantile,0.8,0.00607719564025251
2025-11-22,wk inc flu prop ed visits,3,2025-12-13,17,quantile,0.85,0.00735323798200196
2025-11-22,wk inc flu prop ed visits,3,2025-12-13,17,quantile,0.9,0.00923872853177166
2025-11-22,wk inc flu prop ed visits,3,2025-12-13,17,quantile,0.95,0.0122386143661652
2025-11-22,wk inc flu prop ed visits,3,2025-12-13,17,quantile,0.975,0.0122386143661652
2025-11-22,wk inc flu prop ed visits,3,2025-12-13,17,quantile,0.99,0.0122386143661652
2025-11-22,wk inc flu prop ed visits,0,2025-11-22,18,quantile,0.01,0.00127903536550133
2025-11-22,wk inc flu prop ed visits,0,2025-11-22,18,quantile,0.025,0.00129566807152085
2025-11-22,wk inc flu prop ed visits,0,2025-11-22,18,quantile,0.05,0.00149137492452968
2025-11-22,wk inc flu prop ed visits,0,2025-11-22,18,quantile,0.1,0.00160411609053458
2025-11-22,wk inc flu prop ed visits,0,2025-11-22,18,quantile,0.15,0.00186349691880403
2025-11-22,wk inc flu prop ed visits,0,2025-11-22,18,quantile,0.2,0.00196303460221332
2025-11-22,wk inc flu prop ed visits,0,2025-11-22,18,quantile,0.25,0.00196303486991156
2025-11-22,wk inc flu prop ed visits,0,2025-11-22,18,quantile,0.3,0.00213215043045466
2025-11-22,wk inc flu prop ed visits,0,2025-11-22,18,quantile,0.35,0.00223667426003789
2025-11-22,wk inc flu prop ed visits,0,2025-11-22,18,quantile,0.4,0.00234714575609318
2025-11-22,wk inc flu prop ed visits,0,2025-11-22,18,quantile,0.45,0.00242401015694564
2025-11-22,wk inc flu prop ed visits,0,2025-11-22,18,quantile,0.5,0.00253576196388596
2025-11-22,wk inc flu prop ed visits,0,2025-11-22,18,quantile,0.55,0.00261226510237271
2025-11-22,wk inc flu prop ed visits,0,2025-11-22,18,quantile,0.6,0.00269597333204261
2025-11-22,wk inc flu prop ed visits,0,2025-11-22,18,quantile,0.65,0.00282395183370052
2025-11-22,wk inc flu prop ed visits,0,2025-11-22,18,quantile,0.7,0.00291823067844829
2025-11-22,wk inc flu prop ed visits,0,2025-11-22,18,quantile,0.75,0.00305731902693881
2025-11-22,wk inc flu prop ed visits,0,2025-11-22,18,quantile,0.8,0.00322697502235298
2025-11-22,wk inc flu prop ed visits,0,2025-11-22,18,quantile,0.85,0.00345677969958611
2025-11-22,wk inc flu prop ed visits,0,2025-11-22,18,quantile,0.9,0.00376588061151378
2025-11-22,wk inc flu prop ed visits,0,2025-11-22,18,quantile,0.95,0.00430724861083645
2025-11-22,wk inc flu prop ed visits,0,2025-11-22,18,quantile,0.975,0.00483958441314525
2025-11-22,wk inc flu prop ed visits,0,2025-11-22,18,quantile,0.99,0.0055692138018381
2025-11-22,wk inc flu prop ed visits,1,2025-11-29,18,quantile,0.01,0.00101650239962865
2025-11-22,wk inc flu prop ed visits,1,2025-11-29,18,quantile,0.025,0.00117248222754017
2025-11-22,wk inc flu prop ed visits,1,2025-11-29,18,quantile,0.05,0.00131709137637433
2025-11-22,wk inc flu prop ed visits,1,2025-11-29,18,quantile,0.1,0.0015590188026455
2025-11-22,wk inc flu prop ed visits,1,2025-11-29,18,quantile,0.15,0.00166279888061712
2025-11-22,wk inc flu prop ed visits,1,2025-11-29,18,quantile,0.2,0.00178062156850049
2025-11-22,wk inc flu prop ed visits,1,2025-11-29,18,quantile,0.25,0.00193470681589283
2025-11-22,wk inc flu prop ed visits,1,2025-11-29,18,quantile,0.3,0.00202082489197203
2025-11-22,wk inc flu prop ed visits,1,2025-11-29,18,quantile,0.35,0.00206452363406686
2025-11-22,wk inc flu prop ed visits,1,2025-11-29,18,quantile,0.4,0.0021286674470092
2025-11-22,wk inc flu prop ed visits,1,2025-11-29,18,quantile,0.45,0.00223484861400256
2025-11-22,wk inc flu prop ed visits,1,2025-11-29,18,quantile,0.5,0.00235522601030768
2025-11-22,wk inc flu prop ed visits,1,2025-11-29,18,quantile,0.55,0.00247247895738643
2025-11-22,wk inc flu prop ed visits,1,2025-11-29,18,quantile,0.6,0.00259672806734546
2025-11-22,wk inc flu prop ed visits,1,2025-11-29,18,quantile,0.65,0.00275111075613504
2025-11-22,wk inc flu prop ed visits,1,2025-11-29,18,quantile,0.7,0.00294285367208297
2025-11-22,wk inc flu prop ed visits,1,2025-11-29,18,quantile,0.75,0.00313673720430981
2025-11-22,wk inc flu prop ed visits,1,2025-11-29,18,quantile,0.8,0.00341587815552788
2025-11-22,wk inc flu prop ed visits,1,2025-11-29,18,quantile,0.85,0.00380435071630645
2025-11-22,wk inc flu prop ed visits,1,2025-11-29,18,quantile,0.9,0.00456299592639208
2025-11-22,wk inc flu prop ed visits,1,2025-11-29,18,quantile,0.95,0.00570352798610334
2025-11-22,wk inc flu prop ed visits,1,2025-11-29,18,quantile,0.975,0.00685859779556428
2025-11-22,wk inc flu prop ed visits,1,2025-11-29,18,quantile,0.99,0.00691782897744462
2025-11-22,wk inc flu prop ed visits,2,2025-12-06,18,quantile,0.01,7.3567752041873e-4
2025-11-22,wk inc flu prop ed visits,2,2025-12-06,18,quantile,0.025,9.917123939966e-4
2025-11-22,wk inc flu prop ed visits,2,2025-12-06,18,quantile,0.05,0.00120144583251344
2025-11-22,wk inc flu prop ed visits,2,2025-12-06,18,quantile,0.1,0.00141693760502441
2025-11-22,wk inc flu prop ed visits,2,2025-12-06,18,quantile,0.15,0.00156840191269368
2025-11-22,wk inc flu prop ed visits,2,2025-12-06,18,quantile,0.2,0.0017474172048351
2025-11-22,wk inc flu prop ed visits,2,2025-12-06,18,quantile,0.25,0.00186788492028821
2025-11-22,wk inc flu prop ed visits,2,2025-12-06,18,quantile,0.3,0.00189841635993094
2025-11-22,wk inc flu prop ed visits,2,2025-12-06,18,quantile,0.35,0.00203905375625039
2025-11-22,wk inc flu prop ed visits,2,2025-12-06,18,quantile,0.4,0.00214852443647328
2025-11-22,wk inc flu prop ed visits,2,2025-12-06,18,quantile,0.45,0.00230421836338785
2025-11-22,wk inc flu prop ed visits,2,2025-12-06,18,quantile,0.5,0.00242725935056068
2025-11-22,wk inc flu prop ed visits,2,2025-12-06,18,quantile,0.55,0.00259322487185835
2025-11-22,wk inc flu prop ed visits,2,2025-12-06,18,quantile,0.6,0.00275344418183086
2025-11-22,wk inc flu prop ed visits,2,2025-12-06,18,quantile,0.65,0.00294617287141797
2025-11-22,wk inc flu prop ed visits,2,2025-12-06,18,quantile,0.7,0.00321089514377244
2025-11-22,wk inc flu prop ed visits,2,2025-12-06,18,quantile,0.75,0.00351440124500148
2025-11-22,wk inc flu prop ed visits,2,2025-12-06,18,quantile,0.8,0.00392610154807484
2025-11-22,wk inc flu prop ed visits,2,2025-12-06,18,quantile,0.85,0.00456087370748389
2025-11-22,wk inc flu prop ed visits,2,2025-12-06,18,quantile,0.9,0.00567960545383593
2025-11-22,wk inc flu prop ed visits,2,2025-12-06,18,quantile,0.95,0.00782391074748064
2025-11-22,wk inc flu prop ed visits,2,2025-12-06,18,quantile,0.975,0.00819325613221605
2025-11-22,wk inc flu prop ed visits,2,2025-12-06,18,quantile,0.99,0.00819325613221605
2025-11-22,wk inc flu prop ed visits,3,2025-12-13,18,quantile,0.01,7.1330619959459e-4
2025-11-22,wk inc flu prop ed visits,3,2025-12-13,18,quantile,0.025,9.5696442812538e-4
2025-11-22,wk inc flu prop ed visits,3,2025-12-13,18,quantile,0.05,0.00117856182257135
2025-11-22,wk inc flu prop ed visits,3,2025-12-13,18,quantile,0.1,0.00150183634871638
2025-11-22,wk inc flu prop ed visits,3,2025-12-13,18,quantile,0.15,0.00169426503607417
2025-11-22,wk inc flu prop ed visits,3,2025-12-13,18,quantile,0.2,0.00179202356485004
2025-11-22,wk inc flu prop ed visits,3,2025-12-13,18,quantile,0.25,0.00184189174457695
2025-11-22,wk inc flu prop ed visits,3,2025-12-13,18,quantile,0.3,0.00206851404622308
2025-11-22,wk inc flu prop ed visits,3,2025-12-13,18,quantile,0.35,0.00224889305077895
2025-11-22,wk inc flu prop ed visits,3,2025-12-13,18,quantile,0.4,0.00241900689664791
2025-11-22,wk inc flu prop ed visits,3,2025-12-13,18,quantile,0.45,0.00263421810730947
2025-11-22,wk inc flu prop ed visits,3,2025-12-13,18,quantile,0.5,0.00279868445201908
2025-11-22,wk inc flu prop ed visits,3,2025-12-13,18,quantile,0.55,0.00300814366272996
2025-11-22,wk inc flu prop ed visits,3,2025-12-13,18,quantile,0.6,0.00322992797242362
2025-11-22,wk inc flu prop ed visits,3,2025-12-13,18,quantile,0.65,0.00351764113292365
2025-11-22,wk inc flu prop ed visits,3,2025-12-13,18,quantile,0.7,0.00385979769967001
2025-11-22,wk inc flu prop ed visits,3,2025-12-13,18,quantile,0.75,0.00430927795656887
2025-11-22,wk inc flu prop ed visits,3,2025-12-13,18,quantile,0.8,0.00499488261685874
2025-11-22,wk inc flu prop ed visits,3,2025-12-13,18,quantile,0.85,0.00616200035886782
2025-11-22,wk inc flu prop ed visits,3,2025-12-13,18,quantile,0.9,0.00795564189700289
2025-11-22,wk inc flu prop ed visits,3,2025-12-13,18,quantile,0.95,0.0107546621770311
2025-11-22,wk inc flu prop ed visits,3,2025-12-13,18,quantile,0.975,0.0107546621770311
2025-11-22,wk inc flu prop ed visits,3,2025-12-13,18,quantile,0.99,0.0107546621770311
2025-11-22,wk inc flu prop ed visits,0,2025-11-22,19,quantile,0.01,4.1380783307524e-4
2025-11-22,wk inc flu prop ed visits,0,2025-11-22,19,quantile,0.025,4.2220298606866e-4
2025-11-22,wk inc flu prop ed visits,0,2025-11-22,19,quantile,0.05,5.2043794600772e-4
2025-11-22,wk inc flu prop ed visits,0,2025-11-22,19,quantile,0.1,5.7222198205292e-4
2025-11-22,wk inc flu prop ed visits,0,2025-11-22,19,quantile,0.15,7.1768628721523e-4
2025-11-22,wk inc flu prop ed visits,0,2025-11-22,19,quantile,0.2,7.7441645168905e-4
2025-11-22,wk inc flu prop ed visits,0,2025-11-22,19,quantile,0.25,7.7441678004458e-4
2025-11-22,wk inc flu prop ed visits,0,2025-11-22,19,quantile,0.3,8.6604478398331e-4
2025-11-22,wk inc flu prop ed visits,0,2025-11-22,19,quantile,0.35,9.2539039523556e-4
2025-11-22,wk inc flu prop ed visits,0,2025-11-22,19,quantile,0.4,9.9131901021313e-4
2025-11-22,wk inc flu prop ed visits,0,2025-11-22,19,quantile,0.45,0.00103150627760228
2025-11-22,wk inc flu prop ed visits,0,2025-11-22,19,quantile,0.5,0.00109769811580026
2025-11-22,wk inc flu prop ed visits,0,2025-11-22,19,quantile,0.55,0.00114138522649386
2025-11-22,wk inc flu prop ed visits,0,2025-11-22,19,quantile,0.6,0.00119004013916436
2025-11-22,wk inc flu prop ed visits,0,2025-11-22,19,quantile,0.65,0.00126216843408769
2025-11-22,wk inc flu prop ed visits,0,2025-11-22,19,quantile,0.7,0.00131643193089455
2025-11-22,wk inc flu prop ed visits,0,2025-11-22,19,quantile,0.75,0.00140325581462231
2025-11-22,wk inc flu prop ed visits,0,2025-11-22,19,quantile,0.8,0.00150131919558584
2025-11-22,wk inc flu prop ed visits,0,2025-11-22,19,quantile,0.85,0.00163975252531144
2025-11-22,wk inc flu prop ed visits,0,2025-11-22,19,quantile,0.9,0.00181996827372905
2025-11-22,wk inc flu prop ed visits,0,2025-11-22,19,quantile,0.95,0.0021200625043774
2025-11-22,wk inc flu prop ed visits,0,2025-11-22,19,quantile,0.975,0.00243802408458823
2025-11-22,wk inc flu prop ed visits,0,2025-11-22,19,quantile,0.99,0.00287625199896566
2025-11-22,wk inc flu prop ed visits,1,2025-11-29,19,quantile,0.01,3.714067235473e-4
2025-11-22,wk inc flu prop ed visits,1,2025-11-29,19,quantile,0.025,4.582522659996e-4
2025-11-22,wk inc flu prop ed visits,1,2025-11-29,19,quantile,0.05,5.3638830122942e-4
2025-11-22,wk inc flu prop ed visits,1,2025-11-29,19,quantile,0.1,6.7603372072868e-4
2025-11-22,wk inc flu prop ed visits,1,2025-11-29,19,quantile,0.15,7.3158568274054e-4
2025-11-22,wk inc flu prop ed visits,1,2025-11-29,19,quantile,0.2,7.9366844690316e-4
2025-11-22,wk inc flu prop ed visits,1,2025-11-29,19,quantile,0.25,8.7733683316792e-4
2025-11-22,wk inc flu prop ed visits,1,2025-11-29,19,quantile,0.3,9.2154679031065e-4
2025-11-22,wk inc flu prop ed visits,1,2025-11-29,19,quantile,0.35,9.4410465229183e-4
2025-11-22,wk inc flu prop ed visits,1,2025-11-29,19,quantile,0.4,9.787260081867e-4
2025-11-22,wk inc flu prop ed visits,1,2025-11-29,19,quantile,0.45,0.00103656830426041
2025-11-22,wk inc flu prop ed visits,1,2025-11-29,19,quantile,0.5,0.0010979692653305
2025-11-22,wk inc flu prop ed visits,1,2025-11-29,19,quantile,0.55,0.00116251694730975
2025-11-22,wk inc flu prop ed visits,1,2025-11-29,19,quantile,0.6,0.00122827389299912
2025-11-22,wk inc flu prop ed visits,1,2025-11-29,19,quantile,0.65,0.00131209842026558
2025-11-22,wk inc flu prop ed visits,1,2025-11-29,19,quantile,0.7,0.00141821421921071
2025-11-22,wk inc flu prop ed visits,1,2025-11-29,19,quantile,0.75,0.00152715549011669
2025-11-22,wk inc flu prop ed visits,1,2025-11-29,19,quantile,0.8,0.00168182977928253
2025-11-22,wk inc flu prop ed visits,1,2025-11-29,19,quantile,0.85,0.00189551699503059
2025-11-22,wk inc flu prop ed visits,1,2025-11-29,19,quantile,0.9,0.00230448373761901
2025-11-22,wk inc flu prop ed visits,1,2025-11-29,19,quantile,0.95,0.00289835750967511
2025-11-22,wk inc flu prop ed visits,1,2025-11-29,19,quantile,0.975,0.00349825890272754
2025-11-22,wk inc flu prop ed visits,1,2025-11-29,19,quantile,0.99,0.00352878794129082
2025-11-22,wk inc flu prop ed visits,2,2025-12-06,19,quantile,0.01,2.414210437202e-4
2025-11-22,wk inc flu prop ed visits,2,2025-12-06,19,quantile,0.025,3.8322282486019e-4
2025-11-22,wk inc flu prop ed visits,2,2025-12-06,19,quantile,0.05,5.0224310880917e-4
2025-11-22,wk inc flu prop ed visits,2,2025-12-06,19,quantile,0.1,6.2397032630771e-4
2025-11-22,wk inc flu prop ed visits,2,2025-12-06,19,quantile,0.15,7.0669614358692e-4
2025-11-22,wk inc flu prop ed visits,2,2025-12-06,19,quantile,0.2,8.0331988183243e-4
2025-11-22,wk inc flu prop ed visits,2,2025-12-06,19,quantile,0.25,8.697106773189e-4
2025-11-22,wk inc flu prop ed visits,2,2025-12-06,19,quantile,0.3,8.8736939954078e-4
2025-11-22,wk inc flu prop ed visits,2,2025-12-06,19,quantile,0.35,9.5911145243556e-4
2025-11-22,wk inc flu prop ed visits,2,2025-12-06,19,quantile,0.4,0.00102092178645635
2025-11-22,wk inc flu prop ed visits,2,2025-12-06,19,quantile,0.45,0.00110377019128329
2025-11-22,wk inc flu prop ed visits,2,2025-12-06,19,quantile,0.5,0.00117266601425989
2025-11-22,wk inc flu prop ed visits,2,2025-12-06,19,quantile,0.55,0.00126098947064856
2025-11-22,wk inc flu prop ed visits,2,2025-12-06,19,quantile,0.6,0.00134980138873313
2025-11-22,wk inc flu prop ed visits,2,2025-12-06,19,quantile,0.65,0.00145901564543456
2025-11-22,wk inc flu prop ed visits,2,2025-12-06,19,quantile,0.7,0.00160926374207365
2025-11-22,wk inc flu prop ed visits,2,2025-12-06,19,quantile,0.75,0.00178436096726774
2025-11-22,wk inc flu prop ed visits,2,2025-12-06,19,quantile,0.8,0.00201889301279873
2025-11-22,wk inc flu prop ed visits,2,2025-12-06,19,quantile,0.85,0.00236478582719264
2025-11-22,wk inc flu prop ed visits,2,2025-12-06,19,quantile,0.9,0.00297408178462836
2025-11-22,wk inc flu prop ed visits,2,2025-12-06,19,quantile,0.95,0.00413827445278384
2025-11-22,wk inc flu prop ed visits,2,2025-12-06,19,quantile,0.975,0.00433572705328349
2025-11-22,wk inc flu prop ed visits,2,2025-12-06,19,quantile,0.99,0.00433572705328349
2025-11-22,wk inc flu prop ed visits,3,2025-12-13,19,quantile,0.01,2.7397056458065e-4
2025-11-22,wk inc flu prop ed visits,3,2025-12-13,19,quantile,0.025,4.1293993191166e-4
2025-11-22,wk inc flu prop ed visits,3,2025-12-13,19,quantile,0.05,5.3427341184373e-4
2025-11-22,wk inc flu prop ed visits,3,2025-12-13,19,quantile,0.1,7.1462959200896e-4
2025-11-22,wk inc flu prop ed visits,3,2025-12-13,19,quantile,0.15,8.1703911073895e-4
2025-11-22,wk inc flu prop ed visits,3,2025-12-13,19,quantile,0.2,8.697459902723e-4
2025-11-22,wk inc flu prop ed visits,3,2025-12-13,19,quantile,0.25,8.9513109510742e-4
2025-11-22,wk inc flu prop ed visits,3,2025-12-13,19,quantile,0.3,0.00102049075079844
2025-11-22,wk inc flu prop ed visits,3,2025-12-13,19,quantile,0.35,0.00111156596657197
2025-11-22,wk inc flu prop ed visits,3,2025-12-13,19,quantile,0.4,0.00120923022297465
2025-11-22,wk inc flu prop ed visits,3,2025-12-13,19,quantile,0.45,0.00132393742548018
2025-11-22,wk inc flu prop ed visits,3,2025-12-13,19,quantile,0.5,0.00141441820794502
2025-11-22,wk inc flu prop ed visits,3,2025-12-13,19,quantile,0.55,0.00152441241844925
2025-11-22,wk inc flu prop ed visits,3,2025-12-13,19,quantile,0.6,0.00164647495354248
2025-11-22,wk inc flu prop ed visits,3,2025-12-13,19,quantile,0.65,0.00181051794251785
2025-11-22,wk inc flu prop ed visits,3,2025-12-13,19,quantile,0.7,0.00199979669516451
2025-11-22,wk inc flu prop ed visits,3,2025-12-13,19,quantile,0.75,0.0022612916222654
2025-11-22,wk inc flu prop ed visits,3,2025-12-13,19,quantile,0.8,0.00263502068120107
2025-11-22,wk inc flu prop ed visits,3,2025-12-13,19,quantile,0.85,0.00325862645121965
2025-11-22,wk inc flu prop ed visits,3,2025-12-13,19,quantile,0.9,0.00420290390587792
2025-11-22,wk inc flu prop ed visits,3,2025-12-13,19,quantile,0.95,0.00564898752012671
2025-11-22,wk inc flu prop ed visits,3,2025-12-13,19,quantile,0.975,0.00564898752012671
2025-11-22,wk inc flu prop ed visits,3,2025-12-13,19,quantile,0.99,0.00564898752012671
2025-11-22,wk inc flu prop ed visits,0,2025-11-22,20,quantile,0.01,8.0028725580846e-4
2025-11-22,wk inc flu prop ed visits,0,2025-11-22,20,quantile,0.025,8.1209706923812e-4
2025-11-22,wk inc flu prop ed visits,0,2025-11-22,20,quantile,0.05,9.5049516858606e-4
2025-11-22,wk inc flu prop ed visits,0,2025-11-22,20,quantile,0.1,0.0010257363104278301
2025-11-22,wk inc flu prop ed visits,0,2025-11-22,20,quantile,0.15,0.00121467038733455
2025-11-22,wk inc flu prop ed visits,0,2025-11-22,20,quantile,0.2,0.00129340807132583
2025-11-22,wk inc flu prop ed visits,0,2025-11-22,20,quantile,0.25,0.00129340875321158
2025-11-22,wk inc flu prop ed visits,0,2025-11-22,20,quantile,0.3,0.0014217618681195
2025-11-22,wk inc flu prop ed visits,0,2025-11-22,20,quantile,0.35,0.00150339225201258
2025-11-22,wk inc flu prop ed visits,0,2025-11-22,20,quantile,0.4,0.00159623203757938
2025-11-22,wk inc flu prop ed visits,0,2025-11-22,20,quantile,0.45,0.00165455156237604
2025-11-22,wk inc flu prop ed visits,0,2025-11-22,20,quantile,0.5,0.0017464180315107
2025-11-22,wk inc flu prop ed visits,0,2025-11-22,20,quantile,0.55,0.00180647647085274
2025-11-22,wk inc flu prop ed visits,0,2025-11-22,20,quantile,0.6,0.00187545912671822
2025-11-22,wk inc flu prop ed visits,0,2025-11-22,20,quantile,0.65,0.00198188029383699
2025-11-22,wk inc flu prop ed visits,0,2025-11-22,20,quantile,0.7,0.00205914588023954
2025-11-22,wk inc flu prop ed visits,0,2025-11-22,20,quantile,0.75,0.00217624433571506
2025-11-22,wk inc flu prop ed visits,0,2025-11-22,20,quantile,0.8,0.00231597074658465
2025-11-22,wk inc flu prop ed visits,0,2025-11-22,20,quantile,0.85,0.00250906591705413
2025-11-22,wk inc flu prop ed visits,0,2025-11-22,20,quantile,0.9,0.00275750980379237
2025-11-22,wk inc flu prop ed visits,0,2025-11-22,20,quantile,0.95,0.0031685161074865
2025-11-22,wk inc flu prop ed visits,0,2025-11-22,20,quantile,0.975,0.00358582427371093
2025-11-22,wk inc flu prop ed visits,0,2025-11-22,20,quantile,0.99,0.00416861065064486
2025-11-22,wk inc flu prop ed visits,1,2025-11-29,20,quantile,0.01,6.9544092459151e-4
2025-11-22,wk inc flu prop ed visits,1,2025-11-29,20,quantile,0.025,8.1334813932729e-4
2025-11-22,wk inc flu prop ed visits,1,2025-11-29,20,quantile,0.05,9.2274635886299e-4
2025-11-22,wk inc flu prop ed visits,1,2025-11-29,20,quantile,0.1,0.00111155795230222
2025-11-22,wk inc flu prop ed visits,1,2025-11-29,20,quantile,0.15,0.00119196833478707
2025-11-22,wk inc flu prop ed visits,1,2025-11-29,20,quantile,0.2,0.00128411631979338
2025-11-22,wk inc flu prop ed visits,1,2025-11-29,20,quantile,0.25,0.0014073379880357
2025-11-22,wk inc flu prop ed visits,1,2025-11-29,20,quantile,0.3,0.00147645855332703
2025-11-22,wk inc flu prop ed visits,1,2025-11-29,20,quantile,0.35,0.00151127406593119
2025-11-22,wk inc flu prop ed visits,1,2025-11-29,20,quantile,0.4,0.00156191014133529
2025-11-22,wk inc flu prop ed visits,1,2025-11-29,20,quantile,0.45,0.00164759503287143
2025-11-22,wk inc flu prop ed visits,1,2025-11-29,20,quantile,0.5,0.00174381316151007
2025-11-22,wk inc flu prop ed visits,1,2025-11-29,20,quantile,0.55,0.00183844861806429
2025-11-22,wk inc flu prop ed visits,1,2025-11-29,20,quantile,0.6,0.0019384127447437
2025-11-22,wk inc flu prop ed visits,1,2025-11-29,20,quantile,0.65,0.00206068784603908
2025-11-22,wk inc flu prop ed visits,1,2025-11-29,20,quantile,0.7,0.0022174904253526
2025-11-22,wk inc flu prop ed visits,1,2025-11-29,20,quantile,0.75,0.00237722896892326
2025-11-22,wk inc flu prop ed visits,1,2025-11-29,20,quantile,0.8,0.00260699658708417
2025-11-22,wk inc flu prop ed visits,1,2025-11-29,20,quantile,0.85,0.0029129704121459
2025-11-22,wk inc flu prop ed visits,1,2025-11-29,20,quantile,0.9,0.00348515689780984
2025-11-22,wk inc flu prop ed visits,1,2025-11-29,20,quantile,0.95,0.00433881470323621
2025-11-22,wk inc flu prop ed visits,1,2025-11-29,20,quantile,0.975,0.00518716451827661
2025-11-22,wk inc flu prop ed visits,1,2025-11-29,20,quantile,0.99,0.00523046360559684
2025-11-22,wk inc flu prop ed visits,2,2025-12-06,20,quantile,0.01,4.9027537263552e-4
2025-11-22,wk inc flu prop ed visits,2,2025-12-06,20,quantile,0.025,6.8415969590395e-4
2025-11-22,wk inc flu prop ed visits,2,2025-12-06,20,quantile,0.05,8.433490619546e-4
2025-11-22,wk inc flu prop ed visits,2,2025-12-06,20,quantile,0.1,0.00101344135422287
2025-11-22,wk inc flu prop ed visits,2,2025-12-06,20,quantile,0.15,0.00113336765022483
2025-11-22,wk inc flu prop ed visits,2,2025-12-06,20,quantile,0.2,0.00127827463710283
2025-11-22,wk inc flu prop ed visits,2,2025-12-06,20,quantile,0.25,0.00137422413194204
2025-11-22,wk inc flu prop ed visits,2,2025-12-06,20,quantile,0.3,0.00139923643659159
2025-11-22,wk inc flu prop ed visits,2,2025-12-06,20,quantile,0.35,0.0015119766852785
2025-11-22,wk inc flu prop ed visits,2,2025-12-06,20,quantile,0.4,0.00160288865172535
2025-11-22,wk inc flu prop ed visits,2,2025-12-06,20,quantile,0.45,0.00172847812601939
2025-11-22,wk inc flu prop ed visits,2,2025-12-06,20,quantile,0.5,0.00183061945358797
2025-11-22,wk inc flu prop ed visits,2,2025-12-06,20,quantile,0.55,0.00196491111269681
2025-11-22,wk inc flu prop ed visits,2,2025-12-06,20,quantile,0.6,0.00209446669050989
2025-11-22,wk inc flu prop ed visits,2,2025-12-06,20,quantile,0.65,0.00225190332204836
2025-11-22,wk inc flu prop ed visits,2,2025-12-06,20,quantile,0.7,0.0024741583569635
2025-11-22,wk inc flu prop ed visits,2,2025-12-06,20,quantile,0.75,0.00273073317280945
2025-11-22,wk inc flu prop ed visits,2,2025-12-06,20,quantile,0.8,0.00306610705072945
2025-11-22,wk inc flu prop ed visits,2,2025-12-06,20,quantile,0.85,0.00356352937196607
2025-11-22,wk inc flu prop ed visits,2,2025-12-06,20,quantile,0.9,0.00441929979013854
2025-11-22,wk inc flu prop ed visits,2,2025-12-06,20,quantile,0.95,0.00608146888157364
2025-11-22,wk inc flu prop ed visits,2,2025-12-06,20,quantile,0.975,0.00636195994195025
2025-11-22,wk inc flu prop ed visits,2,2025-12-06,20,quantile,0.99,0.00636195994195025
2025-11-22,wk inc flu prop ed visits,3,2025-12-13,20,quantile,0.01,5.1432107350045e-4
2025-11-22,wk inc flu prop ed visits,3,2025-12-13,20,quantile,0.025,7.1425528365971e-4
2025-11-22,wk inc flu prop ed visits,3,2025-12-13,20,quantile,0.05,8.8775901322037e-4
2025-11-22,wk inc flu prop ed visits,3,2025-12-13,20,quantile,0.1,0.00114572666420398
2025-11-22,wk inc flu prop ed visits,3,2025-12-13,20,quantile,0.15,0.0012972930811456
2025-11-22,wk inc flu prop ed visits,3,2025-12-13,20,quantile,0.2,0.00137265718729632
2025-11-22,wk inc flu prop ed visits,3,2025-12-13,20,quantile,0.25,0.00141231930538461
2025-11-22,wk inc flu prop ed visits,3,2025-12-13,20,quantile,0.3,0.00159467871666136
2025-11-22,wk inc flu prop ed visits,3,2025-12-13,20,quantile,0.35,0.00173655278450584
2025-11-22,wk inc flu prop ed visits,3,2025-12-13,20,quantile,0.4,0.00187792409834354
2025-11-22,wk inc flu prop ed visits,3,2025-12-13,20,quantile,0.45,0.0020489061418162
2025-11-22,wk inc flu prop ed visits,3,2025-12-13,20,quantile,0.5,0.00218854665931959
2025-11-22,wk inc flu prop ed visits,3,2025-12-13,20,quantile,0.55,0.00235050654321443
2025-11-22,wk inc flu prop ed visits,3,2025-12-13,20,quantile,0.6,0.00253102479965686
2025-11-22,wk inc flu prop ed visits,3,2025-12-13,20,quantile,0.65,0.00277274626400672
2025-11-22,wk inc flu prop ed visits,3,2025-12-13,20,quantile,0.7,0.00305653934893939
2025-11-22,wk inc flu prop ed visits,3,2025-12-13,20,quantile,0.75,0.00343564875681922
2025-11-22,wk inc flu prop ed visits,3,2025-12-13,20,quantile,0.8,0.00398426549391923
2025-11-22,wk inc flu prop ed visits,3,2025-12-13,20,quantile,0.85,0.0048816984073537
2025-11-22,wk inc flu prop ed visits,3,2025-12-13,20,quantile,0.9,0.00626203533371735
2025-11-22,wk inc flu prop ed visits,3,2025-12-13,20,quantile,0.95,0.00834181030001245
2025-11-22,wk inc flu prop ed visits,3,2025-12-13,20,quantile,0.975,0.00834181030001245
2025-11-22,wk inc flu prop ed visits,3,2025-12-13,20,quantile,0.99,0.00834181030001245
2025-11-22,wk inc flu prop ed visits,0,2025-11-22,21,quantile,0.01,0.00140727322718291
2025-11-22,wk inc flu prop ed visits,0,2025-11-22,21,quantile,0.025,0.00142449957238171
2025-11-22,wk inc flu prop ed visits,0,2025-11-22,21,quantile,0.05,0.00162651289596649
2025-11-22,wk inc flu prop ed visits,0,2025-11-22,21,quantile,0.1,0.0017370797641507
2025-11-22,wk inc flu prop ed visits,0,2025-11-22,21,quantile,0.15,0.00199477644221756
2025-11-22,wk inc flu prop ed visits,0,2025-11-22,21,quantile,0.2,0.00209851496646809
2025-11-22,wk inc flu prop ed visits,0,2025-11-22,21,quantile,0.25,0.00209851582544754
2025-11-22,wk inc flu prop ed visits,0,2025-11-22,21,quantile,0.3,0.0022650276587735
2025-11-22,wk inc flu prop ed visits,0,2025-11-22,21,quantile,0.35,0.00237097482270485
2025-11-22,wk inc flu prop ed visits,0,2025-11-22,21,quantile,0.4,0.00248956560705934
2025-11-22,wk inc flu prop ed visits,0,2025-11-22,21,quantile,0.45,0.00256409470913778
2025-11-22,wk inc flu prop ed visits,0,2025-11-22,21,quantile,0.5,0.00267945517776072
2025-11-22,wk inc flu prop ed visits,0,2025-11-22,21,quantile,0.55,0.00275579509888617
2025-11-22,wk inc flu prop ed visits,0,2025-11-22,21,quantile,0.6,0.0028432374167766
2025-11-22,wk inc flu prop ed visits,0,2025-11-22,21,quantile,0.65,0.00297665371066364
2025-11-22,wk inc flu prop ed visits,0,2025-11-22,21,quantile,0.7,0.0030743583022249
2025-11-22,wk inc flu prop ed visits,0,2025-11-22,21,quantile,0.75,0.00321089564274832
2025-11-22,wk inc flu prop ed visits,0,2025-11-22,21,quantile,0.8,0.00338399240537805
2025-11-22,wk inc flu prop ed visits,0,2025-11-22,21,quantile,0.85,0.00361808789992324
2025-11-22,wk inc flu prop ed visits,0,2025-11-22,21,quantile,0.9,0.00392212398418291
2025-11-22,wk inc flu prop ed visits,0,2025-11-22,21,quantile,0.95,0.00443418197284726
2025-11-22,wk inc flu prop ed visits,0,2025-11-22,21,quantile,0.975,0.00495411497185556
2025-11-22,wk inc flu prop ed visits,0,2025-11-22,21,quantile,0.99,0.00566116862359564
2025-11-22,wk inc flu prop ed visits,1,2025-11-29,21,quantile,0.01,0.00115952194148195
2025-11-22,wk inc flu prop ed visits,1,2025-11-29,21,quantile,0.025,0.00132771158229539
2025-11-22,wk inc flu prop ed visits,1,2025-11-29,21,quantile,0.05,0.00148356192022415
2025-11-22,wk inc flu prop ed visits,1,2025-11-29,21,quantile,0.1,0.00174341173248583
2025-11-22,wk inc flu prop ed visits,1,2025-11-29,21,quantile,0.15,0.00185525232546397
2025-11-22,wk inc flu prop ed visits,1,2025-11-29,21,quantile,0.2,0.00198267866993875
2025-11-22,wk inc flu prop ed visits,1,2025-11-29,21,quantile,0.25,0.00214959228996999
2025-11-22,wk inc flu prop ed visits,1,2025-11-29,21,quantile,0.3,0.00224461967328342
2025-11-22,wk inc flu prop ed visits,1,2025-11-29,21,quantile,0.35,0.00229282561128384
2025-11-22,wk inc flu prop ed visits,1,2025-11-29,21,quantile,0.4,0.00236227905719648
2025-11-22,wk inc flu prop ed visits,1,2025-11-29,21,quantile,0.45,0.00247561535631264
2025-11-22,wk inc flu prop ed visits,1,2025-11-29,21,quantile,0.5,0.00260454286155042
2025-11-22,wk inc flu prop ed visits,1,2025-11-29,21,quantile,0.55,0.0027301173315016
2025-11-22,wk inc flu prop ed visits,1,2025-11-29,21,quantile,0.6,0.00286139225059635
2025-11-22,wk inc flu prop ed visits,1,2025-11-29,21,quantile,0.65,0.00302202562612716
2025-11-22,wk inc flu prop ed visits,1,2025-11-29,21,quantile,0.7,0.00322208707138194
2025-11-22,wk inc flu prop ed visits,1,2025-11-29,21,quantile,0.75,0.00342743738615031
2025-11-22,wk inc flu prop ed visits,1,2025-11-29,21,quantile,0.8,0.00372087074909542
2025-11-22,wk inc flu prop ed visits,1,2025-11-29,21,quantile,0.85,0.00411883284743602
2025-11-22,wk inc flu prop ed visits,1,2025-11-29,21,quantile,0.9,0.00486624320853109
2025-11-22,wk inc flu prop ed visits,1,2025-11-29,21,quantile,0.95,0.0059817685129509
2025-11-22,wk inc flu prop ed visits,1,2025-11-29,21,quantile,0.975,0.00712746157966633
2025-11-22,wk inc flu prop ed visits,1,2025-11-29,21,quantile,0.99,0.00718658482198151
2025-11-22,wk inc flu prop ed visits,2,2025-12-06,21,quantile,0.01,8.8618198615282e-4
2025-11-22,wk inc flu prop ed visits,2,2025-12-06,21,quantile,0.025,0.00116302530884765
2025-11-22,wk inc flu prop ed visits,2,2025-12-06,21,quantile,0.05,0.00138710616746937
2025-11-22,wk inc flu prop ed visits,2,2025-12-06,21,quantile,0.1,0.00162212122985644
2025-11-22,wk inc flu prop ed visits,2,2025-12-06,21,quantile,0.15,0.00178699609318097
2025-11-22,wk inc flu prop ed visits,2,2025-12-06,21,quantile,0.2,0.00198307247564597
2025-11-22,wk inc flu prop ed visits,2,2025-12-06,21,quantile,0.25,0.00211314878363025
2025-11-22,wk inc flu prop ed visits,2,2025-12-06,21,quantile,0.3,0.00214599973411986
2025-11-22,wk inc flu prop ed visits,2,2025-12-06,21,quantile,0.35,0.00230187493767264
2025-11-22,wk inc flu prop ed visits,2,2025-12-06,21,quantile,0.4,0.00242253236341351
2025-11-22,wk inc flu prop ed visits,2,2025-12-06,21,quantile,0.45,0.00258901784171604
2025-11-22,wk inc flu prop ed visits,2,2025-12-06,21,quantile,0.5,0.00272511246058445
2025-11-22,wk inc flu prop ed visits,2,2025-12-06,21,quantile,0.55,0.00290158968939152
2025-11-22,wk inc flu prop ed visits,2,2025-12-06,21,quantile,0.6,0.0030730111135768
2025-11-22,wk inc flu prop ed visits,2,2025-12-06,21,quantile,0.65,0.00327838161915155
2025-11-22,wk inc flu prop ed visits,2,2025-12-06,21,quantile,0.7,0.00356318692016013
2025-11-22,wk inc flu prop ed visits,2,2025-12-06,21,quantile,0.75,0.00388874189356171
2025-11-22,wk inc flu prop ed visits,2,2025-12-06,21,quantile,0.8,0.00432005416652295
2025-11-22,wk inc flu prop ed visits,2,2025-12-06,21,quantile,0.85,0.00496699812813858
2025-11-22,wk inc flu prop ed visits,2,2025-12-06,21,quantile,0.9,0.00609333422679392
2025-11-22,wk inc flu prop ed visits,2,2025-12-06,21,quantile,0.95,0.00826078934813068
2025-11-22,wk inc flu prop ed visits,2,2025-12-06,21,quantile,0.975,0.00863738612873
2025-11-22,wk inc flu prop ed visits,2,2025-12-06,21,quantile,0.99,0.00863738612873
2025-11-22,wk inc flu prop ed visits,3,2025-12-13,21,quantile,0.01,9.038152869315e-4
2025-11-22,wk inc flu prop ed visits,3,2025-12-13,21,quantile,0.025,0.0011876704071178
2025-11-22,wk inc flu prop ed visits,3,2025-12-13,21,quantile,0.05,0.00143391672810804
2025-11-22,wk inc flu prop ed visits,3,2025-12-13,21,quantile,0.1,0.0017893283939205
2025-11-22,wk inc flu prop ed visits,3,2025-12-13,21,quantile,0.15,0.00199928824160615
2025-11-22,wk inc flu prop ed visits,3,2025-12-13,21,quantile,0.2,0.00210190694042142
2025-11-22,wk inc flu prop ed visits,3,2025-12-13,21,quantile,0.25,0.00215562728364402
2025-11-22,wk inc flu prop ed visits,3,2025-12-13,21,quantile,0.3,0.00239976635826527
2025-11-22,wk inc flu prop ed visits,3,2025-12-13,21,quantile,0.35,0.00259539877419124
2025-11-22,wk inc flu prop ed visits,3,2025-12-13,21,quantile,0.4,0.00278244222298479
2025-11-22,wk inc flu prop ed visits,3,2025-12-13,21,quantile,0.45,0.00300722186668898
2025-11-22,wk inc flu prop ed visits,3,2025-12-13,21,quantile,0.5,0.00319452226721188
2025-11-22,wk inc flu prop ed visits,3,2025-12-13,21,quantile,0.55,0.00340637469876638
2025-11-22,wk inc flu prop ed visits,3,2025-12-13,21,quantile,0.6,0.00364579706928507
2025-11-22,wk inc flu prop ed visits,3,2025-12-13,21,quantile,0.65,0.00396013497783685
2025-11-22,wk inc flu prop ed visits,3,2025-12-13,21,quantile,0.7,0.00432650416367077
2025-11-22,wk inc flu prop ed visits,3,2025-12-13,21,quantile,0.75,0.00480981893541833
2025-11-22,wk inc flu prop ed visits,3,2025-12-13,21,quantile,0.8,0.00552253522559825
2025-11-22,wk inc flu prop ed visits,3,2025-12-13,21,quantile,0.85,0.00670021874358368
2025-11-22,wk inc flu prop ed visits,3,2025-12-13,21,quantile,0.9,0.00853321431107017
2025-11-22,wk inc flu prop ed visits,3,2025-12-13,21,quantile,0.95,0.0112979438154345
2025-11-22,wk inc flu prop ed visits,3,2025-12-13,21,quantile,0.975,0.0112979438154345
2025-11-22,wk inc flu prop ed visits,3,2025-12-13,21,quantile,0.99,0.0112979438154345
2025-11-22,wk inc flu prop ed visits,0,2025-11-22,22,quantile,0.01,0.00754911666029901
2025-11-22,wk inc flu prop ed visits,0,2025-11-22,22,quantile,0.025,0.00765810878802921
2025-11-22,wk inc flu prop ed visits,0,2025-11-22,22,quantile,0.05,0.00893873163357317
2025-11-22,wk inc flu prop ed visits,0,2025-11-22,22,quantile,0.1,0.00966017667236601
2025-11-22,wk inc flu prop ed visits,0,2025-11-22,22,quantile,0.15,0.0111625163870636
2025-11-22,wk inc flu prop ed visits,0,2025-11-22,22,quantile,0.2,0.0116995509818082
2025-11-22,wk inc flu prop ed visits,0,2025-11-22,22,quantile,0.25,0.0116995535095952
2025-11-22,wk inc flu prop ed visits,0,2025-11-22,22,quantile,0.3,0.0126268844345394
2025-11-22,wk inc flu prop ed visits,0,2025-11-22,22,quantile,0.35,0.013198668959016
2025-11-22,wk inc flu prop ed visits,0,2025-11-22,22,quantile,0.4,0.0137863551667312
2025-11-22,wk inc flu prop ed visits,0,2025-11-22,22,quantile,0.45,0.0141979463485187
2025-11-22,wk inc flu prop ed visits,0,2025-11-22,22,quantile,0.5,0.0147809067125837
2025-11-22,wk inc flu prop ed visits,0,2025-11-22,22,quantile,0.55,0.0151919861118373
2025-11-22,wk inc flu prop ed visits,0,2025-11-22,22,quantile,0.6,0.0156410970702011
2025-11-22,wk inc flu prop ed visits,0,2025-11-22,22,quantile,0.65,0.0163279350670322
2025-11-22,wk inc flu prop ed visits,0,2025-11-22,22,quantile,0.7,0.0168179244114687
2025-11-22,wk inc flu prop ed visits,0,2025-11-22,22,quantile,0.75,0.017569785987996
2025-11-22,wk inc flu prop ed visits,0,2025-11-22,22,quantile,0.8,0.0184828262667469
2025-11-22,wk inc flu prop ed visits,0,2025-11-22,22,quantile,0.85,0.019695244985195
2025-11-22,wk inc flu prop ed visits,0,2025-11-22,22,quantile,0.9,0.0212892222148218
2025-11-22,wk inc flu prop ed visits,0,2025-11-22,22,quantile,0.95,0.024059852326888
2025-11-22,wk inc flu prop ed visits,0,2025-11-22,22,quantile,0.975,0.0267874830123749
2025-11-22,wk inc flu prop ed visits,0,2025-11-22,22,quantile,0.99,0.0304046376891693
2025-11-22,wk inc flu prop ed visits,1,2025-11-29,22,quantile,0.01,0.00588437409417864
2025-11-22,wk inc flu prop ed visits,1,2025-11-29,22,quantile,0.025,0.00680750606818733
2025-11-22,wk inc flu prop ed visits,1,2025-11-29,22,quantile,0.05,0.00765505385553802
2025-11-22,wk inc flu prop ed visits,1,2025-11-29,22,quantile,0.1,0.00899701482288264
2025-11-22,wk inc flu prop ed visits,1,2025-11-29,22,quantile,0.15,0.00958117105566222
2025-11-22,wk inc flu prop ed visits,1,2025-11-29,22,quantile,0.2,0.0102511282222215
2025-11-22,wk inc flu prop ed visits,1,2025-11-29,22,quantile,0.25,0.0111050979400425
2025-11-22,wk inc flu prop ed visits,1,2025-11-29,22,quantile,0.3,0.0115849854335819
2025-11-22,wk inc flu prop ed visits,1,2025-11-29,22,quantile,0.35,0.0118340676810675
2025-11-22,wk inc flu prop ed visits,1,2025-11-29,22,quantile,0.4,0.0121699165338707
2025-11-22,wk inc flu prop ed visits,1,2025-11-29,22,quantile,0.45,0.0127584211165857
2025-11-22,wk inc flu prop ed visits,1,2025-11-29,22,quantile,0.5,0.0134221987140827
2025-11-22,wk inc flu prop ed visits,1,2025-11-29,22,quantile,0.55,0.014053271566801
2025-11-22,wk inc flu prop ed visits,1,2025-11-29,22,quantile,0.6,0.0147396222331792
2025-11-22,wk inc flu prop ed visits,1,2025-11-29,22,quantile,0.65,0.0155683481000124
2025-11-22,wk inc flu prop ed visits,1,2025-11-29,22,quantile,0.7,0.0166061747748892
2025-11-22,wk inc flu prop ed visits,1,2025-11-29,22,quantile,0.75,0.0176617726047452
2025-11-22,wk inc flu prop ed visits,1,2025-11-29,22,quantile,0.8,0.0191878060505968
2025-11-22,wk inc flu prop ed visits,1,2025-11-29,22,quantile,0.85,0.0212552237161227
2025-11-22,wk inc flu prop ed visits,1,2025-11-29,22,quantile,0.9,0.0252433001301904
2025-11-22,wk inc flu prop ed visits,1,2025-11-29,22,quantile,0.95,0.0311487727766985
2025-11-22,wk inc flu prop ed visits,1,2025-11-29,22,quantile,0.975,0.0373284897379588
2025-11-22,wk inc flu prop ed visits,1,2025-11-29,22,quantile,0.99,0.037648683528746
2025-11-22,wk inc flu prop ed visits,2,2025-12-06,22,quantile,0.01,0.00411143960032012
2025-11-22,wk inc flu prop ed visits,2,2025-12-06,22,quantile,0.025,0.00556991412026059
2025-11-22,wk inc flu prop ed visits,2,2025-12-06,22,quantile,0.05,0.00671759381307366
2025-11-22,wk inc flu prop ed visits,2,2025-12-06,22,quantile,0.1,0.00788718847957228
2025-11-22,wk inc flu prop ed visits,2,2025-12-06,22,quantile,0.15,0.00873671853701434
2025-11-22,wk inc flu prop ed visits,2,2025-12-06,22,quantile,0.2,0.00973174566613545
2025-11-22,wk inc flu prop ed visits,2,2025-12-06,22,quantile,0.25,0.0104168955706704
2025-11-22,wk inc flu prop ed visits,2,2025-12-06,22,quantile,0.3,0.0105862095108113
2025-11-22,wk inc flu prop ed visits,2,2025-12-06,22,quantile,0.35,0.0113540015470928
2025-11-22,wk inc flu prop ed visits,2,2025-12-06,22,quantile,0.4,0.0119421660073105
2025-11-22,wk inc flu prop ed visits,2,2025-12-06,22,quantile,0.45,0.0127957327786397
2025-11-22,wk inc flu prop ed visits,2,2025-12-06,22,quantile,0.5,0.0134938490885647
2025-11-22,wk inc flu prop ed visits,2,2025-12-06,22,quantile,0.55,0.0143832967190326
2025-11-22,wk inc flu prop ed visits,2,2025-12-06,22,quantile,0.6,0.0152740654579578
2025-11-22,wk inc flu prop ed visits,2,2025-12-06,22,quantile,0.65,0.0163344566485661
2025-11-22,wk inc flu prop ed visits,2,2025-12-06,22,quantile,0.7,0.0177506444389603
2025-11-22,wk inc flu prop ed visits,2,2025-12-06,22,quantile,0.75,0.0194024869882834
2025-11-22,wk inc flu prop ed visits,2,2025-12-06,22,quantile,0.8,0.0215901042449521
2025-11-22,wk inc flu prop ed visits,2,2025-12-06,22,quantile,0.85,0.0249816488787981
2025-11-22,wk inc flu prop ed visits,2,2025-12-06,22,quantile,0.9,0.0309210117208107
2025-11-22,wk inc flu prop ed visits,2,2025-12-06,22,quantile,0.95,0.0423745195368204
2025-11-22,wk inc flu prop ed visits,2,2025-12-06,22,quantile,0.975,0.0444077992394323
2025-11-22,wk inc flu prop ed visits,2,2025-12-06,22,quantile,0.99,0.0444077992394323
2025-11-22,wk inc flu prop ed visits,3,2025-12-13,22,quantile,0.01,0.00392505435185117
2025-11-22,wk inc flu prop ed visits,3,2025-12-13,22,quantile,0.025,0.0050230294196984
2025-11-22,wk inc flu prop ed visits,3,2025-12-13,22,quantile,0.05,0.00603012926615169
2025-11-22,wk inc flu prop ed visits,3,2025-12-13,22,quantile,0.1,0.00751158934379786
2025-11-22,wk inc flu prop ed visits,3,2025-12-13,22,quantile,0.15,0.00857780594953934
2025-11-22,wk inc flu prop ed visits,3,2025-12-13,22,quantile,0.2,0.00907608682191018
2025-11-22,wk inc flu prop ed visits,3,2025-12-13,22,quantile,0.25,0.00937470733765579
2025-11-22,wk inc flu prop ed visits,3,2025-12-13,22,quantile,0.3,0.0105615445127704
2025-11-22,wk inc flu prop ed visits,3,2025-12-13,22,quantile,0.35,0.0115065228600528
2025-11-22,wk inc flu prop ed visits,3,2025-12-13,22,quantile,0.4,0.0123956271983853
2025-11-22,wk inc flu prop ed visits,3,2025-12-13,22,quantile,0.45,0.0135799596333377
2025-11-22,wk inc flu prop ed visits,3,2025-12-13,22,quantile,0.5,0.0144782580581709
2025-11-22,wk inc flu prop ed visits,3,2025-12-13,22,quantile,0.55,0.0156150495576136
2025-11-22,wk inc flu prop ed visits,3,2025-12-13,22,quantile,0.6,0.0168182762381215
2025-11-22,wk inc flu prop ed visits,3,2025-12-13,22,quantile,0.65,0.0183588732002683
2025-11-22,wk inc flu prop ed visits,3,2025-12-13,22,quantile,0.7,0.0202433277664574
2025-11-22,wk inc flu prop ed visits,3,2025-12-13,22,quantile,0.75,0.0226126629740011
2025-11-22,wk inc flu prop ed visits,3,2025-12-13,22,quantile,0.8,0.0263601878462181
2025-11-22,wk inc flu prop ed visits,3,2025-12-13,22,quantile,0.85,0.0328451240064092
2025-11-22,wk inc flu prop ed visits,3,2025-12-13,22,quantile,0.9,0.0427731387076334
2025-11-22,wk inc flu prop ed visits,3,2025-12-13,22,quantile,0.95,0.0574972454085449
2025-11-22,wk inc flu prop ed visits,3,2025-12-13,22,quantile,0.975,0.0574972454085449
2025-11-22,wk inc flu prop ed visits,3,2025-12-13,22,quantile,0.99,0.0574972454085449
2025-11-22,wk inc flu prop ed visits,0,2025-11-22,23,quantile,0.01,5.4594133251756e-4
2025-11-22,wk inc flu prop ed visits,0,2025-11-22,23,quantile,0.025,5.5570966792221e-4
2025-11-22,wk inc flu prop ed visits,0,2025-11-22,23,quantile,0.05,6.7033111532459e-4
2025-11-22,wk inc flu prop ed visits,0,2025-11-22,23,quantile,0.1,7.3361736716832e-4
2025-11-22,wk inc flu prop ed visits,0,2025-11-22,23,quantile,0.15,9.1645905616723e-4
2025-11-22,wk inc flu prop ed visits,0,2025-11-22,23,quantile,0.2,0.00100775828875285
2025-11-22,wk inc flu prop ed visits,0,2025-11-22,23,quantile,0.25,0.00100775863859776
2025-11-22,wk inc flu prop ed visits,0,2025-11-22,23,quantile,0.3,0.00115293941284869
2025-11-22,wk inc flu prop ed visits,0,2025-11-22,23,quantile,0.35,0.0012415592659863
2025-11-22,wk inc flu prop ed visits,0,2025-11-22,23,quantile,0.4,0.0013580606226822
2025-11-22,wk inc flu prop ed visits,0,2025-11-22,23,quantile,0.45,0.00142360634734557
2025-11-22,wk inc flu prop ed visits,0,2025-11-22,23,quantile,0.5,0.00154271641869563
2025-11-22,wk inc flu prop ed visits,0,2025-11-22,23,quantile,0.55,0.00162446934928863
2025-11-22,wk inc flu prop ed visits,0,2025-11-22,23,quantile,0.6,0.00170842388319373
2025-11-22,wk inc flu prop ed visits,0,2025-11-22,23,quantile,0.65,0.00184946810282202
2025-11-22,wk inc flu prop ed visits,0,2025-11-22,23,quantile,0.7,0.00195355709822824
2025-11-22,wk inc flu prop ed visits,0,2025-11-22,23,quantile,0.75,0.00212826126301506
2025-11-22,wk inc flu prop ed visits,0,2025-11-22,23,quantile,0.8,0.0023286358416688
2025-11-22,wk inc flu prop ed visits,0,2025-11-22,23,quantile,0.85,0.00261007209311077
2025-11-22,wk inc flu prop ed visits,0,2025-11-22,23,quantile,0.9,0.00298449975987866
2025-11-22,wk inc flu prop ed visits,0,2025-11-22,23,quantile,0.95,0.00364501036571592
2025-11-22,wk inc flu prop ed visits,0,2025-11-22,23,quantile,0.975,0.00427305949769135
2025-11-22,wk inc flu prop ed visits,0,2025-11-22,23,quantile,0.99,0.00527757793509696
2025-11-22,wk inc flu prop ed visits,1,2025-11-29,23,quantile,0.01,4.3165183180643e-4
2025-11-22,wk inc flu prop ed visits,1,2025-11-29,23,quantile,0.025,5.2940279778323e-4
2025-11-22,wk inc flu prop ed visits,1,2025-11-29,23,quantile,0.05,6.1953169020608e-4
2025-11-22,wk inc flu prop ed visits,1,2025-11-29,23,quantile,0.1,7.9057018578775e-4
2025-11-22,wk inc flu prop ed visits,1,2025-11-29,23,quantile,0.15,8.80517051387e-4
2025-11-22,wk inc flu prop ed visits,1,2025-11-29,23,quantile,0.2,9.7435830363052e-4
2025-11-22,wk inc flu prop ed visits,1,2025-11-29,23,quantile,0.25,0.00110379286483899
2025-11-22,wk inc flu prop ed visits,1,2025-11-29,23,quantile,0.3,0.00117867592783475
2025-11-22,wk inc flu prop ed visits,1,2025-11-29,23,quantile,0.35,0.00122189375138337
2025-11-22,wk inc flu prop ed visits,1,2025-11-29,23,quantile,0.4,0.00127302692052451
2025-11-22,wk inc flu prop ed visits,1,2025-11-29,23,quantile,0.45,0.00137110266860127
2025-11-22,wk inc flu prop ed visits,1,2025-11-29,23,quantile,0.5,0.0014906835886709
2025-11-22,wk inc flu prop ed visits,1,2025-11-29,23,quantile,0.55,0.00160139913953534
2025-11-22,wk inc flu prop ed visits,1,2025-11-29,23,quantile,0.6,0.00172263429249486
2025-11-22,wk inc flu prop ed visits,1,2025-11-29,23,quantile,0.65,0.0018751863571993
2025-11-22,wk inc flu prop ed visits,1,2025-11-29,23,quantile,0.7,0.00207977857503987
2025-11-22,wk inc flu prop ed visits,1,2025-11-29,23,quantile,0.75,0.00228918495551031
2025-11-22,wk inc flu prop ed visits,1,2025-11-29,23,quantile,0.8,0.00259652274479684
2025-11-22,wk inc flu prop ed visits,1,2025-11-29,23,quantile,0.85,0.00301675143475384
2025-11-22,wk inc flu prop ed visits,1,2025-11-29,23,quantile,0.9,0.00379663081428873
2025-11-22,wk inc flu prop ed visits,1,2025-11-29,23,quantile,0.95,0.0050618387260876
2025-11-22,wk inc flu prop ed visits,1,2025-11-29,23,quantile,0.975,0.00617208802188862
2025-11-22,wk inc flu prop ed visits,1,2025-11-29,23,quantile,0.99,0.00622609214449032
2025-11-22,wk inc flu prop ed visits,2,2025-12-06,23,quantile,0.01,3.4767342396017e-4
2025-11-22,wk inc flu prop ed visits,2,2025-12-06,23,quantile,0.025,5.0207185600648e-4
2025-11-22,wk inc flu prop ed visits,2,2025-12-06,23,quantile,0.05,6.2610746528993e-4
2025-11-22,wk inc flu prop ed visits,2,2025-12-06,23,quantile,0.1,7.7936698082435e-4
2025-11-22,wk inc flu prop ed visits,2,2025-12-06,23,quantile,0.15,9.0165206153849e-4
2025-11-22,wk inc flu prop ed visits,2,2025-12-06,23,quantile,0.2,0.00105309877201139
2025-11-22,wk inc flu prop ed visits,2,2025-12-06,23,quantile,0.25,0.00114392525165053
2025-11-22,wk inc flu prop ed visits,2,2025-12-06,23,quantile,0.3,0.00117035110531277
2025-11-22,wk inc flu prop ed visits,2,2025-12-06,23,quantile,0.35,0.00129148501160195
2025-11-22,wk inc flu prop ed visits,2,2025-12-06,23,quantile,0.4,0.00138093461865474
2025-11-22,wk inc flu prop ed visits,2,2025-12-06,23,quantile,0.45,0.0015240014244922
2025-11-22,wk inc flu prop ed visits,2,2025-12-06,23,quantile,0.5,0.00164098002555324
2025-11-22,wk inc flu prop ed visits,2,2025-12-06,23,quantile,0.55,0.00179704183357725
2025-11-22,wk inc flu prop ed visits,2,2025-12-06,23,quantile,0.6,0.001939414762229
2025-11-22,wk inc flu prop ed visits,2,2025-12-06,23,quantile,0.65,0.00212369246324153
2025-11-22,wk inc flu prop ed visits,2,2025-12-06,23,quantile,0.7,0.00239134407067722
2025-11-22,wk inc flu prop ed visits,2,2025-12-06,23,quantile,0.75,0.00271379412746898
2025-11-22,wk inc flu prop ed visits,2,2025-12-06,23,quantile,0.8,0.00312548549123097
2025-11-22,wk inc flu prop ed visits,2,2025-12-06,23,quantile,0.85,0.00374574945708302
2025-11-22,wk inc flu prop ed visits,2,2025-12-06,23,quantile,0.9,0.00476290310172946
2025-11-22,wk inc flu prop ed visits,2,2025-12-06,23,quantile,0.95,0.0068853054377494
2025-11-22,wk inc flu prop ed visits,2,2025-12-06,23,quantile,0.975,0.00720831804183988
2025-11-22,wk inc flu prop ed visits,2,2025-12-06,23,quantile,0.99,0.00720831804183988
2025-11-22,wk inc flu prop ed visits,3,2025-12-13,23,quantile,0.01,3.8355555501629e-4
2025-11-22,wk inc flu prop ed visits,3,2025-12-13,23,quantile,0.025,5.1799573257211e-4
2025-11-22,wk inc flu prop ed visits,3,2025-12-13,23,quantile,0.05,6.3737295760734e-4
2025-11-22,wk inc flu prop ed visits,3,2025-12-13,23,quantile,0.1,8.5308645020872e-4
2025-11-22,wk inc flu prop ed visits,3,2025-12-13,23,quantile,0.15,0.0010013661478238
2025-11-22,wk inc flu prop ed visits,3,2025-12-13,23,quantile,0.2,0.00106935680345059
2025-11-22,wk inc flu prop ed visits,3,2025-12-13,23,quantile,0.25,0.00111547784129047
2025-11-22,wk inc flu prop ed visits,3,2025-12-13,23,quantile,0.3,0.00129837434608777
2025-11-22,wk inc flu prop ed visits,3,2025-12-13,23,quantile,0.35,0.0014490931785948
2025-11-22,wk inc flu prop ed visits,3,2025-12-13,23,quantile,0.4,0.00158866124202223
2025-11-22,wk inc flu prop ed visits,3,2025-12-13,23,quantile,0.45,0.00178232494765604
2025-11-22,wk inc flu prop ed visits,3,2025-12-13,23,quantile,0.5,0.00193825700272325
2025-11-22,wk inc flu prop ed visits,3,2025-12-13,23,quantile,0.55,0.00213360727537396
2025-11-22,wk inc flu prop ed visits,3,2025-12-13,23,quantile,0.6,0.00232579305641027
2025-11-22,wk inc flu prop ed visits,3,2025-12-13,23,quantile,0.65,0.0026056541528575
2025-11-22,wk inc flu prop ed visits,3,2025-12-13,23,quantile,0.7,0.00293770720819773
2025-11-22,wk inc flu prop ed visits,3,2025-12-13,23,quantile,0.75,0.00337489932605825
2025-11-22,wk inc flu prop ed visits,3,2025-12-13,23,quantile,0.8,0.00406032272504174
2025-11-22,wk inc flu prop ed visits,3,2025-12-13,23,quantile,0.85,0.00515648787177664
2025-11-22,wk inc flu prop ed visits,3,2025-12-13,23,quantile,0.9,0.00685788837704209
2025-11-22,wk inc flu prop ed visits,3,2025-12-13,23,quantile,0.95,0.0094668343209212
2025-11-22,wk inc flu prop ed visits,3,2025-12-13,23,quantile,0.975,0.0094668343209212
2025-11-22,wk inc flu prop ed visits,3,2025-12-13,23,quantile,0.99,0.0094668343209212
2025-11-22,wk inc flu prop ed visits,0,2025-11-22,24,quantile,0.01,0.00270144959729186
2025-11-22,wk inc flu prop ed visits,0,2025-11-22,24,quantile,0.025,0.00273596157812659
2025-11-22,wk inc flu prop ed visits,0,2025-11-22,24,quantile,0.05,0.00314271409309533
2025-11-22,wk inc flu prop ed visits,0,2025-11-22,24,quantile,0.1,0.00338369849482855
2025-11-22,wk inc flu prop ed visits,0,2025-11-22,24,quantile,0.15,0.00389165638121161
2025-11-22,wk inc flu prop ed visits,0,2025-11-22,24,quantile,0.2,0.00407408167978899
2025-11-22,wk inc flu prop ed visits,0,2025-11-22,24,quantile,0.25,0.00407408224802409
2025-11-22,wk inc flu prop ed visits,0,2025-11-22,24,quantile,0.3,0.00439237839924698
2025-11-22,wk inc flu prop ed visits,0,2025-11-22,24,quantile,0.35,0.00458374425148352
2025-11-22,wk inc flu prop ed visits,0,2025-11-22,24,quantile,0.4,0.00477694184841634
2025-11-22,wk inc flu prop ed visits,0,2025-11-22,24,quantile,0.45,0.00492147736489527
2025-11-22,wk inc flu prop ed visits,0,2025-11-22,24,quantile,0.5,0.00511615583391645
2025-11-22,wk inc flu prop ed visits,0,2025-11-22,24,quantile,0.55,0.00525600883441612
2025-11-22,wk inc flu prop ed visits,0,2025-11-22,24,quantile,0.6,0.00540452418459694
2025-11-22,wk inc flu prop ed visits,0,2025-11-22,24,quantile,0.65,0.00563128394402004
2025-11-22,wk inc flu prop ed visits,0,2025-11-22,24,quantile,0.7,0.00579500679014426
2025-11-22,wk inc flu prop ed visits,0,2025-11-22,24,quantile,0.75,0.00605466280871686
2025-11-22,wk inc flu prop ed visits,0,2025-11-22,24,quantile,0.8,0.00635763269200872
2025-11-22,wk inc flu prop ed visits,0,2025-11-22,24,quantile,0.85,0.00676197040458564
2025-11-22,wk inc flu prop ed visits,0,2025-11-22,24,quantile,0.9,0.00729917619091489
2025-11-22,wk inc flu prop ed visits,0,2025-11-22,24,quantile,0.95,0.00824129225928007
2025-11-22,wk inc flu prop ed visits,0,2025-11-22,24,quantile,0.975,0.00916571680535655
2025-11-22,wk inc flu prop ed visits,0,2025-11-22,24,quantile,0.99,0.0103859676941895
2025-11-22,wk inc flu prop ed visits,1,2025-11-29,24,quantile,0.01,0.00214873725995312
2025-11-22,wk inc flu prop ed visits,1,2025-11-29,24,quantile,0.025,0.00246013096548648
2025-11-22,wk inc flu prop ed visits,1,2025-11-29,24,quantile,0.05,0.00274720929512931
2025-11-22,wk inc flu prop ed visits,1,2025-11-29,24,quantile,0.1,0.00320548692640572
2025-11-22,wk inc flu prop ed visits,1,2025-11-29,24,quantile,0.15,0.00339891421604588
2025-11-22,wk inc flu prop ed visits,1,2025-11-29,24,quantile,0.2,0.00362321701291625
2025-11-22,wk inc flu prop ed visits,1,2025-11-29,24,quantile,0.25,0.00390879320969736
2025-11-22,wk inc flu prop ed visits,1,2025-11-29,24,quantile,0.3,0.00406968529708758
2025-11-22,wk inc flu prop ed visits,1,2025-11-29,24,quantile,0.35,0.00415168919645594
2025-11-22,wk inc flu prop ed visits,1,2025-11-29,24,quantile,0.4,0.00426684174090643
2025-11-22,wk inc flu prop ed visits,1,2025-11-29,24,quantile,0.45,0.00446198086460069
2025-11-22,wk inc flu prop ed visits,1,2025-11-29,24,quantile,0.5,0.0046823760649357
2025-11-22,wk inc flu prop ed visits,1,2025-11-29,24,quantile,0.55,0.00489383060623325
2025-11-22,wk inc flu prop ed visits,1,2025-11-29,24,quantile,0.6,0.0051219383390522
2025-11-22,wk inc flu prop ed visits,1,2025-11-29,24,quantile,0.65,0.00539867694718593
2025-11-22,wk inc flu prop ed visits,1,2025-11-29,24,quantile,0.7,0.00574381830206153
2025-11-22,wk inc flu prop ed visits,1,2025-11-29,24,quantile,0.75,0.00609365251782088
2025-11-22,wk inc flu prop ed visits,1,2025-11-29,24,quantile,0.8,0.00659653734515967
2025-11-22,wk inc flu prop ed visits,1,2025-11-29,24,quantile,0.85,0.00728074782279043
2025-11-22,wk inc flu prop ed visits,1,2025-11-29,24,quantile,0.9,0.00861315565003151
2025-11-22,wk inc flu prop ed visits,1,2025-11-29,24,quantile,0.95,0.0105640032948931
2025-11-22,wk inc flu prop ed visits,1,2025-11-29,24,quantile,0.975,0.0126157350878733
2025-11-22,wk inc flu prop ed visits,1,2025-11-29,24,quantile,0.99,0.0127220483010263
2025-11-22,wk inc flu prop ed visits,2,2025-12-06,24,quantile,0.01,0.00150908980771847
2025-11-22,wk inc flu prop ed visits,2,2025-12-06,24,quantile,0.025,0.00200260511649214
2025-11-22,wk inc flu prop ed visits,2,2025-12-06,24,quantile,0.05,0.00240009778126429
2025-11-22,wk inc flu prop ed visits,2,2025-12-06,24,quantile,0.1,0.00280263309243185
2025-11-22,wk inc flu prop ed visits,2,2025-12-06,24,quantile,0.15,0.00308656196217005
2025-11-22,wk inc flu prop ed visits,2,2025-12-06,24,quantile,0.2,0.00342097263815335
2025-11-22,wk inc flu prop ed visits,2,2025-12-06,24,quantile,0.25,0.00364941697944668
2025-11-22,wk inc flu prop ed visits,2,2025-12-06,24,quantile,0.3,0.00370632678007148
2025-11-22,wk inc flu prop ed visits,2,2025-12-06,24,quantile,0.35,0.00396540673622401
2025-11-22,wk inc flu prop ed visits,2,2025-12-06,24,quantile,0.4,0.00416598261424933
2025-11-22,wk inc flu prop ed visits,2,2025-12-06,24,quantile,0.45,0.00445144781649484
2025-11-22,wk inc flu prop ed visits,2,2025-12-06,24,quantile,0.5,0.00468125242481687
2025-11-22,wk inc flu prop ed visits,2,2025-12-06,24,quantile,0.55,0.00498144098270723
2025-11-22,wk inc flu prop ed visits,2,2025-12-06,24,quantile,0.6,0.00527925490706548
2025-11-22,wk inc flu prop ed visits,2,2025-12-06,24,quantile,0.65,0.0056315877266612
2025-11-22,wk inc flu prop ed visits,2,2025-12-06,24,quantile,0.7,0.0061096044116901
2025-11-22,wk inc flu prop ed visits,2,2025-12-06,24,quantile,0.75,0.00665972003281739
2025-11-22,wk inc flu prop ed visits,2,2025-12-06,24,quantile,0.8,0.00739452121135945
2025-11-22,wk inc flu prop ed visits,2,2025-12-06,24,quantile,0.85,0.00853345415486628
2025-11-22,wk inc flu prop ed visits,2,2025-12-06,24,quantile,0.9,0.0105444557877325
2025-11-22,wk inc flu prop ed visits,2,2025-12-06,24,quantile,0.95,0.0143821350373228
2025-11-22,wk inc flu prop ed visits,2,2025-12-06,24,quantile,0.975,0.0150620112394879
2025-11-22,wk inc flu prop ed visits,2,2025-12-06,24,quantile,0.99,0.0150620112394879
2025-11-22,wk inc flu prop ed visits,3,2025-12-13,24,quantile,0.01,0.00150542484700636
2025-11-22,wk inc flu prop ed visits,3,2025-12-13,24,quantile,0.025,0.00193697163451938
2025-11-22,wk inc flu prop ed visits,3,2025-12-13,24,quantile,0.05,0.00234719663749478
2025-11-22,wk inc flu prop ed visits,3,2025-12-13,24,quantile,0.1,0.00291768666041767
2025-11-22,wk inc flu prop ed visits,3,2025-12-13,24,quantile,0.15,0.00327881955700616
2025-11-22,wk inc flu prop ed visits,3,2025-12-13,24,quantile,0.2,0.00346246447450571
2025-11-22,wk inc flu prop ed visits,3,2025-12-13,24,quantile,0.25,0.00355957373396319
2025-11-22,wk inc flu prop ed visits,3,2025-12-13,24,quantile,0.3,0.00397462319088383
2025-11-22,wk inc flu prop ed visits,3,2025-12-13,24,quantile,0.35,0.0043057204842328
2025-11-22,wk inc flu prop ed visits,3,2025-12-13,24,quantile,0.4,0.00462599047413802
2025-11-22,wk inc flu prop ed visits,3,2025-12-13,24,quantile,0.45,0.00501988330247719
2025-11-22,wk inc flu prop ed visits,3,2025-12-13,24,quantile,0.5,0.00532376721898777
2025-11-22,wk inc flu prop ed visits,3,2025-12-13,24,quantile,0.55,0.00570483296567785
2025-11-22,wk inc flu prop ed visits,3,2025-12-13,24,quantile,0.6,0.00612029099017407
2025-11-22,wk inc flu prop ed visits,3,2025-12-13,24,quantile,0.65,0.00664711758024901
2025-11-22,wk inc flu prop ed visits,3,2025-12-13,24,quantile,0.7,0.00727458391279935
2025-11-22,wk inc flu prop ed visits,3,2025-12-13,24,quantile,0.75,0.00809688178335729
2025-11-22,wk inc flu prop ed visits,3,2025-12-13,24,quantile,0.8,0.00935133913274853
2025-11-22,wk inc flu prop ed visits,3,2025-12-13,24,quantile,0.85,0.0115274750103002
2025-11-22,wk inc flu prop ed visits,3,2025-12-13,24,quantile,0.9,0.0147297060030861
2025-11-22,wk inc flu prop ed visits,3,2025-12-13,24,quantile,0.95,0.0198515226120653
2025-11-22,wk inc flu prop ed visits,3,2025-12-13,24,quantile,0.975,0.0198515226120653
2025-11-22,wk inc flu prop ed visits,3,2025-12-13,24,quantile,0.99,0.0198515226120653
2025-11-22,wk inc flu prop ed visits,0,2025-11-22,25,quantile,0.01,0.00134500382184642
2025-11-22,wk inc flu prop ed visits,0,2025-11-22,25,quantile,0.025,0.00136135540079266
2025-11-22,wk inc flu prop ed visits,0,2025-11-22,25,quantile,0.05,0.00155384962885539
2025-11-22,wk inc flu prop ed visits,0,2025-11-22,25,quantile,0.1,0.00166592752025098
2025-11-22,wk inc flu prop ed visits,0,2025-11-22,25,quantile,0.15,0.00191845425286029
2025-11-22,wk inc flu prop ed visits,0,2025-11-22,25,quantile,0.2,0.00201077352272893
2025-11-22,wk inc flu prop ed visits,0,2025-11-22,25,quantile,0.25,0.00201077391702066
2025-11-22,wk inc flu prop ed visits,0,2025-11-22,25,quantile,0.3,0.00217001057886316
2025-11-22,wk inc flu prop ed visits,0,2025-11-22,25,quantile,0.35,0.00226921427052229
2025-11-22,wk inc flu prop ed visits,0,2025-11-22,25,quantile,0.4,0.00236938343122681
2025-11-22,wk inc flu prop ed visits,0,2025-11-22,25,quantile,0.45,0.00244267652254312
2025-11-22,wk inc flu prop ed visits,0,2025-11-22,25,quantile,0.5,0.00254611627580244
2025-11-22,wk inc flu prop ed visits,0,2025-11-22,25,quantile,0.55,0.00261540965803777
2025-11-22,wk inc flu prop ed visits,0,2025-11-22,25,quantile,0.6,0.00269273654027308
2025-11-22,wk inc flu prop ed visits,0,2025-11-22,25,quantile,0.65,0.00280676935400913
2025-11-22,wk inc flu prop ed visits,0,2025-11-22,25,quantile,0.7,0.00289218430595511
2025-11-22,wk inc flu prop ed visits,0,2025-11-22,25,quantile,0.75,0.00301788279734232
2025-11-22,wk inc flu prop ed visits,0,2025-11-22,25,quantile,0.8,0.003167372495574
2025-11-22,wk inc flu prop ed visits,0,2025-11-22,25,quantile,0.85,0.0033703194390983
2025-11-22,wk inc flu prop ed visits,0,2025-11-22,25,quantile,0.9,0.0036418044315938
2025-11-22,wk inc flu prop ed visits,0,2025-11-22,25,quantile,0.95,0.00411311765594505
2025-11-22,wk inc flu prop ed visits,0,2025-11-22,25,quantile,0.975,0.00458432085195555
2025-11-22,wk inc flu prop ed visits,0,2025-11-22,25,quantile,0.99,0.00519581141948931
2025-11-22,wk inc flu prop ed visits,1,2025-11-29,25,quantile,0.01,0.00110105255517407
2025-11-22,wk inc flu prop ed visits,1,2025-11-29,25,quantile,0.025,0.0012571447605741
2025-11-22,wk inc flu prop ed visits,1,2025-11-29,25,quantile,0.05,0.0014012637141528
2025-11-22,wk inc flu prop ed visits,1,2025-11-29,25,quantile,0.1,0.00164127057749661
2025-11-22,wk inc flu prop ed visits,1,2025-11-29,25,quantile,0.15,0.00173934313621167
2025-11-22,wk inc flu prop ed visits,1,2025-11-29,25,quantile,0.2,0.00185360633505932
2025-11-22,wk inc flu prop ed visits,1,2025-11-29,25,quantile,0.25,0.00200299193643039
2025-11-22,wk inc flu prop ed visits,1,2025-11-29,25,quantile,0.3,0.00208501733494422
2025-11-22,wk inc flu prop ed visits,1,2025-11-29,25,quantile,0.35,0.00212560566225295
2025-11-22,wk inc flu prop ed visits,1,2025-11-29,25,quantile,0.4,0.00218984531968805
2025-11-22,wk inc flu prop ed visits,1,2025-11-29,25,quantile,0.45,0.00229146085514285
2025-11-22,wk inc flu prop ed visits,1,2025-11-29,25,quantile,0.5,0.00240394531287112
2025-11-22,wk inc flu prop ed visits,1,2025-11-29,25,quantile,0.55,0.00251719634681122
2025-11-22,wk inc flu prop ed visits,1,2025-11-29,25,quantile,0.6,0.00263524719100014
2025-11-22,wk inc flu prop ed visits,1,2025-11-29,25,quantile,0.65,0.00278171269468327
2025-11-22,wk inc flu prop ed visits,1,2025-11-29,25,quantile,0.7,0.00296146889869711
2025-11-22,wk inc flu prop ed visits,1,2025-11-29,25,quantile,0.75,0.00314289093151078
2025-11-22,wk inc flu prop ed visits,1,2025-11-29,25,quantile,0.8,0.00340453369805154
2025-11-22,wk inc flu prop ed visits,1,2025-11-29,25,quantile,0.85,0.00376495933376238
2025-11-22,wk inc flu prop ed visits,1,2025-11-29,25,quantile,0.9,0.00446873606712679
2025-11-22,wk inc flu prop ed visits,1,2025-11-29,25,quantile,0.95,0.00551409147436324
2025-11-22,wk inc flu prop ed visits,1,2025-11-29,25,quantile,0.975,0.00659233325620847
2025-11-22,wk inc flu prop ed visits,1,2025-11-29,25,quantile,0.99,0.00664818342718687
2025-11-22,wk inc flu prop ed visits,2,2025-12-06,25,quantile,0.01,8.6412484452183e-4
2025-11-22,wk inc flu prop ed visits,2,2025-12-06,25,quantile,0.025,0.00111796980603313
2025-11-22,wk inc flu prop ed visits,2,2025-12-06,25,quantile,0.05,0.00132610889298759
2025-11-22,wk inc flu prop ed visits,2,2025-12-06,25,quantile,0.1,0.00153542155254088
2025-11-22,wk inc flu prop ed visits,2,2025-12-06,25,quantile,0.15,0.00167931624693631
2025-11-22,wk inc flu prop ed visits,2,2025-12-06,25,quantile,0.2,0.00185044507780991
2025-11-22,wk inc flu prop ed visits,2,2025-12-06,25,quantile,0.25,0.00196992794033473
2025-11-22,wk inc flu prop ed visits,2,2025-12-06,25,quantile,0.3,0.00199930045851629
2025-11-22,wk inc flu prop ed visits,2,2025-12-06,25,quantile,0.35,0.00213159155126801
2025-11-22,wk inc flu prop ed visits,2,2025-12-06,25,quantile,0.4,0.00224059683044799
2025-11-22,wk inc flu prop ed visits,2,2025-12-06,25,quantile,0.45,0.00238913178463188
2025-11-22,wk inc flu prop ed visits,2,2025-12-06,25,quantile,0.5,0.00250513145527847
2025-11-22,wk inc flu prop ed visits,2,2025-12-06,25,quantile,0.55,0.00266347160967756
2025-11-22,wk inc flu prop ed visits,2,2025-12-06,25,quantile,0.6,0.00281634308657075
2025-11-22,wk inc flu prop ed visits,2,2025-12-06,25,quantile,0.65,0.00300127881699688
2025-11-22,wk inc flu prop ed visits,2,2025-12-06,25,quantile,0.7,0.00324930860357006
2025-11-22,wk inc flu prop ed visits,2,2025-12-06,25,quantile,0.75,0.00353366333758764
2025-11-22,wk inc flu prop ed visits,2,2025-12-06,25,quantile,0.8,0.00392213267047932
2025-11-22,wk inc flu prop ed visits,2,2025-12-06,25,quantile,0.85,0.00450936783692427
2025-11-22,wk inc flu prop ed visits,2,2025-12-06,25,quantile,0.9,0.00555900669757827
2025-11-22,wk inc flu prop ed visits,2,2025-12-06,25,quantile,0.95,0.00753710551510152
2025-11-22,wk inc flu prop ed visits,2,2025-12-06,25,quantile,0.975,0.00788420586937303
2025-11-22,wk inc flu prop ed visits,2,2025-12-06,25,quantile,0.99,0.00788420586937303
2025-11-22,wk inc flu prop ed visits,3,2025-12-13,25,quantile,0.01,8.2931053936063e-4
2025-11-22,wk inc flu prop ed visits,3,2025-12-13,25,quantile,0.025,0.00109121961696428
2025-11-22,wk inc flu prop ed visits,3,2025-12-13,25,quantile,0.05,0.00132592406478327
2025-11-22,wk inc flu prop ed visits,3,2025-12-13,25,quantile,0.1,0.00166247517167701
2025-11-22,wk inc flu prop ed visits,3,2025-12-13,25,quantile,0.15,0.00185076346152091
2025-11-22,wk inc flu prop ed visits,3,2025-12-13,25,quantile,0.2,0.00194850772895579
2025-11-22,wk inc flu prop ed visits,3,2025-12-13,25,quantile,0.25,0.00199530191857637
2025-11-22,wk inc flu prop ed visits,3,2025-12-13,25,quantile,0.3,0.00221922061936793
2025-11-22,wk inc flu prop ed visits,3,2025-12-13,25,quantile,0.35,0.00238994478953001
2025-11-22,wk inc flu prop ed visits,3,2025-12-13,25,quantile,0.4,0.00255734496725135
2025-11-22,wk inc flu prop ed visits,3,2025-12-13,25,quantile,0.45,0.0027617669549318
2025-11-22,wk inc flu prop ed visits,3,2025-12-13,25,quantile,0.5,0.00292341757537662
2025-11-22,wk inc flu prop ed visits,3,2025-12-13,25,quantile,0.55,0.00311743755746559
2025-11-22,wk inc flu prop ed visits,3,2025-12-13,25,quantile,0.6,0.00333236525666803
2025-11-22,wk inc flu prop ed visits,3,2025-12-13,25,quantile,0.65,0.00360832405074806
2025-11-22,wk inc flu prop ed visits,3,2025-12-13,25,quantile,0.7,0.00392897796068392
2025-11-22,wk inc flu prop ed visits,3,2025-12-13,25,quantile,0.75,0.00435884871172278
2025-11-22,wk inc flu prop ed visits,3,2025-12-13,25,quantile,0.8,0.00500173518086098
2025-11-22,wk inc flu prop ed visits,3,2025-12-13,25,quantile,0.85,0.00609738367483842
2025-11-22,wk inc flu prop ed visits,3,2025-12-13,25,quantile,0.9,0.00775325369603898
2025-11-22,wk inc flu prop ed visits,3,2025-12-13,25,quantile,0.95,0.0103802840265296
2025-11-22,wk inc flu prop ed visits,3,2025-12-13,25,quantile,0.975,0.0103802840265296
2025-11-22,wk inc flu prop ed visits,3,2025-12-13,25,quantile,0.99,0.0103802840265296
2025-11-22,wk inc flu prop ed visits,0,2025-11-22,26,quantile,0.01,0.00134478772319578
2025-11-22,wk inc flu prop ed visits,0,2025-11-22,26,quantile,0.025,0.0013630455276528
2025-11-22,wk inc flu prop ed visits,0,2025-11-22,26,quantile,0.05,0.00157779834839693
2025-11-22,wk inc flu prop ed visits,0,2025-11-22,26,quantile,0.1,0.00170110841054076
2025-11-22,wk inc flu prop ed visits,0,2025-11-22,26,quantile,0.15,0.00196405435876917
2025-11-22,wk inc flu prop ed visits,0,2025-11-22,26,quantile,0.2,0.00206012510722136
2025-11-22,wk inc flu prop ed visits,0,2025-11-22,26,quantile,0.25,0.0020601255336485
2025-11-22,wk inc flu prop ed visits,0,2025-11-22,26,quantile,0.3,0.00222696483905683
2025-11-22,wk inc flu prop ed visits,0,2025-11-22,26,quantile,0.35,0.00232941995582806
2025-11-22,wk inc flu prop ed visits,0,2025-11-22,26,quantile,0.4,0.00243584289679468
2025-11-22,wk inc flu prop ed visits,0,2025-11-22,26,quantile,0.45,0.00251140041393267
2025-11-22,wk inc flu prop ed visits,0,2025-11-22,26,quantile,0.5,0.0026165607159802
2025-11-22,wk inc flu prop ed visits,0,2025-11-22,26,quantile,0.55,0.0026913447124336
2025-11-22,wk inc flu prop ed visits,0,2025-11-22,26,quantile,0.6,0.00277278521179723
2025-11-22,wk inc flu prop ed visits,0,2025-11-22,26,quantile,0.65,0.00289866491200038
2025-11-22,wk inc flu prop ed visits,0,2025-11-22,26,quantile,0.7,0.00298770023498982
2025-11-22,wk inc flu prop ed visits,0,2025-11-22,26,quantile,0.75,0.00312596136604713
2025-11-22,wk inc flu prop ed visits,0,2025-11-22,26,quantile,0.8,0.00329308359834237
2025-11-22,wk inc flu prop ed visits,0,2025-11-22,26,quantile,0.85,0.00351660551669994
2025-11-22,wk inc flu prop ed visits,0,2025-11-22,26,quantile,0.9,0.00381061494596754
2025-11-22,wk inc flu prop ed visits,0,2025-11-22,26,quantile,0.95,0.00431844131594099
2025-11-22,wk inc flu prop ed visits,0,2025-11-22,26,quantile,0.975,0.00481921756912368
2025-11-22,wk inc flu prop ed visits,0,2025-11-22,26,quantile,0.99,0.0054954125182087
2025-11-22,wk inc flu prop ed visits,1,2025-11-29,26,quantile,0.01,0.00107983209521962
2025-11-22,wk inc flu prop ed visits,1,2025-11-29,26,quantile,0.025,0.00124105816438884
2025-11-22,wk inc flu prop ed visits,1,2025-11-29,26,quantile,0.05,0.0013894524946363
2025-11-22,wk inc flu prop ed visits,1,2025-11-29,26,quantile,0.1,0.00162559843912957
2025-11-22,wk inc flu prop ed visits,1,2025-11-29,26,quantile,0.15,0.00172776524234527
2025-11-22,wk inc flu prop ed visits,1,2025-11-29,26,quantile,0.2,0.00184532178718753
2025-11-22,wk inc flu prop ed visits,1,2025-11-29,26,quantile,0.25,0.00199532860327591
2025-11-22,wk inc flu prop ed visits,1,2025-11-29,26,quantile,0.3,0.00208050997457365
2025-11-22,wk inc flu prop ed visits,1,2025-11-29,26,quantile,0.35,0.00212389937960494
2025-11-22,wk inc flu prop ed visits,1,2025-11-29,26,quantile,0.4,0.00218338835370237
2025-11-22,wk inc flu prop ed visits,1,2025-11-29,26,quantile,0.45,0.00228653719307882
2025-11-22,wk inc flu prop ed visits,1,2025-11-29,26,quantile,0.5,0.002402686405451
2025-11-22,wk inc flu prop ed visits,1,2025-11-29,26,quantile,0.55,0.00251315973391787
2025-11-22,wk inc flu prop ed visits,1,2025-11-29,26,quantile,0.6,0.00263299800225678
2025-11-22,wk inc flu prop ed visits,1,2025-11-29,26,quantile,0.65,0.00277761085762726
2025-11-22,wk inc flu prop ed visits,1,2025-11-29,26,quantile,0.7,0.00295946385627312
2025-11-22,wk inc flu prop ed visits,1,2025-11-29,26,quantile,0.75,0.00314437507450156
2025-11-22,wk inc flu prop ed visits,1,2025-11-29,26,quantile,0.8,0.00341027150842257
2025-11-22,wk inc flu prop ed visits,1,2025-11-29,26,quantile,0.85,0.00376708638906341
2025-11-22,wk inc flu prop ed visits,1,2025-11-29,26,quantile,0.9,0.00445113940684771
2025-11-22,wk inc flu prop ed visits,1,2025-11-29,26,quantile,0.95,0.00545293386128034
2025-11-22,wk inc flu prop ed visits,1,2025-11-29,26,quantile,0.975,0.00650530139907497
2025-11-22,wk inc flu prop ed visits,1,2025-11-29,26,quantile,0.99,0.00655981625695308
2025-11-22,wk inc flu prop ed visits,2,2025-12-06,26,quantile,0.01,7.3259553351453e-4
2025-11-22,wk inc flu prop ed visits,2,2025-12-06,26,quantile,0.025,9.9161073597227e-4
2025-11-22,wk inc flu prop ed visits,2,2025-12-06,26,quantile,0.05,0.0011965792867613
2025-11-22,wk inc flu prop ed visits,2,2025-12-06,26,quantile,0.1,0.00140683611206353
2025-11-22,wk inc flu prop ed visits,2,2025-12-06,26,quantile,0.15,0.00155787591432241
2025-11-22,wk inc flu prop ed visits,2,2025-12-06,26,quantile,0.2,0.00173645684496787
2025-11-22,wk inc flu prop ed visits,2,2025-12-06,26,quantile,0.25,0.00185508881369588
2025-11-22,wk inc flu prop ed visits,2,2025-12-06,26,quantile,0.3,0.00188470956104572
2025-11-22,wk inc flu prop ed visits,2,2025-12-06,26,quantile,0.35,0.00202286408052023
2025-11-22,wk inc flu prop ed visits,2,2025-12-06,26,quantile,0.4,0.0021285091052299
2025-11-22,wk inc flu prop ed visits,2,2025-12-06,26,quantile,0.45,0.00227870406103768
2025-11-22,wk inc flu prop ed visits,2,2025-12-06,26,quantile,0.5,0.00240109788051737
2025-11-22,wk inc flu prop ed visits,2,2025-12-06,26,quantile,0.55,0.00255883157979556
2025-11-22,wk inc flu prop ed visits,2,2025-12-06,26,quantile,0.6,0.0027154930580767
2025-11-22,wk inc flu prop ed visits,2,2025-12-06,26,quantile,0.65,0.0029016965710392
2025-11-22,wk inc flu prop ed visits,2,2025-12-06,26,quantile,0.7,0.0031555274497093
2025-11-22,wk inc flu prop ed visits,2,2025-12-06,26,quantile,0.75,0.00344882393538919
2025-11-22,wk inc flu prop ed visits,2,2025-12-06,26,quantile,0.8,0.00383502777150048
2025-11-22,wk inc flu prop ed visits,2,2025-12-06,26,quantile,0.85,0.0044311660257048
2025-11-22,wk inc flu prop ed visits,2,2025-12-06,26,quantile,0.9,0.0054726474195106
2025-11-22,wk inc flu prop ed visits,2,2025-12-06,26,quantile,0.95,0.00746718962925291
2025-11-22,wk inc flu prop ed visits,2,2025-12-06,26,quantile,0.975,0.00782002692661718
2025-11-22,wk inc flu prop ed visits,2,2025-12-06,26,quantile,0.99,0.00782002692661718
2025-11-22,wk inc flu prop ed visits,3,2025-12-13,26,quantile,0.01,7.1623813962144e-4
2025-11-22,wk inc flu prop ed visits,3,2025-12-13,26,quantile,0.025,9.3729438243653e-4
2025-11-22,wk inc flu prop ed visits,3,2025-12-13,26,quantile,0.05,0.00113919949385156
2025-11-22,wk inc flu prop ed visits,3,2025-12-13,26,quantile,0.1,0.00142481617965801
2025-11-22,wk inc flu prop ed visits,3,2025-12-13,26,quantile,0.15,0.00161461197407891
2025-11-22,wk inc flu prop ed visits,3,2025-12-13,26,quantile,0.2,0.00170867166930808
2025-11-22,wk inc flu prop ed visits,3,2025-12-13,26,quantile,0.25,0.00176035513401153
2025-11-22,wk inc flu prop ed visits,3,2025-12-13,26,quantile,0.3,0.00197503090697157
2025-11-22,wk inc flu prop ed visits,3,2025-12-13,26,quantile,0.35,0.00215221240924777
2025-11-22,wk inc flu prop ed visits,3,2025-12-13,26,quantile,0.4,0.0023177383546344
2025-11-22,wk inc flu prop ed visits,3,2025-12-13,26,quantile,0.45,0.00252465226052699
2025-11-22,wk inc flu prop ed visits,3,2025-12-13,26,quantile,0.5,0.00268516424511432
2025-11-22,wk inc flu prop ed visits,3,2025-12-13,26,quantile,0.55,0.00288731134287923
2025-11-22,wk inc flu prop ed visits,3,2025-12-13,26,quantile,0.6,0.00310354633191677
2025-11-22,wk inc flu prop ed visits,3,2025-12-13,26,quantile,0.65,0.00338371857868532
2025-11-22,wk inc flu prop ed visits,3,2025-12-13,26,quantile,0.7,0.00371854948016951
2025-11-22,wk inc flu prop ed visits,3,2025-12-13,26,quantile,0.75,0.0041520283090277
2025-11-22,wk inc flu prop ed visits,3,2025-12-13,26,quantile,0.8,0.0048130901310016
2025-11-22,wk inc flu prop ed visits,3,2025-12-13,26,quantile,0.85,0.00593915526505166
2025-11-22,wk inc flu prop ed visits,3,2025-12-13,26,quantile,0.9,0.00766938572680539
2025-11-22,wk inc flu prop ed visits,3,2025-12-13,26,quantile,0.95,0.0102958131686309
2025-11-22,wk inc flu prop ed visits,3,2025-12-13,26,quantile,0.975,0.0102958131686309
2025-11-22,wk inc flu prop ed visits,3,2025-12-13,26,quantile,0.99,0.0102958131686309
2025-11-22,wk inc flu prop ed visits,0,2025-11-22,27,quantile,0.01,0.00143956127144044
2025-11-22,wk inc flu prop ed visits,0,2025-11-22,27,quantile,0.025,0.00145931103227348
2025-11-22,wk inc flu prop ed visits,0,2025-11-22,27,quantile,0.05,0.00169175067431743
2025-11-22,wk inc flu prop ed visits,0,2025-11-22,27,quantile,0.1,0.00182597759018904
2025-11-22,wk inc flu prop ed visits,0,2025-11-22,27,quantile,0.15,0.00217670648738794
2025-11-22,wk inc flu prop ed visits,0,2025-11-22,27,quantile,0.2,0.00231702061884895
2025-11-22,wk inc flu prop ed visits,0,2025-11-22,27,quantile,0.25,0.00231702085922771
2025-11-22,wk inc flu prop ed visits,0,2025-11-22,27,quantile,0.3,0.00255198258461169
2025-11-22,wk inc flu prop ed visits,0,2025-11-22,27,quantile,0.35,0.00269705494627492
2025-11-22,wk inc flu prop ed visits,0,2025-11-22,27,quantile,0.4,0.00285828285537691
2025-11-22,wk inc flu prop ed visits,0,2025-11-22,27,quantile,0.45,0.0029637168465929
2025-11-22,wk inc flu prop ed visits,0,2025-11-22,27,quantile,0.5,0.00312989937765519
2025-11-22,wk inc flu prop ed visits,0,2025-11-22,27,quantile,0.55,0.003241634005839
2025-11-22,wk inc flu prop ed visits,0,2025-11-22,27,quantile,0.6,0.00335924036191076
2025-11-22,wk inc flu prop ed visits,0,2025-11-22,27,quantile,0.65,0.00353970782074307
2025-11-22,wk inc flu prop ed visits,0,2025-11-22,27,quantile,0.7,0.00367767341066494
2025-11-22,wk inc flu prop ed visits,0,2025-11-22,27,quantile,0.75,0.00388291455506072
2025-11-22,wk inc flu prop ed visits,0,2025-11-22,27,quantile,0.8,0.00412880692509016
2025-11-22,wk inc flu prop ed visits,0,2025-11-22,27,quantile,0.85,0.00446774462650358
2025-11-22,wk inc flu prop ed visits,0,2025-11-22,27,quantile,0.9,0.00492836863417654
2025-11-22,wk inc flu prop ed visits,0,2025-11-22,27,quantile,0.95,0.00574644591569893
2025-11-22,wk inc flu prop ed visits,0,2025-11-22,27,quantile,0.975,0.00654607065856547
2025-11-22,wk inc flu prop ed visits,0,2025-11-22,27,quantile,0.99,0.00769410203325475
2025-11-22,wk inc flu prop ed visits,1,2025-11-29,27,quantile,0.01,0.00119811143417343
2025-11-22,wk inc flu prop ed visits,1,2025-11-29,27,quantile,0.025,0.00140218638132054
2025-11-22,wk inc flu prop ed visits,1,2025-11-29,27,quantile,0.05,0.00158860435835358
2025-11-22,wk inc flu prop ed visits,1,2025-11-29,27,quantile,0.1,0.00191756055277165
2025-11-22,wk inc flu prop ed visits,1,2025-11-29,27,quantile,0.15,0.00205599234659598
2025-11-22,wk inc flu prop ed visits,1,2025-11-29,27,quantile,0.2,0.00221214190605653
2025-11-22,wk inc flu prop ed visits,1,2025-11-29,27,quantile,0.25,0.00242001433179136
2025-11-22,wk inc flu prop ed visits,1,2025-11-29,27,quantile,0.3,0.00253334205846847
2025-11-22,wk inc flu prop ed visits,1,2025-11-29,27,quantile,0.35,0.00259159993969214
2025-11-22,wk inc flu prop ed visits,1,2025-11-29,27,quantile,0.4,0.0026802927917245
2025-11-22,wk inc flu prop ed visits,1,2025-11-29,27,quantile,0.45,0.00282432301883633
2025-11-22,wk inc flu prop ed visits,1,2025-11-29,27,quantile,0.5,0.00298661280833499
2025-11-22,wk inc flu prop ed visits,1,2025-11-29,27,quantile,0.55,0.00315003632063033
2025-11-22,wk inc flu prop ed visits,1,2025-11-29,27,quantile,0.6,0.00331937021932812
2025-11-22,wk inc flu prop ed visits,1,2025-11-29,27,quantile,0.65,0.00353506110333283
2025-11-22,wk inc flu prop ed visits,1,2025-11-29,27,quantile,0.7,0.00380418247525875
2025-11-22,wk inc flu prop ed visits,1,2025-11-29,27,quantile,0.75,0.0040762124945894
2025-11-22,wk inc flu prop ed visits,1,2025-11-29,27,quantile,0.8,0.00446665454798155
2025-11-22,wk inc flu prop ed visits,1,2025-11-29,27,quantile,0.85,0.00502355861619867
2025-11-22,wk inc flu prop ed visits,1,2025-11-29,27,quantile,0.9,0.00611545387593053
2025-11-22,wk inc flu prop ed visits,1,2025-11-29,27,quantile,0.95,0.0077598903212152
2025-11-22,wk inc flu prop ed visits,1,2025-11-29,27,quantile,0.975,0.00937592781571859
2025-11-22,wk inc flu prop ed visits,1,2025-11-29,27,quantile,0.99,0.00945783506183195
2025-11-22,wk inc flu prop ed visits,2,2025-12-06,27,quantile,0.01,8.7885973044183e-4
2025-11-22,wk inc flu prop ed visits,2,2025-12-06,27,quantile,0.025,0.00119975088838303
2025-11-22,wk inc flu prop ed visits,2,2025-12-06,27,quantile,0.05,0.00147501107760188
2025-11-22,wk inc flu prop ed visits,2,2025-12-06,27,quantile,0.1,0.00176151934429298
2025-11-22,wk inc flu prop ed visits,2,2025-12-06,27,quantile,0.15,0.00195952935955019
2025-11-22,wk inc flu prop ed visits,2,2025-12-06,27,quantile,0.2,0.00219530347740111
2025-11-22,wk inc flu prop ed visits,2,2025-12-06,27,quantile,0.25,0.00235850386502331
2025-11-22,wk inc flu prop ed visits,2,2025-12-06,27,quantile,0.3,0.00240144199962784
2025-11-22,wk inc flu prop ed visits,2,2025-12-06,27,quantile,0.35,0.00258467904538908
2025-11-22,wk inc flu prop ed visits,2,2025-12-06,27,quantile,0.4,0.00273372580878447
2025-11-22,wk inc flu prop ed visits,2,2025-12-06,27,quantile,0.45,0.00294608577456378
2025-11-22,wk inc flu prop ed visits,2,2025-12-06,27,quantile,0.5,0.00311119886571474
2025-11-22,wk inc flu prop ed visits,2,2025-12-06,27,quantile,0.55,0.00334025798211472
2025-11-22,wk inc flu prop ed visits,2,2025-12-06,27,quantile,0.6,0.0035563176655246
2025-11-22,wk inc flu prop ed visits,2,2025-12-06,27,quantile,0.65,0.00382201028201706
2025-11-22,wk inc flu prop ed visits,2,2025-12-06,27,quantile,0.7,0.00418851402744243
2025-11-22,wk inc flu prop ed visits,2,2025-12-06,27,quantile,0.75,0.00460975151957336
2025-11-22,wk inc flu prop ed visits,2,2025-12-06,27,quantile,0.8,0.0051927564606245
2025-11-22,wk inc flu prop ed visits,2,2025-12-06,27,quantile,0.85,0.00607300837375104
2025-11-22,wk inc flu prop ed visits,2,2025-12-06,27,quantile,0.9,0.00762788796307346
2025-11-22,wk inc flu prop ed visits,2,2025-12-06,27,quantile,0.95,0.0106465066582664
2025-11-22,wk inc flu prop ed visits,2,2025-12-06,27,quantile,0.975,0.0111536780137175
2025-11-22,wk inc flu prop ed visits,2,2025-12-06,27,quantile,0.99,0.0111536780137175
2025-11-22,wk inc flu prop ed visits,3,2025-12-13,27,quantile,0.01,8.644698854484e-4
2025-11-22,wk inc flu prop ed visits,3,2025-12-13,27,quantile,0.025,0.00117305719522957
2025-11-22,wk inc flu prop ed visits,3,2025-12-13,27,quantile,0.05,0.0014628362843395
2025-11-22,wk inc flu prop ed visits,3,2025-12-13,27,quantile,0.1,0.00190679673253778
2025-11-22,wk inc flu prop ed visits,3,2025-12-13,27,quantile,0.15,0.0021589789661749
2025-11-22,wk inc flu prop ed visits,3,2025-12-13,27,quantile,0.2,0.00229107723870068
2025-11-22,wk inc flu prop ed visits,3,2025-12-13,27,quantile,0.25,0.00235729772559559
2025-11-22,wk inc flu prop ed visits,3,2025-12-13,27,quantile,0.3,0.00267107026386468
2025-11-22,wk inc flu prop ed visits,3,2025-12-13,27,quantile,0.35,0.00290982667201805
2025-11-22,wk inc flu prop ed visits,3,2025-12-13,27,quantile,0.4,0.00314351036537666
2025-11-22,wk inc flu prop ed visits,3,2025-12-13,27,quantile,0.45,0.00344338531493655
2025-11-22,wk inc flu prop ed visits,3,2025-12-13,27,quantile,0.5,0.00366119599989592
2025-11-22,wk inc flu prop ed visits,3,2025-12-13,27,quantile,0.55,0.00395763176741191
2025-11-22,wk inc flu prop ed visits,3,2025-12-13,27,quantile,0.6,0.0042559202886794
2025-11-22,wk inc flu prop ed visits,3,2025-12-13,27,quantile,0.65,0.00465044480049067
2025-11-22,wk inc flu prop ed visits,3,2025-12-13,27,quantile,0.7,0.00512187323176574
2025-11-22,wk inc flu prop ed visits,3,2025-12-13,27,quantile,0.75,0.00574818076660462
2025-11-22,wk inc flu prop ed visits,3,2025-12-13,27,quantile,0.8,0.00669956060253353
2025-11-22,wk inc flu prop ed visits,3,2025-12-13,27,quantile,0.85,0.00831188696893082
2025-11-22,wk inc flu prop ed visits,3,2025-12-13,27,quantile,0.9,0.0107514443081565
2025-11-22,wk inc flu prop ed visits,3,2025-12-13,27,quantile,0.95,0.014660700513679
2025-11-22,wk inc flu prop ed visits,3,2025-12-13,27,quantile,0.975,0.014660700513679
2025-11-22,wk inc flu prop ed visits,3,2025-12-13,27,quantile,0.99,0.014660700513679
2025-11-22,wk inc flu prop ed visits,0,2025-11-22,28,quantile,0.01,0.00457295767597404
2025-11-22,wk inc flu prop ed visits,0,2025-11-22,28,quantile,0.025,0.00463756714387438
2025-11-22,wk inc flu prop ed visits,0,2025-11-22,28,quantile,0.05,0.00539746164337057
2025-11-22,wk inc flu prop ed visits,0,2025-11-22,28,quantile,0.1,0.00583263937128309
2025-11-22,wk inc flu prop ed visits,0,2025-11-22,28,quantile,0.15,0.0067862040359872
2025-11-22,wk inc flu prop ed visits,0,2025-11-22,28,quantile,0.2,0.00709555176771451
2025-11-22,wk inc flu prop ed visits,0,2025-11-22,28,quantile,0.25,0.00709555259760419
2025-11-22,wk inc flu prop ed visits,0,2025-11-22,28,quantile,0.3,0.00763644616688633
2025-11-22,wk inc flu prop ed visits,0,2025-11-22,28,quantile,0.35,0.0079606397861315
2025-11-22,wk inc flu prop ed visits,0,2025-11-22,28,quantile,0.4,0.00828035707519836
2025-11-22,wk inc flu prop ed visits,0,2025-11-22,28,quantile,0.45,0.00851615571534883
2025-11-22,wk inc flu prop ed visits,0,2025-11-22,28,quantile,0.5,0.00883574298604964
2025-11-22,wk inc flu prop ed visits,0,2025-11-22,28,quantile,0.55,0.00906952668729736
2025-11-22,wk inc flu prop ed visits,0,2025-11-22,28,quantile,0.6,0.00931434768947116
2025-11-22,wk inc flu prop ed visits,0,2025-11-22,28,quantile,0.65,0.0096722361058291
2025-11-22,wk inc flu prop ed visits,0,2025-11-22,28,quantile,0.7,0.00993511017984562
2025-11-22,wk inc flu prop ed visits,0,2025-11-22,28,quantile,0.75,0.0103751876870757
2025-11-22,wk inc flu prop ed visits,0,2025-11-22,28,quantile,0.8,0.0108713620701757
2025-11-22,wk inc flu prop ed visits,0,2025-11-22,28,quantile,0.85,0.0115306590556107
2025-11-22,wk inc flu prop ed visits,0,2025-11-22,28,quantile,0.9,0.0123899483539816
2025-11-22,wk inc flu prop ed visits,0,2025-11-22,28,quantile,0.95,0.0139224739584681
2025-11-22,wk inc flu prop ed visits,0,2025-11-22,28,quantile,0.975,0.0155087435757149
2025-11-22,wk inc flu prop ed visits,0,2025-11-22,28,quantile,0.99,0.0175198943659008
2025-11-22,wk inc flu prop ed visits,1,2025-11-29,28,quantile,0.01,0.00386358575812411
2025-11-22,wk inc flu prop ed visits,1,2025-11-29,28,quantile,0.025,0.00444707487655725
2025-11-22,wk inc flu prop ed visits,1,2025-11-29,28,quantile,0.05,0.00497430364145156
2025-11-22,wk inc flu prop ed visits,1,2025-11-29,28,quantile,0.1,0.00582481136487677
2025-11-22,wk inc flu prop ed visits,1,2025-11-29,28,quantile,0.15,0.00615637198851779
2025-11-22,wk inc flu prop ed visits,1,2025-11-29,28,quantile,0.2,0.00654496701648583
2025-11-22,wk inc flu prop ed visits,1,2025-11-29,28,quantile,0.25,0.00703562776852823
2025-11-22,wk inc flu prop ed visits,1,2025-11-29,28,quantile,0.3,0.00730597173087278
2025-11-22,wk inc flu prop ed visits,1,2025-11-29,28,quantile,0.35,0.00744429537659962
2025-11-22,wk inc flu prop ed visits,1,2025-11-29,28,quantile,0.4,0.00764339068409501
2025-11-22,wk inc flu prop ed visits,1,2025-11-29,28,quantile,0.45,0.00797256878048556
2025-11-22,wk inc flu prop ed visits,1,2025-11-29,28,quantile,0.5,0.00833589517425055
2025-11-22,wk inc flu prop ed visits,1,2025-11-29,28,quantile,0.55,0.0087001134036565
2025-11-22,wk inc flu prop ed visits,1,2025-11-29,28,quantile,0.6,0.00908501365618929
2025-11-22,wk inc flu prop ed visits,1,2025-11-29,28,quantile,0.65,0.00955111831981464
2025-11-22,wk inc flu prop ed visits,1,2025-11-29,28,quantile,0.7,0.0101418667272526
2025-11-22,wk inc flu prop ed visits,1,2025-11-29,28,quantile,0.75,0.0107428597050998
2025-11-22,wk inc flu prop ed visits,1,2025-11-29,28,quantile,0.8,0.0115960510141852
2025-11-22,wk inc flu prop ed visits,1,2025-11-29,28,quantile,0.85,0.0127634207114969
2025-11-22,wk inc flu prop ed visits,1,2025-11-29,28,quantile,0.9,0.0150562815586831
2025-11-22,wk inc flu prop ed visits,1,2025-11-29,28,quantile,0.95,0.0182988639109847
2025-11-22,wk inc flu prop ed visits,1,2025-11-29,28,quantile,0.975,0.021752681270651
2025-11-22,wk inc flu prop ed visits,1,2025-11-29,28,quantile,0.99,0.0219313724987104
2025-11-22,wk inc flu prop ed visits,2,2025-12-06,28,quantile,0.01,0.00275230722035008
2025-11-22,wk inc flu prop ed visits,2,2025-12-06,28,quantile,0.025,0.00361996105806134
2025-11-22,wk inc flu prop ed visits,2,2025-12-06,28,quantile,0.05,0.00435316939374521
2025-11-22,wk inc flu prop ed visits,2,2025-12-06,28,quantile,0.1,0.00509837013137416
2025-11-22,wk inc flu prop ed visits,2,2025-12-06,28,quantile,0.15,0.00559166411747911
2025-11-22,wk inc flu prop ed visits,2,2025-12-06,28,quantile,0.2,0.00618394785844523
2025-11-22,wk inc flu prop ed visits,2,2025-12-06,28,quantile,0.25,0.0065826772933589
2025-11-22,wk inc flu prop ed visits,2,2025-12-06,28,quantile,0.3,0.00668794749539558
2025-11-22,wk inc flu prop ed visits,2,2025-12-06,28,quantile,0.35,0.00713700008252631
2025-11-22,wk inc flu prop ed visits,2,2025-12-06,28,quantile,0.4,0.00749558017709042
2025-11-22,wk inc flu prop ed visits,2,2025-12-06,28,quantile,0.45,0.00798744367832914
2025-11-22,wk inc flu prop ed visits,2,2025-12-06,28,quantile,0.5,0.00838958491346224
2025-11-22,wk inc flu prop ed visits,2,2025-12-06,28,quantile,0.55,0.0089097444229684
2025-11-22,wk inc flu prop ed visits,2,2025-12-06,28,quantile,0.6,0.00942814545723568
2025-11-22,wk inc flu prop ed visits,2,2025-12-06,28,quantile,0.65,0.010046475499556
2025-11-22,wk inc flu prop ed visits,2,2025-12-06,28,quantile,0.7,0.0108781084205248
2025-11-22,wk inc flu prop ed visits,2,2025-12-06,28,quantile,0.75,0.0118365836335898
2025-11-22,wk inc flu prop ed visits,2,2025-12-06,28,quantile,0.8,0.0131356544141352
2025-11-22,wk inc flu prop ed visits,2,2025-12-06,28,quantile,0.85,0.0150936728474723
2025-11-22,wk inc flu prop ed visits,2,2025-12-06,28,quantile,0.9,0.018613023135537
2025-11-22,wk inc flu prop ed visits,2,2025-12-06,28,quantile,0.95,0.0253401706208563
2025-11-22,wk inc flu prop ed visits,2,2025-12-06,28,quantile,0.975,0.0265443357976834
2025-11-22,wk inc flu prop ed visits,2,2025-12-06,28,quantile,0.99,0.0265443357976834
2025-11-22,wk inc flu prop ed visits,3,2025-12-13,28,quantile,0.01,0.00283994776439047
2025-11-22,wk inc flu prop ed visits,3,2025-12-13,28,quantile,0.025,0.00365281605178029
2025-11-22,wk inc flu prop ed visits,3,2025-12-13,28,quantile,0.05,0.00442963975584016
2025-11-22,wk inc flu prop ed visits,3,2025-12-13,28,quantile,0.1,0.00554789955416356
2025-11-22,wk inc flu prop ed visits,3,2025-12-13,28,quantile,0.15,0.00617065826336829
2025-11-22,wk inc flu prop ed visits,3,2025-12-13,28,quantile,0.2,0.00651160129488064
2025-11-22,wk inc flu prop ed visits,3,2025-12-13,28,quantile,0.25,0.00667229252527411
2025-11-22,wk inc flu prop ed visits,3,2025-12-13,28,quantile,0.3,0.00743922672899127
2025-11-22,wk inc flu prop ed visits,3,2025-12-13,28,quantile,0.35,0.00801689677091508
2025-11-22,wk inc flu prop ed visits,3,2025-12-13,28,quantile,0.4,0.00859111970770853
2025-11-22,wk inc flu prop ed visits,3,2025-12-13,28,quantile,0.45,0.00929067546957847
2025-11-22,wk inc flu prop ed visits,3,2025-12-13,28,quantile,0.5,0.00980687143330909
2025-11-22,wk inc flu prop ed visits,3,2025-12-13,28,quantile,0.55,0.0104915076720717
2025-11-22,wk inc flu prop ed visits,3,2025-12-13,28,quantile,0.6,0.011207707144633
2025-11-22,wk inc flu prop ed visits,3,2025-12-13,28,quantile,0.65,0.0121349300864905
2025-11-22,wk inc flu prop ed visits,3,2025-12-13,28,quantile,0.7,0.0132017012399291
2025-11-22,wk inc flu prop ed visits,3,2025-12-13,28,quantile,0.75,0.0146546546374837
2025-11-22,wk inc flu prop ed visits,3,2025-12-13,28,quantile,0.8,0.0167666188107443
2025-11-22,wk inc flu prop ed visits,3,2025-12-13,28,quantile,0.85,0.0203981034925884
2025-11-22,wk inc flu prop ed visits,3,2025-12-13,28,quantile,0.9,0.0257540322972127
2025-11-22,wk inc flu prop ed visits,3,2025-12-13,28,quantile,0.95,0.0347332263618352
2025-11-22,wk inc flu prop ed visits,3,2025-12-13,28,quantile,0.975,0.0347332263618352
2025-11-22,wk inc flu prop ed visits,3,2025-12-13,28,quantile,0.99,0.0347332263618352
2025-11-22,wk inc flu prop ed visits,0,2025-11-22,30,quantile,0.01,6.8838993310928e-4
2025-11-22,wk inc flu prop ed visits,0,2025-11-22,30,quantile,0.025,7.0473458068932e-4
2025-11-22,wk inc flu prop ed visits,0,2025-11-22,30,quantile,0.05,8.9637981137068e-4
2025-11-22,wk inc flu prop ed visits,0,2025-11-22,30,quantile,0.1,9.9940404891967e-4
2025-11-22,wk inc flu prop ed visits,0,2025-11-22,30,quantile,0.15,0.0013514966548036
2025-11-22,wk inc flu prop ed visits,0,2025-11-22,30,quantile,0.2,0.00151569924354553
2025-11-22,wk inc flu prop ed visits,0,2025-11-22,30,quantile,0.25,0.00151569924354553
2025-11-22,wk inc flu prop ed visits,0,2025-11-22,30,quantile,0.3,0.00177388144135475
2025-11-22,wk inc flu prop ed visits,0,2025-11-22,30,quantile,0.35,0.00193520966370901
2025-11-22,wk inc flu prop ed visits,0,2025-11-22,30,quantile,0.4,0.00214720586538315
2025-11-22,wk inc flu prop ed visits,0,2025-11-22,30,quantile,0.45,0.00225389001369476
2025-11-22,wk inc flu prop ed visits,0,2025-11-22,30,quantile,0.5,0.00247764550350808
2025-11-22,wk inc flu prop ed visits,0,2025-11-22,30,quantile,0.55,0.00262847212553024
2025-11-22,wk inc flu prop ed visits,0,2025-11-22,30,quantile,0.6,0.00277073793649673
2025-11-22,wk inc flu prop ed visits,0,2025-11-22,30,quantile,0.65,0.00300729008857594
2025-11-22,wk inc flu prop ed visits,0,2025-11-22,30,quantile,0.7,0.0031976845906762502
2025-11-22,wk inc flu prop ed visits,0,2025-11-22,30,quantile,0.75,0.00348452306546663
2025-11-22,wk inc flu prop ed visits,0,2025-11-22,30,quantile,0.8,0.00382645350152796
2025-11-22,wk inc flu prop ed visits,0,2025-11-22,30,quantile,0.85,0.00430399934072964
2025-11-22,wk inc flu prop ed visits,0,2025-11-22,30,quantile,0.9,0.00495972857370864
2025-11-22,wk inc flu prop ed visits,0,2025-11-22,30,quantile,0.95,0.00613648739898151
2025-11-22,wk inc flu prop ed visits,0,2025-11-22,30,quantile,0.975,0.00729400878746595
2025-11-22,wk inc flu prop ed visits,0,2025-11-22,30,quantile,0.99,0.0091267272762457791
2025-11-22,wk inc flu prop ed visits,1,2025-11-29,30,quantile,0.01,4.184220147486e-4
2025-11-22,wk inc flu prop ed visits,1,2025-11-29,30,quantile,0.025,5.7500534149028e-4
2025-11-22,wk inc flu prop ed visits,1,2025-11-29,30,quantile,0.05,7.1932903528213e-4
2025-11-22,wk inc flu prop ed visits,1,2025-11-29,30,quantile,0.1,0.00103516831801384
2025-11-22,wk inc flu prop ed visits,1,2025-11-29,30,quantile,0.15,0.00119642052650452
2025-11-22,wk inc flu prop ed visits,1,2025-11-29,30,quantile,0.2,0.00136231282691366
2025-11-22,wk inc flu prop ed visits,1,2025-11-29,30,quantile,0.25,0.0015915827248117
2025-11-22,wk inc flu prop ed visits,1,2025-11-29,30,quantile,0.3,0.00172263322472572
2025-11-22,wk inc flu prop ed visits,1,2025-11-29,30,quantile,0.35,0.0017976223886013
2025-11-22,wk inc flu prop ed visits,1,2025-11-29,30,quantile,0.4,0.00188566257652548
2025-11-22,wk inc flu prop ed visits,1,2025-11-29,30,quantile,0.45,0.00206259390047401
2025-11-22,wk inc flu prop ed visits,1,2025-11-29,30,quantile,0.5,0.00227391592264175
2025-11-22,wk inc flu prop ed visits,1,2025-11-29,30,quantile,0.55,0.00246058725477422
2025-11-22,wk inc flu prop ed visits,1,2025-11-29,30,quantile,0.6,0.00266005651311177
2025-11-22,wk inc flu prop ed visits,1,2025-11-29,30,quantile,0.65,0.00293582510948181
2025-11-22,wk inc flu prop ed visits,1,2025-11-29,30,quantile,0.7,0.00328284648683574
2025-11-22,wk inc flu prop ed visits,1,2025-11-29,30,quantile,0.75,0.00362502487464385
2025-11-22,wk inc flu prop ed visits,1,2025-11-29,30,quantile,0.8,0.00412125110740531
2025-11-22,wk inc flu prop ed visits,1,2025-11-29,30,quantile,0.85,0.00486131944079553
2025-11-22,wk inc flu prop ed visits,1,2025-11-29,30,quantile,0.9,0.00625901897422532
2025-11-22,wk inc flu prop ed visits,1,2025-11-29,30,quantile,0.95,0.00850514016709427
2025-11-22,wk inc flu prop ed visits,1,2025-11-29,30,quantile,0.975,0.0105798101457274
2025-11-22,wk inc flu prop ed visits,1,2025-11-29,30,quantile,0.99,0.0106814926624298
2025-11-22,wk inc flu prop ed visits,2,2025-12-06,30,quantile,0.01,3.3098923768888e-4
2025-11-22,wk inc flu prop ed visits,2,2025-12-06,30,quantile,0.025,5.7622626298513e-4
2025-11-22,wk inc flu prop ed visits,2,2025-12-06,30,quantile,0.05,8.0353709370453e-4
2025-11-22,wk inc flu prop ed visits,2,2025-12-06,30,quantile,0.1,0.0010720046741552
2025-11-22,wk inc flu prop ed visits,2,2025-12-06,30,quantile,0.15,0.00127114503134129
2025-11-22,wk inc flu prop ed visits,2,2025-12-06,30,quantile,0.2,0.00152526596784592
2025-11-22,wk inc flu prop ed visits,2,2025-12-06,30,quantile,0.25,0.00168674511345235
2025-11-22,wk inc flu prop ed visits,2,2025-12-06,30,quantile,0.3,0.00173620829582214
2025-11-22,wk inc flu prop ed visits,2,2025-12-06,30,quantile,0.35,0.00192859081029892
2025-11-22,wk inc flu prop ed visits,2,2025-12-06,30,quantile,0.4,0.00207521448135376
2025-11-22,wk inc flu prop ed visits,2,2025-12-06,30,quantile,0.45,0.00231901905536652
2025-11-22,wk inc flu prop ed visits,2,2025-12-06,30,quantile,0.5,0.00250063507556915
2025-11-22,wk inc flu prop ed visits,2,2025-12-06,30,quantile,0.55,0.00276924840211868
2025-11-22,wk inc flu prop ed visits,2,2025-12-06,30,quantile,0.6,0.0029986592411995
2025-11-22,wk inc flu prop ed visits,2,2025-12-06,30,quantile,0.65,0.00330560829521905
2025-11-22,wk inc flu prop ed visits,2,2025-12-06,30,quantile,0.7,0.00372713769749591
2025-11-22,wk inc flu prop ed visits,2,2025-12-06,30,quantile,0.75,0.00422420938521216
2025-11-22,wk inc flu prop ed visits,2,2025-12-06,30,quantile,0.8,0.00492873407989887
2025-11-22,wk inc flu prop ed visits,2,2025-12-06,30,quantile,0.85,0.00596818490253305
2025-11-22,wk inc flu prop ed visits,2,2025-12-06,30,quantile,0.9,0.00775651930570604
2025-11-22,wk inc flu prop ed visits,2,2025-12-06,30,quantile,0.95,0.0114693791602207
2025-11-22,wk inc flu prop ed visits,2,2025-12-06,30,quantile,0.975,0.0120623596668243
2025-11-22,wk inc flu prop ed visits,2,2025-12-06,30,quantile,0.99,0.0120623596668243
2025-11-22,wk inc flu prop ed visits,3,2025-12-13,30,quantile,0.01,4.0944426071643e-4
2025-11-22,wk inc flu prop ed visits,3,2025-12-13,30,quantile,0.025,5.9556783742688e-4
2025-11-22,wk inc flu prop ed visits,3,2025-12-13,30,quantile,0.05,7.8564848332178e-4
2025-11-22,wk inc flu prop ed visits,3,2025-12-13,30,quantile,0.1,0.00113578436374664
2025-11-22,wk inc flu prop ed visits,3,2025-12-13,30,quantile,0.15,0.001374788923161
2025-11-22,wk inc flu prop ed visits,3,2025-12-13,30,quantile,0.2,0.00149236750256631
2025-11-22,wk inc flu prop ed visits,3,2025-12-13,30,quantile,0.25,0.00156708005846265
2025-11-22,wk inc flu prop ed visits,3,2025-12-13,30,quantile,0.3,0.00187285640809714
2025-11-22,wk inc flu prop ed visits,3,2025-12-13,30,quantile,0.35,0.00211806431439615
2025-11-22,wk inc flu prop ed visits,3,2025-12-13,30,quantile,0.4,0.00234805593490601
2025-11-22,wk inc flu prop ed visits,3,2025-12-13,30,quantile,0.45,0.00267435292005539
2025-11-22,wk inc flu prop ed visits,3,2025-12-13,30,quantile,0.5,0.00289889154434204
2025-11-22,wk inc flu prop ed visits,3,2025-12-13,30,quantile,0.55,0.0032509023308754
2025-11-22,wk inc flu prop ed visits,3,2025-12-13,30,quantile,0.6,0.00355461362568108
2025-11-22,wk inc flu prop ed visits,3,2025-12-13,30,quantile,0.65,0.00398853745981328
2025-11-22,wk inc flu prop ed visits,3,2025-12-13,30,quantile,0.7,0.0045195053906896
2025-11-22,wk inc flu prop ed visits,3,2025-12-13,30,quantile,0.75,0.00520032938141376
2025-11-22,wk inc flu prop ed visits,3,2025-12-13,30,quantile,0.8,0.00632014573759108
2025-11-22,wk inc flu prop ed visits,3,2025-12-13,30,quantile,0.85,0.00815181976537654
2025-11-22,wk inc flu prop ed visits,3,2025-12-13,30,quantile,0.9,0.0109624333208258
2025-11-22,wk inc flu prop ed visits,3,2025-12-13,30,quantile,0.95,0.0154400783538818
2025-11-22,wk inc flu prop ed visits,3,2025-12-13,30,quantile,0.975,0.0154400783538818
2025-11-22,wk inc flu prop ed visits,3,2025-12-13,30,quantile,0.99,0.0154400783538818
2025-11-22,wk inc flu prop ed visits,0,2025-11-22,31,quantile,0.01,1.5426653336355e-4
2025-11-22,wk inc flu prop ed visits,0,2025-11-22,31,quantile,0.025,1.5895335699415e-4
2025-11-22,wk inc flu prop ed visits,0,2025-11-22,31,quantile,0.05,2.1389185527418e-4
2025-11-22,wk inc flu prop ed visits,0,2025-11-22,31,quantile,0.1,2.4324316813812e-4
2025-11-22,wk inc flu prop ed visits,0,2025-11-22,31,quantile,0.15,3.5175513682975e-4
2025-11-22,wk inc flu prop ed visits,0,2025-11-22,31,quantile,0.2,4.0490162277608e-4
2025-11-22,wk inc flu prop ed visits,0,2025-11-22,31,quantile,0.25,4.0490162277608e-4
2025-11-22,wk inc flu prop ed visits,0,2025-11-22,31,quantile,0.3,4.8827166988311e-4
2025-11-22,wk inc flu prop ed visits,0,2025-11-22,31,quantile,0.35,5.3925802351555e-4
2025-11-22,wk inc flu prop ed visits,0,2025-11-22,31,quantile,0.4,6.0920377017259e-4
2025-11-22,wk inc flu prop ed visits,0,2025-11-22,31,quantile,0.45,6.427830409627e-4
2025-11-22,wk inc flu prop ed visits,0,2025-11-22,31,quantile,0.5,7.1858610708801e-4
2025-11-22,wk inc flu prop ed visits,0,2025-11-22,31,quantile,0.55,7.693705152678e-4
2025-11-22,wk inc flu prop ed visits,0,2025-11-22,31,quantile,0.6,8.1522260785937e-4
2025-11-22,wk inc flu prop ed visits,0,2025-11-22,31,quantile,0.65,0.00089430397926222995
2025-11-22,wk inc flu prop ed visits,0,2025-11-22,31,quantile,0.7,9.5884611546591e-4
2025-11-22,wk inc flu prop ed visits,0,2025-11-22,31,quantile,0.75,0.00105757368123943
2025-11-22,wk inc flu prop ed visits,0,2025-11-22,31,quantile,0.8,0.00117451934483817
2025-11-22,wk inc flu prop ed visits,0,2025-11-22,31,quantile,0.85,0.00133783992882049
2025-11-22,wk inc flu prop ed visits,0,2025-11-22,31,quantile,0.9,0.00156224224686522
2025-11-22,wk inc flu prop ed visits,0,2025-11-22,31,quantile,0.95,0.00196399770795634
2025-11-22,wk inc flu prop ed visits,0,2025-11-22,31,quantile,0.975,0.00235514854411281
2025-11-22,wk inc flu prop ed visits,0,2025-11-22,31,quantile,0.99,0.00298843379970259
2025-11-22,wk inc flu prop ed visits,1,2025-11-29,31,quantile,0.01,9.00793016082178e-5
2025-11-22,wk inc flu prop ed visits,1,2025-11-29,31,quantile,0.025,1.3713430137501e-4
2025-11-22,wk inc flu prop ed visits,1,2025-11-29,31,quantile,0.05,1.7895498706587e-4
2025-11-22,wk inc flu prop ed visits,1,2025-11-29,31,quantile,0.1,2.7434846266161e-4
2025-11-22,wk inc flu prop ed visits,1,2025-11-29,31,quantile,0.15,3.2580835693704e-4
2025-11-22,wk inc flu prop ed visits,1,2025-11-29,31,quantile,0.2,3.7628890329096e-4
2025-11-22,wk inc flu prop ed visits,1,2025-11-29,31,quantile,0.25,4.4616914283237e-4
2025-11-22,wk inc flu prop ed visits,1,2025-11-29,31,quantile,0.3,4.869697162631e-4
2025-11-22,wk inc flu prop ed visits,1,2025-11-29,31,quantile,0.35,5.1225996962937e-4
2025-11-22,wk inc flu prop ed visits,1,2025-11-29,31,quantile,0.4,5.3649880557255e-4
2025-11-22,wk inc flu prop ed visits,1,2025-11-29,31,quantile,0.45,5.9501457465264e-4
2025-11-22,wk inc flu prop ed visits,1,2025-11-29,31,quantile,0.5,6.6188266336522e-4
2025-11-22,wk inc flu prop ed visits,1,2025-11-29,31,quantile,0.55,7.2084219538825e-4
2025-11-22,wk inc flu prop ed visits,1,2025-11-29,31,quantile,0.6,7.8341694065726e-4
2025-11-22,wk inc flu prop ed visits,1,2025-11-29,31,quantile,0.65,8.7179463050571e-4
2025-11-22,wk inc flu prop ed visits,1,2025-11-29,31,quantile,0.7,9.8367859097626e-4
2025-11-22,wk inc flu prop ed visits,1,2025-11-29,31,quantile,0.75,0.00109707474515495
2025-11-22,wk inc flu prop ed visits,1,2025-11-29,31,quantile,0.8,0.00125903275462853
2025-11-22,wk inc flu prop ed visits,1,2025-11-29,31,quantile,0.85,0.00149914658773075
2025-11-22,wk inc flu prop ed visits,1,2025-11-29,31,quantile,0.9,0.00194679305041688
2025-11-22,wk inc flu prop ed visits,1,2025-11-29,31,quantile,0.95,0.00266818328361546
2025-11-22,wk inc flu prop ed visits,1,2025-11-29,31,quantile,0.975,0.00331017354679192
2025-11-22,wk inc flu prop ed visits,1,2025-11-29,31,quantile,0.99,0.00334145548275754
2025-11-22,wk inc flu prop ed visits,2,2025-12-06,31,quantile,0.01,8.28632194206125e-5
2025-11-22,wk inc flu prop ed visits,2,2025-12-06,31,quantile,0.025,1.5971917749756e-4
2025-11-22,wk inc flu prop ed visits,2,2025-12-06,31,quantile,0.05,2.2663405796056e-4
2025-11-22,wk inc flu prop ed visits,2,2025-12-06,31,quantile,0.1,3.0761902851748e-4
2025-11-22,wk inc flu prop ed visits,2,2025-12-06,31,quantile,0.15,3.6989307923874e-4
2025-11-22,wk inc flu prop ed visits,2,2025-12-06,31,quantile,0.2,4.4691534289434e-4
2025-11-22,wk inc flu prop ed visits,2,2025-12-06,31,quantile,0.25,4.9457347873686e-4
2025-11-22,wk inc flu prop ed visits,2,2025-12-06,31,quantile,0.3,5.0945606451081e-4
2025-11-22,wk inc flu prop ed visits,2,2025-12-06,31,quantile,0.35,5.6837899897276e-4
2025-11-22,wk inc flu prop ed visits,2,2025-12-06,31,quantile,0.4,6.1180277845098e-4
2025-11-22,wk inc flu prop ed visits,2,2025-12-06,31,quantile,0.45,6.8816057395924e-4
2025-11-22,wk inc flu prop ed visits,2,2025-12-06,31,quantile,0.5,7.4639623219807e-4
2025-11-22,wk inc flu prop ed visits,2,2025-12-06,31,quantile,0.55,8.297715654631e-4
2025-11-22,wk inc flu prop ed visits,2,2025-12-06,31,quantile,0.6,9.0279945635152e-4
2025-11-22,wk inc flu prop ed visits,2,2025-12-06,31,quantile,0.65,0.00100021222299205
2025-11-22,wk inc flu prop ed visits,2,2025-12-06,31,quantile,0.7,0.00113602386260922
2025-11-22,wk inc flu prop ed visits,2,2025-12-06,31,quantile,0.75,0.00130065661078488
2025-11-22,wk inc flu prop ed visits,2,2025-12-06,31,quantile,0.8,0.00152619338613421
2025-11-22,wk inc flu prop ed visits,2,2025-12-06,31,quantile,0.85,0.00186171935143222
2025-11-22,wk inc flu prop ed visits,2,2025-12-06,31,quantile,0.9,0.00243199358562107
2025-11-22,wk inc flu prop ed visits,2,2025-12-06,31,quantile,0.95,0.0036149620694711
2025-11-22,wk inc flu prop ed visits,2,2025-12-06,31,quantile,0.975,0.00379791429473769
2025-11-22,wk inc flu prop ed visits,2,2025-12-06,31,quantile,0.99,0.00379791429473769
2025-11-22,wk inc flu prop ed visits,3,2025-12-13,31,quantile,0.01,1.1345622923711e-4
2025-11-22,wk inc flu prop ed visits,3,2025-12-13,31,quantile,0.025,1.8172383988433e-4
2025-11-22,wk inc flu prop ed visits,3,2025-12-13,31,quantile,0.05,2.4324795177659e-4
2025-11-22,wk inc flu prop ed visits,3,2025-12-13,31,quantile,0.1,3.5787787072867e-4
2025-11-22,wk inc flu prop ed visits,3,2025-12-13,31,quantile,0.15,4.3365427657959e-4
2025-11-22,wk inc flu prop ed visits,3,2025-12-13,31,quantile,0.2,4.6923503892286e-4
2025-11-22,wk inc flu prop ed visits,3,2025-12-13,31,quantile,0.25,4.9213691541432e-4
2025-11-22,wk inc flu prop ed visits,3,2025-12-13,31,quantile,0.3,5.8682853021435e-4
2025-11-22,wk inc flu prop ed visits,3,2025-12-13,31,quantile,0.35,6.607447852159e-4
2025-11-22,wk inc flu prop ed visits,3,2025-12-13,31,quantile,0.4,7.3013598689726e-4
2025-11-22,wk inc flu prop ed visits,3,2025-12-13,31,quantile,0.45,8.3282641754275e-4
2025-11-22,wk inc flu prop ed visits,3,2025-12-13,31,quantile,0.5,9.0734348900142e-4
2025-11-22,wk inc flu prop ed visits,3,2025-12-13,31,quantile,0.55,0.00101411287751302
2025-11-22,wk inc flu prop ed visits,3,2025-12-13,31,quantile,0.6,0.00111183308070329
2025-11-22,wk inc flu prop ed visits,3,2025-12-13,31,quantile,0.65,0.00125155916006796
2025-11-22,wk inc flu prop ed visits,3,2025-12-13,31,quantile,0.7,0.00142317021815193
2025-11-22,wk inc flu prop ed visits,3,2025-12-13,31,quantile,0.75,0.00164440984167956
2025-11-22,wk inc flu prop ed visits,3,2025-12-13,31,quantile,0.8,0.00200895070270488
2025-11-22,wk inc flu prop ed visits,3,2025-12-13,31,quantile,0.85,0.00259445277601393
2025-11-22,wk inc flu prop ed visits,3,2025-12-13,31,quantile,0.9,0.00350744672420557
2025-11-22,wk inc flu prop ed visits,3,2025-12-13,31,quantile,0.95,0.0049295449594975
2025-11-22,wk inc flu prop ed visits,3,2025-12-13,31,quantile,0.975,0.0049295449594975
2025-11-22,wk inc flu prop ed visits,3,2025-12-13,31,quantile,0.99,0.0049295449594975
2025-11-22,wk inc flu prop ed visits,0,2025-11-22,32,quantile,0.01,0.00209454407815975
2025-11-22,wk inc flu prop ed visits,0,2025-11-22,32,quantile,0.025,0.00211681355041125
2025-11-22,wk inc flu prop ed visits,0,2025-11-22,32,quantile,0.05,0.00237931035777049
2025-11-22,wk inc flu prop ed visits,0,2025-11-22,32,quantile,0.1,0.00253674281644537
2025-11-22,wk inc flu prop ed visits,0,2025-11-22,32,quantile,0.15,0.00285262978138407
2025-11-22,wk inc flu prop ed visits,0,2025-11-22,32,quantile,0.2,0.00293811226823853
2025-11-22,wk inc flu prop ed visits,0,2025-11-22,32,quantile,0.25,0.00293811281751718
2025-11-22,wk inc flu prop ed visits,0,2025-11-22,32,quantile,0.3,0.0030875995582467
2025-11-22,wk inc flu prop ed visits,0,2025-11-22,32,quantile,0.35,0.00318374578731153
2025-11-22,wk inc flu prop ed visits,0,2025-11-22,32,quantile,0.4,0.00326675295130406
2025-11-22,wk inc flu prop ed visits,0,2025-11-22,32,quantile,0.45,0.00333687521296234
2025-11-22,wk inc flu prop ed visits,0,2025-11-22,32,quantile,0.5,0.00342125059767379
2025-11-22,wk inc flu prop ed visits,0,2025-11-22,32,quantile,0.55,0.00348655220457649
2025-11-22,wk inc flu prop ed visits,0,2025-11-22,32,quantile,0.6,0.00355261686038
2025-11-22,wk inc flu prop ed visits,0,2025-11-22,32,quantile,0.65,0.00364655040830752
2025-11-22,wk inc flu prop ed visits,0,2025-11-22,32,quantile,0.7,0.00371834899921692
2025-11-22,wk inc flu prop ed visits,0,2025-11-22,32,quantile,0.75,0.00382328293862752
2025-11-22,wk inc flu prop ed visits,0,2025-11-22,32,quantile,0.8,0.00395986288885137
2025-11-22,wk inc flu prop ed visits,0,2025-11-22,32,quantile,0.85,0.00413460392109646
2025-11-22,wk inc flu prop ed visits,0,2025-11-22,32,quantile,0.9,0.00435430831768378
2025-11-22,wk inc flu prop ed visits,0,2025-11-22,32,quantile,0.95,0.00474381495107943
2025-11-22,wk inc flu prop ed visits,0,2025-11-22,32,quantile,0.975,0.00514794437319036
2025-11-22,wk inc flu prop ed visits,0,2025-11-22,32,quantile,0.99,0.00563866702575568
2025-11-22,wk inc flu prop ed visits,1,2025-11-29,32,quantile,0.01,0.00178238093633965
2025-11-22,wk inc flu prop ed visits,1,2025-11-29,32,quantile,0.025,0.00198056166370374
2025-11-22,wk inc flu prop ed visits,1,2025-11-29,32,quantile,0.05,0.00216489692857181
2025-11-22,wk inc flu prop ed visits,1,2025-11-29,32,quantile,0.1,0.00245760933970461
2025-11-22,wk inc flu prop ed visits,1,2025-11-29,32,quantile,0.15,0.00256713223574144
2025-11-22,wk inc flu prop ed visits,1,2025-11-29,32,quantile,0.2,0.0026954613425382
2025-11-22,wk inc flu prop ed visits,1,2025-11-29,32,quantile,0.25,0.00285806259093045
2025-11-22,wk inc flu prop ed visits,1,2025-11-29,32,quantile,0.3,0.00295005112258631
2025-11-22,wk inc flu prop ed visits,1,2025-11-29,32,quantile,0.35,0.00299480073924178
2025-11-22,wk inc flu prop ed visits,1,2025-11-29,32,quantile,0.4,0.00306104604442729
2025-11-22,wk inc flu prop ed visits,1,2025-11-29,32,quantile,0.45,0.00316917982058425
2025-11-22,wk inc flu prop ed visits,1,2025-11-29,32,quantile,0.5,0.00328569354876175
2025-11-22,wk inc flu prop ed visits,1,2025-11-29,32,quantile,0.55,0.00340183719956377
2025-11-22,wk inc flu prop ed visits,1,2025-11-29,32,quantile,0.6,0.0035218713011301
2025-11-22,wk inc flu prop ed visits,1,2025-11-29,32,quantile,0.65,0.00366690077383479
2025-11-22,wk inc flu prop ed visits,1,2025-11-29,32,quantile,0.7,0.00384868395447506
2025-11-22,wk inc flu prop ed visits,1,2025-11-29,32,quantile,0.75,0.00403311607371943
2025-11-22,wk inc flu prop ed visits,1,2025-11-29,32,quantile,0.8,0.00429316046885161
2025-11-22,wk inc flu prop ed visits,1,2025-11-29,32,quantile,0.85,0.00463300446512592
2025-11-22,wk inc flu prop ed visits,1,2025-11-29,32,quantile,0.9,0.00527216135293517
2025-11-22,wk inc flu prop ed visits,1,2025-11-29,32,quantile,0.95,0.00616896205459331
2025-11-22,wk inc flu prop ed visits,1,2025-11-29,32,quantile,0.975,0.00717313496428566
2025-11-22,wk inc flu prop ed visits,1,2025-11-29,32,quantile,0.99,0.00722610660838334
2025-11-22,wk inc flu prop ed visits,2,2025-12-06,32,quantile,0.01,0.00148099857190238
2025-11-22,wk inc flu prop ed visits,2,2025-12-06,32,quantile,0.025,0.00179151792102652
2025-11-22,wk inc flu prop ed visits,2,2025-12-06,32,quantile,0.05,0.00204670118806023
2025-11-22,wk inc flu prop ed visits,2,2025-12-06,32,quantile,0.1,0.00230192739475034
2025-11-22,wk inc flu prop ed visits,2,2025-12-06,32,quantile,0.15,0.00246619741709084
2025-11-22,wk inc flu prop ed visits,2,2025-12-06,32,quantile,0.2,0.00265767694097177
2025-11-22,wk inc flu prop ed visits,2,2025-12-06,32,quantile,0.25,0.00278787524327955
2025-11-22,wk inc flu prop ed visits,2,2025-12-06,32,quantile,0.3,0.00282113455086285
2025-11-22,wk inc flu prop ed visits,2,2025-12-06,32,quantile,0.35,0.00297172529727053
2025-11-22,wk inc flu prop ed visits,2,2025-12-06,32,quantile,0.4,0.0030892074955493
2025-11-22,wk inc flu prop ed visits,2,2025-12-06,32,quantile,0.45,0.00324715026077669
2025-11-22,wk inc flu prop ed visits,2,2025-12-06,32,quantile,0.5,0.0033814866518764
2025-11-22,wk inc flu prop ed visits,2,2025-12-06,32,quantile,0.55,0.00354529164261808
2025-11-22,wk inc flu prop ed visits,2,2025-12-06,32,quantile,0.6,0.00371079564646215
2025-11-22,wk inc flu prop ed visits,2,2025-12-06,32,quantile,0.65,0.00390633054120626
2025-11-22,wk inc flu prop ed visits,2,2025-12-06,32,quantile,0.7,0.00416889830806368
2025-11-22,wk inc flu prop ed visits,2,2025-12-06,32,quantile,0.75,0.00446726586244995
2025-11-22,wk inc flu prop ed visits,2,2025-12-06,32,quantile,0.8,0.00486472937598445
2025-11-22,wk inc flu prop ed visits,2,2025-12-06,32,quantile,0.85,0.00544991514568741
2025-11-22,wk inc flu prop ed visits,2,2025-12-06,32,quantile,0.9,0.00650141808614234
2025-11-22,wk inc flu prop ed visits,2,2025-12-06,32,quantile,0.95,0.00847093830962071
2025-11-22,wk inc flu prop ed visits,2,2025-12-06,32,quantile,0.975,0.00883265998757232
2025-11-22,wk inc flu prop ed visits,2,2025-12-06,32,quantile,0.99,0.00883265998757232
2025-11-22,wk inc flu prop ed visits,3,2025-12-13,32,quantile,0.01,0.00152331254210305
2025-11-22,wk inc flu prop ed visits,3,2025-12-13,32,quantile,0.025,0.0018544083873714
2025-11-22,wk inc flu prop ed visits,3,2025-12-13,32,quantile,0.05,0.0021534901425884
2025-11-22,wk inc flu prop ed visits,3,2025-12-13,32,quantile,0.1,0.0025515541110017
2025-11-22,wk inc flu prop ed visits,3,2025-12-13,32,quantile,0.15,0.00276017149933814
2025-11-22,wk inc flu prop ed visits,3,2025-12-13,32,quantile,0.2,0.0028728896351639
2025-11-22,wk inc flu prop ed visits,3,2025-12-13,32,quantile,0.25,0.00292302853034425
2025-11-22,wk inc flu prop ed visits,3,2025-12-13,32,quantile,0.3,0.00316808989103093
2025-11-22,wk inc flu prop ed visits,3,2025-12-13,32,quantile,0.35,0.00334623754980864
2025-11-22,wk inc flu prop ed visits,3,2025-12-13,32,quantile,0.4,0.00353130459518849
2025-11-22,wk inc flu prop ed visits,3,2025-12-13,32,quantile,0.45,0.00373466216551799
2025-11-22,wk inc flu prop ed visits,3,2025-12-13,32,quantile,0.5,0.00390345467898627
2025-11-22,wk inc flu prop ed visits,3,2025-12-13,32,quantile,0.55,0.0040894601812913
2025-11-22,wk inc flu prop ed visits,3,2025-12-13,32,quantile,0.6,0.00430688695062597
2025-11-22,wk inc flu prop ed visits,3,2025-12-13,32,quantile,0.65,0.00459131839380829
2025-11-22,wk inc flu prop ed visits,3,2025-12-13,32,quantile,0.7,0.00490061460552923
2025-11-22,wk inc flu prop ed visits,3,2025-12-13,32,quantile,0.75,0.00533042854098603
2025-11-22,wk inc flu prop ed visits,3,2025-12-13,32,quantile,0.8,0.00590971368030786
2025-11-22,wk inc flu prop ed visits,3,2025-12-13,32,quantile,0.85,0.00688268920622427
2025-11-22,wk inc flu prop ed visits,3,2025-12-13,32,quantile,0.9,0.00824925979998523
2025-11-22,wk inc flu prop ed visits,3,2025-12-13,32,quantile,0.95,0.0105414216198497
2025-11-22,wk inc flu prop ed visits,3,2025-12-13,32,quantile,0.975,0.0105414216198497
2025-11-22,wk inc flu prop ed visits,3,2025-12-13,32,quantile,0.99,0.0105414216198497
2025-11-22,wk inc flu prop ed visits,0,2025-11-22,33,quantile,0.01,0.00108510815598346
2025-11-22,wk inc flu prop ed visits,0,2025-11-22,33,quantile,0.025,0.0011016755474777
2025-11-22,wk inc flu prop ed visits,0,2025-11-22,33,quantile,0.05,0.00129576897481909
2025-11-22,wk inc flu prop ed visits,0,2025-11-22,33,quantile,0.1,0.00140098846421504
2025-11-22,wk inc flu prop ed visits,0,2025-11-22,33,quantile,0.15,0.00167813343290271
2025-11-22,wk inc flu prop ed visits,0,2025-11-22,33,quantile,0.2,0.00179338517252924
2025-11-22,wk inc flu prop ed visits,0,2025-11-22,33,quantile,0.25,0.0017933862597275
2025-11-22,wk inc flu prop ed visits,0,2025-11-22,33,quantile,0.3,0.00198088011991065
2025-11-22,wk inc flu prop ed visits,0,2025-11-22,33,quantile,0.35,0.00209996831707781
2025-11-22,wk inc flu prop ed visits,0,2025-11-22,33,quantile,0.4,0.00223872433428462
2025-11-22,wk inc flu prop ed visits,0,2025-11-22,33,quantile,0.45,0.00232287735704039
2025-11-22,wk inc flu prop ed visits,0,2025-11-22,33,quantile,0.5,0.00245882219835128
2025-11-22,wk inc flu prop ed visits,0,2025-11-22,33,quantile,0.55,0.00254946204951144
2025-11-22,wk inc flu prop ed visits,0,2025-11-22,33,quantile,0.6,0.00265034526717379
2025-11-22,wk inc flu prop ed visits,0,2025-11-22,33,quantile,0.65,0.00280541391938353
2025-11-22,wk inc flu prop ed visits,0,2025-11-22,33,quantile,0.7,0.00291850480591689
2025-11-22,wk inc flu prop ed visits,0,2025-11-22,33,quantile,0.75,0.00309681068463486
2025-11-22,wk inc flu prop ed visits,0,2025-11-22,33,quantile,0.8,0.0033051179836283
2025-11-22,wk inc flu prop ed visits,0,2025-11-22,33,quantile,0.85,0.00359391077185503
2025-11-22,wk inc flu prop ed visits,0,2025-11-22,33,quantile,0.9,0.00396787801650308
2025-11-22,wk inc flu prop ed visits,0,2025-11-22,33,quantile,0.95,0.00458721527799257
2025-11-22,wk inc flu prop ed visits,0,2025-11-22,33,quantile,0.975,0.00522247428895786
2025-11-22,wk inc flu prop ed visits,0,2025-11-22,33,quantile,0.99,0.00612430851189133
2025-11-22,wk inc flu prop ed visits,1,2025-11-29,33,quantile,0.01,9.6346257508262e-4
2025-11-22,wk inc flu prop ed visits,1,2025-11-29,33,quantile,0.025,0.00112727039117333
2025-11-22,wk inc flu prop ed visits,1,2025-11-29,33,quantile,0.05,0.00127789364622324
2025-11-22,wk inc flu prop ed visits,1,2025-11-29,33,quantile,0.1,0.00154467826612117
2025-11-22,wk inc flu prop ed visits,1,2025-11-29,33,quantile,0.15,0.0016598002972745
2025-11-22,wk inc flu prop ed visits,1,2025-11-29,33,quantile,0.2,0.0017878074652853
2025-11-22,wk inc flu prop ed visits,1,2025-11-29,33,quantile,0.25,0.0019611979169605
2025-11-22,wk inc flu prop ed visits,1,2025-11-29,33,quantile,0.3,0.00205839405326728
2025-11-22,wk inc flu prop ed visits,1,2025-11-29,33,quantile,0.35,0.00210836395453004
2025-11-22,wk inc flu prop ed visits,1,2025-11-29,33,quantile,0.4,0.00217897303720938
2025-11-22,wk inc flu prop ed visits,1,2025-11-29,33,quantile,0.45,0.00230088633795756
2025-11-22,wk inc flu prop ed visits,1,2025-11-29,33,quantile,0.5,0.00243700147247218
2025-11-22,wk inc flu prop ed visits,1,2025-11-29,33,quantile,0.55,0.0025716954179949
2025-11-22,wk inc flu prop ed visits,1,2025-11-29,33,quantile,0.6,0.00271259507847946
2025-11-22,wk inc flu prop ed visits,1,2025-11-29,33,quantile,0.65,0.00288852119379534
2025-11-22,wk inc flu prop ed visits,1,2025-11-29,33,quantile,0.7,0.00311335134161143
2025-11-22,wk inc flu prop ed visits,1,2025-11-29,33,quantile,0.75,0.0033437025660593
2025-11-22,wk inc flu prop ed visits,1,2025-11-29,33,quantile,0.8,0.00367464427483288
2025-11-22,wk inc flu prop ed visits,1,2025-11-29,33,quantile,0.85,0.00412138696182743
2025-11-22,wk inc flu prop ed visits,1,2025-11-29,33,quantile,0.9,0.00496187715727448
2025-11-22,wk inc flu prop ed visits,1,2025-11-29,33,quantile,0.95,0.00622828700393076
2025-11-22,wk inc flu prop ed visits,1,2025-11-29,33,quantile,0.975,0.00747035664269478
2025-11-22,wk inc flu prop ed visits,1,2025-11-29,33,quantile,0.99,0.00753325795944522
2025-11-22,wk inc flu prop ed visits,2,2025-12-06,33,quantile,0.01,6.790851671606e-4
2025-11-22,wk inc flu prop ed visits,2,2025-12-06,33,quantile,0.025,9.4828248943345e-4
2025-11-22,wk inc flu prop ed visits,2,2025-12-06,33,quantile,0.05,0.00117074619199666
2025-11-22,wk inc flu prop ed visits,2,2025-12-06,33,quantile,0.1,0.00141033086369335
2025-11-22,wk inc flu prop ed visits,2,2025-12-06,33,quantile,0.15,0.00158062143328242
2025-11-22,wk inc flu prop ed visits,2,2025-12-06,33,quantile,0.2,0.00178371671687761
2025-11-22,wk inc flu prop ed visits,2,2025-12-06,33,quantile,0.25,0.001917753961594
2025-11-22,wk inc flu prop ed visits,2,2025-12-06,33,quantile,0.3,0.00195330951102635
2025-11-22,wk inc flu prop ed visits,2,2025-12-06,33,quantile,0.35,0.00211271193502118
2025-11-22,wk inc flu prop ed visits,2,2025-12-06,33,quantile,0.4,0.00223929990898844
2025-11-22,wk inc flu prop ed visits,2,2025-12-06,33,quantile,0.45,0.0024171849658417
2025-11-22,wk inc flu prop ed visits,2,2025-12-06,33,quantile,0.5,0.00256312154809007
2025-11-22,wk inc flu prop ed visits,2,2025-12-06,33,quantile,0.55,0.00275360926073696
2025-11-22,wk inc flu prop ed visits,2,2025-12-06,33,quantile,0.6,0.00293741860496118
2025-11-22,wk inc flu prop ed visits,2,2025-12-06,33,quantile,0.65,0.00316247808896543
2025-11-22,wk inc flu prop ed visits,2,2025-12-06,33,quantile,0.7,0.00348067632725967
2025-11-22,wk inc flu prop ed visits,2,2025-12-06,33,quantile,0.75,0.00384927061061504
2025-11-22,wk inc flu prop ed visits,2,2025-12-06,33,quantile,0.8,0.00433516092618422
2025-11-22,wk inc flu prop ed visits,2,2025-12-06,33,quantile,0.85,0.00505986031975097
2025-11-22,wk inc flu prop ed visits,2,2025-12-06,33,quantile,0.9,0.00630405227234929
2025-11-22,wk inc flu prop ed visits,2,2025-12-06,33,quantile,0.95,0.00874317540929473
2025-11-22,wk inc flu prop ed visits,2,2025-12-06,33,quantile,0.975,0.00914849175036898
2025-11-22,wk inc flu prop ed visits,2,2025-12-06,33,quantile,0.99,0.00914849175036898
2025-11-22,wk inc flu prop ed visits,3,2025-12-13,33,quantile,0.01,7.260698243526e-4
2025-11-22,wk inc flu prop ed visits,3,2025-12-13,33,quantile,0.025,9.9645647725197e-4
2025-11-22,wk inc flu prop ed visits,3,2025-12-13,33,quantile,0.05,0.0012328632313176
2025-11-22,wk inc flu prop ed visits,3,2025-12-13,33,quantile,0.1,0.00159038334818003
2025-11-22,wk inc flu prop ed visits,3,2025-12-13,33,quantile,0.15,0.00180314545356681
2025-11-22,wk inc flu prop ed visits,3,2025-12-13,33,quantile,0.2,0.00190808062216208
2025-11-22,wk inc flu prop ed visits,3,2025-12-13,33,quantile,0.25,0.00196415275402227
2025-11-22,wk inc flu prop ed visits,3,2025-12-13,33,quantile,0.3,0.00222110674481639
2025-11-22,wk inc flu prop ed visits,3,2025-12-13,33,quantile,0.35,0.00242143643040281
2025-11-22,wk inc flu prop ed visits,3,2025-12-13,33,quantile,0.4,0.00262040080407322
2025-11-22,wk inc flu prop ed visits,3,2025-12-13,33,quantile,0.45,0.00286439080232888
2025-11-22,wk inc flu prop ed visits,3,2025-12-13,33,quantile,0.5,0.00306001716929146
2025-11-22,wk inc flu prop ed visits,3,2025-12-13,33,quantile,0.55,0.00329350565879735
2025-11-22,wk inc flu prop ed visits,3,2025-12-13,33,quantile,0.6,0.00354792025471937
2025-11-22,wk inc flu prop ed visits,3,2025-12-13,33,quantile,0.65,0.0038914076965933
2025-11-22,wk inc flu prop ed visits,3,2025-12-13,33,quantile,0.7,0.00429603853877801
2025-11-22,wk inc flu prop ed visits,3,2025-12-13,33,quantile,0.75,0.00483794069255871
2025-11-22,wk inc flu prop ed visits,3,2025-12-13,33,quantile,0.8,0.00562997406478486
2025-11-22,wk inc flu prop ed visits,3,2025-12-13,33,quantile,0.85,0.00692926256779741
2025-11-22,wk inc flu prop ed visits,3,2025-12-13,33,quantile,0.9,0.00893007169018899
2025-11-22,wk inc flu prop ed visits,3,2025-12-13,33,quantile,0.95,0.0119524792568301
2025-11-22,wk inc flu prop ed visits,3,2025-12-13,33,quantile,0.975,0.0119524792568301
2025-11-22,wk inc flu prop ed visits,3,2025-12-13,33,quantile,0.99,0.0119524792568301
2025-11-22,wk inc flu prop ed visits,0,2025-11-22,34,quantile,0.01,0.00292486267891093
2025-11-22,wk inc flu prop ed visits,0,2025-11-22,34,quantile,0.025,0.00295634985302131
2025-11-22,wk inc flu prop ed visits,0,2025-11-22,34,quantile,0.05,0.0033274643988161
2025-11-22,wk inc flu prop ed visits,0,2025-11-22,34,quantile,0.1,0.0035484497877434802
2025-11-22,wk inc flu prop ed visits,0,2025-11-22,34,quantile,0.15,0.00397077857435839
2025-11-22,wk inc flu prop ed visits,0,2025-11-22,34,quantile,0.2,0.0041143620356439
2025-11-22,wk inc flu prop ed visits,0,2025-11-22,34,quantile,0.25,0.00411436297539951
2025-11-22,wk inc flu prop ed visits,0,2025-11-22,34,quantile,0.3,0.00436536436818722
2025-11-22,wk inc flu prop ed visits,0,2025-11-22,34,quantile,0.35,0.004521106747656
2025-11-22,wk inc flu prop ed visits,0,2025-11-22,34,quantile,0.4,0.0046694271236595
2025-11-22,wk inc flu prop ed visits,0,2025-11-22,34,quantile,0.45,0.00478968880405516
2025-11-22,wk inc flu prop ed visits,0,2025-11-22,34,quantile,0.5,0.00493954630291731
2025-11-22,wk inc flu prop ed visits,0,2025-11-22,34,quantile,0.55,0.00504751332787455
2025-11-22,wk inc flu prop ed visits,0,2025-11-22,34,quantile,0.6,0.00516804428024329
2025-11-22,wk inc flu prop ed visits,0,2025-11-22,34,quantile,0.65,0.00535250120255151
2025-11-22,wk inc flu prop ed visits,0,2025-11-22,34,quantile,0.7,0.0054835788000565
2025-11-22,wk inc flu prop ed visits,0,2025-11-22,34,quantile,0.75,0.00566964277616354
2025-11-22,wk inc flu prop ed visits,0,2025-11-22,34,quantile,0.8,0.00591517709162167
2025-11-22,wk inc flu prop ed visits,0,2025-11-22,34,quantile,0.85,0.00623735135462582
2025-11-22,wk inc flu prop ed visits,0,2025-11-22,34,quantile,0.9,0.00665455201150574
2025-11-22,wk inc flu prop ed visits,0,2025-11-22,34,quantile,0.95,0.00738706415382803
2025-11-22,wk inc flu prop ed visits,0,2025-11-22,34,quantile,0.975,0.00806017288146732
2025-11-22,wk inc flu prop ed visits,0,2025-11-22,34,quantile,0.99,0.00895724761411468
2025-11-22,wk inc flu prop ed visits,1,2025-11-29,34,quantile,0.01,0.00228738731095183
2025-11-22,wk inc flu prop ed visits,1,2025-11-29,34,quantile,0.025,0.00257350251752814
2025-11-22,wk inc flu prop ed visits,1,2025-11-29,34,quantile,0.05,0.00283884843739227
2025-11-22,wk inc flu prop ed visits,1,2025-11-29,34,quantile,0.1,0.00324094253456098
2025-11-22,wk inc flu prop ed visits,1,2025-11-29,34,quantile,0.15,0.00340914657263823
2025-11-22,wk inc flu prop ed visits,1,2025-11-29,34,quantile,0.2,0.00360776836833815
2025-11-22,wk inc flu prop ed visits,1,2025-11-29,34,quantile,0.25,0.00385585743922961
2025-11-22,wk inc flu prop ed visits,1,2025-11-29,34,quantile,0.3,0.0039978282587684
2025-11-22,wk inc flu prop ed visits,1,2025-11-29,34,quantile,0.35,0.00406814963416751
2025-11-22,wk inc flu prop ed visits,1,2025-11-29,34,quantile,0.4,0.00416780394708576
2025-11-22,wk inc flu prop ed visits,1,2025-11-29,34,quantile,0.45,0.00433447343635902
2025-11-22,wk inc flu prop ed visits,1,2025-11-29,34,quantile,0.5,0.00452170034020326
2025-11-22,wk inc flu prop ed visits,1,2025-11-29,34,quantile,0.55,0.0047002936474595
2025-11-22,wk inc flu prop ed visits,1,2025-11-29,34,quantile,0.6,0.00489544008484486
2025-11-22,wk inc flu prop ed visits,1,2025-11-29,34,quantile,0.65,0.00512182547672645
2025-11-22,wk inc flu prop ed visits,1,2025-11-29,34,quantile,0.7,0.00540955014557262
2025-11-22,wk inc flu prop ed visits,1,2025-11-29,34,quantile,0.75,0.00570176596089404
2025-11-22,wk inc flu prop ed visits,1,2025-11-29,34,quantile,0.8,0.00612212160673356
2025-11-22,wk inc flu prop ed visits,1,2025-11-29,34,quantile,0.85,0.00666455517611499
2025-11-22,wk inc flu prop ed visits,1,2025-11-29,34,quantile,0.9,0.00767099926550039
2025-11-22,wk inc flu prop ed visits,1,2025-11-29,34,quantile,0.95,0.00912656329805151
2025-11-22,wk inc flu prop ed visits,1,2025-11-29,34,quantile,0.975,0.0107182667278336
2025-11-22,wk inc flu prop ed visits,1,2025-11-29,34,quantile,0.99,0.0108021840620596
2025-11-22,wk inc flu prop ed visits,2,2025-12-06,34,quantile,0.01,0.00176770279453178
2025-11-22,wk inc flu prop ed visits,2,2025-12-06,34,quantile,0.025,0.00220920323053778
2025-11-22,wk inc flu prop ed visits,2,2025-12-06,34,quantile,0.05,0.00255667247099446
2025-11-22,wk inc flu prop ed visits,2,2025-12-06,34,quantile,0.1,0.00290548053338444
2025-11-22,wk inc flu prop ed visits,2,2025-12-06,34,quantile,0.15,0.00315343002320825
2025-11-22,wk inc flu prop ed visits,2,2025-12-06,34,quantile,0.2,0.00344729115016726
2025-11-22,wk inc flu prop ed visits,2,2025-12-06,34,quantile,0.25,0.00364811157602222
2025-11-22,wk inc flu prop ed visits,2,2025-12-06,34,quantile,0.3,0.00369655733134311
2025-11-22,wk inc flu prop ed visits,2,2025-12-06,34,quantile,0.35,0.00392581074037909
2025-11-22,wk inc flu prop ed visits,2,2025-12-06,34,quantile,0.4,0.00410248614133197
2025-11-22,wk inc flu prop ed visits,2,2025-12-06,34,quantile,0.45,0.00434855266649204
2025-11-22,wk inc flu prop ed visits,2,2025-12-06,34,quantile,0.5,0.00454981716964611
2025-11-22,wk inc flu prop ed visits,2,2025-12-06,34,quantile,0.55,0.00480633382463148
2025-11-22,wk inc flu prop ed visits,2,2025-12-06,34,quantile,0.6,0.00506541062609288
2025-11-22,wk inc flu prop ed visits,2,2025-12-06,34,quantile,0.65,0.00536777830003961
2025-11-22,wk inc flu prop ed visits,2,2025-12-06,34,quantile,0.7,0.00577419356348523
2025-11-22,wk inc flu prop ed visits,2,2025-12-06,34,quantile,0.75,0.00624358780393585
2025-11-22,wk inc flu prop ed visits,2,2025-12-06,34,quantile,0.8,0.0068544259512667
2025-11-22,wk inc flu prop ed visits,2,2025-12-06,34,quantile,0.85,0.00779156613221331
2025-11-22,wk inc flu prop ed visits,2,2025-12-06,34,quantile,0.9,0.00942213069296868
2025-11-22,wk inc flu prop ed visits,2,2025-12-06,34,quantile,0.95,0.0125205031203886
2025-11-22,wk inc flu prop ed visits,2,2025-12-06,34,quantile,0.975,0.0130820314970855
2025-11-22,wk inc flu prop ed visits,2,2025-12-06,34,quantile,0.99,0.0130820314970855
2025-11-22,wk inc flu prop ed visits,3,2025-12-13,34,quantile,0.01,0.00172784787359234
2025-11-22,wk inc flu prop ed visits,3,2025-12-13,34,quantile,0.025,0.00210503237607117
2025-11-22,wk inc flu prop ed visits,3,2025-12-13,34,quantile,0.05,0.0024434193123671
2025-11-22,wk inc flu prop ed visits,3,2025-12-13,34,quantile,0.1,0.00291019299793361
2025-11-22,wk inc flu prop ed visits,3,2025-12-13,34,quantile,0.15,0.00322400576824797
2025-11-22,wk inc flu prop ed visits,3,2025-12-13,34,quantile,0.2,0.00337970794795396
2025-11-22,wk inc flu prop ed visits,3,2025-12-13,34,quantile,0.25,0.00346102352706285
2025-11-22,wk inc flu prop ed visits,3,2025-12-13,34,quantile,0.3,0.00380633770868899
2025-11-22,wk inc flu prop ed visits,3,2025-12-13,34,quantile,0.35,0.00407001513024978
2025-11-22,wk inc flu prop ed visits,3,2025-12-13,34,quantile,0.4,0.00432880286416674
2025-11-22,wk inc flu prop ed visits,3,2025-12-13,34,quantile,0.45,0.00465631937473307
2025-11-22,wk inc flu prop ed visits,3,2025-12-13,34,quantile,0.5,0.00492788513976784
2025-11-22,wk inc flu prop ed visits,3,2025-12-13,34,quantile,0.55,0.00521881494209115
2025-11-22,wk inc flu prop ed visits,3,2025-12-13,34,quantile,0.6,0.00556687285025918
2025-11-22,wk inc flu prop ed visits,3,2025-12-13,34,quantile,0.65,0.00599507424043327
2025-11-22,wk inc flu prop ed visits,3,2025-12-13,34,quantile,0.7,0.00651056460024295
2025-11-22,wk inc flu prop ed visits,3,2025-12-13,34,quantile,0.75,0.00717403177685637
2025-11-22,wk inc flu prop ed visits,3,2025-12-13,34,quantile,0.8,0.00816783912943483
2025-11-22,wk inc flu prop ed visits,3,2025-12-13,34,quantile,0.85,0.00988133501114728
2025-11-22,wk inc flu prop ed visits,3,2025-12-13,34,quantile,0.9,0.0123881832631303
2025-11-22,wk inc flu prop ed visits,3,2025-12-13,34,quantile,0.95,0.0161882218297843
2025-11-22,wk inc flu prop ed visits,3,2025-12-13,34,quantile,0.975,0.0161882218297843
2025-11-22,wk inc flu prop ed visits,3,2025-12-13,34,quantile,0.99,0.0161882218297843
2025-11-22,wk inc flu prop ed visits,0,2025-11-22,35,quantile,0.01,0.00153086221892225
2025-11-22,wk inc flu prop ed visits,0,2025-11-22,35,quantile,0.025,0.00155400689287311
2025-11-22,wk inc flu prop ed visits,0,2025-11-22,35,quantile,0.05,0.00182556059429213
2025-11-22,wk inc flu prop ed visits,0,2025-11-22,35,quantile,0.1,0.00197447808573686
2025-11-22,wk inc flu prop ed visits,0,2025-11-22,35,quantile,0.15,0.00236414424410822
2025-11-22,wk inc flu prop ed visits,0,2025-11-22,35,quantile,0.2,0.00251637619746545
2025-11-22,wk inc flu prop ed visits,0,2025-11-22,35,quantile,0.25,0.00251637662935679
2025-11-22,wk inc flu prop ed visits,0,2025-11-22,35,quantile,0.3,0.00277095905446316
2025-11-22,wk inc flu prop ed visits,0,2025-11-22,35,quantile,0.35,0.00293413347177327
2025-11-22,wk inc flu prop ed visits,0,2025-11-22,35,quantile,0.4,0.00311583916816206
2025-11-22,wk inc flu prop ed visits,0,2025-11-22,35,quantile,0.45,0.00322870090240891
2025-11-22,wk inc flu prop ed visits,0,2025-11-22,35,quantile,0.5,0.00341401457868611
2025-11-22,wk inc flu prop ed visits,0,2025-11-22,35,quantile,0.55,0.00353693752923737
2025-11-22,wk inc flu prop ed visits,0,2025-11-22,35,quantile,0.6,0.00367066596456835
2025-11-22,wk inc flu prop ed visits,0,2025-11-22,35,quantile,0.65,0.00387597673538877
2025-11-22,wk inc flu prop ed visits,0,2025-11-22,35,quantile,0.7,0.00403068329112024
2025-11-22,wk inc flu prop ed visits,0,2025-11-22,35,quantile,0.75,0.00426140722012522
2025-11-22,wk inc flu prop ed visits,0,2025-11-22,35,quantile,0.8,0.00453977882703769
2025-11-22,wk inc flu prop ed visits,0,2025-11-22,35,quantile,0.85,0.00492206399346798
2025-11-22,wk inc flu prop ed visits,0,2025-11-22,35,quantile,0.9,0.00543139023771139
2025-11-22,wk inc flu prop ed visits,0,2025-11-22,35,quantile,0.95,0.00631835898668918
2025-11-22,wk inc flu prop ed visits,0,2025-11-22,35,quantile,0.975,0.00720793982804985
2025-11-22,wk inc flu prop ed visits,0,2025-11-22,35,quantile,0.99,0.00847725326080135
2025-11-22,wk inc flu prop ed visits,1,2025-11-29,35,quantile,0.01,0.0013261989958252
2025-11-22,wk inc flu prop ed visits,1,2025-11-29,35,quantile,0.025,0.00154697421880319
2025-11-22,wk inc flu prop ed visits,1,2025-11-29,35,quantile,0.05,0.00174887464825771
2025-11-22,wk inc flu prop ed visits,1,2025-11-29,35,quantile,0.1,0.0021073426249123
2025-11-22,wk inc flu prop ed visits,1,2025-11-29,35,quantile,0.15,0.00226116213485118
2025-11-22,wk inc flu prop ed visits,1,2025-11-29,35,quantile,0.2,0.00243341232718725
2025-11-22,wk inc flu prop ed visits,1,2025-11-29,35,quantile,0.25,0.00266511628657973
2025-11-22,wk inc flu prop ed visits,1,2025-11-29,35,quantile,0.3,0.00279204586746724
2025-11-22,wk inc flu prop ed visits,1,2025-11-29,35,quantile,0.35,0.0028582209165535
2025-11-22,wk inc flu prop ed visits,1,2025-11-29,35,quantile,0.4,0.00295369116520331
2025-11-22,wk inc flu prop ed visits,1,2025-11-29,35,quantile,0.45,0.00311682415875459
2025-11-22,wk inc flu prop ed visits,1,2025-11-29,35,quantile,0.5,0.0032992012730469
2025-11-22,wk inc flu prop ed visits,1,2025-11-29,35,quantile,0.55,0.00348037363557949
2025-11-22,wk inc flu prop ed visits,1,2025-11-29,35,quantile,0.6,0.00366966628077976
2025-11-22,wk inc flu prop ed visits,1,2025-11-29,35,quantile,0.65,0.0039107897643793
2025-11-22,wk inc flu prop ed visits,1,2025-11-29,35,quantile,0.7,0.0042119273832108
2025-11-22,wk inc flu prop ed visits,1,2025-11-29,35,quantile,0.75,0.00451846363012315
2025-11-22,wk inc flu prop ed visits,1,2025-11-29,35,quantile,0.8,0.00495962547876405
2025-11-22,wk inc flu prop ed visits,1,2025-11-29,35,quantile,0.85,0.00557580764974627
2025-11-22,wk inc flu prop ed visits,1,2025-11-29,35,quantile,0.9,0.00676810754769114
2025-11-22,wk inc flu prop ed visits,1,2025-11-29,35,quantile,0.95,0.0085708907892082
2025-11-22,wk inc flu prop ed visits,1,2025-11-29,35,quantile,0.975,0.0103379119180758
2025-11-22,wk inc flu prop ed visits,1,2025-11-29,35,quantile,0.99,0.0104275136402661
2025-11-22,wk inc flu prop ed visits,2,2025-12-06,35,quantile,0.01,9.2801377127642e-4
2025-11-22,wk inc flu prop ed visits,2,2025-12-06,35,quantile,0.025,0.00128721264224619
2025-11-22,wk inc flu prop ed visits,2,2025-12-06,35,quantile,0.05,0.0015885756276332
2025-11-22,wk inc flu prop ed visits,2,2025-12-06,35,quantile,0.1,0.00190658483491622
2025-11-22,wk inc flu prop ed visits,2,2025-12-06,35,quantile,0.15,0.00213106937064625
2025-11-22,wk inc flu prop ed visits,2,2025-12-06,35,quantile,0.2,0.00239931437681415
2025-11-22,wk inc flu prop ed visits,2,2025-12-06,35,quantile,0.25,0.00257996833111046
2025-11-22,wk inc flu prop ed visits,2,2025-12-06,35,quantile,0.3,0.00262771486076339
2025-11-22,wk inc flu prop ed visits,2,2025-12-06,35,quantile,0.35,0.00283593049105299
2025-11-22,wk inc flu prop ed visits,2,2025-12-06,35,quantile,0.4,0.00300257283730197
2025-11-22,wk inc flu prop ed visits,2,2025-12-06,35,quantile,0.45,0.00324204905533548
2025-11-22,wk inc flu prop ed visits,2,2025-12-06,35,quantile,0.5,0.00343095631392962
2025-11-22,wk inc flu prop ed visits,2,2025-12-06,35,quantile,0.55,0.00368866400888656
2025-11-22,wk inc flu prop ed visits,2,2025-12-06,35,quantile,0.6,0.00393336881716855
2025-11-22,wk inc flu prop ed visits,2,2025-12-06,35,quantile,0.65,0.00423443441047091
2025-11-22,wk inc flu prop ed visits,2,2025-12-06,35,quantile,0.7,0.00465252177900968
2025-11-22,wk inc flu prop ed visits,2,2025-12-06,35,quantile,0.75,0.00513642436714192
2025-11-22,wk inc flu prop ed visits,2,2025-12-06,35,quantile,0.8,0.0057935203596677
2025-11-22,wk inc flu prop ed visits,2,2025-12-06,35,quantile,0.85,0.0067886079220642
2025-11-22,wk inc flu prop ed visits,2,2025-12-06,35,quantile,0.9,0.008526675175312
2025-11-22,wk inc flu prop ed visits,2,2025-12-06,35,quantile,0.95,0.0119155573054171
2025-11-22,wk inc flu prop ed visits,2,2025-12-06,35,quantile,0.975,0.0124820348160413
2025-11-22,wk inc flu prop ed visits,2,2025-12-06,35,quantile,0.99,0.0124820348160413
2025-11-22,wk inc flu prop ed visits,3,2025-12-13,35,quantile,0.01,9.3880227026967e-4
2025-11-22,wk inc flu prop ed visits,3,2025-12-13,35,quantile,0.025,0.00128409297772162
2025-11-22,wk inc flu prop ed visits,3,2025-12-13,35,quantile,0.05,0.00159997164255115
2025-11-22,wk inc flu prop ed visits,3,2025-12-13,35,quantile,0.1,0.00208517675176535
2025-11-22,wk inc flu prop ed visits,3,2025-12-13,35,quantile,0.15,0.00236687056875242
2025-11-22,wk inc flu prop ed visits,3,2025-12-13,35,quantile,0.2,0.0025115163904969
2025-11-22,wk inc flu prop ed visits,3,2025-12-13,35,quantile,0.25,0.00258627347467444
2025-11-22,wk inc flu prop ed visits,3,2025-12-13,35,quantile,0.3,0.00293488043582625
2025-11-22,wk inc flu prop ed visits,3,2025-12-13,35,quantile,0.35,0.00320326385986162
2025-11-22,wk inc flu prop ed visits,3,2025-12-13,35,quantile,0.4,0.00346605220259844
2025-11-22,wk inc flu prop ed visits,3,2025-12-13,35,quantile,0.45,0.00380098611731066
2025-11-22,wk inc flu prop ed visits,3,2025-12-13,35,quantile,0.5,0.00404807503666894
2025-11-22,wk inc flu prop ed visits,3,2025-12-13,35,quantile,0.55,0.00437956555923395
2025-11-22,wk inc flu prop ed visits,3,2025-12-13,35,quantile,0.6,0.00471754238551549
2025-11-22,wk inc flu prop ed visits,3,2025-12-13,35,quantile,0.65,0.00516717651049028
2025-11-22,wk inc flu prop ed visits,3,2025-12-13,35,quantile,0.7,0.00570327522301847
2025-11-22,wk inc flu prop ed visits,3,2025-12-13,35,quantile,0.75,0.0064164592547877
2025-11-22,wk inc flu prop ed visits,3,2025-12-13,35,quantile,0.8,0.00749316838805135
2025-11-22,wk inc flu prop ed visits,3,2025-12-13,35,quantile,0.85,0.00930038744564219
2025-11-22,wk inc flu prop ed visits,3,2025-12-13,35,quantile,0.9,0.012069905678031
2025-11-22,wk inc flu prop ed visits,3,2025-12-13,35,quantile,0.95,0.0164410700271426
2025-11-22,wk inc flu prop ed visits,3,2025-12-13,35,quantile,0.975,0.0164410700271426
2025-11-22,wk inc flu prop ed visits,3,2025-12-13,35,quantile,0.99,0.0164410700271426
2025-11-22,wk inc flu prop ed visits,0,2025-11-22,36,quantile,0.01,0.00242778397038189
2025-11-22,wk inc flu prop ed visits,0,2025-11-22,36,quantile,0.025,0.00246325397464728
2025-11-22,wk inc flu prop ed visits,0,2025-11-22,36,quantile,0.05,0.00288054404252539
2025-11-22,wk inc flu prop ed visits,0,2025-11-22,36,quantile,0.1,0.00312024240148166
2025-11-22,wk inc flu prop ed visits,0,2025-11-22,36,quantile,0.15,0.00363814739290677
2025-11-22,wk inc flu prop ed visits,0,2025-11-22,36,quantile,0.2,0.00382792499488705
2025-11-22,wk inc flu prop ed visits,0,2025-11-22,36,quantile,0.25,0.00382792559636781
2025-11-22,wk inc flu prop ed visits,0,2025-11-22,36,quantile,0.3,0.00416086722810267
2025-11-22,wk inc flu prop ed visits,0,2025-11-22,36,quantile,0.35,0.00436112364540093
2025-11-22,wk inc flu prop ed visits,0,2025-11-22,36,quantile,0.4,0.00456946523739554
2025-11-22,wk inc flu prop ed visits,0,2025-11-22,36,quantile,0.45,0.00471743395735205
2025-11-22,wk inc flu prop ed visits,0,2025-11-22,36,quantile,0.5,0.00492525789611253
2025-11-22,wk inc flu prop ed visits,0,2025-11-22,36,quantile,0.55,0.0050743042717808
2025-11-22,wk inc flu prop ed visits,0,2025-11-22,36,quantile,0.6,0.0052306769289754
2025-11-22,wk inc flu prop ed visits,0,2025-11-22,36,quantile,0.65,0.00547151941347132
2025-11-22,wk inc flu prop ed visits,0,2025-11-22,36,quantile,0.7,0.00564502483984592
2025-11-22,wk inc flu prop ed visits,0,2025-11-22,36,quantile,0.75,0.00592922439785793
2025-11-22,wk inc flu prop ed visits,0,2025-11-22,36,quantile,0.8,0.00625564388806331
2025-11-22,wk inc flu prop ed visits,0,2025-11-22,36,quantile,0.85,0.00668880932032635
2025-11-22,wk inc flu prop ed visits,0,2025-11-22,36,quantile,0.9,0.00726459861488244
2025-11-22,wk inc flu prop ed visits,0,2025-11-22,36,quantile,0.95,0.00826517654413507
2025-11-22,wk inc flu prop ed visits,0,2025-11-22,36,quantile,0.975,0.00926327534212495
2025-11-22,wk inc flu prop ed visits,0,2025-11-22,36,quantile,0.99,0.0106018515709491
2025-11-22,wk inc flu prop ed visits,1,2025-11-29,36,quantile,0.01,0.00186828290535521
2025-11-22,wk inc flu prop ed visits,1,2025-11-29,36,quantile,0.025,0.00216797869617444
2025-11-22,wk inc flu prop ed visits,1,2025-11-29,36,quantile,0.05,0.00244190837848376
2025-11-22,wk inc flu prop ed visits,1,2025-11-29,36,quantile,0.1,0.00288820635616515
2025-11-22,wk inc flu prop ed visits,1,2025-11-29,36,quantile,0.15,0.00308791241313315
2025-11-22,wk inc flu prop ed visits,1,2025-11-29,36,quantile,0.2,0.00331365920053402
2025-11-22,wk inc flu prop ed visits,1,2025-11-29,36,quantile,0.25,0.00360378498313863
2025-11-22,wk inc flu prop ed visits,1,2025-11-29,36,quantile,0.3,0.00376612125620665
2025-11-22,wk inc flu prop ed visits,1,2025-11-29,36,quantile,0.35,0.00385027066393991
2025-11-22,wk inc flu prop ed visits,1,2025-11-29,36,quantile,0.4,0.00396583645985399
2025-11-22,wk inc flu prop ed visits,1,2025-11-29,36,quantile,0.45,0.00416706831551964
2025-11-22,wk inc flu prop ed visits,1,2025-11-29,36,quantile,0.5,0.00439514927415044
2025-11-22,wk inc flu prop ed visits,1,2025-11-29,36,quantile,0.55,0.00461154681347407
2025-11-22,wk inc flu prop ed visits,1,2025-11-29,36,quantile,0.6,0.00484551790437088
2025-11-22,wk inc flu prop ed visits,1,2025-11-29,36,quantile,0.65,0.00513341589901278
2025-11-22,wk inc flu prop ed visits,1,2025-11-29,36,quantile,0.7,0.00549383643515168
2025-11-22,wk inc flu prop ed visits,1,2025-11-29,36,quantile,0.75,0.0058587054753724
2025-11-22,wk inc flu prop ed visits,1,2025-11-29,36,quantile,0.8,0.00638290733481247
2025-11-22,wk inc flu prop ed visits,1,2025-11-29,36,quantile,0.85,0.00710497065892295
2025-11-22,wk inc flu prop ed visits,1,2025-11-29,36,quantile,0.9,0.00850783639482244
2025-11-22,wk inc flu prop ed visits,1,2025-11-29,36,quantile,0.95,0.0106103156050283
2025-11-22,wk inc flu prop ed visits,1,2025-11-29,36,quantile,0.975,0.0127737923235526
2025-11-22,wk inc flu prop ed visits,1,2025-11-29,36,quantile,0.99,0.0128851192713626
2025-11-22,wk inc flu prop ed visits,2,2025-12-06,36,quantile,0.01,0.00128751967573472
2025-11-22,wk inc flu prop ed visits,2,2025-12-06,36,quantile,0.025,0.00175599255683505
2025-11-22,wk inc flu prop ed visits,2,2025-12-06,36,quantile,0.05,0.00213155052543109
2025-11-22,wk inc flu prop ed visits,2,2025-12-06,36,quantile,0.1,0.00252125293314754
2025-11-22,wk inc flu prop ed visits,2,2025-12-06,36,quantile,0.15,0.00280611366399052
2025-11-22,wk inc flu prop ed visits,2,2025-12-06,36,quantile,0.2,0.00314358973529101
2025-11-22,wk inc flu prop ed visits,2,2025-12-06,36,quantile,0.25,0.0033726131068438
2025-11-22,wk inc flu prop ed visits,2,2025-12-06,36,quantile,0.3,0.00343046032135792
2025-11-22,wk inc flu prop ed visits,2,2025-12-06,36,quantile,0.35,0.00368947273983156
2025-11-22,wk inc flu prop ed visits,2,2025-12-06,36,quantile,0.4,0.00388753871310262
2025-11-22,wk inc flu prop ed visits,2,2025-12-06,36,quantile,0.45,0.00417932025279094
2025-11-22,wk inc flu prop ed visits,2,2025-12-06,36,quantile,0.5,0.00441283390655913
2025-11-22,wk inc flu prop ed visits,2,2025-12-06,36,quantile,0.55,0.0047189708785147
2025-11-22,wk inc flu prop ed visits,2,2025-12-06,36,quantile,0.6,0.00501687611380331
2025-11-22,wk inc flu prop ed visits,2,2025-12-06,36,quantile,0.65,0.0053772252534749
2025-11-22,wk inc flu prop ed visits,2,2025-12-06,36,quantile,0.7,0.00586252555208025
2025-11-22,wk inc flu prop ed visits,2,2025-12-06,36,quantile,0.75,0.00642563918260763
2025-11-22,wk inc flu prop ed visits,2,2025-12-06,36,quantile,0.8,0.00718022441513314
2025-11-22,wk inc flu prop ed visits,2,2025-12-06,36,quantile,0.85,0.00834672726823823
2025-11-22,wk inc flu prop ed visits,2,2025-12-06,36,quantile,0.9,0.0103926102907396
2025-11-22,wk inc flu prop ed visits,2,2025-12-06,36,quantile,0.95,0.0143682911949137
2025-11-22,wk inc flu prop ed visits,2,2025-12-06,36,quantile,0.975,0.0150660771100796
2025-11-22,wk inc flu prop ed visits,2,2025-12-06,36,quantile,0.99,0.0150660771100796
2025-11-22,wk inc flu prop ed visits,3,2025-12-13,36,quantile,0.01,0.00124815294421443
2025-11-22,wk inc flu prop ed visits,3,2025-12-13,36,quantile,0.025,0.00162105545955512
2025-11-22,wk inc flu prop ed visits,3,2025-12-13,36,quantile,0.05,0.00197192669011463
2025-11-22,wk inc flu prop ed visits,3,2025-12-13,36,quantile,0.1,0.00248697666908225
2025-11-22,wk inc flu prop ed visits,3,2025-12-13,36,quantile,0.15,0.00283940696697397
2025-11-22,wk inc flu prop ed visits,3,2025-12-13,36,quantile,0.2,0.00301590222594196
2025-11-22,wk inc flu prop ed visits,3,2025-12-13,36,quantile,0.25,0.00311455030136
2025-11-22,wk inc flu prop ed visits,3,2025-12-13,36,quantile,0.3,0.00351835941707471
2025-11-22,wk inc flu prop ed visits,3,2025-12-13,36,quantile,0.35,0.00384904261139926
2025-11-22,wk inc flu prop ed visits,3,2025-12-13,36,quantile,0.4,0.00415680174172212
2025-11-22,wk inc flu prop ed visits,3,2025-12-13,36,quantile,0.45,0.00455502717109047
2025-11-22,wk inc flu prop ed visits,3,2025-12-13,36,quantile,0.5,0.00485758187411995
2025-11-22,wk inc flu prop ed visits,3,2025-12-13,36,quantile,0.55,0.0052497439859994
2025-11-22,wk inc flu prop ed visits,3,2025-12-13,36,quantile,0.6,0.00565611982230295
2025-11-22,wk inc flu prop ed visits,3,2025-12-13,36,quantile,0.65,0.00618479052129157
2025-11-22,wk inc flu prop ed visits,3,2025-12-13,36,quantile,0.7,0.0068236396808697
2025-11-22,wk inc flu prop ed visits,3,2025-12-13,36,quantile,0.75,0.00763949871643444
2025-11-22,wk inc flu prop ed visits,3,2025-12-13,36,quantile,0.8,0.00892507442947147
2025-11-22,wk inc flu prop ed visits,3,2025-12-13,36,quantile,0.85,0.0111219360144667
2025-11-22,wk inc flu prop ed visits,3,2025-12-13,36,quantile,0.9,0.0144704665712445
2025-11-22,wk inc flu prop ed visits,3,2025-12-13,36,quantile,0.95,0.0196352639375354
2025-11-22,wk inc flu prop ed visits,3,2025-12-13,36,quantile,0.975,0.0196352639375354
2025-11-22,wk inc flu prop ed visits,3,2025-12-13,36,quantile,0.99,0.0196352639375354
2025-11-22,wk inc flu prop ed visits,0,2025-11-22,37,quantile,0.01,0.00772121329729054
2025-11-22,wk inc flu prop ed visits,0,2025-11-22,37,quantile,0.025,0.00780539387280002
2025-11-22,wk inc flu prop ed visits,0,2025-11-22,37,quantile,0.05,0.00879472847164556
2025-11-22,wk inc flu prop ed visits,0,2025-11-22,37,quantile,0.1,0.00941184972068254
2025-11-22,wk inc flu prop ed visits,0,2025-11-22,37,quantile,0.15,0.0106782191350776
2025-11-22,wk inc flu prop ed visits,0,2025-11-22,37,quantile,0.2,0.0109762711783165
2025-11-22,wk inc flu prop ed visits,0,2025-11-22,37,quantile,0.25,0.0109762851564508
2025-11-22,wk inc flu prop ed visits,0,2025-11-22,37,quantile,0.3,0.0115330268785049
2025-11-22,wk inc flu prop ed visits,0,2025-11-22,37,quantile,0.35,0.0119291235487191
2025-11-22,wk inc flu prop ed visits,0,2025-11-22,37,quantile,0.4,0.0122710661769319
2025-11-22,wk inc flu prop ed visits,0,2025-11-22,37,quantile,0.45,0.0125595112075892
2025-11-22,wk inc flu prop ed visits,0,2025-11-22,37,quantile,0.5,0.0128901264155603
2025-11-22,wk inc flu prop ed visits,0,2025-11-22,37,quantile,0.55,0.013150845317318
2025-11-22,wk inc flu prop ed visits,0,2025-11-22,37,quantile,0.6,0.0134000166911804
2025-11-22,wk inc flu prop ed visits,0,2025-11-22,37,quantile,0.65,0.0137753657369248
2025-11-22,wk inc flu prop ed visits,0,2025-11-22,37,quantile,0.7,0.014061465608891901
2025-11-22,wk inc flu prop ed visits,0,2025-11-22,37,quantile,0.75,0.0144307992199624
2025-11-22,wk inc flu prop ed visits,0,2025-11-22,37,quantile,0.8,0.0149727008581195
2025-11-22,wk inc flu prop ed visits,0,2025-11-22,37,quantile,0.85,0.0156458955816913
2025-11-22,wk inc flu prop ed visits,0,2025-11-22,37,quantile,0.9,0.0164962265573144
2025-11-22,wk inc flu prop ed visits,0,2025-11-22,37,quantile,0.95,0.0179812132471978
2025-11-22,wk inc flu prop ed visits,0,2025-11-22,37,quantile,0.975,0.0196623711073364
2025-11-22,wk inc flu prop ed visits,0,2025-11-22,37,quantile,0.99,0.0218236983234671
2025-11-22,wk inc flu prop ed visits,1,2025-11-29,37,quantile,0.01,0.00707036252344111
2025-11-22,wk inc flu prop ed visits,1,2025-11-29,37,quantile,0.025,0.00787097061224
2025-11-22,wk inc flu prop ed visits,1,2025-11-29,37,quantile,0.05,0.00862719130686046
2025-11-22,wk inc flu prop ed visits,1,2025-11-29,37,quantile,0.1,0.00982756490876151
2025-11-22,wk inc flu prop ed visits,1,2025-11-29,37,quantile,0.15,0.0102566754877273
2025-11-22,wk inc flu prop ed visits,1,2025-11-29,37,quantile,0.2,0.0107555638553337
2025-11-22,wk inc flu prop ed visits,1,2025-11-29,37,quantile,0.25,0.0113889282044062
2025-11-22,wk inc flu prop ed visits,1,2025-11-29,37,quantile,0.3,0.011748949136503
2025-11-22,wk inc flu prop ed visits,1,2025-11-29,37,quantile,0.35,0.0119136463400575
2025-11-22,wk inc flu prop ed visits,1,2025-11-29,37,quantile,0.4,0.0121821711551778
2025-11-22,wk inc flu prop ed visits,1,2025-11-29,37,quantile,0.45,0.0125881222829821
2025-11-22,wk inc flu prop ed visits,1,2025-11-29,37,quantile,0.5,0.013032480402521
2025-11-22,wk inc flu prop ed visits,1,2025-11-29,37,quantile,0.55,0.0134979302301428
2025-11-22,wk inc flu prop ed visits,1,2025-11-29,37,quantile,0.6,0.013961686860973
2025-11-22,wk inc flu prop ed visits,1,2025-11-29,37,quantile,0.65,0.0145158868033649
2025-11-22,wk inc flu prop ed visits,1,2025-11-29,37,quantile,0.7,0.0151940180151542
2025-11-22,wk inc flu prop ed visits,1,2025-11-29,37,quantile,0.75,0.0158873118853646
2025-11-22,wk inc flu prop ed visits,1,2025-11-29,37,quantile,0.8,0.0168630983341181
2025-11-22,wk inc flu prop ed visits,1,2025-11-29,37,quantile,0.85,0.0181639123384343
2025-11-22,wk inc flu prop ed visits,1,2025-11-29,37,quantile,0.9,0.0206595007295567
2025-11-22,wk inc flu prop ed visits,1,2025-11-29,37,quantile,0.95,0.0241258257782119
2025-11-22,wk inc flu prop ed visits,1,2025-11-29,37,quantile,0.975,0.0279628291194251
2025-11-22,wk inc flu prop ed visits,1,2025-11-29,37,quantile,0.99,0.0281644086535618
2025-11-22,wk inc flu prop ed visits,2,2025-12-06,37,quantile,0.01,0.00580924840512408
2025-11-22,wk inc flu prop ed visits,2,2025-12-06,37,quantile,0.025,0.00710217970626593
2025-11-22,wk inc flu prop ed visits,2,2025-12-06,37,quantile,0.05,0.008219334680183
2025-11-22,wk inc flu prop ed visits,2,2025-12-06,37,quantile,0.1,0.0092763815142297
2025-11-22,wk inc flu prop ed visits,2,2025-12-06,37,quantile,0.15,0.00993712436723127
2025-11-22,wk inc flu prop ed visits,2,2025-12-06,37,quantile,0.2,0.01067516049297
2025-11-22,wk inc flu prop ed visits,2,2025-12-06,37,quantile,0.25,0.0112074161802622
2025-11-22,wk inc flu prop ed visits,2,2025-12-06,37,quantile,0.3,0.0113440011600716
2025-11-22,wk inc flu prop ed visits,2,2025-12-06,37,quantile,0.35,0.0119434206322683
2025-11-22,wk inc flu prop ed visits,2,2025-12-06,37,quantile,0.4,0.0124211559500964
2025-11-22,wk inc flu prop ed visits,2,2025-12-06,37,quantile,0.45,0.0130591335181486
2025-11-22,wk inc flu prop ed visits,2,2025-12-06,37,quantile,0.5,0.0135876408869707
2025-11-22,wk inc flu prop ed visits,2,2025-12-06,37,quantile,0.55,0.0142507104474874
2025-11-22,wk inc flu prop ed visits,2,2025-12-06,37,quantile,0.6,0.0149154733296516
2025-11-22,wk inc flu prop ed visits,2,2025-12-06,37,quantile,0.65,0.0156950848505092
2025-11-22,wk inc flu prop ed visits,2,2025-12-06,37,quantile,0.7,0.0167216076719645
2025-11-22,wk inc flu prop ed visits,2,2025-12-06,37,quantile,0.75,0.0178799033672476
2025-11-22,wk inc flu prop ed visits,2,2025-12-06,37,quantile,0.8,0.0194423281894644
2025-11-22,wk inc flu prop ed visits,2,2025-12-06,37,quantile,0.85,0.0217456548890714
2025-11-22,wk inc flu prop ed visits,2,2025-12-06,37,quantile,0.9,0.0259770522657247
2025-11-22,wk inc flu prop ed visits,2,2025-12-06,37,quantile,0.95,0.0337534404731482
2025-11-22,wk inc flu prop ed visits,2,2025-12-06,37,quantile,0.975,0.0351856779371398
2025-11-22,wk inc flu prop ed visits,2,2025-12-06,37,quantile,0.99,0.0351856779371398
2025-11-22,wk inc flu prop ed visits,3,2025-12-13,37,quantile,0.01,0.00565866838592784
2025-11-22,wk inc flu prop ed visits,3,2025-12-13,37,quantile,0.025,0.00692494312716073
2025-11-22,wk inc flu prop ed visits,3,2025-12-13,37,quantile,0.05,0.008101948451651
2025-11-22,wk inc flu prop ed visits,3,2025-12-13,37,quantile,0.1,0.00974758295358428
2025-11-22,wk inc flu prop ed visits,3,2025-12-13,37,quantile,0.15,0.0106714939068542
2025-11-22,wk inc flu prop ed visits,3,2025-12-13,37,quantile,0.2,0.011133647400347
2025-11-22,wk inc flu prop ed visits,3,2025-12-13,37,quantile,0.25,0.0113436824643126
2025-11-22,wk inc flu prop ed visits,3,2025-12-13,37,quantile,0.3,0.0123679973103824
2025-11-22,wk inc flu prop ed visits,3,2025-12-13,37,quantile,0.35,0.0131235551534084
2025-11-22,wk inc flu prop ed visits,3,2025-12-13,37,quantile,0.4,0.013870067224478
2025-11-22,wk inc flu prop ed visits,3,2025-12-13,37,quantile,0.45,0.0147629002905318
2025-11-22,wk inc flu prop ed visits,3,2025-12-13,37,quantile,0.5,0.0154824228894465
2025-11-22,wk inc flu prop ed visits,3,2025-12-13,37,quantile,0.55,0.0163060510906347
2025-11-22,wk inc flu prop ed visits,3,2025-12-13,37,quantile,0.6,0.017232620533699
2025-11-22,wk inc flu prop ed visits,3,2025-12-13,37,quantile,0.65,0.0183853972221581
2025-11-22,wk inc flu prop ed visits,3,2025-12-13,37,quantile,0.7,0.0196713282695474
2025-11-22,wk inc flu prop ed visits,3,2025-12-13,37,quantile,0.75,0.0215194701443702
2025-11-22,wk inc flu prop ed visits,3,2025-12-13,37,quantile,0.8,0.0239347983310111
2025-11-22,wk inc flu prop ed visits,3,2025-12-13,37,quantile,0.85,0.0280005674594593
2025-11-22,wk inc flu prop ed visits,3,2025-12-13,37,quantile,0.9,0.0342506658161077
2025-11-22,wk inc flu prop ed visits,3,2025-12-13,37,quantile,0.95,0.0440648952198763
2025-11-22,wk inc flu prop ed visits,3,2025-12-13,37,quantile,0.975,0.0440648952198763
2025-11-22,wk inc flu prop ed visits,3,2025-12-13,37,quantile,0.99,0.0440648952198763
2025-11-22,wk inc flu prop ed visits,0,2025-11-22,38,quantile,0.01,2.8606665782063e-4
2025-11-22,wk inc flu prop ed visits,0,2025-11-22,38,quantile,0.025,2.9257933975698e-4
2025-11-22,wk inc flu prop ed visits,0,2025-11-22,38,quantile,0.05,3.6902048964719e-4
2025-11-22,wk inc flu prop ed visits,0,2025-11-22,38,quantile,0.1,4.1127277406923e-4
2025-11-22,wk inc flu prop ed visits,0,2025-11-22,38,quantile,0.15,5.5516242249677e-4
2025-11-22,wk inc flu prop ed visits,0,2025-11-22,38,quantile,0.2,6.2793799029691e-4
2025-11-22,wk inc flu prop ed visits,0,2025-11-22,38,quantile,0.25,6.2793812415307e-4
2025-11-22,wk inc flu prop ed visits,0,2025-11-22,38,quantile,0.3,7.3931519534519e-4
2025-11-22,wk inc flu prop ed visits,0,2025-11-22,38,quantile,0.35,8.0981055598974e-4
2025-11-22,wk inc flu prop ed visits,0,2025-11-22,38,quantile,0.4,9.0479470182283e-4
2025-11-22,wk inc flu prop ed visits,0,2025-11-22,38,quantile,0.45,9.5483371871395e-4
2025-11-22,wk inc flu prop ed visits,0,2025-11-22,38,quantile,0.5,0.00105303621997232
2025-11-22,wk inc flu prop ed visits,0,2025-11-22,38,quantile,0.55,0.00112282585976047
2025-11-22,wk inc flu prop ed visits,0,2025-11-22,38,quantile,0.6,0.00119018581797345
2025-11-22,wk inc flu prop ed visits,0,2025-11-22,38,quantile,0.65,0.00130093512249353
2025-11-22,wk inc flu prop ed visits,0,2025-11-22,38,quantile,0.7,0.00138809823797605
2025-11-22,wk inc flu prop ed visits,0,2025-11-22,38,quantile,0.75,0.00152985929992244
2025-11-22,wk inc flu prop ed visits,0,2025-11-22,38,quantile,0.8,0.00168882043117445
2025-11-22,wk inc flu prop ed visits,0,2025-11-22,38,quantile,0.85,0.00191791698955301
2025-11-22,wk inc flu prop ed visits,0,2025-11-22,38,quantile,0.9,0.00222852319561639
2025-11-22,wk inc flu prop ed visits,0,2025-11-22,38,quantile,0.95,0.00278977881684862
2025-11-22,wk inc flu prop ed visits,0,2025-11-22,38,quantile,0.975,0.00333229432654539
2025-11-22,wk inc flu prop ed visits,0,2025-11-22,38,quantile,0.99,0.0042064800345547396
2025-11-22,wk inc flu prop ed visits,1,2025-11-29,38,quantile,0.01,2.4045717923597e-4
2025-11-22,wk inc flu prop ed visits,1,2025-11-29,38,quantile,0.025,3.0798266971621e-4
2025-11-22,wk inc flu prop ed visits,1,2025-11-29,38,quantile,0.05,3.7063545197977e-4
2025-11-22,wk inc flu prop ed visits,1,2025-11-29,38,quantile,0.1,5.0124012944629e-4
2025-11-22,wk inc flu prop ed visits,1,2025-11-29,38,quantile,0.15,5.6793403643974e-4
2025-11-22,wk inc flu prop ed visits,1,2025-11-29,38,quantile,0.2,6.3669064237735e-4
2025-11-22,wk inc flu prop ed visits,1,2025-11-29,38,quantile,0.25,7.3492892004395e-4
2025-11-22,wk inc flu prop ed visits,1,2025-11-29,38,quantile,0.3,7.9112921267343e-4
2025-11-22,wk inc flu prop ed visits,1,2025-11-29,38,quantile,0.35,8.2378454453241e-4
2025-11-22,wk inc flu prop ed visits,1,2025-11-29,38,quantile,0.4,8.6149486826512e-4
2025-11-22,wk inc flu prop ed visits,1,2025-11-29,38,quantile,0.45,9.3627151312554e-4
2025-11-22,wk inc flu prop ed visits,1,2025-11-29,38,quantile,0.5,0.00102697964963142
2025-11-22,wk inc flu prop ed visits,1,2025-11-29,38,quantile,0.55,0.00111012797118236
2025-11-22,wk inc flu prop ed visits,1,2025-11-29,38,quantile,0.6,0.0012000456389501
2025-11-22,wk inc flu prop ed visits,1,2025-11-29,38,quantile,0.65,0.00131886040639368
2025-11-22,wk inc flu prop ed visits,1,2025-11-29,38,quantile,0.7,0.00147332600722577
2025-11-22,wk inc flu prop ed visits,1,2025-11-29,38,quantile,0.75,0.00163075492941666
2025-11-22,wk inc flu prop ed visits,1,2025-11-29,38,quantile,0.8,0.00186385513587259
2025-11-22,wk inc flu prop ed visits,1,2025-11-29,38,quantile,0.85,0.00219202938527234
2025-11-22,wk inc flu prop ed visits,1,2025-11-29,38,quantile,0.9,0.00280172045709642
2025-11-22,wk inc flu prop ed visits,1,2025-11-29,38,quantile,0.95,0.00378626109642096
2025-11-22,wk inc flu prop ed visits,1,2025-11-29,38,quantile,0.975,0.00465126155015893
2025-11-22,wk inc flu prop ed visits,1,2025-11-29,38,quantile,0.99,0.00469311994682822
2025-11-22,wk inc flu prop ed visits,2,2025-12-06,38,quantile,0.01,1.4177010637255e-4
2025-11-22,wk inc flu prop ed visits,2,2025-12-06,38,quantile,0.025,2.3910514915387e-4
2025-11-22,wk inc flu prop ed visits,2,2025-12-06,38,quantile,0.05,3.3018549602394e-4
2025-11-22,wk inc flu prop ed visits,2,2025-12-06,38,quantile,0.1,4.4538602893422e-4
2025-11-22,wk inc flu prop ed visits,2,2025-12-06,38,quantile,0.15,5.3559376186514e-4
2025-11-22,wk inc flu prop ed visits,2,2025-12-06,38,quantile,0.2,6.5210841509711e-4
2025-11-22,wk inc flu prop ed visits,2,2025-12-06,38,quantile,0.25,7.2379018655448e-4
2025-11-22,wk inc flu prop ed visits,2,2025-12-06,38,quantile,0.3,7.460763900698e-4
2025-11-22,wk inc flu prop ed visits,2,2025-12-06,38,quantile,0.35,8.3776988081404e-4
2025-11-22,wk inc flu prop ed visits,2,2025-12-06,38,quantile,0.4,9.0584256048016e-4
2025-11-22,wk inc flu prop ed visits,2,2025-12-06,38,quantile,0.45,0.00101967352991746
2025-11-22,wk inc flu prop ed visits,2,2025-12-06,38,quantile,0.5,0.00110674287767925
2025-11-22,wk inc flu prop ed visits,2,2025-12-06,38,quantile,0.55,0.0012327067826625
2025-11-22,wk inc flu prop ed visits,2,2025-12-06,38,quantile,0.6,0.00133972336838768
2025-11-22,wk inc flu prop ed visits,2,2025-12-06,38,quantile,0.65,0.00148379810063419
2025-11-22,wk inc flu prop ed visits,2,2025-12-06,38,quantile,0.7,0.00168641421101294
2025-11-22,wk inc flu prop ed visits,2,2025-12-06,38,quantile,0.75,0.00193045799301548
2025-11-22,wk inc flu prop ed visits,2,2025-12-06,38,quantile,0.8,0.00226358687094739
2025-11-22,wk inc flu prop ed visits,2,2025-12-06,38,quantile,0.85,0.00275417070627162
2025-11-22,wk inc flu prop ed visits,2,2025-12-06,38,quantile,0.9,0.00357069122634717
2025-11-22,wk inc flu prop ed visits,2,2025-12-06,38,quantile,0.95,0.00531299054890148
2025-11-22,wk inc flu prop ed visits,2,2025-12-06,38,quantile,0.975,0.00558053477142372
2025-11-22,wk inc flu prop ed visits,2,2025-12-06,38,quantile,0.99,0.00558053477142372
2025-11-22,wk inc flu prop ed visits,3,2025-12-13,38,quantile,0.01,1.6941123212916e-4
2025-11-22,wk inc flu prop ed visits,3,2025-12-13,38,quantile,0.025,2.4494305366849e-4
2025-11-22,wk inc flu prop ed visits,3,2025-12-13,38,quantile,0.05,3.2315781260909e-4
2025-11-22,wk inc flu prop ed visits,3,2025-12-13,38,quantile,0.1,4.7983048920604e-4
2025-11-22,wk inc flu prop ed visits,3,2025-12-13,38,quantile,0.15,5.8871143749534e-4
2025-11-22,wk inc flu prop ed visits,3,2025-12-13,38,quantile,0.2,6.3976882523513e-4
2025-11-22,wk inc flu prop ed visits,3,2025-12-13,38,quantile,0.25,6.7444348589955e-4
2025-11-22,wk inc flu prop ed visits,3,2025-12-13,38,quantile,0.3,8.1575006766937e-4
2025-11-22,wk inc flu prop ed visits,3,2025-12-13,38,quantile,0.35,9.3234041537322e-4
2025-11-22,wk inc flu prop ed visits,3,2025-12-13,38,quantile,0.4,0.00103835479976181
2025-11-22,wk inc flu prop ed visits,3,2025-12-13,38,quantile,0.45,0.00119091746041075
2025-11-22,wk inc flu prop ed visits,3,2025-12-13,38,quantile,0.5,0.00130369314834308
2025-11-22,wk inc flu prop ed visits,3,2025-12-13,38,quantile,0.55,0.00146837855631574
2025-11-22,wk inc flu prop ed visits,3,2025-12-13,38,quantile,0.6,0.00161095500081658
2025-11-22,wk inc flu prop ed visits,3,2025-12-13,38,quantile,0.65,0.00181952099796969
2025-11-22,wk inc flu prop ed visits,3,2025-12-13,38,quantile,0.7,0.00207017647852832
2025-11-22,wk inc flu prop ed visits,3,2025-12-13,38,quantile,0.75,0.00240139690976727
2025-11-22,wk inc flu prop ed visits,3,2025-12-13,38,quantile,0.8,0.00293722530548229
2025-11-22,wk inc flu prop ed visits,3,2025-12-13,38,quantile,0.85,0.00380926476628777
2025-11-22,wk inc flu prop ed visits,3,2025-12-13,38,quantile,0.9,0.00513583766992504
2025-11-22,wk inc flu prop ed visits,3,2025-12-13,38,quantile,0.95,0.00728690160480984
2025-11-22,wk inc flu prop ed visits,3,2025-12-13,38,quantile,0.975,0.00728690160480984
2025-11-22,wk inc flu prop ed visits,3,2025-12-13,38,quantile,0.99,0.00728690160480984
2025-11-22,wk inc flu prop ed visits,0,2025-11-22,39,quantile,0.01,0.00104651223069404
2025-11-22,wk inc flu prop ed visits,0,2025-11-22,39,quantile,0.025,0.00105970481913797
2025-11-22,wk inc flu prop ed visits,0,2025-11-22,39,quantile,0.05,0.0012148704109333
2025-11-22,wk inc flu prop ed visits,0,2025-11-22,39,quantile,0.1,0.0013039549254149
2025-11-22,wk inc flu prop ed visits,0,2025-11-22,39,quantile,0.15,0.00149617830479172
2025-11-22,wk inc flu prop ed visits,0,2025-11-22,39,quantile,0.2,0.0015698196942563801
2025-11-22,wk inc flu prop ed visits,0,2025-11-22,39,quantile,0.25,0.00156982007919248
2025-11-22,wk inc flu prop ed visits,0,2025-11-22,39,quantile,0.3,0.00169418278035107
2025-11-22,wk inc flu prop ed visits,0,2025-11-22,39,quantile,0.35,0.00177113400807599
2025-11-22,wk inc flu prop ed visits,0,2025-11-22,39,quantile,0.4,0.00185056499240164
2025-11-22,wk inc flu prop ed visits,0,2025-11-22,39,quantile,0.45,0.00190848959686912
2025-11-22,wk inc flu prop ed visits,0,2025-11-22,39,quantile,0.5,0.00198844842128206
2025-11-22,wk inc flu prop ed visits,0,2025-11-22,39,quantile,0.55,0.00204319232731659
2025-11-22,wk inc flu prop ed visits,0,2025-11-22,39,quantile,0.6,0.00210576250534386
2025-11-22,wk inc flu prop ed visits,0,2025-11-22,39,quantile,0.65,0.00220058899789817
2025-11-22,wk inc flu prop ed visits,0,2025-11-22,39,quantile,0.7,0.00226925933319111
2025-11-22,wk inc flu prop ed visits,0,2025-11-22,39,quantile,0.75,0.00236730447423459
2025-11-22,wk inc flu prop ed visits,0,2025-11-22,39,quantile,0.8,0.00249199226925734
2025-11-22,wk inc flu prop ed visits,0,2025-11-22,39,quantile,0.85,0.00266012637353762
2025-11-22,wk inc flu prop ed visits,0,2025-11-22,39,quantile,0.9,0.00288320283916738
2025-11-22,wk inc flu prop ed visits,0,2025-11-22,39,quantile,0.95,0.00326985231670558
2025-11-22,wk inc flu prop ed visits,0,2025-11-22,39,quantile,0.975,0.00363873538041521
2025-11-22,wk inc flu prop ed visits,0,2025-11-22,39,quantile,0.99,0.00414081387338539
2025-11-22,wk inc flu prop ed visits,1,2025-11-29,39,quantile,0.01,8.4199245085833e-4
2025-11-22,wk inc flu prop ed visits,1,2025-11-29,39,quantile,0.025,9.6669722851029e-4
2025-11-22,wk inc flu prop ed visits,1,2025-11-29,39,quantile,0.05,0.00108139099867134
2025-11-22,wk inc flu prop ed visits,1,2025-11-29,39,quantile,0.1,0.00126609749322458
2025-11-22,wk inc flu prop ed visits,1,2025-11-29,39,quantile,0.15,0.00134466242338718
2025-11-22,wk inc flu prop ed visits,1,2025-11-29,39,quantile,0.2,0.00143564394561663
2025-11-22,wk inc flu prop ed visits,1,2025-11-29,39,quantile,0.25,0.00155289354577024
2025-11-22,wk inc flu prop ed visits,1,2025-11-29,39,quantile,0.3,0.00161898915032449
2025-11-22,wk inc flu prop ed visits,1,2025-11-29,39,quantile,0.35,0.0016517702357924
2025-11-22,wk inc flu prop ed visits,1,2025-11-29,39,quantile,0.4,0.00169984629701993
2025-11-22,wk inc flu prop ed visits,1,2025-11-29,39,quantile,0.45,0.00177998244184384
2025-11-22,wk inc flu prop ed visits,1,2025-11-29,39,quantile,0.5,0.00186892239797065
2025-11-22,wk inc flu prop ed visits,1,2025-11-29,39,quantile,0.55,0.00195598448987258
2025-11-22,wk inc flu prop ed visits,1,2025-11-29,39,quantile,0.6,0.00204876820082781
2025-11-22,wk inc flu prop ed visits,1,2025-11-29,39,quantile,0.65,0.00216095284885662
2025-11-22,wk inc flu prop ed visits,1,2025-11-29,39,quantile,0.7,0.00230178393577744
2025-11-22,wk inc flu prop ed visits,1,2025-11-29,39,quantile,0.75,0.00244472959725251
2025-11-22,wk inc flu prop ed visits,1,2025-11-29,39,quantile,0.8,0.00265040791282233
2025-11-22,wk inc flu prop ed visits,1,2025-11-29,39,quantile,0.85,0.00292564114357576
2025-11-22,wk inc flu prop ed visits,1,2025-11-29,39,quantile,0.9,0.00344908446254759
2025-11-22,wk inc flu prop ed visits,1,2025-11-29,39,quantile,0.95,0.00421510593945082
2025-11-22,wk inc flu prop ed visits,1,2025-11-29,39,quantile,0.975,0.00501443739867159
2025-11-22,wk inc flu prop ed visits,1,2025-11-29,39,quantile,0.99,0.00505591637565421
2025-11-22,wk inc flu prop ed visits,2,2025-12-06,39,quantile,0.01,5.9687860567965e-4
2025-11-22,wk inc flu prop ed visits,2,2025-12-06,39,quantile,0.025,8.0100163801033e-4
2025-11-22,wk inc flu prop ed visits,2,2025-12-06,39,quantile,0.05,9.6361836699842e-4
2025-11-22,wk inc flu prop ed visits,2,2025-12-06,39,quantile,0.1,0.00112926591872751
2025-11-22,wk inc flu prop ed visits,2,2025-12-06,39,quantile,0.15,0.00124729956060347
2025-11-22,wk inc flu prop ed visits,2,2025-12-06,39,quantile,0.2,0.0013874061443431
2025-11-22,wk inc flu prop ed visits,2,2025-12-06,39,quantile,0.25,0.00148044721032724
2025-11-22,wk inc flu prop ed visits,2,2025-12-06,39,quantile,0.3,0.00150331882840351
2025-11-22,wk inc flu prop ed visits,2,2025-12-06,39,quantile,0.35,0.00161225130382559
2025-11-22,wk inc flu prop ed visits,2,2025-12-06,39,quantile,0.4,0.00169811441723373
2025-11-22,wk inc flu prop ed visits,2,2025-12-06,39,quantile,0.45,0.00181576324286141
2025-11-22,wk inc flu prop ed visits,2,2025-12-06,39,quantile,0.5,0.00191021429999565
2025-11-22,wk inc flu prop ed visits,2,2025-12-06,39,quantile,0.55,0.00203465354304935
2025-11-22,wk inc flu prop ed visits,2,2025-12-06,39,quantile,0.6,0.00215681704842494
2025-11-22,wk inc flu prop ed visits,2,2025-12-06,39,quantile,0.65,0.00230359912252114
2025-11-22,wk inc flu prop ed visits,2,2025-12-06,39,quantile,0.7,0.00250299048434818
2025-11-22,wk inc flu prop ed visits,2,2025-12-06,39,quantile,0.75,0.00273256313698869
2025-11-22,wk inc flu prop ed visits,2,2025-12-06,39,quantile,0.8,0.00303667831352719
2025-11-22,wk inc flu prop ed visits,2,2025-12-06,39,quantile,0.85,0.0034993065238737
2025-11-22,wk inc flu prop ed visits,2,2025-12-06,39,quantile,0.9,0.00430728335141516
2025-11-22,wk inc flu prop ed visits,2,2025-12-06,39,quantile,0.95,0.00583874696880151
2025-11-22,wk inc flu prop ed visits,2,2025-12-06,39,quantile,0.975,0.00610819608367175
2025-11-22,wk inc flu prop ed visits,2,2025-12-06,39,quantile,0.99,0.00610819608367175
2025-11-22,wk inc flu prop ed visits,3,2025-12-13,39,quantile,0.01,5.8197485991384e-4
2025-11-22,wk inc flu prop ed visits,3,2025-12-13,39,quantile,0.025,7.6854611011504e-4
2025-11-22,wk inc flu prop ed visits,3,2025-12-13,39,quantile,0.05,9.3602957399374e-4
2025-11-22,wk inc flu prop ed visits,3,2025-12-13,39,quantile,0.1,0.00117130943817322
2025-11-22,wk inc flu prop ed visits,3,2025-12-13,39,quantile,0.15,0.00132060614135606
2025-11-22,wk inc flu prop ed visits,3,2025-12-13,39,quantile,0.2,0.00139553366892039
2025-11-22,wk inc flu prop ed visits,3,2025-12-13,39,quantile,0.25,0.00143448926735095
2025-11-22,wk inc flu prop ed visits,3,2025-12-13,39,quantile,0.3,0.00160452612180443
2025-11-22,wk inc flu prop ed visits,3,2025-12-13,39,quantile,0.35,0.00174270538483533
2025-11-22,wk inc flu prop ed visits,3,2025-12-13,39,quantile,0.4,0.0018744687499129501
2025-11-22,wk inc flu prop ed visits,3,2025-12-13,39,quantile,0.45,0.00203466904483762
2025-11-22,wk inc flu prop ed visits,3,2025-12-13,39,quantile,0.5,0.00216243995101622
2025-11-22,wk inc flu prop ed visits,3,2025-12-13,39,quantile,0.55,0.00231649871927928
2025-11-22,wk inc flu prop ed visits,3,2025-12-13,39,quantile,0.6,0.00248617445562203
2025-11-22,wk inc flu prop ed visits,3,2025-12-13,39,quantile,0.65,0.00270741236206774
2025-11-22,wk inc flu prop ed visits,3,2025-12-13,39,quantile,0.7,0.00296666251453472
2025-11-22,wk inc flu prop ed visits,3,2025-12-13,39,quantile,0.75,0.00331037301416777
2025-11-22,wk inc flu prop ed visits,3,2025-12-13,39,quantile,0.8,0.00382152029361513
2025-11-22,wk inc flu prop ed visits,3,2025-12-13,39,quantile,0.85,0.00468643957162306
2025-11-22,wk inc flu prop ed visits,3,2025-12-13,39,quantile,0.9,0.00601283311868242
2025-11-22,wk inc flu prop ed visits,3,2025-12-13,39,quantile,0.95,0.00801949047759264
2025-11-22,wk inc flu prop ed visits,3,2025-12-13,39,quantile,0.975,0.00801949047759264
2025-11-22,wk inc flu prop ed visits,3,2025-12-13,39,quantile,0.99,0.00801949047759264
2025-11-22,wk inc flu prop ed visits,0,2025-11-22,40,quantile,0.01,6.6076835496408e-4
2025-11-22,wk inc flu prop ed visits,0,2025-11-22,40,quantile,0.025,6.7247196091893e-4
2025-11-22,wk inc flu prop ed visits,0,2025-11-22,40,quantile,0.05,8.0957962582084e-4
2025-11-22,wk inc flu prop ed visits,0,2025-11-22,40,quantile,0.1,8.8699145861883e-4
2025-11-22,wk inc flu prop ed visits,0,2025-11-22,40,quantile,0.15,0.00108513807860292
2025-11-22,wk inc flu prop ed visits,0,2025-11-22,40,quantile,0.2,0.00116056424315479
2025-11-22,wk inc flu prop ed visits,0,2025-11-22,40,quantile,0.25,0.00116056640251069
2025-11-22,wk inc flu prop ed visits,0,2025-11-22,40,quantile,0.3,0.00128198731275664
2025-11-22,wk inc flu prop ed visits,0,2025-11-22,40,quantile,0.35,0.001364903833694
2025-11-22,wk inc flu prop ed visits,0,2025-11-22,40,quantile,0.4,0.00146125059716683
2025-11-22,wk inc flu prop ed visits,0,2025-11-22,40,quantile,0.45,0.00151829406150153
2025-11-22,wk inc flu prop ed visits,0,2025-11-22,40,quantile,0.5,0.00161241913731859
2025-11-22,wk inc flu prop ed visits,0,2025-11-22,40,quantile,0.55,0.00167642756904085
2025-11-22,wk inc flu prop ed visits,0,2025-11-22,40,quantile,0.6,0.00174464676652263
2025-11-22,wk inc flu prop ed visits,0,2025-11-22,40,quantile,0.65,0.00185225643074287
2025-11-22,wk inc flu prop ed visits,0,2025-11-22,40,quantile,0.7,0.00193301426707767
2025-11-22,wk inc flu prop ed visits,0,2025-11-22,40,quantile,0.75,0.00206063762934477
2025-11-22,wk inc flu prop ed visits,0,2025-11-22,40,quantile,0.8,0.00220786851557822
2025-11-22,wk inc flu prop ed visits,0,2025-11-22,40,quantile,0.85,0.00240820741820868
2025-11-22,wk inc flu prop ed visits,0,2025-11-22,40,quantile,0.9,0.00268123765406624
2025-11-22,wk inc flu prop ed visits,0,2025-11-22,40,quantile,0.95,0.00316006832839516
2025-11-22,wk inc flu prop ed visits,0,2025-11-22,40,quantile,0.975,0.00365718056419144
2025-11-22,wk inc flu prop ed visits,0,2025-11-22,40,quantile,0.99,0.00439057802573086
2025-11-22,wk inc flu prop ed visits,1,2025-11-29,40,quantile,0.01,5.9595649192469e-4
2025-11-22,wk inc flu prop ed visits,1,2025-11-29,40,quantile,0.025,7.1394814975452e-4
2025-11-22,wk inc flu prop ed visits,1,2025-11-29,40,quantile,0.05,8.2299128472119e-4
2025-11-22,wk inc flu prop ed visits,1,2025-11-29,40,quantile,0.1,0.00101320063306389
2025-11-22,wk inc flu prop ed visits,1,2025-11-29,40,quantile,0.15,0.00109329191378889
2025-11-22,wk inc flu prop ed visits,1,2025-11-29,40,quantile,0.2,0.00117985039469225
2025-11-22,wk inc flu prop ed visits,1,2025-11-29,40,quantile,0.25,0.00129808585452941
2025-11-22,wk inc flu prop ed visits,1,2025-11-29,40,quantile,0.3,0.00136567906761315
2025-11-22,wk inc flu prop ed visits,1,2025-11-29,40,quantile,0.35,0.00140267739321155
2025-11-22,wk inc flu prop ed visits,1,2025-11-29,40,quantile,0.4,0.00145132756475293
2025-11-22,wk inc flu prop ed visits,1,2025-11-29,40,quantile,0.45,0.0015366618477785
2025-11-22,wk inc flu prop ed visits,1,2025-11-29,40,quantile,0.5,0.0016320134085634
2025-11-22,wk inc flu prop ed visits,1,2025-11-29,40,quantile,0.55,0.00172841915393351
2025-11-22,wk inc flu prop ed visits,1,2025-11-29,40,quantile,0.6,0.00182819924076151
2025-11-22,wk inc flu prop ed visits,1,2025-11-29,40,quantile,0.65,0.00195628947851615
2025-11-22,wk inc flu prop ed visits,1,2025-11-29,40,quantile,0.7,0.00211325109512288
2025-11-22,wk inc flu prop ed visits,1,2025-11-29,40,quantile,0.75,0.00227555022692643
2025-11-22,wk inc flu prop ed visits,1,2025-11-29,40,quantile,0.8,0.00251610303557981
2025-11-22,wk inc flu prop ed visits,1,2025-11-29,40,quantile,0.85,0.00284942637747699
2025-11-22,wk inc flu prop ed visits,1,2025-11-29,40,quantile,0.9,0.00349824667507334
2025-11-22,wk inc flu prop ed visits,1,2025-11-29,40,quantile,0.95,0.00450480388130042
2025-11-22,wk inc flu prop ed visits,1,2025-11-29,40,quantile,0.975,0.00546422392634859
2025-11-22,wk inc flu prop ed visits,1,2025-11-29,40,quantile,0.99,0.00551247001657041
2025-11-22,wk inc flu prop ed visits,2,2025-12-06,40,quantile,0.01,4.4822109138118e-4
2025-11-22,wk inc flu prop ed visits,2,2025-12-06,40,quantile,0.025,6.3830870940074e-4
2025-11-22,wk inc flu prop ed visits,2,2025-12-06,40,quantile,0.05,7.9451056665518e-4
2025-11-22,wk inc flu prop ed visits,2,2025-12-06,40,quantile,0.1,9.6137419152698e-4
2025-11-22,wk inc flu prop ed visits,2,2025-12-06,40,quantile,0.15,0.00107724931992681
2025-11-22,wk inc flu prop ed visits,2,2025-12-06,40,quantile,0.2,0.00121190884029992
2025-11-22,wk inc flu prop ed visits,2,2025-12-06,40,quantile,0.25,0.00130407305598575
2025-11-22,wk inc flu prop ed visits,2,2025-12-06,40,quantile,0.3,0.00132867986487087
2025-11-22,wk inc flu prop ed visits,2,2025-12-06,40,quantile,0.35,0.00143945995938334
2025-11-22,wk inc flu prop ed visits,2,2025-12-06,40,quantile,0.4,0.00152373406924864
2025-11-22,wk inc flu prop ed visits,2,2025-12-06,40,quantile,0.45,0.0016483227348524
2025-11-22,wk inc flu prop ed visits,2,2025-12-06,40,quantile,0.5,0.00175207050268128
2025-11-22,wk inc flu prop ed visits,2,2025-12-06,40,quantile,0.55,0.0018846923063157
2025-11-22,wk inc flu prop ed visits,2,2025-12-06,40,quantile,0.6,0.00201452148995491
2025-11-22,wk inc flu prop ed visits,2,2025-12-06,40,quantile,0.65,0.00217628185932086
2025-11-22,wk inc flu prop ed visits,2,2025-12-06,40,quantile,0.7,0.0023908532710809
2025-11-22,wk inc flu prop ed visits,2,2025-12-06,40,quantile,0.75,0.00264459882702555
2025-11-22,wk inc flu prop ed visits,2,2025-12-06,40,quantile,0.8,0.00299248168542435
2025-11-22,wk inc flu prop ed visits,2,2025-12-06,40,quantile,0.85,0.0035228740525417
2025-11-22,wk inc flu prop ed visits,2,2025-12-06,40,quantile,0.9,0.00445090981077895
2025-11-22,wk inc flu prop ed visits,2,2025-12-06,40,quantile,0.95,0.00629581865861492
2025-11-22,wk inc flu prop ed visits,2,2025-12-06,40,quantile,0.975,0.00659919568272989
2025-11-22,wk inc flu prop ed visits,2,2025-12-06,40,quantile,0.99,0.00659919568272989
2025-11-22,wk inc flu prop ed visits,3,2025-12-13,40,quantile,0.01,4.5512658474325e-4
2025-11-22,wk inc flu prop ed visits,3,2025-12-13,40,quantile,0.025,6.3359970273195e-4
2025-11-22,wk inc flu prop ed visits,3,2025-12-13,40,quantile,0.05,7.9584441963268e-4
2025-11-22,wk inc flu prop ed visits,3,2025-12-13,40,quantile,0.1,0.00104720840780083
2025-11-22,wk inc flu prop ed visits,3,2025-12-13,40,quantile,0.15,0.00119053395040885
2025-11-22,wk inc flu prop ed visits,3,2025-12-13,40,quantile,0.2,0.00126225809940834
2025-11-22,wk inc flu prop ed visits,3,2025-12-13,40,quantile,0.25,0.00130017788136507
2025-11-22,wk inc flu prop ed visits,3,2025-12-13,40,quantile,0.3,0.00147780226088396
2025-11-22,wk inc flu prop ed visits,3,2025-12-13,40,quantile,0.35,0.00161832602644522
2025-11-22,wk inc flu prop ed visits,3,2025-12-13,40,quantile,0.4,0.00175347207384693
2025-11-22,wk inc flu prop ed visits,3,2025-12-13,40,quantile,0.45,0.00192663897824805
2025-11-22,wk inc flu prop ed visits,3,2025-12-13,40,quantile,0.5,0.00206299719214344
2025-11-22,wk inc flu prop ed visits,3,2025-12-13,40,quantile,0.55,0.00223234648972295
2025-11-22,wk inc flu prop ed visits,3,2025-12-13,40,quantile,0.6,0.00241195914535076
2025-11-22,wk inc flu prop ed visits,3,2025-12-13,40,quantile,0.65,0.00265906665837972
2025-11-22,wk inc flu prop ed visits,3,2025-12-13,40,quantile,0.7,0.00293090580662914
2025-11-22,wk inc flu prop ed visits,3,2025-12-13,40,quantile,0.75,0.00330816457489334
2025-11-22,wk inc flu prop ed visits,3,2025-12-13,40,quantile,0.8,0.00388591148012985
2025-11-22,wk inc flu prop ed visits,3,2025-12-13,40,quantile,0.85,0.00485866293626762
2025-11-22,wk inc flu prop ed visits,3,2025-12-13,40,quantile,0.9,0.00639090956288967
2025-11-22,wk inc flu prop ed visits,3,2025-12-13,40,quantile,0.95,0.00874884693114415
2025-11-22,wk inc flu prop ed visits,3,2025-12-13,40,quantile,0.975,0.00874884693114415
2025-11-22,wk inc flu prop ed visits,3,2025-12-13,40,quantile,0.99,0.00874884693114415
2025-11-22,wk inc flu prop ed visits,0,2025-11-22,41,quantile,0.01,0.00117119778804527
2025-11-22,wk inc flu prop ed visits,0,2025-11-22,41,quantile,0.025,0.00118875793757582
2025-11-22,wk inc flu prop ed visits,0,2025-11-22,41,quantile,0.05,0.00139472837083824
2025-11-22,wk inc flu prop ed visits,0,2025-11-22,41,quantile,0.1,0.00150804811472177
2025-11-22,wk inc flu prop ed visits,0,2025-11-22,41,quantile,0.15,0.00177114756947985
2025-11-22,wk inc flu prop ed visits,0,2025-11-22,41,quantile,0.2,0.00186938872818702
2025-11-22,wk inc flu prop ed visits,0,2025-11-22,41,quantile,0.25,0.00186938949963734
2025-11-22,wk inc flu prop ed visits,0,2025-11-22,41,quantile,0.3,0.00203453332568111
2025-11-22,wk inc flu prop ed visits,0,2025-11-22,41,quantile,0.35,0.00214001451743735
2025-11-22,wk inc flu prop ed visits,0,2025-11-22,41,quantile,0.4,0.00225450475302136
2025-11-22,wk inc flu prop ed visits,0,2025-11-22,41,quantile,0.45,0.00232840355479788
2025-11-22,wk inc flu prop ed visits,0,2025-11-22,41,quantile,0.5,0.00243950408740105
2025-11-22,wk inc flu prop ed visits,0,2025-11-22,41,quantile,0.55,0.00251606248251474
2025-11-22,wk inc flu prop ed visits,0,2025-11-22,41,quantile,0.6,0.002601776074248
2025-11-22,wk inc flu prop ed visits,0,2025-11-22,41,quantile,0.65,0.00273301303986793
2025-11-22,wk inc flu prop ed visits,0,2025-11-22,41,quantile,0.7,0.0028266331656143
2025-11-22,wk inc flu prop ed visits,0,2025-11-22,41,quantile,0.75,0.00296978553826333
2025-11-22,wk inc flu prop ed visits,0,2025-11-22,41,quantile,0.8,0.00314320150073491
2025-11-22,wk inc flu prop ed visits,0,2025-11-22,41,quantile,0.85,0.00337805208604252
2025-11-22,wk inc flu prop ed visits,0,2025-11-22,41,quantile,0.9,0.00368335851212147
2025-11-22,wk inc flu prop ed visits,0,2025-11-22,41,quantile,0.95,0.00419924727451378
2025-11-22,wk inc flu prop ed visits,0,2025-11-22,41,quantile,0.975,0.00473332430276343
2025-11-22,wk inc flu prop ed visits,0,2025-11-22,41,quantile,0.99,0.00545841467080042
2025-11-22,wk inc flu prop ed visits,1,2025-11-29,41,quantile,0.01,9.8734833891571e-4
2025-11-22,wk inc flu prop ed visits,1,2025-11-29,41,quantile,0.025,0.00114457391429947
2025-11-22,wk inc flu prop ed visits,1,2025-11-29,41,quantile,0.05,0.00129002898234778
2025-11-22,wk inc flu prop ed visits,1,2025-11-29,41,quantile,0.1,0.00153315843481908
2025-11-22,wk inc flu prop ed visits,1,2025-11-29,41,quantile,0.15,0.0016363537524456
2025-11-22,wk inc flu prop ed visits,1,2025-11-29,41,quantile,0.2,0.00175242791983575
2025-11-22,wk inc flu prop ed visits,1,2025-11-29,41,quantile,0.25,0.00190504546024672
2025-11-22,wk inc flu prop ed visits,1,2025-11-29,41,quantile,0.3,0.00199162713038894
2025-11-22,wk inc flu prop ed visits,1,2025-11-29,41,quantile,0.35,0.00203646942382515
2025-11-22,wk inc flu prop ed visits,1,2025-11-29,41,quantile,0.4,0.00209702948504446
2025-11-22,wk inc flu prop ed visits,1,2025-11-29,41,quantile,0.45,0.00220299439420362
2025-11-22,wk inc flu prop ed visits,1,2025-11-29,41,quantile,0.5,0.00232219467300026
2025-11-22,wk inc flu prop ed visits,1,2025-11-29,41,quantile,0.55,0.00243694372574995
2025-11-22,wk inc flu prop ed visits,1,2025-11-29,41,quantile,0.6,0.00255925665675565
2025-11-22,wk inc flu prop ed visits,1,2025-11-29,41,quantile,0.65,0.00270996266108472
2025-11-22,wk inc flu prop ed visits,1,2025-11-29,41,quantile,0.7,0.00289910023197233
2025-11-22,wk inc flu prop ed visits,1,2025-11-29,41,quantile,0.75,0.00309271032625182
2025-11-22,wk inc flu prop ed visits,1,2025-11-29,41,quantile,0.8,0.00337103750667317
2025-11-22,wk inc flu prop ed visits,1,2025-11-29,41,quantile,0.85,0.00374765872422998
2025-11-22,wk inc flu prop ed visits,1,2025-11-29,41,quantile,0.9,0.00447108767458726
2025-11-22,wk inc flu prop ed visits,1,2025-11-29,41,quantile,0.95,0.00554834541981523
2025-11-22,wk inc flu prop ed visits,1,2025-11-29,41,quantile,0.975,0.0066504334230187
2025-11-22,wk inc flu prop ed visits,1,2025-11-29,41,quantile,0.99,0.00670697862348263
2025-11-22,wk inc flu prop ed visits,2,2025-12-06,41,quantile,0.01,6.7469820255913e-4
2025-11-22,wk inc flu prop ed visits,2,2025-12-06,41,quantile,0.025,9.3115644656999e-4
2025-11-22,wk inc flu prop ed visits,2,2025-12-06,41,quantile,0.05,0.00113925517781067
2025-11-22,wk inc flu prop ed visits,2,2025-12-06,41,quantile,0.1,0.00135835030890704
2025-11-22,wk inc flu prop ed visits,2,2025-12-06,41,quantile,0.15,0.00151140922971832
2025-11-22,wk inc flu prop ed visits,2,2025-12-06,41,quantile,0.2,0.00169362463302322
2025-11-22,wk inc flu prop ed visits,2,2025-12-06,41,quantile,0.25,0.00181245108256855
2025-11-22,wk inc flu prop ed visits,2,2025-12-06,41,quantile,0.3,0.00184346899891951
2025-11-22,wk inc flu prop ed visits,2,2025-12-06,41,quantile,0.35,0.00198697882644888
2025-11-22,wk inc flu prop ed visits,2,2025-12-06,41,quantile,0.4,0.00209575068056559
2025-11-22,wk inc flu prop ed visits,2,2025-12-06,41,quantile,0.45,0.00225085701894725
2025-11-22,wk inc flu prop ed visits,2,2025-12-06,41,quantile,0.5,0.00237837107425812
2025-11-22,wk inc flu prop ed visits,2,2025-12-06,41,quantile,0.55,0.00254298645656128
2025-11-22,wk inc flu prop ed visits,2,2025-12-06,41,quantile,0.6,0.00270427242672548
2025-11-22,wk inc flu prop ed visits,2,2025-12-06,41,quantile,0.65,0.00289693368244971
2025-11-22,wk inc flu prop ed visits,2,2025-12-06,41,quantile,0.7,0.00316444281079333
2025-11-22,wk inc flu prop ed visits,2,2025-12-06,41,quantile,0.75,0.0034726667064609
2025-11-22,wk inc flu prop ed visits,2,2025-12-06,41,quantile,0.8,0.00388245943421114
2025-11-22,wk inc flu prop ed visits,2,2025-12-06,41,quantile,0.85,0.0045086817622984
2025-11-22,wk inc flu prop ed visits,2,2025-12-06,41,quantile,0.9,0.0056037496143109
2025-11-22,wk inc flu prop ed visits,2,2025-12-06,41,quantile,0.95,0.00772527331181061
2025-11-22,wk inc flu prop ed visits,2,2025-12-06,41,quantile,0.975,0.00809185753852542
2025-11-22,wk inc flu prop ed visits,2,2025-12-06,41,quantile,0.99,0.00809185753852542
2025-11-22,wk inc flu prop ed visits,3,2025-12-13,41,quantile,0.01,6.8350503833065e-4
2025-11-22,wk inc flu prop ed visits,3,2025-12-13,41,quantile,0.025,9.0148230572371e-4
2025-11-22,wk inc flu prop ed visits,3,2025-12-13,41,quantile,0.05,0.0011054910089
2025-11-22,wk inc flu prop ed visits,3,2025-12-13,41,quantile,0.1,0.00140436030716915
2025-11-22,wk inc flu prop ed visits,3,2025-12-13,41,quantile,0.15,0.00159260425412414
2025-11-22,wk inc flu prop ed visits,3,2025-12-13,41,quantile,0.2,0.00168799907033548
2025-11-22,wk inc flu prop ed visits,3,2025-12-13,41,quantile,0.25,0.00173963356550263
2025-11-22,wk inc flu prop ed visits,3,2025-12-13,41,quantile,0.3,0.0019622067490408
2025-11-22,wk inc flu prop ed visits,3,2025-12-13,41,quantile,0.35,0.00214425504089784
2025-11-22,wk inc flu prop ed visits,3,2025-12-13,41,quantile,0.4,0.00231583028460247
2025-11-22,wk inc flu prop ed visits,3,2025-12-13,41,quantile,0.45,0.00253085030840868
2025-11-22,wk inc flu prop ed visits,3,2025-12-13,41,quantile,0.5,0.00269462385953852
2025-11-22,wk inc flu prop ed visits,3,2025-12-13,41,quantile,0.55,0.00290733020443766
2025-11-22,wk inc flu prop ed visits,3,2025-12-13,41,quantile,0.6,0.00312831745802878
2025-11-22,wk inc flu prop ed visits,3,2025-12-13,41,quantile,0.65,0.00341771923142385
2025-11-22,wk inc flu prop ed visits,3,2025-12-13,41,quantile,0.7,0.0037633443943985
2025-11-22,wk inc flu prop ed visits,3,2025-12-13,41,quantile,0.75,0.0042165867234031
2025-11-22,wk inc flu prop ed visits,3,2025-12-13,41,quantile,0.8,0.00490269684510563
2025-11-22,wk inc flu prop ed visits,3,2025-12-13,41,quantile,0.85,0.00606264789249391
2025-11-22,wk inc flu prop ed visits,3,2025-12-13,41,quantile,0.9,0.00784813084694263
2025-11-22,wk inc flu prop ed visits,3,2025-12-13,41,quantile,0.95,0.0106042695086234
2025-11-22,wk inc flu prop ed visits,3,2025-12-13,41,quantile,0.975,0.0106042695086234
2025-11-22,wk inc flu prop ed visits,3,2025-12-13,41,quantile,0.99,0.0106042695086234
2025-11-22,wk inc flu prop ed visits,0,2025-11-22,42,quantile,0.01,0.00149081037640905
2025-11-22,wk inc flu prop ed visits,0,2025-11-22,42,quantile,0.025,0.00150868267890968
2025-11-22,wk inc flu prop ed visits,0,2025-11-22,42,quantile,0.05,0.00171926316002153
2025-11-22,wk inc flu prop ed visits,0,2025-11-22,42,quantile,0.1,0.00184374746068524
2025-11-22,wk inc flu prop ed visits,0,2025-11-22,42,quantile,0.15,0.00211627941159076
2025-11-22,wk inc flu prop ed visits,0,2025-11-22,42,quantile,0.2,0.00221423972869159
2025-11-22,wk inc flu prop ed visits,0,2025-11-22,42,quantile,0.25,0.00221424010530513
2025-11-22,wk inc flu prop ed visits,0,2025-11-22,42,quantile,0.3,0.00238085054251933
2025-11-22,wk inc flu prop ed visits,0,2025-11-22,42,quantile,0.35,0.00248297123383504
2025-11-22,wk inc flu prop ed visits,0,2025-11-22,42,quantile,0.4,0.00258585003401657
2025-11-22,wk inc flu prop ed visits,0,2025-11-22,42,quantile,0.45,0.00266230633699211
2025-11-22,wk inc flu prop ed visits,0,2025-11-22,42,quantile,0.5,0.00276610097166358
2025-11-22,wk inc flu prop ed visits,0,2025-11-22,42,quantile,0.55,0.00283966210321921
2025-11-22,wk inc flu prop ed visits,0,2025-11-22,42,quantile,0.6,0.00291953307408757
2025-11-22,wk inc flu prop ed visits,0,2025-11-22,42,quantile,0.65,0.00303837618425784
2025-11-22,wk inc flu prop ed visits,0,2025-11-22,42,quantile,0.7,0.00312583155517577
2025-11-22,wk inc flu prop ed visits,0,2025-11-22,42,quantile,0.75,0.00325895605916595
2025-11-22,wk inc flu prop ed visits,0,2025-11-22,42,quantile,0.8,0.00341772908966582
2025-11-22,wk inc flu prop ed visits,0,2025-11-22,42,quantile,0.85,0.0036320404246782
2025-11-22,wk inc flu prop ed visits,0,2025-11-22,42,quantile,0.9,0.00391719557505983
2025-11-22,wk inc flu prop ed visits,0,2025-11-22,42,quantile,0.95,0.00441636256713852
2025-11-22,wk inc flu prop ed visits,0,2025-11-22,42,quantile,0.975,0.00491044390276777
2025-11-22,wk inc flu prop ed visits,0,2025-11-22,42,quantile,0.99,0.0055615544483925
2025-11-22,wk inc flu prop ed visits,1,2025-11-29,42,quantile,0.01,0.00118308047362086
2025-11-22,wk inc flu prop ed visits,1,2025-11-29,42,quantile,0.025,0.00134928598562375
2025-11-22,wk inc flu prop ed visits,1,2025-11-29,42,quantile,0.05,0.00150239725859147
2025-11-22,wk inc flu prop ed visits,1,2025-11-29,42,quantile,0.1,0.00175557418686006
2025-11-22,wk inc flu prop ed visits,1,2025-11-29,42,quantile,0.15,0.00186060613206455
2025-11-22,wk inc flu prop ed visits,1,2025-11-29,42,quantile,0.2,0.00198107954141882
2025-11-22,wk inc flu prop ed visits,1,2025-11-29,42,quantile,0.25,0.0021370514406084
2025-11-22,wk inc flu prop ed visits,1,2025-11-29,42,quantile,0.3,0.00222341990407704
2025-11-22,wk inc flu prop ed visits,1,2025-11-29,42,quantile,0.35,0.00226667498062485
2025-11-22,wk inc flu prop ed visits,1,2025-11-29,42,quantile,0.4,0.00233351543656324
2025-11-22,wk inc flu prop ed visits,1,2025-11-29,42,quantile,0.45,0.00243892382900927
2025-11-22,wk inc flu prop ed visits,1,2025-11-29,42,quantile,0.5,0.0025571881477828
2025-11-22,wk inc flu prop ed visits,1,2025-11-29,42,quantile,0.55,0.00267438745449043
2025-11-22,wk inc flu prop ed visits,1,2025-11-29,42,quantile,0.6,0.00279705166656168
2025-11-22,wk inc flu prop ed visits,1,2025-11-29,42,quantile,0.65,0.00294839731007358
2025-11-22,wk inc flu prop ed visits,1,2025-11-29,42,quantile,0.7,0.00313565129200703
2025-11-22,wk inc flu prop ed visits,1,2025-11-29,42,quantile,0.75,0.00332520732514365
2025-11-22,wk inc flu prop ed visits,1,2025-11-29,42,quantile,0.8,0.00359634473500996
2025-11-22,wk inc flu prop ed visits,1,2025-11-29,42,quantile,0.85,0.00396841489489544
2025-11-22,wk inc flu prop ed visits,1,2025-11-29,42,quantile,0.9,0.00469106598267731
2025-11-22,wk inc flu prop ed visits,1,2025-11-29,42,quantile,0.95,0.0057707433900196
2025-11-22,wk inc flu prop ed visits,1,2025-11-29,42,quantile,0.975,0.00690346762838425
2025-11-22,wk inc flu prop ed visits,1,2025-11-29,42,quantile,0.99,0.00696214125901998
2025-11-22,wk inc flu prop ed visits,2,2025-12-06,42,quantile,0.01,9.3695365645992e-4
2025-11-22,wk inc flu prop ed visits,2,2025-12-06,42,quantile,0.025,0.00120991083106098
2025-11-22,wk inc flu prop ed visits,2,2025-12-06,42,quantile,0.05,0.00143149736390679
2025-11-22,wk inc flu prop ed visits,2,2025-12-06,42,quantile,0.1,0.00165613573520116
2025-11-22,wk inc flu prop ed visits,2,2025-12-06,42,quantile,0.15,0.0018091513611049
2025-11-22,wk inc flu prop ed visits,2,2025-12-06,42,quantile,0.2,0.00198944806605838
2025-11-22,wk inc flu prop ed visits,2,2025-12-06,42,quantile,0.25,0.00211153429402247
2025-11-22,wk inc flu prop ed visits,2,2025-12-06,42,quantile,0.3,0.00214230598850103
2025-11-22,wk inc flu prop ed visits,2,2025-12-06,42,quantile,0.35,0.00228220384584797
2025-11-22,wk inc flu prop ed visits,2,2025-12-06,42,quantile,0.4,0.00239282556586916
2025-11-22,wk inc flu prop ed visits,2,2025-12-06,42,quantile,0.45,0.0025446578965353
2025-11-22,wk inc flu prop ed visits,2,2025-12-06,42,quantile,0.5,0.00266852000271129
2025-11-22,wk inc flu prop ed visits,2,2025-12-06,42,quantile,0.55,0.00282908986012544
2025-11-22,wk inc flu prop ed visits,2,2025-12-06,42,quantile,0.6,0.0029885711756979
2025-11-22,wk inc flu prop ed visits,2,2025-12-06,42,quantile,0.65,0.00317845475501758
2025-11-22,wk inc flu prop ed visits,2,2025-12-06,42,quantile,0.7,0.00343551137968575
2025-11-22,wk inc flu prop ed visits,2,2025-12-06,42,quantile,0.75,0.00373035252871729
2025-11-22,wk inc flu prop ed visits,2,2025-12-06,42,quantile,0.8,0.00412780877612941
2025-11-22,wk inc flu prop ed visits,2,2025-12-06,42,quantile,0.85,0.00473167356848789
2025-11-22,wk inc flu prop ed visits,2,2025-12-06,42,quantile,0.9,0.00580898703237556
2025-11-22,wk inc flu prop ed visits,2,2025-12-06,42,quantile,0.95,0.0078474656145863
2025-11-22,wk inc flu prop ed visits,2,2025-12-06,42,quantile,0.975,0.00820874096113201
2025-11-22,wk inc flu prop ed visits,2,2025-12-06,42,quantile,0.99,0.00820874096113201
2025-11-22,wk inc flu prop ed visits,3,2025-12-13,42,quantile,0.01,9.5422235157892e-4
2025-11-22,wk inc flu prop ed visits,3,2025-12-13,42,quantile,0.025,0.0012218531036641
2025-11-22,wk inc flu prop ed visits,3,2025-12-13,42,quantile,0.05,0.00146536209464992
2025-11-22,wk inc flu prop ed visits,3,2025-12-13,42,quantile,0.1,0.00180459176147348
2025-11-22,wk inc flu prop ed visits,3,2025-12-13,42,quantile,0.15,0.00200092003935429
2025-11-22,wk inc flu prop ed visits,3,2025-12-13,42,quantile,0.2,0.00210184956219351
2025-11-22,wk inc flu prop ed visits,3,2025-12-13,42,quantile,0.25,0.00215169432951406
2025-11-22,wk inc flu prop ed visits,3,2025-12-13,42,quantile,0.3,0.00238070638236827
2025-11-22,wk inc flu prop ed visits,3,2025-12-13,42,quantile,0.35,0.00255732051563343
2025-11-22,wk inc flu prop ed visits,3,2025-12-13,42,quantile,0.4,0.00273231212032272
2025-11-22,wk inc flu prop ed visits,3,2025-12-13,42,quantile,0.45,0.00294075005161893
2025-11-22,wk inc flu prop ed visits,3,2025-12-13,42,quantile,0.5,0.00310882301629689
2025-11-22,wk inc flu prop ed visits,3,2025-12-13,42,quantile,0.55,0.00330562638719024
2025-11-22,wk inc flu prop ed visits,3,2025-12-13,42,quantile,0.6,0.00352898876096923
2025-11-22,wk inc flu prop ed visits,3,2025-12-13,42,quantile,0.65,0.00381268565908004
2025-11-22,wk inc flu prop ed visits,3,2025-12-13,42,quantile,0.7,0.00414354898385545
2025-11-22,wk inc flu prop ed visits,3,2025-12-13,42,quantile,0.75,0.00458657296746199
2025-11-22,wk inc flu prop ed visits,3,2025-12-13,42,quantile,0.8,0.00524670418442158
2025-11-22,wk inc flu prop ed visits,3,2025-12-13,42,quantile,0.85,0.00637677819223815
2025-11-22,wk inc flu prop ed visits,3,2025-12-13,42,quantile,0.9,0.00804489026984801
2025-11-22,wk inc flu prop ed visits,3,2025-12-13,42,quantile,0.95,0.0107158198199367
2025-11-22,wk inc flu prop ed visits,3,2025-12-13,42,quantile,0.975,0.0107158198199367
2025-11-22,wk inc flu prop ed visits,3,2025-12-13,42,quantile,0.99,0.0107158198199367
2025-11-22,wk inc flu prop ed visits,0,2025-11-22,44,quantile,0.01,9.1358116980305e-4
2025-11-22,wk inc flu prop ed visits,0,2025-11-22,44,quantile,0.025,9.3499235238025e-4
2025-11-22,wk inc flu prop ed visits,0,2025-11-22,44,quantile,0.05,0.00118575199022251
2025-11-22,wk inc flu prop ed visits,0,2025-11-22,44,quantile,0.1,0.00131944899571381
2025-11-22,wk inc flu prop ed visits,0,2025-11-22,44,quantile,0.15,0.00164991880424585
2025-11-22,wk inc flu prop ed visits,0,2025-11-22,44,quantile,0.2,0.00177647484479586
2025-11-22,wk inc flu prop ed visits,0,2025-11-22,44,quantile,0.25,0.00177647542679265
2025-11-22,wk inc flu prop ed visits,0,2025-11-22,44,quantile,0.3,0.00197928368351427
2025-11-22,wk inc flu prop ed visits,0,2025-11-22,44,quantile,0.35,0.00210769641365568
2025-11-22,wk inc flu prop ed visits,0,2025-11-22,44,quantile,0.4,0.00225398534283851
2025-11-22,wk inc flu prop ed visits,0,2025-11-22,44,quantile,0.45,0.00233937192426821
2025-11-22,wk inc flu prop ed visits,0,2025-11-22,44,quantile,0.5,0.00248261620714881
2025-11-22,wk inc flu prop ed visits,0,2025-11-22,44,quantile,0.55,0.00258067975551405
2025-11-22,wk inc flu prop ed visits,0,2025-11-22,44,quantile,0.6,0.00268579000346136
2025-11-22,wk inc flu prop ed visits,0,2025-11-22,44,quantile,0.65,0.00284589622687682
2025-11-22,wk inc flu prop ed visits,0,2025-11-22,44,quantile,0.7,0.00296436395258449
2025-11-22,wk inc flu prop ed visits,0,2025-11-22,44,quantile,0.75,0.00315276940953477
2025-11-22,wk inc flu prop ed visits,0,2025-11-22,44,quantile,0.8,0.00337028478403018
2025-11-22,wk inc flu prop ed visits,0,2025-11-22,44,quantile,0.85,0.00366788746950439
2025-11-22,wk inc flu prop ed visits,0,2025-11-22,44,quantile,0.9,0.00406266405084227
2025-11-22,wk inc flu prop ed visits,0,2025-11-22,44,quantile,0.95,0.00474886021497047
2025-11-22,wk inc flu prop ed visits,0,2025-11-22,44,quantile,0.975,0.0054550667429165
2025-11-22,wk inc flu prop ed visits,0,2025-11-22,44,quantile,0.99,0.00643659306364658
2025-11-22,wk inc flu prop ed visits,1,2025-11-29,44,quantile,0.01,7.5009578327052e-4
2025-11-22,wk inc flu prop ed visits,1,2025-11-29,44,quantile,0.025,9.4920110428073e-4
2025-11-22,wk inc flu prop ed visits,1,2025-11-29,44,quantile,0.05,0.00112983992237559
2025-11-22,wk inc flu prop ed visits,1,2025-11-29,44,quantile,0.1,0.00143690703180614
2025-11-22,wk inc flu prop ed visits,1,2025-11-29,44,quantile,0.15,0.00156672383691914
2025-11-22,wk inc flu prop ed visits,1,2025-11-29,44,quantile,0.2,0.00170820394267468
2025-11-22,wk inc flu prop ed visits,1,2025-11-29,44,quantile,0.25,0.0018953904880084
2025-11-22,wk inc flu prop ed visits,1,2025-11-29,44,quantile,0.3,0.00199984399494862
2025-11-22,wk inc flu prop ed visits,1,2025-11-29,44,quantile,0.35,0.00205648706396324
2025-11-22,wk inc flu prop ed visits,1,2025-11-29,44,quantile,0.4,0.00213037996842703
2025-11-22,wk inc flu prop ed visits,1,2025-11-29,44,quantile,0.45,0.00226273176201442
2025-11-22,wk inc flu prop ed visits,1,2025-11-29,44,quantile,0.5,0.00240916351315742
2025-11-22,wk inc flu prop ed visits,1,2025-11-29,44,quantile,0.55,0.0025539718626072
2025-11-22,wk inc flu prop ed visits,1,2025-11-29,44,quantile,0.6,0.00270646954421445
2025-11-22,wk inc flu prop ed visits,1,2025-11-29,44,quantile,0.65,0.00289968222744567
2025-11-22,wk inc flu prop ed visits,1,2025-11-29,44,quantile,0.7,0.00313955625633703
2025-11-22,wk inc flu prop ed visits,1,2025-11-29,44,quantile,0.75,0.00338743608912295
2025-11-22,wk inc flu prop ed visits,1,2025-11-29,44,quantile,0.8,0.00374644816352434
2025-11-22,wk inc flu prop ed visits,1,2025-11-29,44,quantile,0.85,0.00424389974480525
2025-11-22,wk inc flu prop ed visits,1,2025-11-29,44,quantile,0.9,0.00521488364099845
2025-11-22,wk inc flu prop ed visits,1,2025-11-29,44,quantile,0.95,0.00666778727506319
2025-11-22,wk inc flu prop ed visits,1,2025-11-29,44,quantile,0.975,0.00812925492814978
2025-11-22,wk inc flu prop ed visits,1,2025-11-29,44,quantile,0.99,0.00820345293547457
2025-11-22,wk inc flu prop ed visits,2,2025-12-06,44,quantile,0.01,4.4695526158327e-4
2025-11-22,wk inc flu prop ed visits,2,2025-12-06,44,quantile,0.025,7.6792859354483e-4
2025-11-22,wk inc flu prop ed visits,2,2025-12-06,44,quantile,0.05,0.00102490227824024
2025-11-22,wk inc flu prop ed visits,2,2025-12-06,44,quantile,0.1,0.00129586673184676
2025-11-22,wk inc flu prop ed visits,2,2025-12-06,44,quantile,0.15,0.00148401381779913
2025-11-22,wk inc flu prop ed visits,2,2025-12-06,44,quantile,0.2,0.00170443899191141
2025-11-22,wk inc flu prop ed visits,2,2025-12-06,44,quantile,0.25,0.00184859951836486
2025-11-22,wk inc flu prop ed visits,2,2025-12-06,44,quantile,0.3,0.00188723166539115
2025-11-22,wk inc flu prop ed visits,2,2025-12-06,44,quantile,0.35,0.00205901184745451
2025-11-22,wk inc flu prop ed visits,2,2025-12-06,44,quantile,0.4,0.00218974820660694
2025-11-22,wk inc flu prop ed visits,2,2025-12-06,44,quantile,0.45,0.00237961274191599
2025-11-22,wk inc flu prop ed visits,2,2025-12-06,44,quantile,0.5,0.00254020825474016
2025-11-22,wk inc flu prop ed visits,2,2025-12-06,44,quantile,0.55,0.00274107981268457
2025-11-22,wk inc flu prop ed visits,2,2025-12-06,44,quantile,0.6,0.00294209332455883
2025-11-22,wk inc flu prop ed visits,2,2025-12-06,44,quantile,0.65,0.00318698919661486
2025-11-22,wk inc flu prop ed visits,2,2025-12-06,44,quantile,0.7,0.00351752046012216
2025-11-22,wk inc flu prop ed visits,2,2025-12-06,44,quantile,0.75,0.00390655743278563
2025-11-22,wk inc flu prop ed visits,2,2025-12-06,44,quantile,0.8,0.00443066243835416
2025-11-22,wk inc flu prop ed visits,2,2025-12-06,44,quantile,0.85,0.00523175202161703
2025-11-22,wk inc flu prop ed visits,2,2025-12-06,44,quantile,0.9,0.00664353675197862
2025-11-22,wk inc flu prop ed visits,2,2025-12-06,44,quantile,0.95,0.00939581493745787
2025-11-22,wk inc flu prop ed visits,2,2025-12-06,44,quantile,0.975,0.00986565838264678
2025-11-22,wk inc flu prop ed visits,2,2025-12-06,44,quantile,0.99,0.00986565838264678
2025-11-22,wk inc flu prop ed visits,3,2025-12-13,44,quantile,0.01,4.9665364715341e-4
2025-11-22,wk inc flu prop ed visits,3,2025-12-13,44,quantile,0.025,7.6405795768598e-4
2025-11-22,wk inc flu prop ed visits,3,2025-12-13,44,quantile,0.05,0.0010067870903566
2025-11-22,wk inc flu prop ed visits,3,2025-12-13,44,quantile,0.1,0.00136662621750605
2025-11-22,wk inc flu prop ed visits,3,2025-12-13,44,quantile,0.15,0.00159394273013059
2025-11-22,wk inc flu prop ed visits,3,2025-12-13,44,quantile,0.2,0.00170878967697593
2025-11-22,wk inc flu prop ed visits,3,2025-12-13,44,quantile,0.25,0.00177067049988253
2025-11-22,wk inc flu prop ed visits,3,2025-12-13,44,quantile,0.3,0.00204029368877231
2025-11-22,wk inc flu prop ed visits,3,2025-12-13,44,quantile,0.35,0.00225623256335574
2025-11-22,wk inc flu prop ed visits,3,2025-12-13,44,quantile,0.4,0.00246549213508871
2025-11-22,wk inc flu prop ed visits,3,2025-12-13,44,quantile,0.45,0.00272814170665707
2025-11-22,wk inc flu prop ed visits,3,2025-12-13,44,quantile,0.5,0.00293154040961182
2025-11-22,wk inc flu prop ed visits,3,2025-12-13,44,quantile,0.55,0.00319095771853557
2025-11-22,wk inc flu prop ed visits,3,2025-12-13,44,quantile,0.6,0.00346445545991142
2025-11-22,wk inc flu prop ed visits,3,2025-12-13,44,quantile,0.65,0.00383274297281435
2025-11-22,wk inc flu prop ed visits,3,2025-12-13,44,quantile,0.7,0.00425693995649084
2025-11-22,wk inc flu prop ed visits,3,2025-12-13,44,quantile,0.75,0.00482409034406457
2025-11-22,wk inc flu prop ed visits,3,2025-12-13,44,quantile,0.8,0.00569760705264397
2025-11-22,wk inc flu prop ed visits,3,2025-12-13,44,quantile,0.85,0.00717465900798583
2025-11-22,wk inc flu prop ed visits,3,2025-12-13,44,quantile,0.9,0.00946735259384004
2025-11-22,wk inc flu prop ed visits,3,2025-12-13,44,quantile,0.95,0.0129452660424042
2025-11-22,wk inc flu prop ed visits,3,2025-12-13,44,quantile,0.975,0.0129452660424042
2025-11-22,wk inc flu prop ed visits,3,2025-12-13,44,quantile,0.99,0.0129452660424042
2025-11-22,wk inc flu prop ed visits,0,2025-11-22,45,quantile,0.01,0.00194792812253632
2025-11-22,wk inc flu prop ed visits,0,2025-11-22,45,quantile,0.025,0.00197113893778897
2025-11-22,wk inc flu prop ed visits,0,2025-11-22,45,quantile,0.05,0.00224406935008053
2025-11-22,wk inc flu prop ed visits,0,2025-11-22,45,quantile,0.1,0.00240142955063518
2025-11-22,wk inc flu prop ed visits,0,2025-11-22,45,quantile,0.15,0.00275775243667778
2025-11-22,wk inc flu prop ed visits,0,2025-11-22,45,quantile,0.2,0.0028875656448518
2025-11-22,wk inc flu prop ed visits,0,2025-11-22,45,quantile,0.25,0.00288756683910195
2025-11-22,wk inc flu prop ed visits,0,2025-11-22,45,quantile,0.3,0.00309971707620483
2025-11-22,wk inc flu prop ed visits,0,2025-11-22,45,quantile,0.35,0.00323478366370385
2025-11-22,wk inc flu prop ed visits,0,2025-11-22,45,quantile,0.4,0.0033751944010127
2025-11-22,wk inc flu prop ed visits,0,2025-11-22,45,quantile,0.45,0.00347314757603197
2025-11-22,wk inc flu prop ed visits,0,2025-11-22,45,quantile,0.5,0.00361116614315388
2025-11-22,wk inc flu prop ed visits,0,2025-11-22,45,quantile,0.55,0.00370702019177597
2025-11-22,wk inc flu prop ed visits,0,2025-11-22,45,quantile,0.6,0.00381513107966541
2025-11-22,wk inc flu prop ed visits,0,2025-11-22,45,quantile,0.65,0.00397293192990895
2025-11-22,wk inc flu prop ed visits,0,2025-11-22,45,quantile,0.7,0.00409037671395138
2025-11-22,wk inc flu prop ed visits,0,2025-11-22,45,quantile,0.75,0.0042525363164308
2025-11-22,wk inc flu prop ed visits,0,2025-11-22,45,quantile,0.8,0.00446233937052768
2025-11-22,wk inc flu prop ed visits,0,2025-11-22,45,quantile,0.85,0.00474654367080951
2025-11-22,wk inc flu prop ed visits,0,2025-11-22,45,quantile,0.9,0.00511688968634451
2025-11-22,wk inc flu prop ed visits,0,2025-11-22,45,quantile,0.95,0.00575045998229833
2025-11-22,wk inc flu prop ed visits,0,2025-11-22,45,quantile,0.975,0.00638223877351447
2025-11-22,wk inc flu prop ed visits,0,2025-11-22,45,quantile,0.99,0.00722498051026877
2025-11-22,wk inc flu prop ed visits,1,2025-11-29,45,quantile,0.01,0.00163303141596517
2025-11-22,wk inc flu prop ed visits,1,2025-11-29,45,quantile,0.025,0.00185696326857827
2025-11-22,wk inc flu prop ed visits,1,2025-11-29,45,quantile,0.05,0.00206455020971805
2025-11-22,wk inc flu prop ed visits,1,2025-11-29,45,quantile,0.1,0.00241048214576407
2025-11-22,wk inc flu prop ed visits,1,2025-11-29,45,quantile,0.15,0.00255023960739951
2025-11-22,wk inc flu prop ed visits,1,2025-11-29,45,quantile,0.2,0.00270893371018972
2025-11-22,wk inc flu prop ed visits,1,2025-11-29,45,quantile,0.25,0.00291853455847467
2025-11-22,wk inc flu prop ed visits,1,2025-11-29,45,quantile,0.3,0.00303696343559088
2025-11-22,wk inc flu prop ed visits,1,2025-11-29,45,quantile,0.35,0.00309436964322872
2025-11-22,wk inc flu prop ed visits,1,2025-11-29,45,quantile,0.4,0.00318311493416923
2025-11-22,wk inc flu prop ed visits,1,2025-11-29,45,quantile,0.45,0.00332490599277799
2025-11-22,wk inc flu prop ed visits,1,2025-11-29,45,quantile,0.5,0.00347949559064083
2025-11-22,wk inc flu prop ed visits,1,2025-11-29,45,quantile,0.55,0.00363530695348298
2025-11-22,wk inc flu prop ed visits,1,2025-11-29,45,quantile,0.6,0.00379584592365013
2025-11-22,wk inc flu prop ed visits,1,2025-11-29,45,quantile,0.65,0.00399254746311372
2025-11-22,wk inc flu prop ed visits,1,2025-11-29,45,quantile,0.7,0.00423743431779092
2025-11-22,wk inc flu prop ed visits,1,2025-11-29,45,quantile,0.75,0.0044873772221593
2025-11-22,wk inc flu prop ed visits,1,2025-11-29,45,quantile,0.8,0.00484400549677767
2025-11-22,wk inc flu prop ed visits,1,2025-11-29,45,quantile,0.85,0.0053185019137895
2025-11-22,wk inc flu prop ed visits,1,2025-11-29,45,quantile,0.9,0.00621488230306602
2025-11-22,wk inc flu prop ed visits,1,2025-11-29,45,quantile,0.95,0.00754264138694847
2025-11-22,wk inc flu prop ed visits,1,2025-11-29,45,quantile,0.975,0.00893618384543749
2025-11-22,wk inc flu prop ed visits,1,2025-11-29,45,quantile,0.99,0.00900871892728534
2025-11-22,wk inc flu prop ed visits,2,2025-12-06,45,quantile,0.01,0.00126413459606683
2025-11-22,wk inc flu prop ed visits,2,2025-12-06,45,quantile,0.025,0.00163369362535895
2025-11-22,wk inc flu prop ed visits,2,2025-12-06,45,quantile,0.05,0.0019364972774946
2025-11-22,wk inc flu prop ed visits,2,2025-12-06,45,quantile,0.1,0.00224563324956064
2025-11-22,wk inc flu prop ed visits,2,2025-12-06,45,quantile,0.15,0.00245548388530985
2025-11-22,wk inc flu prop ed visits,2,2025-12-06,45,quantile,0.2,0.00269972205456184
2025-11-22,wk inc flu prop ed visits,2,2025-12-06,45,quantile,0.25,0.00286657911258156
2025-11-22,wk inc flu prop ed visits,2,2025-12-06,45,quantile,0.3,0.00290845440136214
2025-11-22,wk inc flu prop ed visits,2,2025-12-06,45,quantile,0.35,0.00310125105450594
2025-11-22,wk inc flu prop ed visits,2,2025-12-06,45,quantile,0.4,0.00325444707488564
2025-11-22,wk inc flu prop ed visits,2,2025-12-06,45,quantile,0.45,0.00345912360816419
2025-11-22,wk inc flu prop ed visits,2,2025-12-06,45,quantile,0.5,0.00362952771106749
2025-11-22,wk inc flu prop ed visits,2,2025-12-06,45,quantile,0.55,0.00384487176169026
2025-11-22,wk inc flu prop ed visits,2,2025-12-06,45,quantile,0.6,0.00405953143852753
2025-11-22,wk inc flu prop ed visits,2,2025-12-06,45,quantile,0.65,0.00431514671622004
2025-11-22,wk inc flu prop ed visits,2,2025-12-06,45,quantile,0.7,0.00466369535971432
2025-11-22,wk inc flu prop ed visits,2,2025-12-06,45,quantile,0.75,0.00506073924309515
2025-11-22,wk inc flu prop ed visits,2,2025-12-06,45,quantile,0.8,0.0055925588715322
2025-11-22,wk inc flu prop ed visits,2,2025-12-06,45,quantile,0.85,0.0063818847830276
2025-11-22,wk inc flu prop ed visits,2,2025-12-06,45,quantile,0.9,0.00777940084992753
2025-11-22,wk inc flu prop ed visits,2,2025-12-06,45,quantile,0.95,0.0104297068635336
2025-11-22,wk inc flu prop ed visits,2,2025-12-06,45,quantile,0.975,0.0108989136629321
2025-11-22,wk inc flu prop ed visits,2,2025-12-06,45,quantile,0.99,0.0108989136629321
2025-11-22,wk inc flu prop ed visits,3,2025-12-13,45,quantile,0.01,0.00122399157437503
2025-11-22,wk inc flu prop ed visits,3,2025-12-13,45,quantile,0.025,0.00158753580666991
2025-11-22,wk inc flu prop ed visits,3,2025-12-13,45,quantile,0.05,0.00191351913551889
2025-11-22,wk inc flu prop ed visits,3,2025-12-13,45,quantile,0.1,0.00238928011192067
2025-11-22,wk inc flu prop ed visits,3,2025-12-13,45,quantile,0.15,0.00265950311360775
2025-11-22,wk inc flu prop ed visits,3,2025-12-13,45,quantile,0.2,0.00279952644878692
2025-11-22,wk inc flu prop ed visits,3,2025-12-13,45,quantile,0.25,0.00286687452842566
2025-11-22,wk inc flu prop ed visits,3,2025-12-13,45,quantile,0.3,0.00318640320585546
2025-11-22,wk inc flu prop ed visits,3,2025-12-13,45,quantile,0.35,0.00343587173954991
2025-11-22,wk inc flu prop ed visits,3,2025-12-13,45,quantile,0.4,0.00367093349828561
2025-11-22,wk inc flu prop ed visits,3,2025-12-13,45,quantile,0.45,0.00396034619188329
2025-11-22,wk inc flu prop ed visits,3,2025-12-13,45,quantile,0.5,0.00418931541630947
2025-11-22,wk inc flu prop ed visits,3,2025-12-13,45,quantile,0.55,0.00446339903619695
2025-11-22,wk inc flu prop ed visits,3,2025-12-13,45,quantile,0.6,0.00475870616728068
2025-11-22,wk inc flu prop ed visits,3,2025-12-13,45,quantile,0.65,0.00514203954565036
2025-11-22,wk inc flu prop ed visits,3,2025-12-13,45,quantile,0.7,0.00558761888174716
2025-11-22,wk inc flu prop ed visits,3,2025-12-13,45,quantile,0.75,0.00618593787438766
2025-11-22,wk inc flu prop ed visits,3,2025-12-13,45,quantile,0.8,0.00705235711342083
2025-11-22,wk inc flu prop ed visits,3,2025-12-13,45,quantile,0.85,0.0084936023222241391
2025-11-22,wk inc flu prop ed visits,3,2025-12-13,45,quantile,0.9,0.0107132838719301
2025-11-22,wk inc flu prop ed visits,3,2025-12-13,45,quantile,0.95,0.0141955035232271
2025-11-22,wk inc flu prop ed visits,3,2025-12-13,45,quantile,0.975,0.0141955035232271
2025-11-22,wk inc flu prop ed visits,3,2025-12-13,45,quantile,0.99,0.0141955035232271
2025-11-22,wk inc flu prop ed visits,0,2025-11-22,46,quantile,0.01,1.0093907413757e-4
2025-11-22,wk inc flu prop ed visits,0,2025-11-22,46,quantile,0.025,1.0451878993404e-4
2025-11-22,wk inc flu prop ed visits,0,2025-11-22,46,quantile,0.05,1.4688180587337e-4
2025-11-22,wk inc flu prop ed visits,0,2025-11-22,46,quantile,0.1,1.7397782478434e-4
2025-11-22,wk inc flu prop ed visits,0,2025-11-22,46,quantile,0.15,2.3409328547251e-4
2025-11-22,wk inc flu prop ed visits,0,2025-11-22,46,quantile,0.2,2.7269147258498e-4
2025-11-22,wk inc flu prop ed visits,0,2025-11-22,46,quantile,0.25,2.7269186837255e-4
2025-11-22,wk inc flu prop ed visits,0,2025-11-22,46,quantile,0.3,3.3204565982188e-4
2025-11-22,wk inc flu prop ed visits,0,2025-11-22,46,quantile,0.35,3.6472358924735e-4
2025-11-22,wk inc flu prop ed visits,0,2025-11-22,46,quantile,0.4,4.2162361486848e-4
2025-11-22,wk inc flu prop ed visits,0,2025-11-22,46,quantile,0.45,4.5074478162877e-4
2025-11-22,wk inc flu prop ed visits,0,2025-11-22,46,quantile,0.5,5.0109492807197e-4
2025-11-22,wk inc flu prop ed visits,0,2025-11-22,46,quantile,0.55,5.3892907236462e-4
2025-11-22,wk inc flu prop ed visits,0,2025-11-22,46,quantile,0.6,5.7120488835749e-4
2025-11-22,wk inc flu prop ed visits,0,2025-11-22,46,quantile,0.65,6.3875368229055e-4
2025-11-22,wk inc flu prop ed visits,0,2025-11-22,46,quantile,0.7,6.8581367588156e-4
2025-11-22,wk inc flu prop ed visits,0,2025-11-22,46,quantile,0.75,7.6613786820518e-4
2025-11-22,wk inc flu prop ed visits,0,2025-11-22,46,quantile,0.8,8.6447715596578e-4
2025-11-22,wk inc flu prop ed visits,0,2025-11-22,46,quantile,0.85,9.9639910862229e-4
2025-11-22,wk inc flu prop ed visits,0,2025-11-22,46,quantile,0.9,0.00116781583720698
2025-11-22,wk inc flu prop ed visits,0,2025-11-22,46,quantile,0.95,0.0014636912807436
2025-11-22,wk inc flu prop ed visits,0,2025-11-22,46,quantile,0.975,0.00176581223365415
2025-11-22,wk inc flu prop ed visits,0,2025-11-22,46,quantile,0.99,0.00229218319320557
2025-11-22,wk inc flu prop ed visits,1,2025-11-29,46,quantile,0.01,5.7583658137671e-5
2025-11-22,wk inc flu prop ed visits,1,2025-11-29,46,quantile,0.025,9.50117820241267e-5
2025-11-22,wk inc flu prop ed visits,1,2025-11-29,46,quantile,0.05,1.335102693643e-4
2025-11-22,wk inc flu prop ed visits,1,2025-11-29,46,quantile,0.1,1.9388616268234e-4
2025-11-22,wk inc flu prop ed visits,1,2025-11-29,46,quantile,0.15,2.3308330715009e-4
2025-11-22,wk inc flu prop ed visits,1,2025-11-29,46,quantile,0.2,2.6953253712349e-4
2025-11-22,wk inc flu prop ed visits,1,2025-11-29,46,quantile,0.25,3.2178068224262e-4
2025-11-22,wk inc flu prop ed visits,1,2025-11-29,46,quantile,0.3,3.5713681174245e-4
2025-11-22,wk inc flu prop ed visits,1,2025-11-29,46,quantile,0.35,3.8047426934521e-4
2025-11-22,wk inc flu prop ed visits,1,2025-11-29,46,quantile,0.4,3.9894458237359e-4
2025-11-22,wk inc flu prop ed visits,1,2025-11-29,46,quantile,0.45,4.3893382163476e-4
2025-11-22,wk inc flu prop ed visits,1,2025-11-29,46,quantile,0.5,4.9801805777204e-4
2025-11-22,wk inc flu prop ed visits,1,2025-11-29,46,quantile,0.55,5.4235379356917e-4
2025-11-22,wk inc flu prop ed visits,1,2025-11-29,46,quantile,0.6,5.9835462951014e-4
2025-11-22,wk inc flu prop ed visits,1,2025-11-29,46,quantile,0.65,6.6369812107938e-4
2025-11-22,wk inc flu prop ed visits,1,2025-11-29,46,quantile,0.7,7.6314399034541e-4
2025-11-22,wk inc flu prop ed visits,1,2025-11-29,46,quantile,0.75,8.5939328181083e-4
2025-11-22,wk inc flu prop ed visits,1,2025-11-29,46,quantile,0.8,0.00101110890160678
2025-11-22,wk inc flu prop ed visits,1,2025-11-29,46,quantile,0.85,0.00120522187544019
2025-11-22,wk inc flu prop ed visits,1,2025-11-29,46,quantile,0.9,0.00156993228330134
2025-11-22,wk inc flu prop ed visits,1,2025-11-29,46,quantile,0.95,0.00224721800148483
2025-11-22,wk inc flu prop ed visits,1,2025-11-29,46,quantile,0.975,0.00281284911567271
2025-11-22,wk inc flu prop ed visits,1,2025-11-29,46,quantile,0.99,0.00283994600281591
2025-11-22,wk inc flu prop ed visits,2,2025-12-06,46,quantile,0.01,4.91887708504307e-5
2025-11-22,wk inc flu prop ed visits,2,2025-12-06,46,quantile,0.025,1.0656003322612e-4
2025-11-22,wk inc flu prop ed visits,2,2025-12-06,46,quantile,0.05,1.5155573143995e-4
2025-11-22,wk inc flu prop ed visits,2,2025-12-06,46,quantile,0.1,2.0118874329187e-4
2025-11-22,wk inc flu prop ed visits,2,2025-12-06,46,quantile,0.15,2.4938422974373e-4
2025-11-22,wk inc flu prop ed visits,2,2025-12-06,46,quantile,0.2,3.0975815133797e-4
2025-11-22,wk inc flu prop ed visits,2,2025-12-06,46,quantile,0.25,3.4202248232612e-4
2025-11-22,wk inc flu prop ed visits,2,2025-12-06,46,quantile,0.3,3.5104368596449e-4
2025-11-22,wk inc flu prop ed visits,2,2025-12-06,46,quantile,0.35,4.0866532139886e-4
2025-11-22,wk inc flu prop ed visits,2,2025-12-06,46,quantile,0.4,4.4340421481295e-4
2025-11-22,wk inc flu prop ed visits,2,2025-12-06,46,quantile,0.45,5.0451848805906e-4
2025-11-22,wk inc flu prop ed visits,2,2025-12-06,46,quantile,0.5,5.5139262789748e-4
2025-11-22,wk inc flu prop ed visits,2,2025-12-06,46,quantile,0.55,6.2118193622105e-4
2025-11-22,wk inc flu prop ed visits,2,2025-12-06,46,quantile,0.6,6.8097907367286e-4
2025-11-22,wk inc flu prop ed visits,2,2025-12-06,46,quantile,0.65,7.6023102104133e-4
2025-11-22,wk inc flu prop ed visits,2,2025-12-06,46,quantile,0.7,8.8407683382726e-4
2025-11-22,wk inc flu prop ed visits,2,2025-12-06,46,quantile,0.75,0.00103055378270358
2025-11-22,wk inc flu prop ed visits,2,2025-12-06,46,quantile,0.8,0.00121091630496052
2025-11-22,wk inc flu prop ed visits,2,2025-12-06,46,quantile,0.85,0.00151353016655335
2025-11-22,wk inc flu prop ed visits,2,2025-12-06,46,quantile,0.9,0.00199555431598536
2025-11-22,wk inc flu prop ed visits,2,2025-12-06,46,quantile,0.95,0.00310751680896243
2025-11-22,wk inc flu prop ed visits,2,2025-12-06,46,quantile,0.975,0.00326818333222214
2025-11-22,wk inc flu prop ed visits,2,2025-12-06,46,quantile,0.99,0.00326818333222214
2025-11-22,wk inc flu prop ed visits,3,2025-12-13,46,quantile,0.01,3.99511300780146e-5
2025-11-22,wk inc flu prop ed visits,3,2025-12-13,46,quantile,0.025,9.43755637539679e-5
2025-11-22,wk inc flu prop ed visits,3,2025-12-13,46,quantile,0.05,1.41754807636e-4
2025-11-22,wk inc flu prop ed visits,3,2025-12-13,46,quantile,0.1,2.2144315210889e-4
2025-11-22,wk inc flu prop ed visits,3,2025-12-13,46,quantile,0.15,2.8643452438796e-4
2025-11-22,wk inc flu prop ed visits,3,2025-12-13,46,quantile,0.2,3.0983148560278e-4
2025-11-22,wk inc flu prop ed visits,3,2025-12-13,46,quantile,0.25,3.3307943667249e-4
2025-11-22,wk inc flu prop ed visits,3,2025-12-13,46,quantile,0.3,4.0931273331309e-4
2025-11-22,wk inc flu prop ed visits,3,2025-12-13,46,quantile,0.35,4.8575039341091e-4
2025-11-22,wk inc flu prop ed visits,3,2025-12-13,46,quantile,0.4,5.4451078528109e-4
2025-11-22,wk inc flu prop ed visits,3,2025-12-13,46,quantile,0.45,6.337244854475e-4
2025-11-22,wk inc flu prop ed visits,3,2025-12-13,46,quantile,0.5,7.1004488296003e-4
2025-11-22,wk inc flu prop ed visits,3,2025-12-13,46,quantile,0.55,8.0266157344506e-4
2025-11-22,wk inc flu prop ed visits,3,2025-12-13,46,quantile,0.6,8.8685681597304e-4
2025-11-22,wk inc flu prop ed visits,3,2025-12-13,46,quantile,0.65,0.00102889473119535
2025-11-22,wk inc flu prop ed visits,3,2025-12-13,46,quantile,0.7,0.00119067706323231
2025-11-22,wk inc flu prop ed visits,3,2025-12-13,46,quantile,0.75,0.00139681290400216
2025-11-22,wk inc flu prop ed visits,3,2025-12-13,46,quantile,0.8,0.00174024915964864
2025-11-22,wk inc flu prop ed visits,3,2025-12-13,46,quantile,0.85,0.00226388056285345
2025-11-22,wk inc flu prop ed visits,3,2025-12-13,46,quantile,0.9,0.00315825617829082
2025-11-22,wk inc flu prop ed visits,3,2025-12-13,46,quantile,0.95,0.00445489647778428
2025-11-22,wk inc flu prop ed visits,3,2025-12-13,46,quantile,0.975,0.00445489647778428
2025-11-22,wk inc flu prop ed visits,3,2025-12-13,46,quantile,0.99,0.00445489647778428
2025-11-22,wk inc flu prop ed visits,0,2025-11-22,47,quantile,0.01,0.00220408064378956
2025-11-22,wk inc flu prop ed visits,0,2025-11-22,47,quantile,0.025,0.00222900142379172
2025-11-22,wk inc flu prop ed visits,0,2025-11-22,47,quantile,0.05,0.00252199867198731
2025-11-22,wk inc flu prop ed visits,0,2025-11-22,47,quantile,0.1,0.00269675171007688
2025-11-22,wk inc flu prop ed visits,0,2025-11-22,47,quantile,0.15,0.00306441647272637
2025-11-22,wk inc flu prop ed visits,0,2025-11-22,47,quantile,0.2,0.00316575954030343
2025-11-22,wk inc flu prop ed visits,0,2025-11-22,47,quantile,0.25,0.00316576221912389
2025-11-22,wk inc flu prop ed visits,0,2025-11-22,47,quantile,0.3,0.00333380717315146
2025-11-22,wk inc flu prop ed visits,0,2025-11-22,47,quantile,0.35,0.00344848468160309
2025-11-22,wk inc flu prop ed visits,0,2025-11-22,47,quantile,0.4,0.00355598070551853
2025-11-22,wk inc flu prop ed visits,0,2025-11-22,47,quantile,0.45,0.00363579776252431
2025-11-22,wk inc flu prop ed visits,0,2025-11-22,47,quantile,0.5,0.00373772084360523
2025-11-22,wk inc flu prop ed visits,0,2025-11-22,47,quantile,0.55,0.0038171389153608
2025-11-22,wk inc flu prop ed visits,0,2025-11-22,47,quantile,0.6,0.00389790070459655
2025-11-22,wk inc flu prop ed visits,0,2025-11-22,47,quantile,0.65,0.00401470566410314
2025-11-22,wk inc flu prop ed visits,0,2025-11-22,47,quantile,0.7,0.00410393858544696
2025-11-22,wk inc flu prop ed visits,0,2025-11-22,47,quantile,0.75,0.00422134539056432
2025-11-22,wk inc flu prop ed visits,0,2025-11-22,47,quantile,0.8,0.00438725705537879
2025-11-22,wk inc flu prop ed visits,0,2025-11-22,47,quantile,0.85,0.00460189206512394
2025-11-22,wk inc flu prop ed visits,0,2025-11-22,47,quantile,0.9,0.00486625912320011
2025-11-22,wk inc flu prop ed visits,0,2025-11-22,47,quantile,0.95,0.00531481142224753
2025-11-22,wk inc flu prop ed visits,0,2025-11-22,47,quantile,0.975,0.00579573084569622
2025-11-22,wk inc flu prop ed visits,0,2025-11-22,47,quantile,0.99,0.00641030678286593
2025-11-22,wk inc flu prop ed visits,1,2025-11-29,47,quantile,0.01,0.00192525276132274
2025-11-22,wk inc flu prop ed visits,1,2025-11-29,47,quantile,0.025,0.0021529484915363
2025-11-22,wk inc flu prop ed visits,1,2025-11-29,47,quantile,0.05,0.00236782022985707
2025-11-22,wk inc flu prop ed visits,1,2025-11-29,47,quantile,0.1,0.00271394935944797
2025-11-22,wk inc flu prop ed visits,1,2025-11-29,47,quantile,0.15,0.00284189230536717
2025-11-22,wk inc flu prop ed visits,1,2025-11-29,47,quantile,0.2,0.00298230087421436
2025-11-22,wk inc flu prop ed visits,1,2025-11-29,47,quantile,0.25,0.00316722918615683
2025-11-22,wk inc flu prop ed visits,1,2025-11-29,47,quantile,0.3,0.00327448062290884
2025-11-22,wk inc flu prop ed visits,1,2025-11-29,47,quantile,0.35,0.00332829118353952
2025-11-22,wk inc flu prop ed visits,1,2025-11-29,47,quantile,0.4,0.00340479684744074
2025-11-22,wk inc flu prop ed visits,1,2025-11-29,47,quantile,0.45,0.00352953286021124
2025-11-22,wk inc flu prop ed visits,1,2025-11-29,47,quantile,0.5,0.00366550901573223
2025-11-22,wk inc flu prop ed visits,1,2025-11-29,47,quantile,0.55,0.00379959995060633
2025-11-22,wk inc flu prop ed visits,1,2025-11-29,47,quantile,0.6,0.00393625873458283
2025-11-22,wk inc flu prop ed visits,1,2025-11-29,47,quantile,0.65,0.00410359838843751
2025-11-22,wk inc flu prop ed visits,1,2025-11-29,47,quantile,0.7,0.00430906860613264
2025-11-22,wk inc flu prop ed visits,1,2025-11-29,47,quantile,0.75,0.00451903064567034
2025-11-22,wk inc flu prop ed visits,1,2025-11-29,47,quantile,0.8,0.00481962071606738
2025-11-22,wk inc flu prop ed visits,1,2025-11-29,47,quantile,0.85,0.00520677513682356
2025-11-22,wk inc flu prop ed visits,1,2025-11-29,47,quantile,0.9,0.00592728314564593
2025-11-22,wk inc flu prop ed visits,1,2025-11-29,47,quantile,0.95,0.00697577446056111
2025-11-22,wk inc flu prop ed visits,1,2025-11-29,47,quantile,0.975,0.00812822268166382
2025-11-22,wk inc flu prop ed visits,1,2025-11-29,47,quantile,0.99,0.00818893083591311
2025-11-22,wk inc flu prop ed visits,2,2025-12-06,47,quantile,0.01,0.0015676770377607
2025-11-22,wk inc flu prop ed visits,2,2025-12-06,47,quantile,0.025,0.00192759561354392
2025-11-22,wk inc flu prop ed visits,2,2025-12-06,47,quantile,0.05,0.00223857597690365
2025-11-22,wk inc flu prop ed visits,2,2025-12-06,47,quantile,0.1,0.00253467979808646
2025-11-22,wk inc flu prop ed visits,2,2025-12-06,47,quantile,0.15,0.00272644001384414
2025-11-22,wk inc flu prop ed visits,2,2025-12-06,47,quantile,0.2,0.00294042624613965
2025-11-22,wk inc flu prop ed visits,2,2025-12-06,47,quantile,0.25,0.00308403395486701
2025-11-22,wk inc flu prop ed visits,2,2025-12-06,47,quantile,0.3,0.00312298269500841
2025-11-22,wk inc flu prop ed visits,2,2025-12-06,47,quantile,0.35,0.00330042009371705
2025-11-22,wk inc flu prop ed visits,2,2025-12-06,47,quantile,0.4,0.00343052612393476
2025-11-22,wk inc flu prop ed visits,2,2025-12-06,47,quantile,0.45,0.00361618934111206
2025-11-22,wk inc flu prop ed visits,2,2025-12-06,47,quantile,0.5,0.00376837313991516
2025-11-22,wk inc flu prop ed visits,2,2025-12-06,47,quantile,0.55,0.0039610081898559
2025-11-22,wk inc flu prop ed visits,2,2025-12-06,47,quantile,0.6,0.0041431998159471
2025-11-22,wk inc flu prop ed visits,2,2025-12-06,47,quantile,0.65,0.00436494125717347
2025-11-22,wk inc flu prop ed visits,2,2025-12-06,47,quantile,0.7,0.00466312741123212
2025-11-22,wk inc flu prop ed visits,2,2025-12-06,47,quantile,0.75,0.00499724638062731
2025-11-22,wk inc flu prop ed visits,2,2025-12-06,47,quantile,0.8,0.00544919155963076
2025-11-22,wk inc flu prop ed visits,2,2025-12-06,47,quantile,0.85,0.00612249958212117
2025-11-22,wk inc flu prop ed visits,2,2025-12-06,47,quantile,0.9,0.00734245002030722
2025-11-22,wk inc flu prop ed visits,2,2025-12-06,47,quantile,0.95,0.00962102356542613
2025-11-22,wk inc flu prop ed visits,2,2025-12-06,47,quantile,0.975,0.0100332662336139
2025-11-22,wk inc flu prop ed visits,2,2025-12-06,47,quantile,0.99,0.0100332662336139
2025-11-22,wk inc flu prop ed visits,3,2025-12-13,47,quantile,0.01,0.00157852193686763
2025-11-22,wk inc flu prop ed visits,3,2025-12-13,47,quantile,0.025,0.00194456874441046
2025-11-22,wk inc flu prop ed visits,3,2025-12-13,47,quantile,0.05,0.00227417044515505
2025-11-22,wk inc flu prop ed visits,3,2025-12-13,47,quantile,0.1,0.00273269783063091
2025-11-22,wk inc flu prop ed visits,3,2025-12-13,47,quantile,0.15,0.00298904438503583
2025-11-22,wk inc flu prop ed visits,3,2025-12-13,47,quantile,0.2,0.00312022839022816
2025-11-22,wk inc flu prop ed visits,3,2025-12-13,47,quantile,0.25,0.00318080005903343
2025-11-22,wk inc flu prop ed visits,3,2025-12-13,47,quantile,0.3,0.00346936400296772
2025-11-22,wk inc flu prop ed visits,3,2025-12-13,47,quantile,0.35,0.00369436294031527
2025-11-22,wk inc flu prop ed visits,3,2025-12-13,47,quantile,0.4,0.00390643651810563
2025-11-22,wk inc flu prop ed visits,3,2025-12-13,47,quantile,0.45,0.00415751737537545
2025-11-22,wk inc flu prop ed visits,3,2025-12-13,47,quantile,0.5,0.00436796657770769
2025-11-22,wk inc flu prop ed visits,3,2025-12-13,47,quantile,0.55,0.00459818696370108
2025-11-22,wk inc flu prop ed visits,3,2025-12-13,47,quantile,0.6,0.00486131896861016
2025-11-22,wk inc flu prop ed visits,3,2025-12-13,47,quantile,0.65,0.00519742753054836
2025-11-22,wk inc flu prop ed visits,3,2025-12-13,47,quantile,0.7,0.00557130558843062
2025-11-22,wk inc flu prop ed visits,3,2025-12-13,47,quantile,0.75,0.00609127638234866
2025-11-22,wk inc flu prop ed visits,3,2025-12-13,47,quantile,0.8,0.00679819313451856
2025-11-22,wk inc flu prop ed visits,3,2025-12-13,47,quantile,0.85,0.00795380882956293
2025-11-22,wk inc flu prop ed visits,3,2025-12-13,47,quantile,0.9,0.00973360819325513
2025-11-22,wk inc flu prop ed visits,3,2025-12-13,47,quantile,0.95,0.0125020886502267
2025-11-22,wk inc flu prop ed visits,3,2025-12-13,47,quantile,0.975,0.0125020886502267
2025-11-22,wk inc flu prop ed visits,3,2025-12-13,47,quantile,0.99,0.0125020886502267
2025-11-22,wk inc flu prop ed visits,0,2025-11-22,48,quantile,0.01,0.00774925196565459
2025-11-22,wk inc flu prop ed visits,0,2025-11-22,48,quantile,0.025,0.0078390041033949
2025-11-22,wk inc flu prop ed visits,0,2025-11-22,48,quantile,0.05,0.00889701933683127
2025-11-22,wk inc flu prop ed visits,0,2025-11-22,48,quantile,0.1,0.00952792069823038
2025-11-22,wk inc flu prop ed visits,0,2025-11-22,48,quantile,0.15,0.0108010056550562
2025-11-22,wk inc flu prop ed visits,0,2025-11-22,48,quantile,0.2,0.0112162447686283
2025-11-22,wk inc flu prop ed visits,0,2025-11-22,48,quantile,0.25,0.0112162466487419
2025-11-22,wk inc flu prop ed visits,0,2025-11-22,48,quantile,0.3,0.0119383460675254
2025-11-22,wk inc flu prop ed visits,0,2025-11-22,48,quantile,0.35,0.0123810163984612
2025-11-22,wk inc flu prop ed visits,0,2025-11-22,48,quantile,0.4,0.0128040943452519
2025-11-22,wk inc flu prop ed visits,0,2025-11-22,48,quantile,0.45,0.0131351266377461
2025-11-22,wk inc flu prop ed visits,0,2025-11-22,48,quantile,0.5,0.0135594958532883
2025-11-22,wk inc flu prop ed visits,0,2025-11-22,48,quantile,0.55,0.0138734737464759
2025-11-22,wk inc flu prop ed visits,0,2025-11-22,48,quantile,0.6,0.0142108876518201
2025-11-22,wk inc flu prop ed visits,0,2025-11-22,48,quantile,0.65,0.0147116682124434
2025-11-22,wk inc flu prop ed visits,0,2025-11-22,48,quantile,0.7,0.0150728715403508
2025-11-22,wk inc flu prop ed visits,0,2025-11-22,48,quantile,0.75,0.015639269235272
2025-11-22,wk inc flu prop ed visits,0,2025-11-22,48,quantile,0.8,0.016314550433501
2025-11-22,wk inc flu prop ed visits,0,2025-11-22,48,quantile,0.85,0.0172099571151895
2025-11-22,wk inc flu prop ed visits,0,2025-11-22,48,quantile,0.9,0.0183747120415593
2025-11-22,wk inc flu prop ed visits,0,2025-11-22,48,quantile,0.95,0.0204292063554231
2025-11-22,wk inc flu prop ed visits,0,2025-11-22,48,quantile,0.975,0.022452346073417
2025-11-22,wk inc flu prop ed visits,0,2025-11-22,48,quantile,0.99,0.0250438266831277
2025-11-22,wk inc flu prop ed visits,1,2025-11-29,48,quantile,0.01,0.00613334076647084
2025-11-22,wk inc flu prop ed visits,1,2025-11-29,48,quantile,0.025,0.00690864696252108
2025-11-22,wk inc flu prop ed visits,1,2025-11-29,48,quantile,0.05,0.00762227273785393
2025-11-22,wk inc flu prop ed visits,1,2025-11-29,48,quantile,0.1,0.00873793732221956
2025-11-22,wk inc flu prop ed visits,1,2025-11-29,48,quantile,0.15,0.00919427720740743
2025-11-22,wk inc flu prop ed visits,1,2025-11-29,48,quantile,0.2,0.0097350351829253
2025-11-22,wk inc flu prop ed visits,1,2025-11-29,48,quantile,0.25,0.0104182744068635
2025-11-22,wk inc flu prop ed visits,1,2025-11-29,48,quantile,0.3,0.010791957843831
2025-11-22,wk inc flu prop ed visits,1,2025-11-29,48,quantile,0.35,0.0109749710858292
2025-11-22,wk inc flu prop ed visits,1,2025-11-29,48,quantile,0.4,0.0112562233724379
2025-11-22,wk inc flu prop ed visits,1,2025-11-29,48,quantile,0.45,0.0117086107341657
2025-11-22,wk inc flu prop ed visits,1,2025-11-29,48,quantile,0.5,0.0122090144369519
2025-11-22,wk inc flu prop ed visits,1,2025-11-29,48,quantile,0.55,0.0126990145550949
2025-11-22,wk inc flu prop ed visits,1,2025-11-29,48,quantile,0.6,0.0132234035993275
2025-11-22,wk inc flu prop ed visits,1,2025-11-29,48,quantile,0.65,0.0138437485993089
2025-11-22,wk inc flu prop ed visits,1,2025-11-29,48,quantile,0.7,0.0146250275039672
2025-11-22,wk inc flu prop ed visits,1,2025-11-29,48,quantile,0.75,0.0154102533144558
2025-11-22,wk inc flu prop ed visits,1,2025-11-29,48,quantile,0.8,0.0165312971065019
2025-11-22,wk inc flu prop ed visits,1,2025-11-29,48,quantile,0.85,0.0180158890445034
2025-11-22,wk inc flu prop ed visits,1,2025-11-29,48,quantile,0.9,0.0208321084309915
2025-11-22,wk inc flu prop ed visits,1,2025-11-29,48,quantile,0.95,0.0249420921564454
2025-11-22,wk inc flu prop ed visits,1,2025-11-29,48,quantile,0.975,0.0294625153694179
2025-11-22,wk inc flu prop ed visits,1,2025-11-29,48,quantile,0.99,0.0297017478668922
2025-11-22,wk inc flu prop ed visits,2,2025-12-06,48,quantile,0.01,0.00470837572348166
2025-11-22,wk inc flu prop ed visits,2,2025-12-06,48,quantile,0.025,0.00593460464766906
2025-11-22,wk inc flu prop ed visits,2,2025-12-06,48,quantile,0.05,0.0069230781454791
2025-11-22,wk inc flu prop ed visits,2,2025-12-06,48,quantile,0.1,0.00789782368207483
2025-11-22,wk inc flu prop ed visits,2,2025-12-06,48,quantile,0.15,0.00857428781471059
2025-11-22,wk inc flu prop ed visits,2,2025-12-06,48,quantile,0.2,0.00935402755666499
2025-11-22,wk inc flu prop ed visits,2,2025-12-06,48,quantile,0.25,0.00991646180115825
2025-11-22,wk inc flu prop ed visits,2,2025-12-06,48,quantile,0.3,0.0100539229523166
2025-11-22,wk inc flu prop ed visits,2,2025-12-06,48,quantile,0.35,0.0106507535747381
2025-11-22,wk inc flu prop ed visits,2,2025-12-06,48,quantile,0.4,0.0111223077774489
2025-11-22,wk inc flu prop ed visits,2,2025-12-06,48,quantile,0.45,0.011777378296627901
2025-11-22,wk inc flu prop ed visits,2,2025-12-06,48,quantile,0.5,0.0123261851892516
2025-11-22,wk inc flu prop ed visits,2,2025-12-06,48,quantile,0.55,0.0130040134790936
2025-11-22,wk inc flu prop ed visits,2,2025-12-06,48,quantile,0.6,0.0137070818474276
2025-11-22,wk inc flu prop ed visits,2,2025-12-06,48,quantile,0.65,0.0145230726430904
2025-11-22,wk inc flu prop ed visits,2,2025-12-06,48,quantile,0.7,0.0156100461707981
2025-11-22,wk inc flu prop ed visits,2,2025-12-06,48,quantile,0.75,0.0168633872106429
2025-11-22,wk inc flu prop ed visits,2,2025-12-06,48,quantile,0.8,0.0185222415121981
2025-11-22,wk inc flu prop ed visits,2,2025-12-06,48,quantile,0.85,0.0210659785642011
2025-11-22,wk inc flu prop ed visits,2,2025-12-06,48,quantile,0.9,0.0255821861559653
2025-11-22,wk inc flu prop ed visits,2,2025-12-06,48,quantile,0.95,0.0341530898037693
2025-11-22,wk inc flu prop ed visits,2,2025-12-06,48,quantile,0.975,0.0357205816004085
2025-11-22,wk inc flu prop ed visits,2,2025-12-06,48,quantile,0.99,0.0357205816004085
2025-11-22,wk inc flu prop ed visits,3,2025-12-13,48,quantile,0.01,0.0047611009797635
2025-11-22,wk inc flu prop ed visits,3,2025-12-13,48,quantile,0.025,0.0059277739635598
2025-11-22,wk inc flu prop ed visits,3,2025-12-13,48,quantile,0.05,0.00699094361290772
2025-11-22,wk inc flu prop ed visits,3,2025-12-13,48,quantile,0.1,0.00844529563534114
2025-11-22,wk inc flu prop ed visits,3,2025-12-13,48,quantile,0.15,0.00931786364080658
2025-11-22,wk inc flu prop ed visits,3,2025-12-13,48,quantile,0.2,0.0097764223236421
2025-11-22,wk inc flu prop ed visits,3,2025-12-13,48,quantile,0.25,0.00999373529872562
2025-11-22,wk inc flu prop ed visits,3,2025-12-13,48,quantile,0.3,0.0109889444839788
2025-11-22,wk inc flu prop ed visits,3,2025-12-13,48,quantile,0.35,0.0117330286694643
2025-11-22,wk inc flu prop ed visits,3,2025-12-13,48,quantile,0.4,0.0124752804712824
2025-11-22,wk inc flu prop ed visits,3,2025-12-13,48,quantile,0.45,0.0133785149039983
2025-11-22,wk inc flu prop ed visits,3,2025-12-13,48,quantile,0.5,0.0141148515232726
2025-11-22,wk inc flu prop ed visits,3,2025-12-13,48,quantile,0.55,0.0149293135876959
2025-11-22,wk inc flu prop ed visits,3,2025-12-13,48,quantile,0.6,0.015895846586444
2025-11-22,wk inc flu prop ed visits,3,2025-12-13,48,quantile,0.65,0.0170993333717517
2025-11-22,wk inc flu prop ed visits,3,2025-12-13,48,quantile,0.7,0.0184927248067539
2025-11-22,wk inc flu prop ed visits,3,2025-12-13,48,quantile,0.75,0.0203372600588299
2025-11-22,wk inc flu prop ed visits,3,2025-12-13,48,quantile,0.8,0.023062823632307
2025-11-22,wk inc flu prop ed visits,3,2025-12-13,48,quantile,0.85,0.0277674803879276
2025-11-22,wk inc flu prop ed visits,3,2025-12-13,48,quantile,0.9,0.0345523062666897
2025-11-22,wk inc flu prop ed visits,3,2025-12-13,48,quantile,0.95,0.0455424192707893
2025-11-22,wk inc flu prop ed visits,3,2025-12-13,48,quantile,0.975,0.0455424192707893
2025-11-22,wk inc flu prop ed visits,3,2025-12-13,48,quantile,0.99,0.0455424192707893
2025-11-22,wk inc flu prop ed visits,0,2025-11-22,US,quantile,0.01,0.00390648835434547
2025-11-22,wk inc flu prop ed visits,0,2025-11-22,US,quantile,0.025,0.00394610621395388
2025-11-22,wk inc flu prop ed visits,0,2025-11-22,US,quantile,0.05,0.00441407135799343
2025-11-22,wk inc flu prop ed visits,0,2025-11-22,US,quantile,0.1,0.00470429921960241
2025-11-22,wk inc flu prop ed visits,0,2025-11-22,US,quantile,0.15,0.00525784141988256
2025-11-22,wk inc flu prop ed visits,0,2025-11-22,US,quantile,0.2,0.0054143448600677
2025-11-22,wk inc flu prop ed visits,0,2025-11-22,US,quantile,0.25,0.00541434609375663
2025-11-22,wk inc flu prop ed visits,0,2025-11-22,US,quantile,0.3,0.00569214648971558
2025-11-22,wk inc flu prop ed visits,0,2025-11-22,US,quantile,0.35,0.00586970579571287
2025-11-22,wk inc flu prop ed visits,0,2025-11-22,US,quantile,0.4,0.00602451883534151
2025-11-22,wk inc flu prop ed visits,0,2025-11-22,US,quantile,0.45,0.00616005121182524
2025-11-22,wk inc flu prop ed visits,0,2025-11-22,US,quantile,0.5,0.00631545615407617
2025-11-22,wk inc flu prop ed visits,0,2025-11-22,US,quantile,0.55,0.00643621569809397
2025-11-22,wk inc flu prop ed visits,0,2025-11-22,US,quantile,0.6,0.00656219257720289
2025-11-22,wk inc flu prop ed visits,0,2025-11-22,US,quantile,0.65,0.00674874778744143
2025-11-22,wk inc flu prop ed visits,0,2025-11-22,US,quantile,0.7,0.00688480478675114
2025-11-22,wk inc flu prop ed visits,0,2025-11-22,US,quantile,0.75,0.0070835322297549104
2025-11-22,wk inc flu prop ed visits,0,2025-11-22,US,quantile,0.8,0.00734273128898623
2025-11-22,wk inc flu prop ed visits,0,2025-11-22,US,quantile,0.85,0.00767589197588654
2025-11-22,wk inc flu prop ed visits,0,2025-11-22,US,quantile,0.9,0.00809720885148574
2025-11-22,wk inc flu prop ed visits,0,2025-11-22,US,quantile,0.95,0.00884212840249738
2025-11-22,wk inc flu prop ed visits,0,2025-11-22,US,quantile,0.975,0.00957294767068491
2025-11-22,wk inc flu prop ed visits,0,2025-11-22,US,quantile,0.99,0.0104914960962539
2025-11-22,wk inc flu prop ed visits,1,2025-11-29,US,quantile,0.01,0.00322538756904684
2025-11-22,wk inc flu prop ed visits,1,2025-11-29,US,quantile,0.025,0.0035634036992591802
2025-11-22,wk inc flu prop ed visits,1,2025-11-29,US,quantile,0.05,0.0038816378231514
2025-11-22,wk inc flu prop ed visits,1,2025-11-29,US,quantile,0.1,0.0043713886423304
2025-11-22,wk inc flu prop ed visits,1,2025-11-29,US,quantile,0.15,0.00455982264221485
2025-11-22,wk inc flu prop ed visits,1,2025-11-29,US,quantile,0.2,0.00478578729431021
2025-11-22,wk inc flu prop ed visits,1,2025-11-29,US,quantile,0.25,0.00507181982086432
2025-11-22,wk inc flu prop ed visits,1,2025-11-29,US,quantile,0.3,0.00523184766434906
2025-11-22,wk inc flu prop ed visits,1,2025-11-29,US,quantile,0.35,0.00531051527652858
2025-11-22,wk inc flu prop ed visits,1,2025-11-29,US,quantile,0.4,0.00542755269597128
2025-11-22,wk inc flu prop ed visits,1,2025-11-29,US,quantile,0.45,0.0056157039994437
2025-11-22,wk inc flu prop ed visits,1,2025-11-29,US,quantile,0.5,0.00582536996735483
2025-11-22,wk inc flu prop ed visits,1,2025-11-29,US,quantile,0.55,0.0060296749504123
2025-11-22,wk inc flu prop ed visits,1,2025-11-29,US,quantile,0.6,0.00624834402337153
2025-11-22,wk inc flu prop ed visits,1,2025-11-29,US,quantile,0.65,0.00650315944415898
2025-11-22,wk inc flu prop ed visits,1,2025-11-29,US,quantile,0.7,0.00682058562489779
2025-11-22,wk inc flu prop ed visits,1,2025-11-29,US,quantile,0.75,0.0071426322505536
2025-11-22,wk inc flu prop ed visits,1,2025-11-29,US,quantile,0.8,0.00760456039951026
2025-11-22,wk inc flu prop ed visits,1,2025-11-29,US,quantile,0.85,0.0082010549806165
2025-11-22,wk inc flu prop ed visits,1,2025-11-29,US,quantile,0.9,0.00931685912784628
2025-11-22,wk inc flu prop ed visits,1,2025-11-29,US,quantile,0.95,0.010947417146813
2025-11-22,wk inc flu prop ed visits,1,2025-11-29,US,quantile,0.975,0.0127648928318677
2025-11-22,wk inc flu prop ed visits,1,2025-11-29,US,quantile,0.99,0.0128620327500011
2025-11-22,wk inc flu prop ed visits,2,2025-12-06,US,quantile,0.01,0.00262234328694022
2025-11-22,wk inc flu prop ed visits,2,2025-12-06,US,quantile,0.025,0.00315586035266362
2025-11-22,wk inc flu prop ed visits,2,2025-12-06,US,quantile,0.05,0.00359118776154352
2025-11-22,wk inc flu prop ed visits,2,2025-12-06,US,quantile,0.1,0.00401987854587421
2025-11-22,wk inc flu prop ed visits,2,2025-12-06,US,quantile,0.15,0.00430309657018369
2025-11-22,wk inc flu prop ed visits,2,2025-12-06,US,quantile,0.2,0.00463012149884894
2025-11-22,wk inc flu prop ed visits,2,2025-12-06,US,quantile,0.25,0.00486844772596876
2025-11-22,wk inc flu prop ed visits,2,2025-12-06,US,quantile,0.3,0.00492735531449343
2025-11-22,wk inc flu prop ed visits,2,2025-12-06,US,quantile,0.35,0.00518458836230552
2025-11-22,wk inc flu prop ed visits,2,2025-12-06,US,quantile,0.4,0.00538353413605632
2025-11-22,wk inc flu prop ed visits,2,2025-12-06,US,quantile,0.45,0.00565875460451286
2025-11-22,wk inc flu prop ed visits,2,2025-12-06,US,quantile,0.5,0.0058943136083186
2025-11-22,wk inc flu prop ed visits,2,2025-12-06,US,quantile,0.55,0.00617859868488761
2025-11-22,wk inc flu prop ed visits,2,2025-12-06,US,quantile,0.6,0.00647768951644417
2025-11-22,wk inc flu prop ed visits,2,2025-12-06,US,quantile,0.65,0.00681595148687809
2025-11-22,wk inc flu prop ed visits,2,2025-12-06,US,quantile,0.7,0.00726739165747264
2025-11-22,wk inc flu prop ed visits,2,2025-12-06,US,quantile,0.75,0.0077846691790784
2025-11-22,wk inc flu prop ed visits,2,2025-12-06,US,quantile,0.8,0.00846860734328878
2025-11-22,wk inc flu prop ed visits,2,2025-12-06,US,quantile,0.85,0.0095124185261446
2025-11-22,wk inc flu prop ed visits,2,2025-12-06,US,quantile,0.9,0.0113807101134389
2025-11-22,wk inc flu prop ed visits,2,2025-12-06,US,quantile,0.95,0.0149278924677401
2025-11-22,wk inc flu prop ed visits,2,2025-12-06,US,quantile,0.975,0.0155858943684694
2025-11-22,wk inc flu prop ed visits,2,2025-12-06,US,quantile,0.99,0.0155858943684694
2025-11-22,wk inc flu prop ed visits,3,2025-12-13,US,quantile,0.01,0.00262850703114115
2025-11-22,wk inc flu prop ed visits,3,2025-12-13,US,quantile,0.025,0.00317401692657126
2025-11-22,wk inc flu prop ed visits,3,2025-12-13,US,quantile,0.05,0.00366992354456184
2025-11-22,wk inc flu prop ed visits,3,2025-12-13,US,quantile,0.1,0.00433329385644498
2025-11-22,wk inc flu prop ed visits,3,2025-12-13,US,quantile,0.15,0.00470274838468714
2025-11-22,wk inc flu prop ed visits,3,2025-12-13,US,quantile,0.2,0.00490219899157511
2025-11-22,wk inc flu prop ed visits,3,2025-12-13,US,quantile,0.25,0.00499002984649633
2025-11-22,wk inc flu prop ed visits,3,2025-12-13,US,quantile,0.3,0.0054102939848232
2025-11-22,wk inc flu prop ed visits,3,2025-12-13,US,quantile,0.35,0.0057117461560496
2025-11-22,wk inc flu prop ed visits,3,2025-12-13,US,quantile,0.4,0.00601576155387138
2025-11-22,wk inc flu prop ed visits,3,2025-12-13,US,quantile,0.45,0.00638511792685486
2025-11-22,wk inc flu prop ed visits,3,2025-12-13,US,quantile,0.5,0.00669860079603556
2025-11-22,wk inc flu prop ed visits,3,2025-12-13,US,quantile,0.55,0.00701355242318311
2025-11-22,wk inc flu prop ed visits,3,2025-12-13,US,quantile,0.6,0.00740965723525518
2025-11-22,wk inc flu prop ed visits,3,2025-12-13,US,quantile,0.65,0.00790117487368937
2025-11-22,wk inc flu prop ed visits,3,2025-12-13,US,quantile,0.7,0.00845104168406722
2025-11-22,wk inc flu prop ed visits,3,2025-12-13,US,quantile,0.75,0.0091830697861156
2025-11-22,wk inc flu prop ed visits,3,2025-12-13,US,quantile,0.8,0.0102356210225041
2025-11-22,wk inc flu prop ed visits,3,2025-12-13,US,quantile,0.85,0.0120481061284579
2025-11-22,wk inc flu prop ed visits,3,2025-12-13,US,quantile,0.9,0.0145860182202521
2025-11-22,wk inc flu prop ed visits,3,2025-12-13,US,quantile,0.95,0.0187677668234505
2025-11-22,wk inc flu prop ed visits,3,2025-12-13,US,quantile,0.975,0.0187677668234505
2025-11-22,wk inc flu prop ed visits,3,2025-12-13,US,quantile,0.99,0.0187677668234505
2025-11-22,wk inc flu prop ed visits,0,2025-11-22,49,quantile,0.01,0.0024028904873844
2025-11-22,wk inc flu prop ed visits,0,2025-11-22,49,quantile,0.025,0.00244290917237031
2025-11-22,wk inc flu prop ed visits,0,2025-11-22,49,quantile,0.05,0.00291233045722351
2025-11-22,wk inc flu prop ed visits,0,2025-11-22,49,quantile,0.1,0.00316755895487966
2025-11-22,wk inc flu prop ed visits,0,2025-11-22,49,quantile,0.15,0.00383715833180083
2025-11-22,wk inc flu prop ed visits,0,2025-11-22,49,quantile,0.2,0.00412261269221164
2025-11-22,wk inc flu prop ed visits,0,2025-11-22,49,quantile,0.25,0.00412261315267076
2025-11-22,wk inc flu prop ed visits,0,2025-11-22,49,quantile,0.3,0.00458486894163866
2025-11-22,wk inc flu prop ed visits,0,2025-11-22,49,quantile,0.35,0.00487258547094566
2025-11-22,wk inc flu prop ed visits,0,2025-11-22,49,quantile,0.4,0.0052184440751475
2025-11-22,wk inc flu prop ed visits,0,2025-11-22,49,quantile,0.45,0.0054172324405997
2025-11-22,wk inc flu prop ed visits,0,2025-11-22,49,quantile,0.5,0.00575899163890107
2025-11-22,wk inc flu prop ed visits,0,2025-11-22,49,quantile,0.55,0.00599602994830402
2025-11-22,wk inc flu prop ed visits,0,2025-11-22,49,quantile,0.6,0.00624170248421368
2025-11-22,wk inc flu prop ed visits,0,2025-11-22,49,quantile,0.65,0.00664127065630738
2025-11-22,wk inc flu prop ed visits,0,2025-11-22,49,quantile,0.7,0.00693595899727135
2025-11-22,wk inc flu prop ed visits,0,2025-11-22,49,quantile,0.75,0.00738006916472143
2025-11-22,wk inc flu prop ed visits,0,2025-11-22,49,quantile,0.8,0.00792728112017732
2025-11-22,wk inc flu prop ed visits,0,2025-11-22,49,quantile,0.85,0.00867290007926505
2025-11-22,wk inc flu prop ed visits,0,2025-11-22,49,quantile,0.9,0.0096740883152547
2025-11-22,wk inc flu prop ed visits,0,2025-11-22,49,quantile,0.95,0.011447449161544
2025-11-22,wk inc flu prop ed visits,0,2025-11-22,49,quantile,0.975,0.0132493237113353
2025-11-22,wk inc flu prop ed visits,0,2025-11-22,49,quantile,0.99,0.0159056050085862
2025-11-22,wk inc flu prop ed visits,1,2025-11-29,49,quantile,0.01,0.00194126261039332
2025-11-22,wk inc flu prop ed visits,1,2025-11-29,49,quantile,0.025,0.00232012799550811
2025-11-22,wk inc flu prop ed visits,1,2025-11-29,49,quantile,0.05,0.0026667337878155
2025-11-22,wk inc flu prop ed visits,1,2025-11-29,49,quantile,0.1,0.00328434601514626
2025-11-22,wk inc flu prop ed visits,1,2025-11-29,49,quantile,0.15,0.0035711435670798
2025-11-22,wk inc flu prop ed visits,1,2025-11-29,49,quantile,0.2,0.00387676977551
2025-11-22,wk inc flu prop ed visits,1,2025-11-29,49,quantile,0.25,0.00428663929422902
2025-11-22,wk inc flu prop ed visits,1,2025-11-29,49,quantile,0.3,0.00451903228698752
2025-11-22,wk inc flu prop ed visits,1,2025-11-29,49,quantile,0.35,0.0046466125182651
2025-11-22,wk inc flu prop ed visits,1,2025-11-29,49,quantile,0.4,0.00480493122424302
2025-11-22,wk inc flu prop ed visits,1,2025-11-29,49,quantile,0.45,0.00510009120965654
2025-11-22,wk inc flu prop ed visits,1,2025-11-29,49,quantile,0.5,0.005441793727134
2025-11-22,wk inc flu prop ed visits,1,2025-11-29,49,quantile,0.55,0.00576132969978372
2025-11-22,wk inc flu prop ed visits,1,2025-11-29,49,quantile,0.6,0.00610462811560527
2025-11-22,wk inc flu prop ed visits,1,2025-11-29,49,quantile,0.65,0.00654236457408323
2025-11-22,wk inc flu prop ed visits,1,2025-11-29,49,quantile,0.7,0.00709787923809038
2025-11-22,wk inc flu prop ed visits,1,2025-11-29,49,quantile,0.75,0.00766788886352489
2025-11-22,wk inc flu prop ed visits,1,2025-11-29,49,quantile,0.8,0.00848407426583536
2025-11-22,wk inc flu prop ed visits,1,2025-11-29,49,quantile,0.85,0.00962426787952137
2025-11-22,wk inc flu prop ed visits,1,2025-11-29,49,quantile,0.9,0.01182223671169
2025-11-22,wk inc flu prop ed visits,1,2025-11-29,49,quantile,0.95,0.0152232661199129
2025-11-22,wk inc flu prop ed visits,1,2025-11-29,49,quantile,0.975,0.0185118138975864
2025-11-22,wk inc flu prop ed visits,1,2025-11-29,49,quantile,0.99,0.0186768129525803
2025-11-22,wk inc flu prop ed visits,2,2025-12-06,49,quantile,0.01,0.00123788375707247
2025-11-22,wk inc flu prop ed visits,2,2025-12-06,49,quantile,0.025,0.00183883863980902
2025-11-22,wk inc flu prop ed visits,2,2025-12-06,49,quantile,0.05,0.00233307117805655
2025-11-22,wk inc flu prop ed visits,2,2025-12-06,49,quantile,0.1,0.00288595539561631
2025-11-22,wk inc flu prop ed visits,2,2025-12-06,49,quantile,0.15,0.00328902195148555
2025-11-22,wk inc flu prop ed visits,2,2025-12-06,49,quantile,0.2,0.00377656583610051
2025-11-22,wk inc flu prop ed visits,2,2025-12-06,49,quantile,0.25,0.00408095596260515
2025-11-22,wk inc flu prop ed visits,2,2025-12-06,49,quantile,0.3,0.00416579193511703
2025-11-22,wk inc flu prop ed visits,2,2025-12-06,49,quantile,0.35,0.00454917820288417
2025-11-22,wk inc flu prop ed visits,2,2025-12-06,49,quantile,0.4,0.00482831856031614
2025-11-22,wk inc flu prop ed visits,2,2025-12-06,49,quantile,0.45,0.00525846499590148
2025-11-22,wk inc flu prop ed visits,2,2025-12-06,49,quantile,0.5,0.00560670252113469
2025-11-22,wk inc flu prop ed visits,2,2025-12-06,49,quantile,0.55,0.0060682878145515
2025-11-22,wk inc flu prop ed visits,2,2025-12-06,49,quantile,0.6,0.00650098660148403
2025-11-22,wk inc flu prop ed visits,2,2025-12-06,49,quantile,0.65,0.00703354841679233
2025-11-22,wk inc flu prop ed visits,2,2025-12-06,49,quantile,0.7,0.00778868873139975
2025-11-22,wk inc flu prop ed visits,2,2025-12-06,49,quantile,0.75,0.00866687413725769
2025-11-22,wk inc flu prop ed visits,2,2025-12-06,49,quantile,0.8,0.00984282846556942
2025-11-22,wk inc flu prop ed visits,2,2025-12-06,49,quantile,0.85,0.011642544350555801
2025-11-22,wk inc flu prop ed visits,2,2025-12-06,49,quantile,0.9,0.0147461109798168
2025-11-22,wk inc flu prop ed visits,2,2025-12-06,49,quantile,0.95,0.0209572769953875
2025-11-22,wk inc flu prop ed visits,2,2025-12-06,49,quantile,0.975,0.0219872386457945
2025-11-22,wk inc flu prop ed visits,2,2025-12-06,49,quantile,0.99,0.0219872386457945
2025-11-22,wk inc flu prop ed visits,3,2025-12-13,49,quantile,0.01,0.00133660923478406
2025-11-22,wk inc flu prop ed visits,3,2025-12-13,49,quantile,0.025,0.00175463995140844
2025-11-22,wk inc flu prop ed visits,3,2025-12-13,49,quantile,0.05,0.00216316326122378
2025-11-22,wk inc flu prop ed visits,3,2025-12-13,49,quantile,0.1,0.00281005701332744
2025-11-22,wk inc flu prop ed visits,3,2025-12-13,49,quantile,0.15,0.00328627557627405
2025-11-22,wk inc flu prop ed visits,3,2025-12-13,49,quantile,0.2,0.0035127464964879
2025-11-22,wk inc flu prop ed visits,3,2025-12-13,49,quantile,0.25,0.00365605476318939
2025-11-22,wk inc flu prop ed visits,3,2025-12-13,49,quantile,0.3,0.00420962871611448
2025-11-22,wk inc flu prop ed visits,3,2025-12-13,49,quantile,0.35,0.00468667562754548
2025-11-22,wk inc flu prop ed visits,3,2025-12-13,49,quantile,0.4,0.00512075777535409
2025-11-22,wk inc flu prop ed visits,3,2025-12-13,49,quantile,0.45,0.00569333953052812
2025-11-22,wk inc flu prop ed visits,3,2025-12-13,49,quantile,0.5,0.00612757156656307
2025-11-22,wk inc flu prop ed visits,3,2025-12-13,49,quantile,0.55,0.00672112763276851
2025-11-22,wk inc flu prop ed visits,3,2025-12-13,49,quantile,0.6,0.00729327328526026
2025-11-22,wk inc flu prop ed visits,3,2025-12-13,49,quantile,0.65,0.00807197836199073
2025-11-22,wk inc flu prop ed visits,3,2025-12-13,49,quantile,0.7,0.00903236202699867
2025-11-22,wk inc flu prop ed visits,3,2025-12-13,49,quantile,0.75,0.0102453445139859
2025-11-22,wk inc flu prop ed visits,3,2025-12-13,49,quantile,0.8,0.0121968054321718
2025-11-22,wk inc flu prop ed visits,3,2025-12-13,49,quantile,0.85,0.0154580270976585
2025-11-22,wk inc flu prop ed visits,3,2025-12-13,49,quantile,0.9,0.0205190912002844
2025-11-22,wk inc flu prop ed visits,3,2025-12-13,49,quantile,0.95,0.0281220273100533
2025-11-22,wk inc flu prop ed visits,3,2025-12-13,49,quantile,0.975,0.0281220273100533
2025-11-22,wk inc flu prop ed visits,3,2025-12-13,49,quantile,0.99,0.0281220273100533
2025-11-22,wk inc flu prop ed visits,0,2025-11-22,50,quantile,0.01,6.8373153357871e-4
2025-11-22,wk inc flu prop ed visits,0,2025-11-22,50,quantile,0.025,7.0599609173281e-4
2025-11-22,wk inc flu prop ed visits,0,2025-11-22,50,quantile,0.05,9.6692482994449e-4
2025-11-22,wk inc flu prop ed visits,0,2025-11-22,50,quantile,0.1,0.00110664297406536
2025-11-22,wk inc flu prop ed visits,0,2025-11-22,50,quantile,0.15,0.00154420341229085
2025-11-22,wk inc flu prop ed visits,0,2025-11-22,50,quantile,0.2,0.00176380741004775
2025-11-22,wk inc flu prop ed visits,0,2025-11-22,50,quantile,0.25,0.00176380770202898
2025-11-22,wk inc flu prop ed visits,0,2025-11-22,50,quantile,0.3,0.00208396324365296
2025-11-22,wk inc flu prop ed visits,0,2025-11-22,50,quantile,0.35,0.00228231512401176
2025-11-22,wk inc flu prop ed visits,0,2025-11-22,50,quantile,0.4,0.00255404126633466
2025-11-22,wk inc flu prop ed visits,0,2025-11-22,50,quantile,0.45,0.0026885718412369
2025-11-22,wk inc flu prop ed visits,0,2025-11-22,50,quantile,0.5,0.00295898371192928
2025-11-22,wk inc flu prop ed visits,0,2025-11-22,50,quantile,0.55,0.00316216215083489
2025-11-22,wk inc flu prop ed visits,0,2025-11-22,50,quantile,0.6,0.00334767183529511
2025-11-22,wk inc flu prop ed visits,0,2025-11-22,50,quantile,0.65,0.0036514265101299
2025-11-22,wk inc flu prop ed visits,0,2025-11-22,50,quantile,0.7,0.00389281739405751
2025-11-22,wk inc flu prop ed visits,0,2025-11-22,50,quantile,0.75,0.00427519725681746
2025-11-22,wk inc flu prop ed visits,0,2025-11-22,50,quantile,0.8,0.00470728988369636
2025-11-22,wk inc flu prop ed visits,0,2025-11-22,50,quantile,0.85,0.00532411958414253
2025-11-22,wk inc flu prop ed visits,0,2025-11-22,50,quantile,0.9,0.00618257569036982
2025-11-22,wk inc flu prop ed visits,0,2025-11-22,50,quantile,0.95,0.00778226343116324
2025-11-22,wk inc flu prop ed visits,0,2025-11-22,50,quantile,0.975,0.00934059936171956
2025-11-22,wk inc flu prop ed visits,0,2025-11-22,50,quantile,0.99,0.011804984041867
2025-11-22,wk inc flu prop ed visits,1,2025-11-29,50,quantile,0.01,4.2191883369062e-4
2025-11-22,wk inc flu prop ed visits,1,2025-11-29,50,quantile,0.025,6.3830195019787e-4
2025-11-22,wk inc flu prop ed visits,1,2025-11-29,50,quantile,0.05,8.3921017721801e-4
2025-11-22,wk inc flu prop ed visits,1,2025-11-29,50,quantile,0.1,0.00123999767772665
2025-11-22,wk inc flu prop ed visits,1,2025-11-29,50,quantile,0.15,0.00144542361007695
2025-11-22,wk inc flu prop ed visits,1,2025-11-29,50,quantile,0.2,0.00165351508697733
2025-11-22,wk inc flu prop ed visits,1,2025-11-29,50,quantile,0.25,0.00194315640722157
2025-11-22,wk inc flu prop ed visits,1,2025-11-29,50,quantile,0.3,0.00211187045631895
2025-11-22,wk inc flu prop ed visits,1,2025-11-29,50,quantile,0.35,0.00220973623844915
2025-11-22,wk inc flu prop ed visits,1,2025-11-29,50,quantile,0.4,0.00231844528410882
2025-11-22,wk inc flu prop ed visits,1,2025-11-29,50,quantile,0.45,0.00253377797336122
2025-11-22,wk inc flu prop ed visits,1,2025-11-29,50,quantile,0.5,0.00279970986300445
2025-11-22,wk inc flu prop ed visits,1,2025-11-29,50,quantile,0.55,0.00303219306317111
2025-11-22,wk inc flu prop ed visits,1,2025-11-29,50,quantile,0.6,0.00328873138836149
2025-11-22,wk inc flu prop ed visits,1,2025-11-29,50,quantile,0.65,0.00362977265552902
2025-11-22,wk inc flu prop ed visits,1,2025-11-29,50,quantile,0.7,0.00406411898835034
2025-11-22,wk inc flu prop ed visits,1,2025-11-29,50,quantile,0.75,0.00450197945679642
2025-11-22,wk inc flu prop ed visits,1,2025-11-29,50,quantile,0.8,0.00515500515528088
2025-11-22,wk inc flu prop ed visits,1,2025-11-29,50,quantile,0.85,0.00609723208515556
2025-11-22,wk inc flu prop ed visits,1,2025-11-29,50,quantile,0.9,0.0078846716351169
2025-11-22,wk inc flu prop ed visits,1,2025-11-29,50,quantile,0.95,0.0107550244965484
2025-11-22,wk inc flu prop ed visits,1,2025-11-29,50,quantile,0.975,0.0134087126288168
2025-11-22,wk inc flu prop ed visits,1,2025-11-29,50,quantile,0.99,0.0135378322188471
2025-11-22,wk inc flu prop ed visits,2,2025-12-06,50,quantile,0.01,1.326321585761e-4
2025-11-22,wk inc flu prop ed visits,2,2025-12-06,50,quantile,0.025,4.4239790010418e-4
2025-11-22,wk inc flu prop ed visits,2,2025-12-06,50,quantile,0.05,7.2367836207911e-4
2025-11-22,wk inc flu prop ed visits,2,2025-12-06,50,quantile,0.1,0.00107592745872581
2025-11-22,wk inc flu prop ed visits,2,2025-12-06,50,quantile,0.15,0.00134879197891793
2025-11-22,wk inc flu prop ed visits,2,2025-12-06,50,quantile,0.2,0.0016978407957814101
2025-11-22,wk inc flu prop ed visits,2,2025-12-06,50,quantile,0.25,0.0019053262468569
2025-11-22,wk inc flu prop ed visits,2,2025-12-06,50,quantile,0.3,0.00197042296235315
2025-11-22,wk inc flu prop ed visits,2,2025-12-06,50,quantile,0.35,0.0022453714148453
2025-11-22,wk inc flu prop ed visits,2,2025-12-06,50,quantile,0.4,0.00243395186488069
2025-11-22,wk inc flu prop ed visits,2,2025-12-06,50,quantile,0.45,0.0027584711140621
2025-11-22,wk inc flu prop ed visits,2,2025-12-06,50,quantile,0.5,0.0030149672804159
2025-11-22,wk inc flu prop ed visits,2,2025-12-06,50,quantile,0.55,0.00336995922499106
2025-11-22,wk inc flu prop ed visits,2,2025-12-06,50,quantile,0.6,0.003675127958619
2025-11-22,wk inc flu prop ed visits,2,2025-12-06,50,quantile,0.65,0.00408701718188401
2025-11-22,wk inc flu prop ed visits,2,2025-12-06,50,quantile,0.7,0.00464295399649477
2025-11-22,wk inc flu prop ed visits,2,2025-12-06,50,quantile,0.75,0.00531092915888679
2025-11-22,wk inc flu prop ed visits,2,2025-12-06,50,quantile,0.8,0.00624902073531479
2025-11-22,wk inc flu prop ed visits,2,2025-12-06,50,quantile,0.85,0.00765168493154077
2025-11-22,wk inc flu prop ed visits,2,2025-12-06,50,quantile,0.9,0.0100290552336462
2025-11-22,wk inc flu prop ed visits,2,2025-12-06,50,quantile,0.95,0.0151117453627415
2025-11-22,wk inc flu prop ed visits,2,2025-12-06,50,quantile,0.975,0.0159229962943177
2025-11-22,wk inc flu prop ed visits,2,2025-12-06,50,quantile,0.99,0.0159229962943177
2025-11-22,wk inc flu prop ed visits,3,2025-12-13,50,quantile,0.01,3.0279970691928e-4
2025-11-22,wk inc flu prop ed visits,3,2025-12-13,50,quantile,0.025,4.8502821326173e-4
2025-11-22,wk inc flu prop ed visits,3,2025-12-13,50,quantile,0.05,6.8399439548424e-4
2025-11-22,wk inc flu prop ed visits,3,2025-12-13,50,quantile,0.1,0.00107983836070833
2025-11-22,wk inc flu prop ed visits,3,2025-12-13,50,quantile,0.15,0.00139392845434668
2025-11-22,wk inc flu prop ed visits,3,2025-12-13,50,quantile,0.2,0.00153689681936844
2025-11-22,wk inc flu prop ed visits,3,2025-12-13,50,quantile,0.25,0.00164026697261581
2025-11-22,wk inc flu prop ed visits,3,2025-12-13,50,quantile,0.3,0.00202553325701612
2025-11-22,wk inc flu prop ed visits,3,2025-12-13,50,quantile,0.35,0.00236454442650706
2025-11-22,wk inc flu prop ed visits,3,2025-12-13,50,quantile,0.4,0.00265644165092017
2025-11-22,wk inc flu prop ed visits,3,2025-12-13,50,quantile,0.45,0.00307371550252303
2025-11-22,wk inc flu prop ed visits,3,2025-12-13,50,quantile,0.5,0.00339006509612855
2025-11-22,wk inc flu prop ed visits,3,2025-12-13,50,quantile,0.55,0.0038533610975248
2025-11-22,wk inc flu prop ed visits,3,2025-12-13,50,quantile,0.6,0.00424546082192587
2025-11-22,wk inc flu prop ed visits,3,2025-12-13,50,quantile,0.65,0.00482061585192998
2025-11-22,wk inc flu prop ed visits,3,2025-12-13,50,quantile,0.7,0.00550077650295389
2025-11-22,wk inc flu prop ed visits,3,2025-12-13,50,quantile,0.75,0.0063766287870164
2025-11-22,wk inc flu prop ed visits,3,2025-12-13,50,quantile,0.8,0.00787426302002792
2025-11-22,wk inc flu prop ed visits,3,2025-12-13,50,quantile,0.85,0.0103450996240314
2025-11-22,wk inc flu prop ed visits,3,2025-12-13,50,quantile,0.9,0.0141357615403618
2025-11-22,wk inc flu prop ed visits,3,2025-12-13,50,quantile,0.95,0.0202166348693473
2025-11-22,wk inc flu prop ed visits,3,2025-12-13,50,quantile,0.975,0.0202166348693473
2025-11-22,wk inc flu prop ed visits,3,2025-12-13,50,quantile,0.99,0.0202166348693473
2025-11-22,wk inc flu prop ed visits,0,2025-11-22,51,quantile,0.01,0.00253081031224137
2025-11-22,wk inc flu prop ed visits,0,2025-11-22,51,quantile,0.025,0.00256270485209074
2025-11-22,wk inc flu prop ed visits,0,2025-11-22,51,quantile,0.05,0.00293854787764397
2025-11-22,wk inc flu prop ed visits,0,2025-11-22,51,quantile,0.1,0.00316072602887917
2025-11-22,wk inc flu prop ed visits,0,2025-11-22,51,quantile,0.15,0.00363957147615507
2025-11-22,wk inc flu prop ed visits,0,2025-11-22,51,quantile,0.2,0.00380698523846354
2025-11-22,wk inc flu prop ed visits,0,2025-11-22,51,quantile,0.25,0.00380698572095596
2025-11-22,wk inc flu prop ed visits,0,2025-11-22,51,quantile,0.3,0.00409814763216063
2025-11-22,wk inc flu prop ed visits,0,2025-11-22,51,quantile,0.35,0.00427439664409883
2025-11-22,wk inc flu prop ed visits,0,2025-11-22,51,quantile,0.4,0.0044495215988361
2025-11-22,wk inc flu prop ed visits,0,2025-11-22,51,quantile,0.45,0.00458199572694366
2025-11-22,wk inc flu prop ed visits,0,2025-11-22,51,quantile,0.5,0.00475859724380932
2025-11-22,wk inc flu prop ed visits,0,2025-11-22,51,quantile,0.55,0.0048858727839623
2025-11-22,wk inc flu prop ed visits,0,2025-11-22,51,quantile,0.6,0.00502212458881651
2025-11-22,wk inc flu prop ed visits,0,2025-11-22,51,quantile,0.65,0.00522688147702876
2025-11-22,wk inc flu prop ed visits,0,2025-11-22,51,quantile,0.7,0.00537580025086662
2025-11-22,wk inc flu prop ed visits,0,2025-11-22,51,quantile,0.75,0.0056143368367857
2025-11-22,wk inc flu prop ed visits,0,2025-11-22,51,quantile,0.8,0.00588918542113798
2025-11-22,wk inc flu prop ed visits,0,2025-11-22,51,quantile,0.85,0.00625806290997997
2025-11-22,wk inc flu prop ed visits,0,2025-11-22,51,quantile,0.9,0.00674850559231761
2025-11-22,wk inc flu prop ed visits,0,2025-11-22,51,quantile,0.95,0.00761536308088372
2025-11-22,wk inc flu prop ed visits,0,2025-11-22,51,quantile,0.975,0.00848083991769488
2025-11-22,wk inc flu prop ed visits,0,2025-11-22,51,quantile,0.99,0.00961391705594485
2025-11-22,wk inc flu prop ed visits,1,2025-11-29,51,quantile,0.01,0.00199136492590115
2025-11-22,wk inc flu prop ed visits,1,2025-11-29,51,quantile,0.025,0.00228528627580423
2025-11-22,wk inc flu prop ed visits,1,2025-11-29,51,quantile,0.05,0.00255607613553771
2025-11-22,wk inc flu prop ed visits,1,2025-11-29,51,quantile,0.1,0.00299117157668438
2025-11-22,wk inc flu prop ed visits,1,2025-11-29,51,quantile,0.15,0.00317045634278357
2025-11-22,wk inc flu prop ed visits,1,2025-11-29,51,quantile,0.2,0.00337784770944662
2025-11-22,wk inc flu prop ed visits,1,2025-11-29,51,quantile,0.25,0.00364118474794327
2025-11-22,wk inc flu prop ed visits,1,2025-11-29,51,quantile,0.3,0.00378781101390123
2025-11-22,wk inc flu prop ed visits,1,2025-11-29,51,quantile,0.35,0.00386162443902561
2025-11-22,wk inc flu prop ed visits,1,2025-11-29,51,quantile,0.4,0.00397095195206118
2025-11-22,wk inc flu prop ed visits,1,2025-11-29,51,quantile,0.45,0.00414832521793169
2025-11-22,wk inc flu prop ed visits,1,2025-11-29,51,quantile,0.5,0.00434860024680385
2025-11-22,wk inc flu prop ed visits,1,2025-11-29,51,quantile,0.55,0.00454441732586558
2025-11-22,wk inc flu prop ed visits,1,2025-11-29,51,quantile,0.6,0.00475339666482282
2025-11-22,wk inc flu prop ed visits,1,2025-11-29,51,quantile,0.65,0.00500729673870247
2025-11-22,wk inc flu prop ed visits,1,2025-11-29,51,quantile,0.7,0.00532561931726918
2025-11-22,wk inc flu prop ed visits,1,2025-11-29,51,quantile,0.75,0.00564717609787704
2025-11-22,wk inc flu prop ed visits,1,2025-11-29,51,quantile,0.8,0.00610681752919719
2025-11-22,wk inc flu prop ed visits,1,2025-11-29,51,quantile,0.85,0.0067402755599302
2025-11-22,wk inc flu prop ed visits,1,2025-11-29,51,quantile,0.9,0.0079834105052863
2025-11-22,wk inc flu prop ed visits,1,2025-11-29,51,quantile,0.95,0.00979705330455417
2025-11-22,wk inc flu prop ed visits,1,2025-11-29,51,quantile,0.975,0.0117126332791375
2025-11-22,wk inc flu prop ed visits,1,2025-11-29,51,quantile,0.99,0.0118117184120179
2025-11-22,wk inc flu prop ed visits,2,2025-12-06,51,quantile,0.01,0.0014777498653818
2025-11-22,wk inc flu prop ed visits,2,2025-12-06,51,quantile,0.025,0.00194330548515846
2025-11-22,wk inc flu prop ed visits,2,2025-12-06,51,quantile,0.05,0.00232312250043458
2025-11-22,wk inc flu prop ed visits,2,2025-12-06,51,quantile,0.1,0.00270334970724567
2025-11-22,wk inc flu prop ed visits,2,2025-12-06,51,quantile,0.15,0.00296465690926631
2025-11-22,wk inc flu prop ed visits,2,2025-12-06,51,quantile,0.2,0.00327000883835538
2025-11-22,wk inc flu prop ed visits,2,2025-12-06,51,quantile,0.25,0.00347993025941267
2025-11-22,wk inc flu prop ed visits,2,2025-12-06,51,quantile,0.3,0.00353263639714985
2025-11-22,wk inc flu prop ed visits,2,2025-12-06,51,quantile,0.35,0.00376795005292981
2025-11-22,wk inc flu prop ed visits,2,2025-12-06,51,quantile,0.4,0.00395342825958434
2025-11-22,wk inc flu prop ed visits,2,2025-12-06,51,quantile,0.45,0.00421145062295476
2025-11-22,wk inc flu prop ed visits,2,2025-12-06,51,quantile,0.5,0.0044212499589218
2025-11-22,wk inc flu prop ed visits,2,2025-12-06,51,quantile,0.55,0.00469315967784371
2025-11-22,wk inc flu prop ed visits,2,2025-12-06,51,quantile,0.6,0.00496628459546246
2025-11-22,wk inc flu prop ed visits,2,2025-12-06,51,quantile,0.65,0.00528831189618134
2025-11-22,wk inc flu prop ed visits,2,2025-12-06,51,quantile,0.7,0.00572528567699789
2025-11-22,wk inc flu prop ed visits,2,2025-12-06,51,quantile,0.75,0.00622651242937259
2025-11-22,wk inc flu prop ed visits,2,2025-12-06,51,quantile,0.8,0.00690056482161628
2025-11-22,wk inc flu prop ed visits,2,2025-12-06,51,quantile,0.85,0.00794007441901558
2025-11-22,wk inc flu prop ed visits,2,2025-12-06,51,quantile,0.9,0.00979154049125182
2025-11-22,wk inc flu prop ed visits,2,2025-12-06,51,quantile,0.95,0.0132954554456909
2025-11-22,wk inc flu prop ed visits,2,2025-12-06,51,quantile,0.975,0.0139179652388119
2025-11-22,wk inc flu prop ed visits,2,2025-12-06,51,quantile,0.99,0.0139179652388119
2025-11-22,wk inc flu prop ed visits,3,2025-12-13,51,quantile,0.01,0.00147655640730845
2025-11-22,wk inc flu prop ed visits,3,2025-12-13,51,quantile,0.025,0.00192175331994734
2025-11-22,wk inc flu prop ed visits,3,2025-12-13,51,quantile,0.05,0.00233732715866276
2025-11-22,wk inc flu prop ed visits,3,2025-12-13,51,quantile,0.1,0.00291298170669242
2025-11-22,wk inc flu prop ed visits,3,2025-12-13,51,quantile,0.15,0.0032510587536171
2025-11-22,wk inc flu prop ed visits,3,2025-12-13,51,quantile,0.2,0.00342817544726138
2025-11-22,wk inc flu prop ed visits,3,2025-12-13,51,quantile,0.25,0.00351480373707258
2025-11-22,wk inc flu prop ed visits,3,2025-12-13,51,quantile,0.3,0.00390785279640732
2025-11-22,wk inc flu prop ed visits,3,2025-12-13,51,quantile,0.35,0.00421277750912323
2025-11-22,wk inc flu prop ed visits,3,2025-12-13,51,quantile,0.4,0.00450995626355176
2025-11-22,wk inc flu prop ed visits,3,2025-12-13,51,quantile,0.45,0.00487185915015395
2025-11-22,wk inc flu prop ed visits,3,2025-12-13,51,quantile,0.5,0.00515307484737058
2025-11-22,wk inc flu prop ed visits,3,2025-12-13,51,quantile,0.55,0.0054982706536724
2025-11-22,wk inc flu prop ed visits,3,2025-12-13,51,quantile,0.6,0.00588035520880363
2025-11-22,wk inc flu prop ed visits,3,2025-12-13,51,quantile,0.65,0.00636663286915282
2025-11-22,wk inc flu prop ed visits,3,2025-12-13,51,quantile,0.7,0.00693460456836845
2025-11-22,wk inc flu prop ed visits,3,2025-12-13,51,quantile,0.75,0.00769273652175895
2025-11-22,wk inc flu prop ed visits,3,2025-12-13,51,quantile,0.8,0.00882572716686518
2025-11-22,wk inc flu prop ed visits,3,2025-12-13,51,quantile,0.85,0.0107876272128951
2025-11-22,wk inc flu prop ed visits,3,2025-12-13,51,quantile,0.9,0.0136537478769694
2025-11-22,wk inc flu prop ed visits,3,2025-12-13,51,quantile,0.95,0.018327601967778
2025-11-22,wk inc flu prop ed visits,3,2025-12-13,51,quantile,0.975,0.018327601967778
2025-11-22,wk inc flu prop ed visits,3,2025-12-13,51,quantile,0.99,0.018327601967778
2025-11-22,wk inc flu prop ed visits,0,2025-11-22,53,quantile,0.01,0.00262529110880887
2025-11-22,wk inc flu prop ed visits,0,2025-11-22,53,quantile,0.025,0.00265643790218842
2025-11-22,wk inc flu prop ed visits,0,2025-11-22,53,quantile,0.05,0.00302324496007808
2025-11-22,wk inc flu prop ed visits,0,2025-11-22,53,quantile,0.1,0.00323820301512323
2025-11-22,wk inc flu prop ed visits,0,2025-11-22,53,quantile,0.15,0.00369321146278306
2025-11-22,wk inc flu prop ed visits,0,2025-11-22,53,quantile,0.2,0.00384605037187784
2025-11-22,wk inc flu prop ed visits,0,2025-11-22,53,quantile,0.25,0.00384605091087751
2025-11-22,wk inc flu prop ed visits,0,2025-11-22,53,quantile,0.3,0.00411262535457477
2025-11-22,wk inc flu prop ed visits,0,2025-11-22,53,quantile,0.35,0.00427859414253087
2025-11-22,wk inc flu prop ed visits,0,2025-11-22,53,quantile,0.4,0.00443674505041993
2025-11-22,wk inc flu prop ed visits,0,2025-11-22,53,quantile,0.45,0.00455936505702801
2025-11-22,wk inc flu prop ed visits,0,2025-11-22,53,quantile,0.5,0.00472331359338749
2025-11-22,wk inc flu prop ed visits,0,2025-11-22,53,quantile,0.55,0.00483723446931116
2025-11-22,wk inc flu prop ed visits,0,2025-11-22,53,quantile,0.6,0.00496364898586914
2025-11-22,wk inc flu prop ed visits,0,2025-11-22,53,quantile,0.65,0.00514745339345432
2025-11-22,wk inc flu prop ed visits,0,2025-11-22,53,quantile,0.7,0.00528460996294805
2025-11-22,wk inc flu prop ed visits,0,2025-11-22,53,quantile,0.75,0.00549109581023381
2025-11-22,wk inc flu prop ed visits,0,2025-11-22,53,quantile,0.8,0.00573614732606565
2025-11-22,wk inc flu prop ed visits,0,2025-11-22,53,quantile,0.85,0.0060647663614905
2025-11-22,wk inc flu prop ed visits,0,2025-11-22,53,quantile,0.9,0.00649785569900956
2025-11-22,wk inc flu prop ed visits,0,2025-11-22,53,quantile,0.95,0.00726029552314255
2025-11-22,wk inc flu prop ed visits,0,2025-11-22,53,quantile,0.975,0.00801982805978692
2025-11-22,wk inc flu prop ed visits,0,2025-11-22,53,quantile,0.99,0.00897782214242145
2025-11-22,wk inc flu prop ed visits,1,2025-11-29,53,quantile,0.01,0.00213249036569781
2025-11-22,wk inc flu prop ed visits,1,2025-11-29,53,quantile,0.025,0.00241557904253613
2025-11-22,wk inc flu prop ed visits,1,2025-11-29,53,quantile,0.05,0.00267633494878413
2025-11-22,wk inc flu prop ed visits,1,2025-11-29,53,quantile,0.1,0.00309493218687799
2025-11-22,wk inc flu prop ed visits,1,2025-11-29,53,quantile,0.15,0.00326391701614926
2025-11-22,wk inc flu prop ed visits,1,2025-11-29,53,quantile,0.2,0.00346383195873693
2025-11-22,wk inc flu prop ed visits,1,2025-11-29,53,quantile,0.25,0.00371970917526493
2025-11-22,wk inc flu prop ed visits,1,2025-11-29,53,quantile,0.3,0.00386026238514585
2025-11-22,wk inc flu prop ed visits,1,2025-11-29,53,quantile,0.35,0.00392968241428967
2025-11-22,wk inc flu prop ed visits,1,2025-11-29,53,quantile,0.4,0.00403869688339788
2025-11-22,wk inc flu prop ed visits,1,2025-11-29,53,quantile,0.45,0.00421058210815375
2025-11-22,wk inc flu prop ed visits,1,2025-11-29,53,quantile,0.5,0.00440037152714265
2025-11-22,wk inc flu prop ed visits,1,2025-11-29,53,quantile,0.55,0.00459093901774463
2025-11-22,wk inc flu prop ed visits,1,2025-11-29,53,quantile,0.6,0.00479130640616898
2025-11-22,wk inc flu prop ed visits,1,2025-11-29,53,quantile,0.65,0.00503494211651695
2025-11-22,wk inc flu prop ed visits,1,2025-11-29,53,quantile,0.7,0.00533479257657001
2025-11-22,wk inc flu prop ed visits,1,2025-11-29,53,quantile,0.75,0.00563830012219807
2025-11-22,wk inc flu prop ed visits,1,2025-11-29,53,quantile,0.8,0.00607510103806236
2025-11-22,wk inc flu prop ed visits,1,2025-11-29,53,quantile,0.85,0.00666831497157105
2025-11-22,wk inc flu prop ed visits,1,2025-11-29,53,quantile,0.9,0.00781652368774048
2025-11-22,wk inc flu prop ed visits,1,2025-11-29,53,quantile,0.95,0.00948748212221497
2025-11-22,wk inc flu prop ed visits,1,2025-11-29,53,quantile,0.975,0.0112610205745315
2025-11-22,wk inc flu prop ed visits,1,2025-11-29,53,quantile,0.99,0.0113537148764203
2025-11-22,wk inc flu prop ed visits,2,2025-12-06,53,quantile,0.01,0.00167239396011043
2025-11-22,wk inc flu prop ed visits,2,2025-12-06,53,quantile,0.025,0.0021353654238091
2025-11-22,wk inc flu prop ed visits,2,2025-12-06,53,quantile,0.05,0.00250872471656508
2025-11-22,wk inc flu prop ed visits,2,2025-12-06,53,quantile,0.1,0.00287837055788415
2025-11-22,wk inc flu prop ed visits,2,2025-12-06,53,quantile,0.15,0.00313106212650998
2025-11-22,wk inc flu prop ed visits,2,2025-12-06,53,quantile,0.2,0.00342990323340304
2025-11-22,wk inc flu prop ed visits,2,2025-12-06,53,quantile,0.25,0.0036358903468536
2025-11-22,wk inc flu prop ed visits,2,2025-12-06,53,quantile,0.3,0.00368611935202504
2025-11-22,wk inc flu prop ed visits,2,2025-12-06,53,quantile,0.35,0.00391490997528194
2025-11-22,wk inc flu prop ed visits,2,2025-12-06,53,quantile,0.4,0.00410212942197978
2025-11-22,wk inc flu prop ed visits,2,2025-12-06,53,quantile,0.45,0.00435325831140884
2025-11-22,wk inc flu prop ed visits,2,2025-12-06,53,quantile,0.5,0.00455408921221609
2025-11-22,wk inc flu prop ed visits,2,2025-12-06,53,quantile,0.55,0.00481950362066965
2025-11-22,wk inc flu prop ed visits,2,2025-12-06,53,quantile,0.6,0.00508366351342841
2025-11-22,wk inc flu prop ed visits,2,2025-12-06,53,quantile,0.65,0.00539906925526064
2025-11-22,wk inc flu prop ed visits,2,2025-12-06,53,quantile,0.7,0.00581804185247137
2025-11-22,wk inc flu prop ed visits,2,2025-12-06,53,quantile,0.75,0.00630018750890661
2025-11-22,wk inc flu prop ed visits,2,2025-12-06,53,quantile,0.8,0.006949620244949
2025-11-22,wk inc flu prop ed visits,2,2025-12-06,53,quantile,0.85,0.00793371117214394
2025-11-22,wk inc flu prop ed visits,2,2025-12-06,53,quantile,0.9,0.0096947228770979
2025-11-22,wk inc flu prop ed visits,2,2025-12-06,53,quantile,0.95,0.0129773906060323
2025-11-22,wk inc flu prop ed visits,2,2025-12-06,53,quantile,0.975,0.0135664528212596
2025-11-22,wk inc flu prop ed visits,2,2025-12-06,53,quantile,0.99,0.0135664528212596
2025-11-22,wk inc flu prop ed visits,3,2025-12-13,53,quantile,0.01,0.00162644154266983
2025-11-22,wk inc flu prop ed visits,3,2025-12-13,53,quantile,0.025,0.00210284859084196
2025-11-22,wk inc flu prop ed visits,3,2025-12-13,53,quantile,0.05,0.00252859460612559
2025-11-22,wk inc flu prop ed visits,3,2025-12-13,53,quantile,0.1,0.00311848315511791
2025-11-22,wk inc flu prop ed visits,3,2025-12-13,53,quantile,0.15,0.00344975326385915
2025-11-22,wk inc flu prop ed visits,3,2025-12-13,53,quantile,0.2,0.00362385731683013
2025-11-22,wk inc flu prop ed visits,3,2025-12-13,53,quantile,0.25,0.00370494523757857
2025-11-22,wk inc flu prop ed visits,3,2025-12-13,53,quantile,0.3,0.00409133485878033
2025-11-22,wk inc flu prop ed visits,3,2025-12-13,53,quantile,0.35,0.00438452858654802
2025-11-22,wk inc flu prop ed visits,3,2025-12-13,53,quantile,0.4,0.00467372960678487
2025-11-22,wk inc flu prop ed visits,3,2025-12-13,53,quantile,0.45,0.00502045291178744
2025-11-22,wk inc flu prop ed visits,3,2025-12-13,53,quantile,0.5,0.0052999643462038
2025-11-22,wk inc flu prop ed visits,3,2025-12-13,53,quantile,0.55,0.00562384493936319
2025-11-22,wk inc flu prop ed visits,3,2025-12-13,53,quantile,0.6,0.00599561274039686
2025-11-22,wk inc flu prop ed visits,3,2025-12-13,53,quantile,0.65,0.00646793844694231
2025-11-22,wk inc flu prop ed visits,3,2025-12-13,53,quantile,0.7,0.00700816407981423
2025-11-22,wk inc flu prop ed visits,3,2025-12-13,53,quantile,0.75,0.00774094146792081
2025-11-22,wk inc flu prop ed visits,3,2025-12-13,53,quantile,0.8,0.00881845231045287
2025-11-22,wk inc flu prop ed visits,3,2025-12-13,53,quantile,0.85,0.0106619201872424
2025-11-22,wk inc flu prop ed visits,3,2025-12-13,53,quantile,0.9,0.0133984928295135
2025-11-22,wk inc flu prop ed visits,3,2025-12-13,53,quantile,0.95,0.0177925966853876
2025-11-22,wk inc flu prop ed visits,3,2025-12-13,53,quantile,0.975,0.0177925966853876
2025-11-22,wk inc flu prop ed visits,3,2025-12-13,53,quantile,0.99,0.0177925966853876
2025-11-22,wk inc flu prop ed visits,0,2025-11-22,54,quantile,0.01,5.5457552571641e-4
2025-11-22,wk inc flu prop ed visits,0,2025-11-22,54,quantile,0.025,5.6552953826943e-4
2025-11-22,wk inc flu prop ed visits,0,2025-11-22,54,quantile,0.05,6.9388983660385e-4
2025-11-22,wk inc flu prop ed visits,0,2025-11-22,54,quantile,0.1,7.6217011198965e-4
2025-11-22,wk inc flu prop ed visits,0,2025-11-22,54,quantile,0.15,9.7244493979543e-4
2025-11-22,wk inc flu prop ed visits,0,2025-11-22,54,quantile,0.2,0.00106524479587463
2025-11-22,wk inc flu prop ed visits,0,2025-11-22,54,quantile,0.25,0.00106524483381571
2025-11-22,wk inc flu prop ed visits,0,2025-11-22,54,quantile,0.3,0.00121268441557959
2025-11-22,wk inc flu prop ed visits,0,2025-11-22,54,quantile,0.35,0.0013058676327893
2025-11-22,wk inc flu prop ed visits,0,2025-11-22,54,quantile,0.4,0.00141952905348436
2025-11-22,wk inc flu prop ed visits,0,2025-11-22,54,quantile,0.45,0.00148193448151859
2025-11-22,wk inc flu prop ed visits,0,2025-11-22,54,quantile,0.5,0.00160194209474767
2025-11-22,wk inc flu prop ed visits,0,2025-11-22,54,quantile,0.55,0.00168033830796529
2025-11-22,wk inc flu prop ed visits,0,2025-11-22,54,quantile,0.6,0.00176078667569934
2025-11-22,wk inc flu prop ed visits,0,2025-11-22,54,quantile,0.65,0.00189039573058626
2025-11-22,wk inc flu prop ed visits,0,2025-11-22,54,quantile,0.7,0.00199306426178518
2025-11-22,wk inc flu prop ed visits,0,2025-11-22,54,quantile,0.75,0.0021418661377492
2025-11-22,wk inc flu prop ed visits,0,2025-11-22,54,quantile,0.8,0.00232594166039813
2025-11-22,wk inc flu prop ed visits,0,2025-11-22,54,quantile,0.85,0.00258017686285297
2025-11-22,wk inc flu prop ed visits,0,2025-11-22,54,quantile,0.9,0.00292878786617315
2025-11-22,wk inc flu prop ed visits,0,2025-11-22,54,quantile,0.95,0.00355332808436111
2025-11-22,wk inc flu prop ed visits,0,2025-11-22,54,quantile,0.975,0.00416237679349143
2025-11-22,wk inc flu prop ed visits,0,2025-11-22,54,quantile,0.99,0.00510416587660616
2025-11-22,wk inc flu prop ed visits,1,2025-11-29,54,quantile,0.01,4.2700764712964e-4
2025-11-22,wk inc flu prop ed visits,1,2025-11-29,54,quantile,0.025,5.3897659903093e-4
2025-11-22,wk inc flu prop ed visits,1,2025-11-29,54,quantile,0.05,6.3913684657161e-4
2025-11-22,wk inc flu prop ed visits,1,2025-11-29,54,quantile,0.1,8.3475088190037e-4
2025-11-22,wk inc flu prop ed visits,1,2025-11-29,54,quantile,0.15,9.2705119706206e-4
2025-11-22,wk inc flu prop ed visits,1,2025-11-29,54,quantile,0.2,0.001023456114152
2025-11-22,wk inc flu prop ed visits,1,2025-11-29,54,quantile,0.25,0.00115626477050693
2025-11-22,wk inc flu prop ed visits,1,2025-11-29,54,quantile,0.3,0.00122812174434581
2025-11-22,wk inc flu prop ed visits,1,2025-11-29,54,quantile,0.35,0.00126820262847517
2025-11-22,wk inc flu prop ed visits,1,2025-11-29,54,quantile,0.4,0.00132338620117747
2025-11-22,wk inc flu prop ed visits,1,2025-11-29,54,quantile,0.45,0.00142108060422502
2025-11-22,wk inc flu prop ed visits,1,2025-11-29,54,quantile,0.5,0.00153302966196626
2025-11-22,wk inc flu prop ed visits,1,2025-11-29,54,quantile,0.55,0.00164313859824417
2025-11-22,wk inc flu prop ed visits,1,2025-11-29,54,quantile,0.6,0.00175734896893862
2025-11-22,wk inc flu prop ed visits,1,2025-11-29,54,quantile,0.65,0.001910200579521
2025-11-22,wk inc flu prop ed visits,1,2025-11-29,54,quantile,0.7,0.00210225310791738
2025-11-22,wk inc flu prop ed visits,1,2025-11-29,54,quantile,0.75,0.00229766380802942
2025-11-22,wk inc flu prop ed visits,1,2025-11-29,54,quantile,0.8,0.00257857507943776
2025-11-22,wk inc flu prop ed visits,1,2025-11-29,54,quantile,0.85,0.00298621971175716
2025-11-22,wk inc flu prop ed visits,1,2025-11-29,54,quantile,0.9,0.0037707596964776
2025-11-22,wk inc flu prop ed visits,1,2025-11-29,54,quantile,0.95,0.00501879330469952
2025-11-22,wk inc flu prop ed visits,1,2025-11-29,54,quantile,0.975,0.00617035611086445
2025-11-22,wk inc flu prop ed visits,1,2025-11-29,54,quantile,0.99,0.00622743724279462
2025-11-22,wk inc flu prop ed visits,2,2025-12-06,54,quantile,0.01,3.1507902231074e-4
2025-11-22,wk inc flu prop ed visits,2,2025-12-06,54,quantile,0.025,4.9384940252536e-4
2025-11-22,wk inc flu prop ed visits,2,2025-12-06,54,quantile,0.05,6.4531261074118e-4
2025-11-22,wk inc flu prop ed visits,2,2025-12-06,54,quantile,0.1,8.1413247178021e-4
2025-11-22,wk inc flu prop ed visits,2,2025-12-06,54,quantile,0.15,9.3723797977679e-4
2025-11-22,wk inc flu prop ed visits,2,2025-12-06,54,quantile,0.2,0.00108493675683288
2025-11-22,wk inc flu prop ed visits,2,2025-12-06,54,quantile,0.25,0.00118178267819083
2025-11-22,wk inc flu prop ed visits,2,2025-12-06,54,quantile,0.3,0.00120921970603884
2025-11-22,wk inc flu prop ed visits,2,2025-12-06,54,quantile,0.35,0.00132293370347435
2025-11-22,wk inc flu prop ed visits,2,2025-12-06,54,quantile,0.4,0.0014121643650124
2025-11-22,wk inc flu prop ed visits,2,2025-12-06,54,quantile,0.45,0.00155019858372373
2025-11-22,wk inc flu prop ed visits,2,2025-12-06,54,quantile,0.5,0.00165895294709346
2025-11-22,wk inc flu prop ed visits,2,2025-12-06,54,quantile,0.55,0.00180915380735801
2025-11-22,wk inc flu prop ed visits,2,2025-12-06,54,quantile,0.6,0.00194711972894328
2025-11-22,wk inc flu prop ed visits,2,2025-12-06,54,quantile,0.65,0.00212358126420201
2025-11-22,wk inc flu prop ed visits,2,2025-12-06,54,quantile,0.7,0.00237056869630237
2025-11-22,wk inc flu prop ed visits,2,2025-12-06,54,quantile,0.75,0.00266136489381302
2025-11-22,wk inc flu prop ed visits,2,2025-12-06,54,quantile,0.8,0.00306056449252588
2025-11-22,wk inc flu prop ed visits,2,2025-12-06,54,quantile,0.85,0.00365841190932468
2025-11-22,wk inc flu prop ed visits,2,2025-12-06,54,quantile,0.9,0.00469232699304448
2025-11-22,wk inc flu prop ed visits,2,2025-12-06,54,quantile,0.95,0.00676774977396252
2025-11-22,wk inc flu prop ed visits,2,2025-12-06,54,quantile,0.975,0.0071000920280145
2025-11-22,wk inc flu prop ed visits,2,2025-12-06,54,quantile,0.99,0.0071000920280145
2025-11-22,wk inc flu prop ed visits,3,2025-12-13,54,quantile,0.01,3.4787317684561e-4
2025-11-22,wk inc flu prop ed visits,3,2025-12-13,54,quantile,0.025,5.0315703431161e-4
2025-11-22,wk inc flu prop ed visits,3,2025-12-13,54,quantile,0.05,6.4545042946592e-4
2025-11-22,wk inc flu prop ed visits,3,2025-12-13,54,quantile,0.1,8.8039096853147e-4
2025-11-22,wk inc flu prop ed visits,3,2025-12-13,54,quantile,0.15,0.00103048312731288
2025-11-22,wk inc flu prop ed visits,3,2025-12-13,54,quantile,0.2,0.0011043188223103
2025-11-22,wk inc flu prop ed visits,3,2025-12-13,54,quantile,0.25,0.00114752228588124
2025-11-22,wk inc flu prop ed visits,3,2025-12-13,54,quantile,0.3,0.00133349941730318
2025-11-22,wk inc flu prop ed visits,3,2025-12-13,54,quantile,0.35,0.00147849240795199
2025-11-22,wk inc flu prop ed visits,3,2025-12-13,54,quantile,0.4,0.00162072276245561
2025-11-22,wk inc flu prop ed visits,3,2025-12-13,54,quantile,0.45,0.00181130732129234
2025-11-22,wk inc flu prop ed visits,3,2025-12-13,54,quantile,0.5,0.0019490301873203
2025-11-22,wk inc flu prop ed visits,3,2025-12-13,54,quantile,0.55,0.00214282333526374
2025-11-22,wk inc flu prop ed visits,3,2025-12-13,54,quantile,0.6,0.00232976551340305
2025-11-22,wk inc flu prop ed visits,3,2025-12-13,54,quantile,0.65,0.00258869920817168
2025-11-22,wk inc flu prop ed visits,3,2025-12-13,54,quantile,0.7,0.00290572026313519
2025-11-22,wk inc flu prop ed visits,3,2025-12-13,54,quantile,0.75,0.00331822418474493
2025-11-22,wk inc flu prop ed visits,3,2025-12-13,54,quantile,0.8,0.00396860287400731
2025-11-22,wk inc flu prop ed visits,3,2025-12-13,54,quantile,0.85,0.00503507690362681
2025-11-22,wk inc flu prop ed visits,3,2025-12-13,54,quantile,0.9,0.00669496474060444
2025-11-22,wk inc flu prop ed visits,3,2025-12-13,54,quantile,0.95,0.00922101215808961
2025-11-22,wk inc flu prop ed visits,3,2025-12-13,54,quantile,0.975,0.00922101215808961
2025-11-22,wk inc flu prop ed visits,3,2025-12-13,54,quantile,0.99,0.00922101215808961
2025-11-22,wk inc flu prop ed visits,0,2025-11-22,55,quantile,0.01,9.1030581484831e-4
2025-11-22,wk inc flu prop ed visits,0,2025-11-22,55,quantile,0.025,9.2371355674446e-4
2025-11-22,wk inc flu prop ed visits,0,2025-11-22,55,quantile,0.05,0.00108102061109656
2025-11-22,wk inc flu prop ed visits,0,2025-11-22,55,quantile,0.1,0.00116744315822876
2025-11-22,wk inc flu prop ed visits,0,2025-11-22,55,quantile,0.15,0.0013815526538731
2025-11-22,wk inc flu prop ed visits,0,2025-11-22,55,quantile,0.2,0.00146259089796422
2025-11-22,wk inc flu prop ed visits,0,2025-11-22,55,quantile,0.25,0.00146259129540079
2025-11-22,wk inc flu prop ed visits,0,2025-11-22,55,quantile,0.3,0.00159774250016841
2025-11-22,wk inc flu prop ed visits,0,2025-11-22,55,quantile,0.35,0.00168500624544967
2025-11-22,wk inc flu prop ed visits,0,2025-11-22,55,quantile,0.4,0.0017778997763832
2025-11-22,wk inc flu prop ed visits,0,2025-11-22,55,quantile,0.45,0.00183870878116787
2025-11-22,wk inc flu prop ed visits,0,2025-11-22,55,quantile,0.5,0.00193383179990676
2025-11-22,wk inc flu prop ed visits,0,2025-11-22,55,quantile,0.55,0.00199597262167769
2025-11-22,wk inc flu prop ed visits,0,2025-11-22,55,quantile,0.6,0.00206626945045728
2025-11-22,wk inc flu prop ed visits,0,2025-11-22,55,quantile,0.65,0.00217053128856556
2025-11-22,wk inc flu prop ed visits,0,2025-11-22,55,quantile,0.7,0.00224979764175855
2025-11-22,wk inc flu prop ed visits,0,2025-11-22,55,quantile,0.75,0.00236303546680613
2025-11-22,wk inc flu prop ed visits,0,2025-11-22,55,quantile,0.8,0.00250186108113176
2025-11-22,wk inc flu prop ed visits,0,2025-11-22,55,quantile,0.85,0.0026917812306379
2025-11-22,wk inc flu prop ed visits,0,2025-11-22,55,quantile,0.9,0.002945363178808
2025-11-22,wk inc flu prop ed visits,0,2025-11-22,55,quantile,0.95,0.00338575658872418
2025-11-22,wk inc flu prop ed visits,0,2025-11-22,55,quantile,0.975,0.0038276357783877
2025-11-22,wk inc flu prop ed visits,0,2025-11-22,55,quantile,0.99,0.00443222976128583
2025-11-22,wk inc flu prop ed visits,1,2025-11-29,55,quantile,0.01,7.6163815473784e-4
2025-11-22,wk inc flu prop ed visits,1,2025-11-29,55,quantile,0.025,8.8846275000401e-4
2025-11-22,wk inc flu prop ed visits,1,2025-11-29,55,quantile,0.05,0.00100460314102786
2025-11-22,wk inc flu prop ed visits,1,2025-11-29,55,quantile,0.1,0.00120644384543788
2025-11-22,wk inc flu prop ed visits,1,2025-11-29,55,quantile,0.15,0.00129145430952637
2025-11-22,wk inc flu prop ed visits,1,2025-11-29,55,quantile,0.2,0.00138811983152504
2025-11-22,wk inc flu prop ed visits,1,2025-11-29,55,quantile,0.25,0.00151717790394877
2025-11-22,wk inc flu prop ed visits,1,2025-11-29,55,quantile,0.3,0.00158782920557438
2025-11-22,wk inc flu prop ed visits,1,2025-11-29,55,quantile,0.35,0.00162342392141406
2025-11-22,wk inc flu prop ed visits,1,2025-11-29,55,quantile,0.4,0.00167900531826454
2025-11-22,wk inc flu prop ed visits,1,2025-11-29,55,quantile,0.45,0.00176845380357073
2025-11-22,wk inc flu prop ed visits,1,2025-11-29,55,quantile,0.5,0.00186747518270146
2025-11-22,wk inc flu prop ed visits,1,2025-11-29,55,quantile,0.55,0.00196787162723072
2025-11-22,wk inc flu prop ed visits,1,2025-11-29,55,quantile,0.6,0.00207154254279326
2025-11-22,wk inc flu prop ed visits,1,2025-11-29,55,quantile,0.65,0.00220283963912518
2025-11-22,wk inc flu prop ed visits,1,2025-11-29,55,quantile,0.7,0.00236472276291946
2025-11-22,wk inc flu prop ed visits,1,2025-11-29,55,quantile,0.75,0.0025286666976324
2025-11-22,wk inc flu prop ed visits,1,2025-11-29,55,quantile,0.8,0.00276545627187085
2025-11-22,wk inc flu prop ed visits,1,2025-11-29,55,quantile,0.85,0.00309537882498251
2025-11-22,wk inc flu prop ed visits,1,2025-11-29,55,quantile,0.9,0.00373678765220432
2025-11-22,wk inc flu prop ed visits,1,2025-11-29,55,quantile,0.95,0.00470584018311365
2025-11-22,wk inc flu prop ed visits,1,2025-11-29,55,quantile,0.975,0.00567097272462655
2025-11-22,wk inc flu prop ed visits,1,2025-11-29,55,quantile,0.99,0.005720338207205
2025-11-22,wk inc flu prop ed visits,2,2025-12-06,55,quantile,0.01,5.637251397753e-4
2025-11-22,wk inc flu prop ed visits,2,2025-12-06,55,quantile,0.025,7.7230853761308e-4
2025-11-22,wk inc flu prop ed visits,2,2025-12-06,55,quantile,0.05,9.453649200729e-4
2025-11-22,wk inc flu prop ed visits,2,2025-12-06,55,quantile,0.1,0.00112364682880322
2025-11-22,wk inc flu prop ed visits,2,2025-12-06,55,quantile,0.15,0.00124786064557045
2025-11-22,wk inc flu prop ed visits,2,2025-12-06,55,quantile,0.2,0.00139466563483124
2025-11-22,wk inc flu prop ed visits,2,2025-12-06,55,quantile,0.25,0.0014962319746966
2025-11-22,wk inc flu prop ed visits,2,2025-12-06,55,quantile,0.3,0.00152207979352317
2025-11-22,wk inc flu prop ed visits,2,2025-12-06,55,quantile,0.35,0.00163648076015331
2025-11-22,wk inc flu prop ed visits,2,2025-12-06,55,quantile,0.4,0.00172982404152842
2025-11-22,wk inc flu prop ed visits,2,2025-12-06,55,quantile,0.45,0.00185991490834079
2025-11-22,wk inc flu prop ed visits,2,2025-12-06,55,quantile,0.5,0.00196264576896063
2025-11-22,wk inc flu prop ed visits,2,2025-12-06,55,quantile,0.55,0.00210204582385644
2025-11-22,wk inc flu prop ed visits,2,2025-12-06,55,quantile,0.6,0.00223563567194235
2025-11-22,wk inc flu prop ed visits,2,2025-12-06,55,quantile,0.65,0.00239954821782862
2025-11-22,wk inc flu prop ed visits,2,2025-12-06,55,quantile,0.7,0.00262251077634063
2025-11-22,wk inc flu prop ed visits,2,2025-12-06,55,quantile,0.75,0.00287974757955377
2025-11-22,wk inc flu prop ed visits,2,2025-12-06,55,quantile,0.8,0.00323186747932095
2025-11-22,wk inc flu prop ed visits,2,2025-12-06,55,quantile,0.85,0.00376309456414822
2025-11-22,wk inc flu prop ed visits,2,2025-12-06,55,quantile,0.9,0.004701586431288
2025-11-22,wk inc flu prop ed visits,2,2025-12-06,55,quantile,0.95,0.00650410629802288
2025-11-22,wk inc flu prop ed visits,2,2025-12-06,55,quantile,0.975,0.00681055139888762
2025-11-22,wk inc flu prop ed visits,2,2025-12-06,55,quantile,0.99,0.00681055139888762
2025-11-22,wk inc flu prop ed visits,3,2025-12-13,55,quantile,0.01,5.6995871771207e-4
2025-11-22,wk inc flu prop ed visits,3,2025-12-13,55,quantile,0.025,7.8303835669117e-4
2025-11-22,wk inc flu prop ed visits,3,2025-12-13,55,quantile,0.05,9.7027451408453e-4
2025-11-22,wk inc flu prop ed visits,3,2025-12-13,55,quantile,0.1,0.00124836939860697
2025-11-22,wk inc flu prop ed visits,3,2025-12-13,55,quantile,0.15,0.00140661869430249
2025-11-22,wk inc flu prop ed visits,3,2025-12-13,55,quantile,0.2,0.00148622059919437
2025-11-22,wk inc flu prop ed visits,3,2025-12-13,55,quantile,0.25,0.00152591317341513
2025-11-22,wk inc flu prop ed visits,3,2025-12-13,55,quantile,0.3,0.00171669161651763
2025-11-22,wk inc flu prop ed visits,3,2025-12-13,55,quantile,0.35,0.001862803133195
2025-11-22,wk inc flu prop ed visits,3,2025-12-13,55,quantile,0.4,0.00200778779887237
2025-11-22,wk inc flu prop ed visits,3,2025-12-13,55,quantile,0.45,0.00218559896101271
2025-11-22,wk inc flu prop ed visits,3,2025-12-13,55,quantile,0.5,0.00232557450383296
2025-11-22,wk inc flu prop ed visits,3,2025-12-13,55,quantile,0.55,0.00249677168183005
2025-11-22,wk inc flu prop ed visits,3,2025-12-13,55,quantile,0.6,0.00268290060308963
2025-11-22,wk inc flu prop ed visits,3,2025-12-13,55,quantile,0.65,0.00292959346101895
2025-11-22,wk inc flu prop ed visits,3,2025-12-13,55,quantile,0.7,0.00321558952318272
2025-11-22,wk inc flu prop ed visits,3,2025-12-13,55,quantile,0.75,0.00359932982204577
2025-11-22,wk inc flu prop ed visits,3,2025-12-13,55,quantile,0.8,0.00417553116242369
2025-11-22,wk inc flu prop ed visits,3,2025-12-13,55,quantile,0.85,0.00514522600700753
2025-11-22,wk inc flu prop ed visits,3,2025-12-13,55,quantile,0.9,0.00664920773372071
2025-11-22,wk inc flu prop ed visits,3,2025-12-13,55,quantile,0.95,0.00895550988714845
2025-11-22,wk inc flu prop ed visits,3,2025-12-13,55,quantile,0.975,0.00895550988714845
2025-11-22,wk inc flu prop ed visits,3,2025-12-13,55,quantile,0.99,0.00895550988714845
2025-11-22,wk inc flu prop ed visits,0,2025-11-22,56,quantile,0.01,0
2025-11-22,wk inc flu prop ed visits,0,2025-11-22,56,quantile,0.025,0
2025-11-22,wk inc flu prop ed visits,0,2025-11-22,56,quantile,0.05,0
2025-11-22,wk inc flu prop ed visits,0,2025-11-22,56,quantile,0.1,0
2025-11-22,wk inc flu prop ed visits,0,2025-11-22,56,quantile,0.15,0
2025-11-22,wk inc flu prop ed visits,0,2025-11-22,56,quantile,0.2,0
2025-11-22,wk inc flu prop ed visits,0,2025-11-22,56,quantile,0.25,0
2025-11-22,wk inc flu prop ed visits,0,2025-11-22,56,quantile,0.3,0
2025-11-22,wk inc flu prop ed visits,0,2025-11-22,56,quantile,0.35,0
2025-11-22,wk inc flu prop ed visits,0,2025-11-22,56,quantile,0.4,0
2025-11-22,wk inc flu prop ed visits,0,2025-11-22,56,quantile,0.45,0
2025-11-22,wk inc flu prop ed visits,0,2025-11-22,56,quantile,0.5,3.4600673495112e-4
2025-11-22,wk inc flu prop ed visits,0,2025-11-22,56,quantile,0.55,7.9669563973684e-4
2025-11-22,wk inc flu prop ed visits,0,2025-11-22,56,quantile,0.6,0.0015242999792099
2025-11-22,wk inc flu prop ed visits,0,2025-11-22,56,quantile,0.65,0.0027000406607793
2025-11-22,wk inc flu prop ed visits,0,2025-11-22,56,quantile,0.7,0.00364514182595646
2025-11-22,wk inc flu prop ed visits,0,2025-11-22,56,quantile,0.75,0.00467725851033864
2025-11-22,wk inc flu prop ed visits,0,2025-11-22,56,quantile,0.8,0.00636038965993113
2025-11-22,wk inc flu prop ed visits,0,2025-11-22,56,quantile,0.85,0.00813078645799982
2025-11-22,wk inc flu prop ed visits,0,2025-11-22,56,quantile,0.9,0.0106642421797244
2025-11-22,wk inc flu prop ed visits,0,2025-11-22,56,quantile,0.95,0.0149452442411884
2025-11-22,wk inc flu prop ed visits,0,2025-11-22,56,quantile,0.975,0.0202204306170877
2025-11-22,wk inc flu prop ed visits,0,2025-11-22,56,quantile,0.99,0.0272585347294808
2025-11-22,wk inc flu prop ed visits,1,2025-11-29,56,quantile,0.01,0
2025-11-22,wk inc flu prop ed visits,1,2025-11-29,56,quantile,0.025,0
2025-11-22,wk inc flu prop ed visits,1,2025-11-29,56,quantile,0.05,0
2025-11-22,wk inc flu prop ed visits,1,2025-11-29,56,quantile,0.1,0
2025-11-22,wk inc flu prop ed visits,1,2025-11-29,56,quantile,0.15,0
2025-11-22,wk inc flu prop ed visits,1,2025-11-29,56,quantile,0.2,0
2025-11-22,wk inc flu prop ed visits,1,2025-11-29,56,quantile,0.25,3.413279894097e-4
2025-11-22,wk inc flu prop ed visits,1,2025-11-29,56,quantile,0.3,6.8457659523365e-4
2025-11-22,wk inc flu prop ed visits,1,2025-11-29,56,quantile,0.35,8.6957970581485e-4
2025-11-22,wk inc flu prop ed visits,1,2025-11-29,56,quantile,0.4,0.00108611556058078
2025-11-22,wk inc flu prop ed visits,1,2025-11-29,56,quantile,0.45,0.00186803878112963
2025-11-22,wk inc flu prop ed visits,1,2025-11-29,56,quantile,0.5,0.0023614953146623
2025-11-22,wk inc flu prop ed visits,1,2025-11-29,56,quantile,0.55,0.0028243369413811
2025-11-22,wk inc flu prop ed visits,1,2025-11-29,56,quantile,0.6,0.00331833388020353
2025-11-22,wk inc flu prop ed visits,1,2025-11-29,56,quantile,0.65,0.00394599935924164
2025-11-22,wk inc flu prop ed visits,1,2025-11-29,56,quantile,0.7,0.00459702065707322
2025-11-22,wk inc flu prop ed visits,1,2025-11-29,56,quantile,0.75,0.00543822077187625
2025-11-22,wk inc flu prop ed visits,1,2025-11-29,56,quantile,0.8,0.00649849566286558
2025-11-22,wk inc flu prop ed visits,1,2025-11-29,56,quantile,0.85,0.00792869054662284
2025-11-22,wk inc flu prop ed visits,1,2025-11-29,56,quantile,0.9,0.0105161950868719
2025-11-22,wk inc flu prop ed visits,1,2025-11-29,56,quantile,0.95,0.0153431179358604
2025-11-22,wk inc flu prop ed visits,1,2025-11-29,56,quantile,0.975,0.0185159973165776
2025-11-22,wk inc flu prop ed visits,1,2025-11-29,56,quantile,0.99,0.0186560600996017
2025-11-22,wk inc flu prop ed visits,2,2025-12-06,56,quantile,0.01,0
2025-11-22,wk inc flu prop ed visits,2,2025-12-06,56,quantile,0.025,0
2025-11-22,wk inc flu prop ed visits,2,2025-12-06,56,quantile,0.05,0
2025-11-22,wk inc flu prop ed visits,2,2025-12-06,56,quantile,0.1,0
2025-11-22,wk inc flu prop ed visits,2,2025-12-06,56,quantile,0.15,0
2025-11-22,wk inc flu prop ed visits,2,2025-12-06,56,quantile,0.2,0
2025-11-22,wk inc flu prop ed visits,2,2025-12-06,56,quantile,0.25,0
2025-11-22,wk inc flu prop ed visits,2,2025-12-06,56,quantile,0.3,0
2025-11-22,wk inc flu prop ed visits,2,2025-12-06,56,quantile,0.35,1.9136071205139e-4
2025-11-22,wk inc flu prop ed visits,2,2025-12-06,56,quantile,0.4,4.6950578689575e-4
2025-11-22,wk inc flu prop ed visits,2,2025-12-06,56,quantile,0.45,0.00161334167588765
2025-11-22,wk inc flu prop ed visits,2,2025-12-06,56,quantile,0.5,0.00184279829263687
2025-11-22,wk inc flu prop ed visits,2,2025-12-06,56,quantile,0.55,0.0025650808089216
2025-11-22,wk inc flu prop ed visits,2,2025-12-06,56,quantile,0.6,0.00309657275676728
2025-11-22,wk inc flu prop ed visits,2,2025-12-06,56,quantile,0.65,0.00373853390485468
2025-11-22,wk inc flu prop ed visits,2,2025-12-06,56,quantile,0.7,0.00455705049790834
2025-11-22,wk inc flu prop ed visits,2,2025-12-06,56,quantile,0.75,0.00557667915135214
2025-11-22,wk inc flu prop ed visits,2,2025-12-06,56,quantile,0.8,0.00688836208998864
2025-11-22,wk inc flu prop ed visits,2,2025-12-06,56,quantile,0.85,0.00906834816032986
2025-11-22,wk inc flu prop ed visits,2,2025-12-06,56,quantile,0.9,0.0123241662979127
2025-11-22,wk inc flu prop ed visits,2,2025-12-06,56,quantile,0.95,0.0185155789668743
2025-11-22,wk inc flu prop ed visits,2,2025-12-06,56,quantile,0.975,0.0191637873649597
2025-11-22,wk inc flu prop ed visits,2,2025-12-06,56,quantile,0.99,0.0191637873649597
2025-11-22,wk inc flu prop ed visits,3,2025-12-13,56,quantile,0.01,0
2025-11-22,wk inc flu prop ed visits,3,2025-12-13,56,quantile,0.025,0
2025-11-22,wk inc flu prop ed visits,3,2025-12-13,56,quantile,0.05,0
2025-11-22,wk inc flu prop ed visits,3,2025-12-13,56,quantile,0.1,0
2025-11-22,wk inc flu prop ed visits,3,2025-12-13,56,quantile,0.15,0
2025-11-22,wk inc flu prop ed visits,3,2025-12-13,56,quantile,0.2,0
2025-11-22,wk inc flu prop ed visits,3,2025-12-13,56,quantile,0.25,0
2025-11-22,wk inc flu prop ed visits,3,2025-12-13,56,quantile,0.3,0
2025-11-22,wk inc flu prop ed visits,3,2025-12-13,56,quantile,0.35,0
2025-11-22,wk inc flu prop ed visits,3,2025-12-13,56,quantile,0.4,0
2025-11-22,wk inc flu prop ed visits,3,2025-12-13,56,quantile,0.45,3.2001126811142e-4
2025-11-22,wk inc flu prop ed visits,3,2025-12-13,56,quantile,0.5,6.2252581119537e-4
2025-11-22,wk inc flu prop ed visits,3,2025-12-13,56,quantile,0.55,0.00161865883165126
2025-11-22,wk inc flu prop ed visits,3,2025-12-13,56,quantile,0.6,0.0023639873878376
2025-11-22,wk inc flu prop ed visits,3,2025-12-13,56,quantile,0.65,0.00337678785752325
2025-11-22,wk inc flu prop ed visits,3,2025-12-13,56,quantile,0.7,0.00463845577072259
2025-11-22,wk inc flu prop ed visits,3,2025-12-13,56,quantile,0.75,0.00599291559774429
2025-11-22,wk inc flu prop ed visits,3,2025-12-13,56,quantile,0.8,0.00831470382747366
2025-11-22,wk inc flu prop ed visits,3,2025-12-13,56,quantile,0.85,0.0117144807456012
2025-11-22,wk inc flu prop ed visits,3,2025-12-13,56,quantile,0.9,0.0171060123226859
2025-11-22,wk inc flu prop ed visits,3,2025-12-13,56,quantile,0.95,0.0222597271203995
2025-11-22,wk inc flu prop ed visits,3,2025-12-13,56,quantile,0.975,0.0222597271203995
2025-11-22,wk inc flu prop ed visits,3,2025-12-13,56,quantile,0.99,0.0222597271203995
