reference_date,target,horizon,target_end_date,location,output_type,output_type_id,value
2025-11-15,wk inc flu prop ed visits,0,2025-11-15,01,quantile,0.01,0
2025-11-15,wk inc flu prop ed visits,1,2025-11-22,01,quantile,0.01,0
2025-11-15,wk inc flu prop ed visits,2,2025-11-29,01,quantile,0.01,0
2025-11-15,wk inc flu prop ed visits,3,2025-12-06,01,quantile,0.01,0
2025-11-15,wk inc flu prop ed visits,0,2025-11-15,01,quantile,0.025,0
2025-11-15,wk inc flu prop ed visits,1,2025-11-22,01,quantile,0.025,0
2025-11-15,wk inc flu prop ed visits,2,2025-11-29,01,quantile,0.025,0
2025-11-15,wk inc flu prop ed visits,3,2025-12-06,01,quantile,0.025,0
2025-11-15,wk inc flu prop ed visits,0,2025-11-15,01,quantile,0.05,0
2025-11-15,wk inc flu prop ed visits,1,2025-11-22,01,quantile,0.05,0
2025-11-15,wk inc flu prop ed visits,2,2025-11-29,01,quantile,0.05,0
2025-11-15,wk inc flu prop ed visits,3,2025-12-06,01,quantile,0.05,0
2025-11-15,wk inc flu prop ed visits,0,2025-11-15,01,quantile,0.1,0
2025-11-15,wk inc flu prop ed visits,1,2025-11-22,01,quantile,0.1,0
2025-11-15,wk inc flu prop ed visits,2,2025-11-29,01,quantile,0.1,0
2025-11-15,wk inc flu prop ed visits,3,2025-12-06,01,quantile,0.1,0
2025-11-15,wk inc flu prop ed visits,0,2025-11-15,01,quantile,0.15,0
2025-11-15,wk inc flu prop ed visits,1,2025-11-22,01,quantile,0.15,0
2025-11-15,wk inc flu prop ed visits,2,2025-11-29,01,quantile,0.15,0
2025-11-15,wk inc flu prop ed visits,3,2025-12-06,01,quantile,0.15,0
2025-11-15,wk inc flu prop ed visits,0,2025-11-15,01,quantile,0.2,0
2025-11-15,wk inc flu prop ed visits,1,2025-11-22,01,quantile,0.2,0
2025-11-15,wk inc flu prop ed visits,2,2025-11-29,01,quantile,0.2,0
2025-11-15,wk inc flu prop ed visits,3,2025-12-06,01,quantile,0.2,0
2025-11-15,wk inc flu prop ed visits,0,2025-11-15,01,quantile,0.25,0
2025-11-15,wk inc flu prop ed visits,1,2025-11-22,01,quantile,0.25,0
2025-11-15,wk inc flu prop ed visits,2,2025-11-29,01,quantile,0.25,0
2025-11-15,wk inc flu prop ed visits,3,2025-12-06,01,quantile,0.25,0
2025-11-15,wk inc flu prop ed visits,0,2025-11-15,01,quantile,0.3,1.8565846668613267e-4
2025-11-15,wk inc flu prop ed visits,1,2025-11-22,01,quantile,0.3,0
2025-11-15,wk inc flu prop ed visits,2,2025-11-29,01,quantile,0.3,0
2025-11-15,wk inc flu prop ed visits,3,2025-12-06,01,quantile,0.3,0
2025-11-15,wk inc flu prop ed visits,0,2025-11-15,01,quantile,0.35,0.002618479293527246
2025-11-15,wk inc flu prop ed visits,1,2025-11-22,01,quantile,0.35,0
2025-11-15,wk inc flu prop ed visits,2,2025-11-29,01,quantile,0.35,0
2025-11-15,wk inc flu prop ed visits,3,2025-12-06,01,quantile,0.35,0
2025-11-15,wk inc flu prop ed visits,0,2025-11-15,01,quantile,0.4,0.005143025684863869
2025-11-15,wk inc flu prop ed visits,1,2025-11-22,01,quantile,0.4,0
2025-11-15,wk inc flu prop ed visits,2,2025-11-29,01,quantile,0.4,6.006815181931683e-4
2025-11-15,wk inc flu prop ed visits,3,2025-12-06,01,quantile,0.4,0.007402423681151586
2025-11-15,wk inc flu prop ed visits,0,2025-11-15,01,quantile,0.45,0.007031171862211936
2025-11-15,wk inc flu prop ed visits,1,2025-11-22,01,quantile,0.45,0
2025-11-15,wk inc flu prop ed visits,2,2025-11-29,01,quantile,0.45,0.007487959460836246
2025-11-15,wk inc flu prop ed visits,3,2025-12-06,01,quantile,0.45,0.0175293747828189
2025-11-15,wk inc flu prop ed visits,0,2025-11-15,01,quantile,0.5,0.010928360897300777
2025-11-15,wk inc flu prop ed visits,1,2025-11-22,01,quantile,0.5,0.0026104174763851434
2025-11-15,wk inc flu prop ed visits,2,2025-11-29,01,quantile,0.5,0.015169306774119642
2025-11-15,wk inc flu prop ed visits,3,2025-12-06,01,quantile,0.5,0.028899709853393442
2025-11-15,wk inc flu prop ed visits,0,2025-11-15,01,quantile,0.55,0.015043463561596682
2025-11-15,wk inc flu prop ed visits,1,2025-11-22,01,quantile,0.55,0.008924671679871503
2025-11-15,wk inc flu prop ed visits,2,2025-11-29,01,quantile,0.55,0.02389083970221767
2025-11-15,wk inc flu prop ed visits,3,2025-12-06,01,quantile,0.55,0.039559785423728566
2025-11-15,wk inc flu prop ed visits,0,2025-11-15,01,quantile,0.6,0.01652835636384221
2025-11-15,wk inc flu prop ed visits,1,2025-11-22,01,quantile,0.6,0.011162389502600834
2025-11-15,wk inc flu prop ed visits,2,2025-11-29,01,quantile,0.6,0.029358788321089638
2025-11-15,wk inc flu prop ed visits,3,2025-12-06,01,quantile,0.6,0.046875119617831244
2025-11-15,wk inc flu prop ed visits,0,2025-11-15,01,quantile,0.65,0.018255254296883138
2025-11-15,wk inc flu prop ed visits,1,2025-11-22,01,quantile,0.65,0.013678421707188462
2025-11-15,wk inc flu prop ed visits,2,2025-11-29,01,quantile,0.65,0.035253342184541486
2025-11-15,wk inc flu prop ed visits,3,2025-12-06,01,quantile,0.65,0.05528037634170718
2025-11-15,wk inc flu prop ed visits,0,2025-11-15,01,quantile,0.7,0.020065839774199776
2025-11-15,wk inc flu prop ed visits,1,2025-11-22,01,quantile,0.7,0.01610245043432951
2025-11-15,wk inc flu prop ed visits,2,2025-11-29,01,quantile,0.7,0.04178777937409242
2025-11-15,wk inc flu prop ed visits,3,2025-12-06,01,quantile,0.7,0.06361556237917536
2025-11-15,wk inc flu prop ed visits,0,2025-11-15,01,quantile,0.75,0.022018190403753055
2025-11-15,wk inc flu prop ed visits,1,2025-11-22,01,quantile,0.75,0.02001993877196553
2025-11-15,wk inc flu prop ed visits,2,2025-11-29,01,quantile,0.75,0.04790990700179441
2025-11-15,wk inc flu prop ed visits,3,2025-12-06,01,quantile,0.75,0.07131875641425768
2025-11-15,wk inc flu prop ed visits,0,2025-11-15,01,quantile,0.8,0.02366313807479013
2025-11-15,wk inc flu prop ed visits,1,2025-11-22,01,quantile,0.8,0.024966467924138702
2025-11-15,wk inc flu prop ed visits,2,2025-11-29,01,quantile,0.8,0.05549759263935179
2025-11-15,wk inc flu prop ed visits,3,2025-12-06,01,quantile,0.8,0.08324808049692539
2025-11-15,wk inc flu prop ed visits,0,2025-11-15,01,quantile,0.85,0.025930158986977012
2025-11-15,wk inc flu prop ed visits,1,2025-11-22,01,quantile,0.85,0.02869913047283513
2025-11-15,wk inc flu prop ed visits,2,2025-11-29,01,quantile,0.85,0.06056378189506307
2025-11-15,wk inc flu prop ed visits,3,2025-12-06,01,quantile,0.85,0.0901995281274685
2025-11-15,wk inc flu prop ed visits,0,2025-11-15,01,quantile,0.9,0.027364426577672678
2025-11-15,wk inc flu prop ed visits,1,2025-11-22,01,quantile,0.9,0.031156653269433343
2025-11-15,wk inc flu prop ed visits,2,2025-11-29,01,quantile,0.9,0.06578136984091994
2025-11-15,wk inc flu prop ed visits,3,2025-12-06,01,quantile,0.9,0.0975135945304336
2025-11-15,wk inc flu prop ed visits,0,2025-11-15,01,quantile,0.95,0.0302884621457532
2025-11-15,wk inc flu prop ed visits,1,2025-11-22,01,quantile,0.95,0.0432616142745285
2025-11-15,wk inc flu prop ed visits,2,2025-11-29,01,quantile,0.95,0.0830991811809195
2025-11-15,wk inc flu prop ed visits,3,2025-12-06,01,quantile,0.95,0.11919527312239282
2025-11-15,wk inc flu prop ed visits,0,2025-11-15,01,quantile,0.975,0.03694482840245386
2025-11-15,wk inc flu prop ed visits,1,2025-11-22,01,quantile,0.975,0.06478380463401467
2025-11-15,wk inc flu prop ed visits,2,2025-11-29,01,quantile,0.975,0.10909597191251254
2025-11-15,wk inc flu prop ed visits,3,2025-12-06,01,quantile,0.975,0.16160047106599917
2025-11-15,wk inc flu prop ed visits,0,2025-11-15,01,quantile,0.99,0.0640728311762897
2025-11-15,wk inc flu prop ed visits,1,2025-11-22,01,quantile,0.99,0.11055587906321389
2025-11-15,wk inc flu prop ed visits,2,2025-11-29,01,quantile,0.99,0.19207225754393298
2025-11-15,wk inc flu prop ed visits,3,2025-12-06,01,quantile,0.99,0.2526137294290464
2025-11-15,wk inc flu hosp,0,2025-11-15,01,quantile,0.01,0
2025-11-15,wk inc flu hosp,1,2025-11-22,01,quantile,0.01,0
2025-11-15,wk inc flu hosp,2,2025-11-29,01,quantile,0.01,0
2025-11-15,wk inc flu hosp,3,2025-12-06,01,quantile,0.01,0
2025-11-15,wk inc flu hosp,0,2025-11-15,01,quantile,0.025,0
2025-11-15,wk inc flu hosp,1,2025-11-22,01,quantile,0.025,0
2025-11-15,wk inc flu hosp,2,2025-11-29,01,quantile,0.025,0
2025-11-15,wk inc flu hosp,3,2025-12-06,01,quantile,0.025,0
2025-11-15,wk inc flu hosp,0,2025-11-15,01,quantile,0.05,0
2025-11-15,wk inc flu hosp,1,2025-11-22,01,quantile,0.05,0
2025-11-15,wk inc flu hosp,2,2025-11-29,01,quantile,0.05,0
2025-11-15,wk inc flu hosp,3,2025-12-06,01,quantile,0.05,0
2025-11-15,wk inc flu hosp,0,2025-11-15,01,quantile,0.1,0
2025-11-15,wk inc flu hosp,1,2025-11-22,01,quantile,0.1,0
2025-11-15,wk inc flu hosp,2,2025-11-29,01,quantile,0.1,0
2025-11-15,wk inc flu hosp,3,2025-12-06,01,quantile,0.1,0
2025-11-15,wk inc flu hosp,0,2025-11-15,01,quantile,0.15,0
2025-11-15,wk inc flu hosp,1,2025-11-22,01,quantile,0.15,0
2025-11-15,wk inc flu hosp,2,2025-11-29,01,quantile,0.15,0
2025-11-15,wk inc flu hosp,3,2025-12-06,01,quantile,0.15,0
2025-11-15,wk inc flu hosp,0,2025-11-15,01,quantile,0.2,19
2025-11-15,wk inc flu hosp,1,2025-11-22,01,quantile,0.2,0
2025-11-15,wk inc flu hosp,2,2025-11-29,01,quantile,0.2,0
2025-11-15,wk inc flu hosp,3,2025-12-06,01,quantile,0.2,0
2025-11-15,wk inc flu hosp,0,2025-11-15,01,quantile,0.25,28
2025-11-15,wk inc flu hosp,1,2025-11-22,01,quantile,0.25,0
2025-11-15,wk inc flu hosp,2,2025-11-29,01,quantile,0.25,0
2025-11-15,wk inc flu hosp,3,2025-12-06,01,quantile,0.25,0
2025-11-15,wk inc flu hosp,0,2025-11-15,01,quantile,0.3,47
2025-11-15,wk inc flu hosp,1,2025-11-22,01,quantile,0.3,17
2025-11-15,wk inc flu hosp,2,2025-11-29,01,quantile,0.3,46
2025-11-15,wk inc flu hosp,3,2025-12-06,01,quantile,0.3,66
2025-11-15,wk inc flu hosp,0,2025-11-15,01,quantile,0.35,61
2025-11-15,wk inc flu hosp,1,2025-11-22,01,quantile,0.35,37
2025-11-15,wk inc flu hosp,2,2025-11-29,01,quantile,0.35,84
2025-11-15,wk inc flu hosp,3,2025-12-06,01,quantile,0.35,123
2025-11-15,wk inc flu hosp,0,2025-11-15,01,quantile,0.4,74
2025-11-15,wk inc flu hosp,1,2025-11-22,01,quantile,0.4,62
2025-11-15,wk inc flu hosp,2,2025-11-29,01,quantile,0.4,124
2025-11-15,wk inc flu hosp,3,2025-12-06,01,quantile,0.4,172
2025-11-15,wk inc flu hosp,0,2025-11-15,01,quantile,0.45,86
2025-11-15,wk inc flu hosp,1,2025-11-22,01,quantile,0.45,87
2025-11-15,wk inc flu hosp,2,2025-11-29,01,quantile,0.45,161
2025-11-15,wk inc flu hosp,3,2025-12-06,01,quantile,0.45,218
2025-11-15,wk inc flu hosp,0,2025-11-15,01,quantile,0.5,94
2025-11-15,wk inc flu hosp,1,2025-11-22,01,quantile,0.5,101
2025-11-15,wk inc flu hosp,2,2025-11-29,01,quantile,0.5,191
2025-11-15,wk inc flu hosp,3,2025-12-06,01,quantile,0.5,257
2025-11-15,wk inc flu hosp,0,2025-11-15,01,quantile,0.55,111
2025-11-15,wk inc flu hosp,1,2025-11-22,01,quantile,0.55,122
2025-11-15,wk inc flu hosp,2,2025-11-29,01,quantile,0.55,220
2025-11-15,wk inc flu hosp,3,2025-12-06,01,quantile,0.55,292
2025-11-15,wk inc flu hosp,0,2025-11-15,01,quantile,0.6,117
2025-11-15,wk inc flu hosp,1,2025-11-22,01,quantile,0.6,131
2025-11-15,wk inc flu hosp,2,2025-11-29,01,quantile,0.6,243
2025-11-15,wk inc flu hosp,3,2025-12-06,01,quantile,0.6,327
2025-11-15,wk inc flu hosp,0,2025-11-15,01,quantile,0.65,120
2025-11-15,wk inc flu hosp,1,2025-11-22,01,quantile,0.65,137
2025-11-15,wk inc flu hosp,2,2025-11-29,01,quantile,0.65,259
2025-11-15,wk inc flu hosp,3,2025-12-06,01,quantile,0.65,359
2025-11-15,wk inc flu hosp,0,2025-11-15,01,quantile,0.7,126
2025-11-15,wk inc flu hosp,1,2025-11-22,01,quantile,0.7,146
2025-11-15,wk inc flu hosp,2,2025-11-29,01,quantile,0.7,279
2025-11-15,wk inc flu hosp,3,2025-12-06,01,quantile,0.7,386
2025-11-15,wk inc flu hosp,0,2025-11-15,01,quantile,0.75,137
2025-11-15,wk inc flu hosp,1,2025-11-22,01,quantile,0.75,160
2025-11-15,wk inc flu hosp,2,2025-11-29,01,quantile,0.75,311
2025-11-15,wk inc flu hosp,3,2025-12-06,01,quantile,0.75,430
2025-11-15,wk inc flu hosp,0,2025-11-15,01,quantile,0.8,144
2025-11-15,wk inc flu hosp,1,2025-11-22,01,quantile,0.8,171
2025-11-15,wk inc flu hosp,2,2025-11-29,01,quantile,0.8,337
2025-11-15,wk inc flu hosp,3,2025-12-06,01,quantile,0.8,471
2025-11-15,wk inc flu hosp,0,2025-11-15,01,quantile,0.85,155
2025-11-15,wk inc flu hosp,1,2025-11-22,01,quantile,0.85,189
2025-11-15,wk inc flu hosp,2,2025-11-29,01,quantile,0.85,367
2025-11-15,wk inc flu hosp,3,2025-12-06,01,quantile,0.85,512
2025-11-15,wk inc flu hosp,0,2025-11-15,01,quantile,0.9,158
2025-11-15,wk inc flu hosp,1,2025-11-22,01,quantile,0.9,198
2025-11-15,wk inc flu hosp,2,2025-11-29,01,quantile,0.9,400
2025-11-15,wk inc flu hosp,3,2025-12-06,01,quantile,0.9,565
2025-11-15,wk inc flu hosp,0,2025-11-15,01,quantile,0.95,222
2025-11-15,wk inc flu hosp,1,2025-11-22,01,quantile,0.95,283
2025-11-15,wk inc flu hosp,2,2025-11-29,01,quantile,0.95,511
2025-11-15,wk inc flu hosp,3,2025-12-06,01,quantile,0.95,715
2025-11-15,wk inc flu hosp,0,2025-11-15,01,quantile,0.975,381
2025-11-15,wk inc flu hosp,1,2025-11-22,01,quantile,0.975,470
2025-11-15,wk inc flu hosp,2,2025-11-29,01,quantile,0.975,860
2025-11-15,wk inc flu hosp,3,2025-12-06,01,quantile,0.975,1114
2025-11-15,wk inc flu hosp,0,2025-11-15,01,quantile,0.99,400
2025-11-15,wk inc flu hosp,1,2025-11-22,01,quantile,0.99,513
2025-11-15,wk inc flu hosp,2,2025-11-29,01,quantile,0.99,1085
2025-11-15,wk inc flu hosp,3,2025-12-06,01,quantile,0.99,1386
2025-11-15,wk inc flu prop ed visits,0,2025-11-15,02,quantile,0.01,0
2025-11-15,wk inc flu prop ed visits,1,2025-11-22,02,quantile,0.01,0
2025-11-15,wk inc flu prop ed visits,2,2025-11-29,02,quantile,0.01,0
2025-11-15,wk inc flu prop ed visits,3,2025-12-06,02,quantile,0.01,0
2025-11-15,wk inc flu prop ed visits,0,2025-11-15,02,quantile,0.025,0
2025-11-15,wk inc flu prop ed visits,1,2025-11-22,02,quantile,0.025,0
2025-11-15,wk inc flu prop ed visits,2,2025-11-29,02,quantile,0.025,0
2025-11-15,wk inc flu prop ed visits,3,2025-12-06,02,quantile,0.025,0
2025-11-15,wk inc flu prop ed visits,0,2025-11-15,02,quantile,0.05,0
2025-11-15,wk inc flu prop ed visits,1,2025-11-22,02,quantile,0.05,0
2025-11-15,wk inc flu prop ed visits,2,2025-11-29,02,quantile,0.05,0
2025-11-15,wk inc flu prop ed visits,3,2025-12-06,02,quantile,0.05,0
2025-11-15,wk inc flu prop ed visits,0,2025-11-15,02,quantile,0.1,0
2025-11-15,wk inc flu prop ed visits,1,2025-11-22,02,quantile,0.1,0
2025-11-15,wk inc flu prop ed visits,2,2025-11-29,02,quantile,0.1,0
2025-11-15,wk inc flu prop ed visits,3,2025-12-06,02,quantile,0.1,0
2025-11-15,wk inc flu prop ed visits,0,2025-11-15,02,quantile,0.15,0
2025-11-15,wk inc flu prop ed visits,1,2025-11-22,02,quantile,0.15,0
2025-11-15,wk inc flu prop ed visits,2,2025-11-29,02,quantile,0.15,0
2025-11-15,wk inc flu prop ed visits,3,2025-12-06,02,quantile,0.15,0
2025-11-15,wk inc flu prop ed visits,0,2025-11-15,02,quantile,0.2,0
2025-11-15,wk inc flu prop ed visits,1,2025-11-22,02,quantile,0.2,0
2025-11-15,wk inc flu prop ed visits,2,2025-11-29,02,quantile,0.2,0
2025-11-15,wk inc flu prop ed visits,3,2025-12-06,02,quantile,0.2,0
2025-11-15,wk inc flu prop ed visits,0,2025-11-15,02,quantile,0.25,0
2025-11-15,wk inc flu prop ed visits,1,2025-11-22,02,quantile,0.25,0
2025-11-15,wk inc flu prop ed visits,2,2025-11-29,02,quantile,0.25,0
2025-11-15,wk inc flu prop ed visits,3,2025-12-06,02,quantile,0.25,0
2025-11-15,wk inc flu prop ed visits,0,2025-11-15,02,quantile,0.3,0
2025-11-15,wk inc flu prop ed visits,1,2025-11-22,02,quantile,0.3,0
2025-11-15,wk inc flu prop ed visits,2,2025-11-29,02,quantile,0.3,0
2025-11-15,wk inc flu prop ed visits,3,2025-12-06,02,quantile,0.3,0
2025-11-15,wk inc flu prop ed visits,0,2025-11-15,02,quantile,0.35,0
2025-11-15,wk inc flu prop ed visits,1,2025-11-22,02,quantile,0.35,0
2025-11-15,wk inc flu prop ed visits,2,2025-11-29,02,quantile,0.35,0
2025-11-15,wk inc flu prop ed visits,3,2025-12-06,02,quantile,0.35,0
2025-11-15,wk inc flu prop ed visits,0,2025-11-15,02,quantile,0.4,0
2025-11-15,wk inc flu prop ed visits,1,2025-11-22,02,quantile,0.4,0
2025-11-15,wk inc flu prop ed visits,2,2025-11-29,02,quantile,0.4,0
2025-11-15,wk inc flu prop ed visits,3,2025-12-06,02,quantile,0.4,0
2025-11-15,wk inc flu prop ed visits,0,2025-11-15,02,quantile,0.45,0
2025-11-15,wk inc flu prop ed visits,1,2025-11-22,02,quantile,0.45,0
2025-11-15,wk inc flu prop ed visits,2,2025-11-29,02,quantile,0.45,0
2025-11-15,wk inc flu prop ed visits,3,2025-12-06,02,quantile,0.45,0
2025-11-15,wk inc flu prop ed visits,0,2025-11-15,02,quantile,0.5,0
2025-11-15,wk inc flu prop ed visits,1,2025-11-22,02,quantile,0.5,0
2025-11-15,wk inc flu prop ed visits,2,2025-11-29,02,quantile,0.5,6.405859990471531e-4
2025-11-15,wk inc flu prop ed visits,3,2025-12-06,02,quantile,0.5,0.0013308850462863857
2025-11-15,wk inc flu prop ed visits,0,2025-11-15,02,quantile,0.55,0
2025-11-15,wk inc flu prop ed visits,1,2025-11-22,02,quantile,0.55,8.457096129895021e-4
2025-11-15,wk inc flu prop ed visits,2,2025-11-29,02,quantile,0.55,0.0029376186563567206
2025-11-15,wk inc flu prop ed visits,3,2025-12-06,02,quantile,0.55,0.004162393675543148
2025-11-15,wk inc flu prop ed visits,0,2025-11-15,02,quantile,0.6,8.385267219453716e-4
2025-11-15,wk inc flu prop ed visits,1,2025-11-22,02,quantile,0.6,0.003650082662368718
2025-11-15,wk inc flu prop ed visits,2,2025-11-29,02,quantile,0.6,0.006363370849121217
2025-11-15,wk inc flu prop ed visits,3,2025-12-06,02,quantile,0.6,0.008037226174654683
2025-11-15,wk inc flu prop ed visits,0,2025-11-15,02,quantile,0.65,0.0013833274829943565
2025-11-15,wk inc flu prop ed visits,1,2025-11-22,02,quantile,0.65,0.00435557200464423
2025-11-15,wk inc flu prop ed visits,2,2025-11-29,02,quantile,0.65,0.007448106125798052
2025-11-15,wk inc flu prop ed visits,3,2025-12-06,02,quantile,0.65,0.0096310743888624
2025-11-15,wk inc flu prop ed visits,0,2025-11-15,02,quantile,0.7,0.0016942611966308634
2025-11-15,wk inc flu prop ed visits,1,2025-11-22,02,quantile,0.7,0.004862341757963204
2025-11-15,wk inc flu prop ed visits,2,2025-11-29,02,quantile,0.7,0.00847406091831131
2025-11-15,wk inc flu prop ed visits,3,2025-12-06,02,quantile,0.7,0.011191560789727346
2025-11-15,wk inc flu prop ed visits,0,2025-11-15,02,quantile,0.75,0.0021026277567025237
2025-11-15,wk inc flu prop ed visits,1,2025-11-22,02,quantile,0.75,0.005657612930115621
2025-11-15,wk inc flu prop ed visits,2,2025-11-29,02,quantile,0.75,0.00974945839803425
2025-11-15,wk inc flu prop ed visits,3,2025-12-06,02,quantile,0.75,0.012683804873205098
2025-11-15,wk inc flu prop ed visits,0,2025-11-15,02,quantile,0.8,0.002581053159931407
2025-11-15,wk inc flu prop ed visits,1,2025-11-22,02,quantile,0.8,0.006409217881977267
2025-11-15,wk inc flu prop ed visits,2,2025-11-29,02,quantile,0.8,0.011211393100143224
2025-11-15,wk inc flu prop ed visits,3,2025-12-06,02,quantile,0.8,0.014394755986986807
2025-11-15,wk inc flu prop ed visits,0,2025-11-15,02,quantile,0.85,0.0032707397039733153
2025-11-15,wk inc flu prop ed visits,1,2025-11-22,02,quantile,0.85,0.007463618760960752
2025-11-15,wk inc flu prop ed visits,2,2025-11-29,02,quantile,0.85,0.012838054940715753
2025-11-15,wk inc flu prop ed visits,3,2025-12-06,02,quantile,0.85,0.016795003289913017
2025-11-15,wk inc flu prop ed visits,0,2025-11-15,02,quantile,0.9,0.00423926460983318
2025-11-15,wk inc flu prop ed visits,1,2025-11-22,02,quantile,0.9,0.00977230641829831
2025-11-15,wk inc flu prop ed visits,2,2025-11-29,02,quantile,0.9,0.01609141385703353
2025-11-15,wk inc flu prop ed visits,3,2025-12-06,02,quantile,0.9,0.02078607237927127
2025-11-15,wk inc flu prop ed visits,0,2025-11-15,02,quantile,0.95,0.005358916956469036
2025-11-15,wk inc flu prop ed visits,1,2025-11-22,02,quantile,0.95,0.012768786254144203
2025-11-15,wk inc flu prop ed visits,2,2025-11-29,02,quantile,0.95,0.02112579259233926
2025-11-15,wk inc flu prop ed visits,3,2025-12-06,02,quantile,0.95,0.027254005017410658
2025-11-15,wk inc flu prop ed visits,0,2025-11-15,02,quantile,0.975,0.006090067784925053
2025-11-15,wk inc flu prop ed visits,1,2025-11-22,02,quantile,0.975,0.015135897721161928
2025-11-15,wk inc flu prop ed visits,2,2025-11-29,02,quantile,0.975,0.0242721635998684
2025-11-15,wk inc flu prop ed visits,3,2025-12-06,02,quantile,0.975,0.032044934607102414
2025-11-15,wk inc flu prop ed visits,0,2025-11-15,02,quantile,0.99,0.007733533399738895
2025-11-15,wk inc flu prop ed visits,1,2025-11-22,02,quantile,0.99,0.02220330333151449
2025-11-15,wk inc flu prop ed visits,2,2025-11-29,02,quantile,0.99,0.03664184465811299
2025-11-15,wk inc flu prop ed visits,3,2025-12-06,02,quantile,0.99,0.048315785734055164
2025-11-15,wk inc flu hosp,0,2025-11-15,02,quantile,0.01,0
2025-11-15,wk inc flu hosp,1,2025-11-22,02,quantile,0.01,0
2025-11-15,wk inc flu hosp,2,2025-11-29,02,quantile,0.01,0
2025-11-15,wk inc flu hosp,3,2025-12-06,02,quantile,0.01,0
2025-11-15,wk inc flu hosp,0,2025-11-15,02,quantile,0.025,0
2025-11-15,wk inc flu hosp,1,2025-11-22,02,quantile,0.025,0
2025-11-15,wk inc flu hosp,2,2025-11-29,02,quantile,0.025,0
2025-11-15,wk inc flu hosp,3,2025-12-06,02,quantile,0.025,0
2025-11-15,wk inc flu hosp,0,2025-11-15,02,quantile,0.05,0
2025-11-15,wk inc flu hosp,1,2025-11-22,02,quantile,0.05,0
2025-11-15,wk inc flu hosp,2,2025-11-29,02,quantile,0.05,0
2025-11-15,wk inc flu hosp,3,2025-12-06,02,quantile,0.05,0
2025-11-15,wk inc flu hosp,0,2025-11-15,02,quantile,0.1,0
2025-11-15,wk inc flu hosp,1,2025-11-22,02,quantile,0.1,0
2025-11-15,wk inc flu hosp,2,2025-11-29,02,quantile,0.1,0
2025-11-15,wk inc flu hosp,3,2025-12-06,02,quantile,0.1,0
2025-11-15,wk inc flu hosp,0,2025-11-15,02,quantile,0.15,0
2025-11-15,wk inc flu hosp,1,2025-11-22,02,quantile,0.15,0
2025-11-15,wk inc flu hosp,2,2025-11-29,02,quantile,0.15,0
2025-11-15,wk inc flu hosp,3,2025-12-06,02,quantile,0.15,0
2025-11-15,wk inc flu hosp,0,2025-11-15,02,quantile,0.2,0
2025-11-15,wk inc flu hosp,1,2025-11-22,02,quantile,0.2,0
2025-11-15,wk inc flu hosp,2,2025-11-29,02,quantile,0.2,0
2025-11-15,wk inc flu hosp,3,2025-12-06,02,quantile,0.2,0
2025-11-15,wk inc flu hosp,0,2025-11-15,02,quantile,0.25,0
2025-11-15,wk inc flu hosp,1,2025-11-22,02,quantile,0.25,0
2025-11-15,wk inc flu hosp,2,2025-11-29,02,quantile,0.25,0
2025-11-15,wk inc flu hosp,3,2025-12-06,02,quantile,0.25,2
2025-11-15,wk inc flu hosp,0,2025-11-15,02,quantile,0.3,0
2025-11-15,wk inc flu hosp,1,2025-11-22,02,quantile,0.3,0
2025-11-15,wk inc flu hosp,2,2025-11-29,02,quantile,0.3,2
2025-11-15,wk inc flu hosp,3,2025-12-06,02,quantile,0.3,5
2025-11-15,wk inc flu hosp,0,2025-11-15,02,quantile,0.35,0
2025-11-15,wk inc flu hosp,1,2025-11-22,02,quantile,0.35,0
2025-11-15,wk inc flu hosp,2,2025-11-29,02,quantile,0.35,4
2025-11-15,wk inc flu hosp,3,2025-12-06,02,quantile,0.35,7
2025-11-15,wk inc flu hosp,0,2025-11-15,02,quantile,0.4,0
2025-11-15,wk inc flu hosp,1,2025-11-22,02,quantile,0.4,0
2025-11-15,wk inc flu hosp,2,2025-11-29,02,quantile,0.4,5
2025-11-15,wk inc flu hosp,3,2025-12-06,02,quantile,0.4,9
2025-11-15,wk inc flu hosp,0,2025-11-15,02,quantile,0.45,0
2025-11-15,wk inc flu hosp,1,2025-11-22,02,quantile,0.45,2
2025-11-15,wk inc flu hosp,2,2025-11-29,02,quantile,0.45,7
2025-11-15,wk inc flu hosp,3,2025-12-06,02,quantile,0.45,11
2025-11-15,wk inc flu hosp,0,2025-11-15,02,quantile,0.5,0
2025-11-15,wk inc flu hosp,1,2025-11-22,02,quantile,0.5,3
2025-11-15,wk inc flu hosp,2,2025-11-29,02,quantile,0.5,8
2025-11-15,wk inc flu hosp,3,2025-12-06,02,quantile,0.5,13
2025-11-15,wk inc flu hosp,0,2025-11-15,02,quantile,0.55,1
2025-11-15,wk inc flu hosp,1,2025-11-22,02,quantile,0.55,4
2025-11-15,wk inc flu hosp,2,2025-11-29,02,quantile,0.55,10
2025-11-15,wk inc flu hosp,3,2025-12-06,02,quantile,0.55,15
2025-11-15,wk inc flu hosp,0,2025-11-15,02,quantile,0.6,2
2025-11-15,wk inc flu hosp,1,2025-11-22,02,quantile,0.6,6
2025-11-15,wk inc flu hosp,2,2025-11-29,02,quantile,0.6,12
2025-11-15,wk inc flu hosp,3,2025-12-06,02,quantile,0.6,17
2025-11-15,wk inc flu hosp,0,2025-11-15,02,quantile,0.65,2
2025-11-15,wk inc flu hosp,1,2025-11-22,02,quantile,0.65,7
2025-11-15,wk inc flu hosp,2,2025-11-29,02,quantile,0.65,14
2025-11-15,wk inc flu hosp,3,2025-12-06,02,quantile,0.65,20
2025-11-15,wk inc flu hosp,0,2025-11-15,02,quantile,0.7,3
2025-11-15,wk inc flu hosp,1,2025-11-22,02,quantile,0.7,9
2025-11-15,wk inc flu hosp,2,2025-11-29,02,quantile,0.7,16
2025-11-15,wk inc flu hosp,3,2025-12-06,02,quantile,0.7,22
2025-11-15,wk inc flu hosp,0,2025-11-15,02,quantile,0.75,3
2025-11-15,wk inc flu hosp,1,2025-11-22,02,quantile,0.75,10
2025-11-15,wk inc flu hosp,2,2025-11-29,02,quantile,0.75,17
2025-11-15,wk inc flu hosp,3,2025-12-06,02,quantile,0.75,24
2025-11-15,wk inc flu hosp,0,2025-11-15,02,quantile,0.8,4
2025-11-15,wk inc flu hosp,1,2025-11-22,02,quantile,0.8,11
2025-11-15,wk inc flu hosp,2,2025-11-29,02,quantile,0.8,19
2025-11-15,wk inc flu hosp,3,2025-12-06,02,quantile,0.8,27
2025-11-15,wk inc flu hosp,0,2025-11-15,02,quantile,0.85,5
2025-11-15,wk inc flu hosp,1,2025-11-22,02,quantile,0.85,13
2025-11-15,wk inc flu hosp,2,2025-11-29,02,quantile,0.85,22
2025-11-15,wk inc flu hosp,3,2025-12-06,02,quantile,0.85,31
2025-11-15,wk inc flu hosp,0,2025-11-15,02,quantile,0.9,6
2025-11-15,wk inc flu hosp,1,2025-11-22,02,quantile,0.9,17
2025-11-15,wk inc flu hosp,2,2025-11-29,02,quantile,0.9,28
2025-11-15,wk inc flu hosp,3,2025-12-06,02,quantile,0.9,39
2025-11-15,wk inc flu hosp,0,2025-11-15,02,quantile,0.95,8
2025-11-15,wk inc flu hosp,1,2025-11-22,02,quantile,0.95,24
2025-11-15,wk inc flu hosp,2,2025-11-29,02,quantile,0.95,38
2025-11-15,wk inc flu hosp,3,2025-12-06,02,quantile,0.95,51
2025-11-15,wk inc flu hosp,0,2025-11-15,02,quantile,0.975,11
2025-11-15,wk inc flu hosp,1,2025-11-22,02,quantile,0.975,31
2025-11-15,wk inc flu hosp,2,2025-11-29,02,quantile,0.975,49
2025-11-15,wk inc flu hosp,3,2025-12-06,02,quantile,0.975,66
2025-11-15,wk inc flu hosp,0,2025-11-15,02,quantile,0.99,22
2025-11-15,wk inc flu hosp,1,2025-11-22,02,quantile,0.99,51
2025-11-15,wk inc flu hosp,2,2025-11-29,02,quantile,0.99,84
2025-11-15,wk inc flu hosp,3,2025-12-06,02,quantile,0.99,105
2025-11-15,wk inc flu prop ed visits,0,2025-11-15,04,quantile,0.01,0
2025-11-15,wk inc flu prop ed visits,1,2025-11-22,04,quantile,0.01,0
2025-11-15,wk inc flu prop ed visits,2,2025-11-29,04,quantile,0.01,0
2025-11-15,wk inc flu prop ed visits,3,2025-12-06,04,quantile,0.01,0
2025-11-15,wk inc flu prop ed visits,0,2025-11-15,04,quantile,0.025,0
2025-11-15,wk inc flu prop ed visits,1,2025-11-22,04,quantile,0.025,0
2025-11-15,wk inc flu prop ed visits,2,2025-11-29,04,quantile,0.025,0
2025-11-15,wk inc flu prop ed visits,3,2025-12-06,04,quantile,0.025,0
2025-11-15,wk inc flu prop ed visits,0,2025-11-15,04,quantile,0.05,0
2025-11-15,wk inc flu prop ed visits,1,2025-11-22,04,quantile,0.05,0
2025-11-15,wk inc flu prop ed visits,2,2025-11-29,04,quantile,0.05,0
2025-11-15,wk inc flu prop ed visits,3,2025-12-06,04,quantile,0.05,0
2025-11-15,wk inc flu prop ed visits,0,2025-11-15,04,quantile,0.1,0
2025-11-15,wk inc flu prop ed visits,1,2025-11-22,04,quantile,0.1,0
2025-11-15,wk inc flu prop ed visits,2,2025-11-29,04,quantile,0.1,0
2025-11-15,wk inc flu prop ed visits,3,2025-12-06,04,quantile,0.1,0
2025-11-15,wk inc flu prop ed visits,0,2025-11-15,04,quantile,0.15,0
2025-11-15,wk inc flu prop ed visits,1,2025-11-22,04,quantile,0.15,0
2025-11-15,wk inc flu prop ed visits,2,2025-11-29,04,quantile,0.15,0
2025-11-15,wk inc flu prop ed visits,3,2025-12-06,04,quantile,0.15,0
2025-11-15,wk inc flu prop ed visits,0,2025-11-15,04,quantile,0.2,0
2025-11-15,wk inc flu prop ed visits,1,2025-11-22,04,quantile,0.2,0
2025-11-15,wk inc flu prop ed visits,2,2025-11-29,04,quantile,0.2,0
2025-11-15,wk inc flu prop ed visits,3,2025-12-06,04,quantile,0.2,0
2025-11-15,wk inc flu prop ed visits,0,2025-11-15,04,quantile,0.25,0
2025-11-15,wk inc flu prop ed visits,1,2025-11-22,04,quantile,0.25,0
2025-11-15,wk inc flu prop ed visits,2,2025-11-29,04,quantile,0.25,0
2025-11-15,wk inc flu prop ed visits,3,2025-12-06,04,quantile,0.25,0
2025-11-15,wk inc flu prop ed visits,0,2025-11-15,04,quantile,0.3,0
2025-11-15,wk inc flu prop ed visits,1,2025-11-22,04,quantile,0.3,0
2025-11-15,wk inc flu prop ed visits,2,2025-11-29,04,quantile,0.3,0
2025-11-15,wk inc flu prop ed visits,3,2025-12-06,04,quantile,0.3,0
2025-11-15,wk inc flu prop ed visits,0,2025-11-15,04,quantile,0.35,0
2025-11-15,wk inc flu prop ed visits,1,2025-11-22,04,quantile,0.35,0
2025-11-15,wk inc flu prop ed visits,2,2025-11-29,04,quantile,0.35,0
2025-11-15,wk inc flu prop ed visits,3,2025-12-06,04,quantile,0.35,0
2025-11-15,wk inc flu prop ed visits,0,2025-11-15,04,quantile,0.4,0
2025-11-15,wk inc flu prop ed visits,1,2025-11-22,04,quantile,0.4,0
2025-11-15,wk inc flu prop ed visits,2,2025-11-29,04,quantile,0.4,0
2025-11-15,wk inc flu prop ed visits,3,2025-12-06,04,quantile,0.4,0
2025-11-15,wk inc flu prop ed visits,0,2025-11-15,04,quantile,0.45,0
2025-11-15,wk inc flu prop ed visits,1,2025-11-22,04,quantile,0.45,0
2025-11-15,wk inc flu prop ed visits,2,2025-11-29,04,quantile,0.45,0
2025-11-15,wk inc flu prop ed visits,3,2025-12-06,04,quantile,0.45,0
2025-11-15,wk inc flu prop ed visits,0,2025-11-15,04,quantile,0.5,0
2025-11-15,wk inc flu prop ed visits,1,2025-11-22,04,quantile,0.5,0
2025-11-15,wk inc flu prop ed visits,2,2025-11-29,04,quantile,0.5,0
2025-11-15,wk inc flu prop ed visits,3,2025-12-06,04,quantile,0.5,0
2025-11-15,wk inc flu prop ed visits,0,2025-11-15,04,quantile,0.55,0
2025-11-15,wk inc flu prop ed visits,1,2025-11-22,04,quantile,0.55,0
2025-11-15,wk inc flu prop ed visits,2,2025-11-29,04,quantile,0.55,0
2025-11-15,wk inc flu prop ed visits,3,2025-12-06,04,quantile,0.55,0.0015919668963603735
2025-11-15,wk inc flu prop ed visits,0,2025-11-15,04,quantile,0.6,0
2025-11-15,wk inc flu prop ed visits,1,2025-11-22,04,quantile,0.6,0
2025-11-15,wk inc flu prop ed visits,2,2025-11-29,04,quantile,0.6,0
2025-11-15,wk inc flu prop ed visits,3,2025-12-06,04,quantile,0.6,0.004193330688039437
2025-11-15,wk inc flu prop ed visits,0,2025-11-15,04,quantile,0.65,0
2025-11-15,wk inc flu prop ed visits,1,2025-11-22,04,quantile,0.65,0
2025-11-15,wk inc flu prop ed visits,2,2025-11-29,04,quantile,0.65,0
2025-11-15,wk inc flu prop ed visits,3,2025-12-06,04,quantile,0.65,0.009053733402653757
2025-11-15,wk inc flu prop ed visits,0,2025-11-15,04,quantile,0.7,0
2025-11-15,wk inc flu prop ed visits,1,2025-11-22,04,quantile,0.7,0.001039994808379316
2025-11-15,wk inc flu prop ed visits,2,2025-11-29,04,quantile,0.7,0.003076594260965979
2025-11-15,wk inc flu prop ed visits,3,2025-12-06,04,quantile,0.7,0.013919087749939179
2025-11-15,wk inc flu prop ed visits,0,2025-11-15,04,quantile,0.75,0.0016375767270852006
2025-11-15,wk inc flu prop ed visits,1,2025-11-22,04,quantile,0.75,0.0036429145675949967
2025-11-15,wk inc flu prop ed visits,2,2025-11-29,04,quantile,0.75,0.006187433993302895
2025-11-15,wk inc flu prop ed visits,3,2025-12-06,04,quantile,0.75,0.019071864115523734
2025-11-15,wk inc flu prop ed visits,0,2025-11-15,04,quantile,0.8,0.0033537804489252184
2025-11-15,wk inc flu prop ed visits,1,2025-11-22,04,quantile,0.8,0.005964182175207403
2025-11-15,wk inc flu prop ed visits,2,2025-11-29,04,quantile,0.8,0.009268222851346446
2025-11-15,wk inc flu prop ed visits,3,2025-12-06,04,quantile,0.8,0.02295480961342433
2025-11-15,wk inc flu prop ed visits,0,2025-11-15,04,quantile,0.85,0.004477345575007423
2025-11-15,wk inc flu prop ed visits,1,2025-11-22,04,quantile,0.85,0.007850313844600592
2025-11-15,wk inc flu prop ed visits,2,2025-11-29,04,quantile,0.85,0.01208651483081176
2025-11-15,wk inc flu prop ed visits,3,2025-12-06,04,quantile,0.85,0.026907655383950055
2025-11-15,wk inc flu prop ed visits,0,2025-11-15,04,quantile,0.9,0.005835513637482273
2025-11-15,wk inc flu prop ed visits,1,2025-11-22,04,quantile,0.9,0.01017901097665724
2025-11-15,wk inc flu prop ed visits,2,2025-11-29,04,quantile,0.9,0.01672904257162436
2025-11-15,wk inc flu prop ed visits,3,2025-12-06,04,quantile,0.9,0.032512649962525085
2025-11-15,wk inc flu prop ed visits,0,2025-11-15,04,quantile,0.95,0.008295383566826386
2025-11-15,wk inc flu prop ed visits,1,2025-11-22,04,quantile,0.95,0.01574628602720384
2025-11-15,wk inc flu prop ed visits,2,2025-11-29,04,quantile,0.95,0.024565853692728255
2025-11-15,wk inc flu prop ed visits,3,2025-12-06,04,quantile,0.95,0.04335924611458857
2025-11-15,wk inc flu prop ed visits,0,2025-11-15,04,quantile,0.975,0.009627180410014199
2025-11-15,wk inc flu prop ed visits,1,2025-11-22,04,quantile,0.975,0.018904980102397002
2025-11-15,wk inc flu prop ed visits,2,2025-11-29,04,quantile,0.975,0.02955313013230873
2025-11-15,wk inc flu prop ed visits,3,2025-12-06,04,quantile,0.975,0.05038261035000485
2025-11-15,wk inc flu prop ed visits,0,2025-11-15,04,quantile,0.99,0.015938030105899555
2025-11-15,wk inc flu prop ed visits,1,2025-11-22,04,quantile,0.99,0.02831995768397433
2025-11-15,wk inc flu prop ed visits,2,2025-11-29,04,quantile,0.99,0.041594595581995776
2025-11-15,wk inc flu prop ed visits,3,2025-12-06,04,quantile,0.99,0.06703382527252155
2025-11-15,wk inc flu hosp,0,2025-11-15,04,quantile,0.01,0
2025-11-15,wk inc flu hosp,1,2025-11-22,04,quantile,0.01,0
2025-11-15,wk inc flu hosp,2,2025-11-29,04,quantile,0.01,0
2025-11-15,wk inc flu hosp,3,2025-12-06,04,quantile,0.01,0
2025-11-15,wk inc flu hosp,0,2025-11-15,04,quantile,0.025,0
2025-11-15,wk inc flu hosp,1,2025-11-22,04,quantile,0.025,0
2025-11-15,wk inc flu hosp,2,2025-11-29,04,quantile,0.025,0
2025-11-15,wk inc flu hosp,3,2025-12-06,04,quantile,0.025,0
2025-11-15,wk inc flu hosp,0,2025-11-15,04,quantile,0.05,0
2025-11-15,wk inc flu hosp,1,2025-11-22,04,quantile,0.05,0
2025-11-15,wk inc flu hosp,2,2025-11-29,04,quantile,0.05,0
2025-11-15,wk inc flu hosp,3,2025-12-06,04,quantile,0.05,0
2025-11-15,wk inc flu hosp,0,2025-11-15,04,quantile,0.1,0
2025-11-15,wk inc flu hosp,1,2025-11-22,04,quantile,0.1,0
2025-11-15,wk inc flu hosp,2,2025-11-29,04,quantile,0.1,0
2025-11-15,wk inc flu hosp,3,2025-12-06,04,quantile,0.1,0
2025-11-15,wk inc flu hosp,0,2025-11-15,04,quantile,0.15,0
2025-11-15,wk inc flu hosp,1,2025-11-22,04,quantile,0.15,0
2025-11-15,wk inc flu hosp,2,2025-11-29,04,quantile,0.15,0
2025-11-15,wk inc flu hosp,3,2025-12-06,04,quantile,0.15,0
2025-11-15,wk inc flu hosp,0,2025-11-15,04,quantile,0.2,0
2025-11-15,wk inc flu hosp,1,2025-11-22,04,quantile,0.2,0
2025-11-15,wk inc flu hosp,2,2025-11-29,04,quantile,0.2,0
2025-11-15,wk inc flu hosp,3,2025-12-06,04,quantile,0.2,0
2025-11-15,wk inc flu hosp,0,2025-11-15,04,quantile,0.25,0
2025-11-15,wk inc flu hosp,1,2025-11-22,04,quantile,0.25,0
2025-11-15,wk inc flu hosp,2,2025-11-29,04,quantile,0.25,0
2025-11-15,wk inc flu hosp,3,2025-12-06,04,quantile,0.25,0
2025-11-15,wk inc flu hosp,0,2025-11-15,04,quantile,0.3,0
2025-11-15,wk inc flu hosp,1,2025-11-22,04,quantile,0.3,0
2025-11-15,wk inc flu hosp,2,2025-11-29,04,quantile,0.3,0
2025-11-15,wk inc flu hosp,3,2025-12-06,04,quantile,0.3,0
2025-11-15,wk inc flu hosp,0,2025-11-15,04,quantile,0.35,0
2025-11-15,wk inc flu hosp,1,2025-11-22,04,quantile,0.35,0
2025-11-15,wk inc flu hosp,2,2025-11-29,04,quantile,0.35,0
2025-11-15,wk inc flu hosp,3,2025-12-06,04,quantile,0.35,0
2025-11-15,wk inc flu hosp,0,2025-11-15,04,quantile,0.4,0
2025-11-15,wk inc flu hosp,1,2025-11-22,04,quantile,0.4,0
2025-11-15,wk inc flu hosp,2,2025-11-29,04,quantile,0.4,0
2025-11-15,wk inc flu hosp,3,2025-12-06,04,quantile,0.4,0
2025-11-15,wk inc flu hosp,0,2025-11-15,04,quantile,0.45,0
2025-11-15,wk inc flu hosp,1,2025-11-22,04,quantile,0.45,0
2025-11-15,wk inc flu hosp,2,2025-11-29,04,quantile,0.45,0
2025-11-15,wk inc flu hosp,3,2025-12-06,04,quantile,0.45,0
2025-11-15,wk inc flu hosp,0,2025-11-15,04,quantile,0.5,0
2025-11-15,wk inc flu hosp,1,2025-11-22,04,quantile,0.5,0
2025-11-15,wk inc flu hosp,2,2025-11-29,04,quantile,0.5,0
2025-11-15,wk inc flu hosp,3,2025-12-06,04,quantile,0.5,0
2025-11-15,wk inc flu hosp,0,2025-11-15,04,quantile,0.55,0
2025-11-15,wk inc flu hosp,1,2025-11-22,04,quantile,0.55,0
2025-11-15,wk inc flu hosp,2,2025-11-29,04,quantile,0.55,0
2025-11-15,wk inc flu hosp,3,2025-12-06,04,quantile,0.55,18
2025-11-15,wk inc flu hosp,0,2025-11-15,04,quantile,0.6,0
2025-11-15,wk inc flu hosp,1,2025-11-22,04,quantile,0.6,0
2025-11-15,wk inc flu hosp,2,2025-11-29,04,quantile,0.6,0
2025-11-15,wk inc flu hosp,3,2025-12-06,04,quantile,0.6,74
2025-11-15,wk inc flu hosp,0,2025-11-15,04,quantile,0.65,13
2025-11-15,wk inc flu hosp,1,2025-11-22,04,quantile,0.65,23
2025-11-15,wk inc flu hosp,2,2025-11-29,04,quantile,0.65,45
2025-11-15,wk inc flu hosp,3,2025-12-06,04,quantile,0.65,135
2025-11-15,wk inc flu hosp,0,2025-11-15,04,quantile,0.7,27
2025-11-15,wk inc flu hosp,1,2025-11-22,04,quantile,0.7,44
2025-11-15,wk inc flu hosp,2,2025-11-29,04,quantile,0.7,70
2025-11-15,wk inc flu hosp,3,2025-12-06,04,quantile,0.7,178
2025-11-15,wk inc flu hosp,0,2025-11-15,04,quantile,0.75,43
2025-11-15,wk inc flu hosp,1,2025-11-22,04,quantile,0.75,71
2025-11-15,wk inc flu hosp,2,2025-11-29,04,quantile,0.75,104
2025-11-15,wk inc flu hosp,3,2025-12-06,04,quantile,0.75,225
2025-11-15,wk inc flu hosp,0,2025-11-15,04,quantile,0.8,61
2025-11-15,wk inc flu hosp,1,2025-11-22,04,quantile,0.8,102
2025-11-15,wk inc flu hosp,2,2025-11-29,04,quantile,0.8,145
2025-11-15,wk inc flu hosp,3,2025-12-06,04,quantile,0.8,282
2025-11-15,wk inc flu hosp,0,2025-11-15,04,quantile,0.85,74
2025-11-15,wk inc flu hosp,1,2025-11-22,04,quantile,0.85,124
2025-11-15,wk inc flu hosp,2,2025-11-29,04,quantile,0.85,174
2025-11-15,wk inc flu hosp,3,2025-12-06,04,quantile,0.85,330
2025-11-15,wk inc flu hosp,0,2025-11-15,04,quantile,0.9,88
2025-11-15,wk inc flu hosp,1,2025-11-22,04,quantile,0.9,143
2025-11-15,wk inc flu hosp,2,2025-11-29,04,quantile,0.9,202
2025-11-15,wk inc flu hosp,3,2025-12-06,04,quantile,0.9,376
2025-11-15,wk inc flu hosp,0,2025-11-15,04,quantile,0.95,105
2025-11-15,wk inc flu hosp,1,2025-11-22,04,quantile,0.95,219
2025-11-15,wk inc flu hosp,2,2025-11-29,04,quantile,0.95,307
2025-11-15,wk inc flu hosp,3,2025-12-06,04,quantile,0.95,508
2025-11-15,wk inc flu hosp,0,2025-11-15,04,quantile,0.975,116
2025-11-15,wk inc flu hosp,1,2025-11-22,04,quantile,0.975,288
2025-11-15,wk inc flu hosp,2,2025-11-29,04,quantile,0.975,447
2025-11-15,wk inc flu hosp,3,2025-12-06,04,quantile,0.975,784
2025-11-15,wk inc flu hosp,0,2025-11-15,04,quantile,0.99,132
2025-11-15,wk inc flu hosp,1,2025-11-22,04,quantile,0.99,354
2025-11-15,wk inc flu hosp,2,2025-11-29,04,quantile,0.99,643
2025-11-15,wk inc flu hosp,3,2025-12-06,04,quantile,0.99,1232
2025-11-15,wk inc flu prop ed visits,0,2025-11-15,08,quantile,0.01,0
2025-11-15,wk inc flu prop ed visits,1,2025-11-22,08,quantile,0.01,0
2025-11-15,wk inc flu prop ed visits,2,2025-11-29,08,quantile,0.01,0
2025-11-15,wk inc flu prop ed visits,3,2025-12-06,08,quantile,0.01,0
2025-11-15,wk inc flu prop ed visits,0,2025-11-15,08,quantile,0.025,0
2025-11-15,wk inc flu prop ed visits,1,2025-11-22,08,quantile,0.025,0
2025-11-15,wk inc flu prop ed visits,2,2025-11-29,08,quantile,0.025,0
2025-11-15,wk inc flu prop ed visits,3,2025-12-06,08,quantile,0.025,0
2025-11-15,wk inc flu prop ed visits,0,2025-11-15,08,quantile,0.05,0
2025-11-15,wk inc flu prop ed visits,1,2025-11-22,08,quantile,0.05,0
2025-11-15,wk inc flu prop ed visits,2,2025-11-29,08,quantile,0.05,0
2025-11-15,wk inc flu prop ed visits,3,2025-12-06,08,quantile,0.05,0
2025-11-15,wk inc flu prop ed visits,0,2025-11-15,08,quantile,0.1,0
2025-11-15,wk inc flu prop ed visits,1,2025-11-22,08,quantile,0.1,0
2025-11-15,wk inc flu prop ed visits,2,2025-11-29,08,quantile,0.1,0
2025-11-15,wk inc flu prop ed visits,3,2025-12-06,08,quantile,0.1,0
2025-11-15,wk inc flu prop ed visits,0,2025-11-15,08,quantile,0.15,0
2025-11-15,wk inc flu prop ed visits,1,2025-11-22,08,quantile,0.15,0
2025-11-15,wk inc flu prop ed visits,2,2025-11-29,08,quantile,0.15,0
2025-11-15,wk inc flu prop ed visits,3,2025-12-06,08,quantile,0.15,0
2025-11-15,wk inc flu prop ed visits,0,2025-11-15,08,quantile,0.2,0
2025-11-15,wk inc flu prop ed visits,1,2025-11-22,08,quantile,0.2,0
2025-11-15,wk inc flu prop ed visits,2,2025-11-29,08,quantile,0.2,0
2025-11-15,wk inc flu prop ed visits,3,2025-12-06,08,quantile,0.2,0
2025-11-15,wk inc flu prop ed visits,0,2025-11-15,08,quantile,0.25,0
2025-11-15,wk inc flu prop ed visits,1,2025-11-22,08,quantile,0.25,0
2025-11-15,wk inc flu prop ed visits,2,2025-11-29,08,quantile,0.25,0
2025-11-15,wk inc flu prop ed visits,3,2025-12-06,08,quantile,0.25,0
2025-11-15,wk inc flu prop ed visits,0,2025-11-15,08,quantile,0.3,0
2025-11-15,wk inc flu prop ed visits,1,2025-11-22,08,quantile,0.3,0
2025-11-15,wk inc flu prop ed visits,2,2025-11-29,08,quantile,0.3,0
2025-11-15,wk inc flu prop ed visits,3,2025-12-06,08,quantile,0.3,0
2025-11-15,wk inc flu prop ed visits,0,2025-11-15,08,quantile,0.35,0
2025-11-15,wk inc flu prop ed visits,1,2025-11-22,08,quantile,0.35,0
2025-11-15,wk inc flu prop ed visits,2,2025-11-29,08,quantile,0.35,0
2025-11-15,wk inc flu prop ed visits,3,2025-12-06,08,quantile,0.35,0
2025-11-15,wk inc flu prop ed visits,0,2025-11-15,08,quantile,0.4,0
2025-11-15,wk inc flu prop ed visits,1,2025-11-22,08,quantile,0.4,0
2025-11-15,wk inc flu prop ed visits,2,2025-11-29,08,quantile,0.4,0
2025-11-15,wk inc flu prop ed visits,3,2025-12-06,08,quantile,0.4,0
2025-11-15,wk inc flu prop ed visits,0,2025-11-15,08,quantile,0.45,0
2025-11-15,wk inc flu prop ed visits,1,2025-11-22,08,quantile,0.45,0
2025-11-15,wk inc flu prop ed visits,2,2025-11-29,08,quantile,0.45,0
2025-11-15,wk inc flu prop ed visits,3,2025-12-06,08,quantile,0.45,0
2025-11-15,wk inc flu prop ed visits,0,2025-11-15,08,quantile,0.5,0
2025-11-15,wk inc flu prop ed visits,1,2025-11-22,08,quantile,0.5,0
2025-11-15,wk inc flu prop ed visits,2,2025-11-29,08,quantile,0.5,0
2025-11-15,wk inc flu prop ed visits,3,2025-12-06,08,quantile,0.5,0.0017880619500505674
2025-11-15,wk inc flu prop ed visits,0,2025-11-15,08,quantile,0.55,2.264318330874607e-4
2025-11-15,wk inc flu prop ed visits,1,2025-11-22,08,quantile,0.55,0
2025-11-15,wk inc flu prop ed visits,2,2025-11-29,08,quantile,0.55,0
2025-11-15,wk inc flu prop ed visits,3,2025-12-06,08,quantile,0.55,0.005767002633761706
2025-11-15,wk inc flu prop ed visits,0,2025-11-15,08,quantile,0.6,6.264269597575618e-4
2025-11-15,wk inc flu prop ed visits,1,2025-11-22,08,quantile,0.6,0
2025-11-15,wk inc flu prop ed visits,2,2025-11-29,08,quantile,0.6,2.0510459998661e-4
2025-11-15,wk inc flu prop ed visits,3,2025-12-06,08,quantile,0.6,0.008732211667760417
2025-11-15,wk inc flu prop ed visits,0,2025-11-15,08,quantile,0.65,0.0011305371372622747
2025-11-15,wk inc flu prop ed visits,1,2025-11-22,08,quantile,0.65,0
2025-11-15,wk inc flu prop ed visits,2,2025-11-29,08,quantile,0.65,0.003392655473205966
2025-11-15,wk inc flu prop ed visits,3,2025-12-06,08,quantile,0.65,0.014281369385573508
2025-11-15,wk inc flu prop ed visits,0,2025-11-15,08,quantile,0.7,0.0014796131836307285
2025-11-15,wk inc flu prop ed visits,1,2025-11-22,08,quantile,0.7,0
2025-11-15,wk inc flu prop ed visits,2,2025-11-29,08,quantile,0.7,0.005436675667953036
2025-11-15,wk inc flu prop ed visits,3,2025-12-06,08,quantile,0.7,0.02119941782044689
2025-11-15,wk inc flu prop ed visits,0,2025-11-15,08,quantile,0.75,0.0023215623509833905
2025-11-15,wk inc flu prop ed visits,1,2025-11-22,08,quantile,0.75,8.517881272479877e-4
2025-11-15,wk inc flu prop ed visits,2,2025-11-29,08,quantile,0.75,0.009086606406811764
2025-11-15,wk inc flu prop ed visits,3,2025-12-06,08,quantile,0.75,0.029711862615947358
2025-11-15,wk inc flu prop ed visits,0,2025-11-15,08,quantile,0.8,0.0037033979350676095
2025-11-15,wk inc flu prop ed visits,1,2025-11-22,08,quantile,0.8,0.0035196471393264287
2025-11-15,wk inc flu prop ed visits,2,2025-11-29,08,quantile,0.8,0.012969299474680675
2025-11-15,wk inc flu prop ed visits,3,2025-12-06,08,quantile,0.8,0.036360649961433796
2025-11-15,wk inc flu prop ed visits,0,2025-11-15,08,quantile,0.85,0.004151861611424534
2025-11-15,wk inc flu prop ed visits,1,2025-11-22,08,quantile,0.85,0.004817861908998707
2025-11-15,wk inc flu prop ed visits,2,2025-11-29,08,quantile,0.85,0.014501560905080894
2025-11-15,wk inc flu prop ed visits,3,2025-12-06,08,quantile,0.85,0.03843887402530572
2025-11-15,wk inc flu prop ed visits,0,2025-11-15,08,quantile,0.9,0.004456215910298248
2025-11-15,wk inc flu prop ed visits,1,2025-11-22,08,quantile,0.9,0.007408695686383345
2025-11-15,wk inc flu prop ed visits,2,2025-11-29,08,quantile,0.9,0.01724905152372485
2025-11-15,wk inc flu prop ed visits,3,2025-12-06,08,quantile,0.9,0.04184654540157865
2025-11-15,wk inc flu prop ed visits,0,2025-11-15,08,quantile,0.95,0.0075818836124856015
2025-11-15,wk inc flu prop ed visits,1,2025-11-22,08,quantile,0.95,0.01156551857205924
2025-11-15,wk inc flu prop ed visits,2,2025-11-29,08,quantile,0.95,0.023096226833992487
2025-11-15,wk inc flu prop ed visits,3,2025-12-06,08,quantile,0.95,0.0482602426076663
2025-11-15,wk inc flu prop ed visits,0,2025-11-15,08,quantile,0.975,0.014449849745224652
2025-11-15,wk inc flu prop ed visits,1,2025-11-22,08,quantile,0.975,0.0230563031985576
2025-11-15,wk inc flu prop ed visits,2,2025-11-29,08,quantile,0.975,0.0414297970667297
2025-11-15,wk inc flu prop ed visits,3,2025-12-06,08,quantile,0.975,0.06739333970950434
2025-11-15,wk inc flu prop ed visits,0,2025-11-15,08,quantile,0.99,0.01746825520203544
2025-11-15,wk inc flu prop ed visits,1,2025-11-22,08,quantile,0.99,0.03883491867104432
2025-11-15,wk inc flu prop ed visits,2,2025-11-29,08,quantile,0.99,0.06426927554696492
2025-11-15,wk inc flu prop ed visits,3,2025-12-06,08,quantile,0.99,0.09309058022223742
2025-11-15,wk inc flu hosp,0,2025-11-15,08,quantile,0.01,0
2025-11-15,wk inc flu hosp,1,2025-11-22,08,quantile,0.01,0
2025-11-15,wk inc flu hosp,2,2025-11-29,08,quantile,0.01,0
2025-11-15,wk inc flu hosp,3,2025-12-06,08,quantile,0.01,0
2025-11-15,wk inc flu hosp,0,2025-11-15,08,quantile,0.025,0
2025-11-15,wk inc flu hosp,1,2025-11-22,08,quantile,0.025,0
2025-11-15,wk inc flu hosp,2,2025-11-29,08,quantile,0.025,0
2025-11-15,wk inc flu hosp,3,2025-12-06,08,quantile,0.025,0
2025-11-15,wk inc flu hosp,0,2025-11-15,08,quantile,0.05,0
2025-11-15,wk inc flu hosp,1,2025-11-22,08,quantile,0.05,0
2025-11-15,wk inc flu hosp,2,2025-11-29,08,quantile,0.05,0
2025-11-15,wk inc flu hosp,3,2025-12-06,08,quantile,0.05,0
2025-11-15,wk inc flu hosp,0,2025-11-15,08,quantile,0.1,0
2025-11-15,wk inc flu hosp,1,2025-11-22,08,quantile,0.1,0
2025-11-15,wk inc flu hosp,2,2025-11-29,08,quantile,0.1,0
2025-11-15,wk inc flu hosp,3,2025-12-06,08,quantile,0.1,0
2025-11-15,wk inc flu hosp,0,2025-11-15,08,quantile,0.15,0
2025-11-15,wk inc flu hosp,1,2025-11-22,08,quantile,0.15,0
2025-11-15,wk inc flu hosp,2,2025-11-29,08,quantile,0.15,0
2025-11-15,wk inc flu hosp,3,2025-12-06,08,quantile,0.15,0
2025-11-15,wk inc flu hosp,0,2025-11-15,08,quantile,0.2,0
2025-11-15,wk inc flu hosp,1,2025-11-22,08,quantile,0.2,0
2025-11-15,wk inc flu hosp,2,2025-11-29,08,quantile,0.2,0
2025-11-15,wk inc flu hosp,3,2025-12-06,08,quantile,0.2,0
2025-11-15,wk inc flu hosp,0,2025-11-15,08,quantile,0.25,0
2025-11-15,wk inc flu hosp,1,2025-11-22,08,quantile,0.25,0
2025-11-15,wk inc flu hosp,2,2025-11-29,08,quantile,0.25,0
2025-11-15,wk inc flu hosp,3,2025-12-06,08,quantile,0.25,0
2025-11-15,wk inc flu hosp,0,2025-11-15,08,quantile,0.3,2
2025-11-15,wk inc flu hosp,1,2025-11-22,08,quantile,0.3,0
2025-11-15,wk inc flu hosp,2,2025-11-29,08,quantile,0.3,0
2025-11-15,wk inc flu hosp,3,2025-12-06,08,quantile,0.3,0
2025-11-15,wk inc flu hosp,0,2025-11-15,08,quantile,0.35,3
2025-11-15,wk inc flu hosp,1,2025-11-22,08,quantile,0.35,0
2025-11-15,wk inc flu hosp,2,2025-11-29,08,quantile,0.35,0
2025-11-15,wk inc flu hosp,3,2025-12-06,08,quantile,0.35,0
2025-11-15,wk inc flu hosp,0,2025-11-15,08,quantile,0.4,4
2025-11-15,wk inc flu hosp,1,2025-11-22,08,quantile,0.4,0
2025-11-15,wk inc flu hosp,2,2025-11-29,08,quantile,0.4,0
2025-11-15,wk inc flu hosp,3,2025-12-06,08,quantile,0.4,11
2025-11-15,wk inc flu hosp,0,2025-11-15,08,quantile,0.45,7
2025-11-15,wk inc flu hosp,1,2025-11-22,08,quantile,0.45,0
2025-11-15,wk inc flu hosp,2,2025-11-29,08,quantile,0.45,0
2025-11-15,wk inc flu hosp,3,2025-12-06,08,quantile,0.45,22
2025-11-15,wk inc flu hosp,0,2025-11-15,08,quantile,0.5,9
2025-11-15,wk inc flu hosp,1,2025-11-22,08,quantile,0.5,0
2025-11-15,wk inc flu hosp,2,2025-11-29,08,quantile,0.5,0
2025-11-15,wk inc flu hosp,3,2025-12-06,08,quantile,0.5,41
2025-11-15,wk inc flu hosp,0,2025-11-15,08,quantile,0.55,11
2025-11-15,wk inc flu hosp,1,2025-11-22,08,quantile,0.55,0
2025-11-15,wk inc flu hosp,2,2025-11-29,08,quantile,0.55,12
2025-11-15,wk inc flu hosp,3,2025-12-06,08,quantile,0.55,64
2025-11-15,wk inc flu hosp,0,2025-11-15,08,quantile,0.6,13
2025-11-15,wk inc flu hosp,1,2025-11-22,08,quantile,0.6,0
2025-11-15,wk inc flu hosp,2,2025-11-29,08,quantile,0.6,22
2025-11-15,wk inc flu hosp,3,2025-12-06,08,quantile,0.6,77
2025-11-15,wk inc flu hosp,0,2025-11-15,08,quantile,0.65,15
2025-11-15,wk inc flu hosp,1,2025-11-22,08,quantile,0.65,7
2025-11-15,wk inc flu hosp,2,2025-11-29,08,quantile,0.65,32
2025-11-15,wk inc flu hosp,3,2025-12-06,08,quantile,0.65,94
2025-11-15,wk inc flu hosp,0,2025-11-15,08,quantile,0.7,16
2025-11-15,wk inc flu hosp,1,2025-11-22,08,quantile,0.7,13
2025-11-15,wk inc flu hosp,2,2025-11-29,08,quantile,0.7,40
2025-11-15,wk inc flu hosp,3,2025-12-06,08,quantile,0.7,112
2025-11-15,wk inc flu hosp,0,2025-11-15,08,quantile,0.75,19
2025-11-15,wk inc flu hosp,1,2025-11-22,08,quantile,0.75,18
2025-11-15,wk inc flu hosp,2,2025-11-29,08,quantile,0.75,47
2025-11-15,wk inc flu hosp,3,2025-12-06,08,quantile,0.75,128
2025-11-15,wk inc flu hosp,0,2025-11-15,08,quantile,0.8,21
2025-11-15,wk inc flu hosp,1,2025-11-22,08,quantile,0.8,28
2025-11-15,wk inc flu hosp,2,2025-11-29,08,quantile,0.8,57
2025-11-15,wk inc flu hosp,3,2025-12-06,08,quantile,0.8,143
2025-11-15,wk inc flu hosp,0,2025-11-15,08,quantile,0.85,22
2025-11-15,wk inc flu hosp,1,2025-11-22,08,quantile,0.85,32
2025-11-15,wk inc flu hosp,2,2025-11-29,08,quantile,0.85,63
2025-11-15,wk inc flu hosp,3,2025-12-06,08,quantile,0.85,150
2025-11-15,wk inc flu hosp,0,2025-11-15,08,quantile,0.9,28
2025-11-15,wk inc flu hosp,1,2025-11-22,08,quantile,0.9,43
2025-11-15,wk inc flu hosp,2,2025-11-29,08,quantile,0.9,76
2025-11-15,wk inc flu hosp,3,2025-12-06,08,quantile,0.9,166
2025-11-15,wk inc flu hosp,0,2025-11-15,08,quantile,0.95,47
2025-11-15,wk inc flu hosp,1,2025-11-22,08,quantile,0.95,70
2025-11-15,wk inc flu hosp,2,2025-11-29,08,quantile,0.95,113
2025-11-15,wk inc flu hosp,3,2025-12-06,08,quantile,0.95,207
2025-11-15,wk inc flu hosp,0,2025-11-15,08,quantile,0.975,54
2025-11-15,wk inc flu hosp,1,2025-11-22,08,quantile,0.975,90
2025-11-15,wk inc flu hosp,2,2025-11-29,08,quantile,0.975,167
2025-11-15,wk inc flu hosp,3,2025-12-06,08,quantile,0.975,270
2025-11-15,wk inc flu hosp,0,2025-11-15,08,quantile,0.99,64
2025-11-15,wk inc flu hosp,1,2025-11-22,08,quantile,0.99,125
2025-11-15,wk inc flu hosp,2,2025-11-29,08,quantile,0.99,219
2025-11-15,wk inc flu hosp,3,2025-12-06,08,quantile,0.99,324
2025-11-15,wk inc flu prop ed visits,0,2025-11-15,09,quantile,0.01,0
2025-11-15,wk inc flu prop ed visits,1,2025-11-22,09,quantile,0.01,0
2025-11-15,wk inc flu prop ed visits,2,2025-11-29,09,quantile,0.01,0
2025-11-15,wk inc flu prop ed visits,3,2025-12-06,09,quantile,0.01,0
2025-11-15,wk inc flu prop ed visits,0,2025-11-15,09,quantile,0.025,0
2025-11-15,wk inc flu prop ed visits,1,2025-11-22,09,quantile,0.025,0
2025-11-15,wk inc flu prop ed visits,2,2025-11-29,09,quantile,0.025,0
2025-11-15,wk inc flu prop ed visits,3,2025-12-06,09,quantile,0.025,0
2025-11-15,wk inc flu prop ed visits,0,2025-11-15,09,quantile,0.05,0
2025-11-15,wk inc flu prop ed visits,1,2025-11-22,09,quantile,0.05,0
2025-11-15,wk inc flu prop ed visits,2,2025-11-29,09,quantile,0.05,0
2025-11-15,wk inc flu prop ed visits,3,2025-12-06,09,quantile,0.05,0
2025-11-15,wk inc flu prop ed visits,0,2025-11-15,09,quantile,0.1,0
2025-11-15,wk inc flu prop ed visits,1,2025-11-22,09,quantile,0.1,0
2025-11-15,wk inc flu prop ed visits,2,2025-11-29,09,quantile,0.1,0
2025-11-15,wk inc flu prop ed visits,3,2025-12-06,09,quantile,0.1,0
2025-11-15,wk inc flu prop ed visits,0,2025-11-15,09,quantile,0.15,0
2025-11-15,wk inc flu prop ed visits,1,2025-11-22,09,quantile,0.15,0
2025-11-15,wk inc flu prop ed visits,2,2025-11-29,09,quantile,0.15,0
2025-11-15,wk inc flu prop ed visits,3,2025-12-06,09,quantile,0.15,0
2025-11-15,wk inc flu prop ed visits,0,2025-11-15,09,quantile,0.2,0
2025-11-15,wk inc flu prop ed visits,1,2025-11-22,09,quantile,0.2,0
2025-11-15,wk inc flu prop ed visits,2,2025-11-29,09,quantile,0.2,0
2025-11-15,wk inc flu prop ed visits,3,2025-12-06,09,quantile,0.2,0
2025-11-15,wk inc flu prop ed visits,0,2025-11-15,09,quantile,0.25,0
2025-11-15,wk inc flu prop ed visits,1,2025-11-22,09,quantile,0.25,0
2025-11-15,wk inc flu prop ed visits,2,2025-11-29,09,quantile,0.25,0
2025-11-15,wk inc flu prop ed visits,3,2025-12-06,09,quantile,0.25,0
2025-11-15,wk inc flu prop ed visits,0,2025-11-15,09,quantile,0.3,0
2025-11-15,wk inc flu prop ed visits,1,2025-11-22,09,quantile,0.3,0
2025-11-15,wk inc flu prop ed visits,2,2025-11-29,09,quantile,0.3,0
2025-11-15,wk inc flu prop ed visits,3,2025-12-06,09,quantile,0.3,0
2025-11-15,wk inc flu prop ed visits,0,2025-11-15,09,quantile,0.35,0
2025-11-15,wk inc flu prop ed visits,1,2025-11-22,09,quantile,0.35,0
2025-11-15,wk inc flu prop ed visits,2,2025-11-29,09,quantile,0.35,0
2025-11-15,wk inc flu prop ed visits,3,2025-12-06,09,quantile,0.35,0
2025-11-15,wk inc flu prop ed visits,0,2025-11-15,09,quantile,0.4,1.4411896451564155e-4
2025-11-15,wk inc flu prop ed visits,1,2025-11-22,09,quantile,0.4,0
2025-11-15,wk inc flu prop ed visits,2,2025-11-29,09,quantile,0.4,0
2025-11-15,wk inc flu prop ed visits,3,2025-12-06,09,quantile,0.4,0.002000494940068142
2025-11-15,wk inc flu prop ed visits,0,2025-11-15,09,quantile,0.45,7.081619769229189e-4
2025-11-15,wk inc flu prop ed visits,1,2025-11-22,09,quantile,0.45,0
2025-11-15,wk inc flu prop ed visits,2,2025-11-29,09,quantile,0.45,0
2025-11-15,wk inc flu prop ed visits,3,2025-12-06,09,quantile,0.45,0.0032390700353706614
2025-11-15,wk inc flu prop ed visits,0,2025-11-15,09,quantile,0.5,9.472018538426082e-4
2025-11-15,wk inc flu prop ed visits,1,2025-11-22,09,quantile,0.5,0
2025-11-15,wk inc flu prop ed visits,2,2025-11-29,09,quantile,0.5,0
2025-11-15,wk inc flu prop ed visits,3,2025-12-06,09,quantile,0.5,0.004327212934861665
2025-11-15,wk inc flu prop ed visits,0,2025-11-15,09,quantile,0.55,0.0013697932509008789
2025-11-15,wk inc flu prop ed visits,1,2025-11-22,09,quantile,0.55,0
2025-11-15,wk inc flu prop ed visits,2,2025-11-29,09,quantile,0.55,0
2025-11-15,wk inc flu prop ed visits,3,2025-12-06,09,quantile,0.55,0.005910936305401217
2025-11-15,wk inc flu prop ed visits,0,2025-11-15,09,quantile,0.6,0.0017508480836931563
2025-11-15,wk inc flu prop ed visits,1,2025-11-22,09,quantile,0.6,0
2025-11-15,wk inc flu prop ed visits,2,2025-11-29,09,quantile,0.6,7.306002782907586e-5
2025-11-15,wk inc flu prop ed visits,3,2025-12-06,09,quantile,0.6,0.006995887919479171
2025-11-15,wk inc flu prop ed visits,0,2025-11-15,09,quantile,0.65,0.0022184871662610387
2025-11-15,wk inc flu prop ed visits,1,2025-11-22,09,quantile,0.65,0.001290292346987495
2025-11-15,wk inc flu prop ed visits,2,2025-11-29,09,quantile,0.65,0.001766718524678663
2025-11-15,wk inc flu prop ed visits,3,2025-12-06,09,quantile,0.65,0.010076582484062055
2025-11-15,wk inc flu prop ed visits,0,2025-11-15,09,quantile,0.7,0.0027217366557440335
2025-11-15,wk inc flu prop ed visits,1,2025-11-22,09,quantile,0.7,0.0018996879021670914
2025-11-15,wk inc flu prop ed visits,2,2025-11-29,09,quantile,0.7,0.002645800525919527
2025-11-15,wk inc flu prop ed visits,3,2025-12-06,09,quantile,0.7,0.011903213276488092
2025-11-15,wk inc flu prop ed visits,0,2025-11-15,09,quantile,0.75,0.0028647462447872153
2025-11-15,wk inc flu prop ed visits,1,2025-11-22,09,quantile,0.75,0.0025225415495272645
2025-11-15,wk inc flu prop ed visits,2,2025-11-29,09,quantile,0.75,0.00426492313558668
2025-11-15,wk inc flu prop ed visits,3,2025-12-06,09,quantile,0.75,0.014431695412258047
2025-11-15,wk inc flu prop ed visits,0,2025-11-15,09,quantile,0.8,0.0030432041138982353
2025-11-15,wk inc flu prop ed visits,1,2025-11-22,09,quantile,0.8,0.003032641138907626
2025-11-15,wk inc flu prop ed visits,2,2025-11-29,09,quantile,0.8,0.005741960469261028
2025-11-15,wk inc flu prop ed visits,3,2025-12-06,09,quantile,0.8,0.016395233615757003
2025-11-15,wk inc flu prop ed visits,0,2025-11-15,09,quantile,0.85,0.003208743489546479
2025-11-15,wk inc flu prop ed visits,1,2025-11-22,09,quantile,0.85,0.0034236709784369185
2025-11-15,wk inc flu prop ed visits,2,2025-11-29,09,quantile,0.85,0.0064139376407930495
2025-11-15,wk inc flu prop ed visits,3,2025-12-06,09,quantile,0.85,0.017618999652631216
2025-11-15,wk inc flu prop ed visits,0,2025-11-15,09,quantile,0.9,0.003476060315352817
2025-11-15,wk inc flu prop ed visits,1,2025-11-22,09,quantile,0.9,0.004778847678468975
2025-11-15,wk inc flu prop ed visits,2,2025-11-29,09,quantile,0.9,0.007945607199502158
2025-11-15,wk inc flu prop ed visits,3,2025-12-06,09,quantile,0.9,0.01936338171286537
2025-11-15,wk inc flu prop ed visits,0,2025-11-15,09,quantile,0.95,0.004215502958971141
2025-11-15,wk inc flu prop ed visits,1,2025-11-22,09,quantile,0.95,0.005948600867855516
2025-11-15,wk inc flu prop ed visits,2,2025-11-29,09,quantile,0.95,0.009465198241942042
2025-11-15,wk inc flu prop ed visits,3,2025-12-06,09,quantile,0.95,0.021204652079527146
2025-11-15,wk inc flu prop ed visits,0,2025-11-15,09,quantile,0.975,0.007078337816918597
2025-11-15,wk inc flu prop ed visits,1,2025-11-22,09,quantile,0.975,0.011816284978609088
2025-11-15,wk inc flu prop ed visits,2,2025-11-29,09,quantile,0.975,0.018888065539962206
2025-11-15,wk inc flu prop ed visits,3,2025-12-06,09,quantile,0.975,0.032229196894021414
2025-11-15,wk inc flu prop ed visits,0,2025-11-15,09,quantile,0.99,0.007078337816918597
2025-11-15,wk inc flu prop ed visits,1,2025-11-22,09,quantile,0.99,0.011816284978609088
2025-11-15,wk inc flu prop ed visits,2,2025-11-29,09,quantile,0.99,0.020316769106276833
2025-11-15,wk inc flu prop ed visits,3,2025-12-06,09,quantile,0.99,0.03525171040018485
2025-11-15,wk inc flu hosp,0,2025-11-15,09,quantile,0.01,0
2025-11-15,wk inc flu hosp,1,2025-11-22,09,quantile,0.01,0
2025-11-15,wk inc flu hosp,2,2025-11-29,09,quantile,0.01,0
2025-11-15,wk inc flu hosp,3,2025-12-06,09,quantile,0.01,0
2025-11-15,wk inc flu hosp,0,2025-11-15,09,quantile,0.025,0
2025-11-15,wk inc flu hosp,1,2025-11-22,09,quantile,0.025,0
2025-11-15,wk inc flu hosp,2,2025-11-29,09,quantile,0.025,0
2025-11-15,wk inc flu hosp,3,2025-12-06,09,quantile,0.025,0
2025-11-15,wk inc flu hosp,0,2025-11-15,09,quantile,0.05,0
2025-11-15,wk inc flu hosp,1,2025-11-22,09,quantile,0.05,0
2025-11-15,wk inc flu hosp,2,2025-11-29,09,quantile,0.05,0
2025-11-15,wk inc flu hosp,3,2025-12-06,09,quantile,0.05,0
2025-11-15,wk inc flu hosp,0,2025-11-15,09,quantile,0.1,0
2025-11-15,wk inc flu hosp,1,2025-11-22,09,quantile,0.1,0
2025-11-15,wk inc flu hosp,2,2025-11-29,09,quantile,0.1,0
2025-11-15,wk inc flu hosp,3,2025-12-06,09,quantile,0.1,0
2025-11-15,wk inc flu hosp,0,2025-11-15,09,quantile,0.15,0
2025-11-15,wk inc flu hosp,1,2025-11-22,09,quantile,0.15,0
2025-11-15,wk inc flu hosp,2,2025-11-29,09,quantile,0.15,0
2025-11-15,wk inc flu hosp,3,2025-12-06,09,quantile,0.15,0
2025-11-15,wk inc flu hosp,0,2025-11-15,09,quantile,0.2,3
2025-11-15,wk inc flu hosp,1,2025-11-22,09,quantile,0.2,0
2025-11-15,wk inc flu hosp,2,2025-11-29,09,quantile,0.2,0
2025-11-15,wk inc flu hosp,3,2025-12-06,09,quantile,0.2,0
2025-11-15,wk inc flu hosp,0,2025-11-15,09,quantile,0.25,3
2025-11-15,wk inc flu hosp,1,2025-11-22,09,quantile,0.25,0
2025-11-15,wk inc flu hosp,2,2025-11-29,09,quantile,0.25,0
2025-11-15,wk inc flu hosp,3,2025-12-06,09,quantile,0.25,0
2025-11-15,wk inc flu hosp,0,2025-11-15,09,quantile,0.3,5
2025-11-15,wk inc flu hosp,1,2025-11-22,09,quantile,0.3,0
2025-11-15,wk inc flu hosp,2,2025-11-29,09,quantile,0.3,0
2025-11-15,wk inc flu hosp,3,2025-12-06,09,quantile,0.3,11
2025-11-15,wk inc flu hosp,0,2025-11-15,09,quantile,0.35,9
2025-11-15,wk inc flu hosp,1,2025-11-22,09,quantile,0.35,0
2025-11-15,wk inc flu hosp,2,2025-11-29,09,quantile,0.35,0
2025-11-15,wk inc flu hosp,3,2025-12-06,09,quantile,0.35,23
2025-11-15,wk inc flu hosp,0,2025-11-15,09,quantile,0.4,9
2025-11-15,wk inc flu hosp,1,2025-11-22,09,quantile,0.4,0
2025-11-15,wk inc flu hosp,2,2025-11-29,09,quantile,0.4,0
2025-11-15,wk inc flu hosp,3,2025-12-06,09,quantile,0.4,30
2025-11-15,wk inc flu hosp,0,2025-11-15,09,quantile,0.45,11
2025-11-15,wk inc flu hosp,1,2025-11-22,09,quantile,0.45,1
2025-11-15,wk inc flu hosp,2,2025-11-29,09,quantile,0.45,4
2025-11-15,wk inc flu hosp,3,2025-12-06,09,quantile,0.45,35
2025-11-15,wk inc flu hosp,0,2025-11-15,09,quantile,0.5,13
2025-11-15,wk inc flu hosp,1,2025-11-22,09,quantile,0.5,5
2025-11-15,wk inc flu hosp,2,2025-11-29,09,quantile,0.5,9
2025-11-15,wk inc flu hosp,3,2025-12-06,09,quantile,0.5,43
2025-11-15,wk inc flu hosp,0,2025-11-15,09,quantile,0.55,14
2025-11-15,wk inc flu hosp,1,2025-11-22,09,quantile,0.55,8
2025-11-15,wk inc flu hosp,2,2025-11-29,09,quantile,0.55,12
2025-11-15,wk inc flu hosp,3,2025-12-06,09,quantile,0.55,50
2025-11-15,wk inc flu hosp,0,2025-11-15,09,quantile,0.6,16
2025-11-15,wk inc flu hosp,1,2025-11-22,09,quantile,0.6,13
2025-11-15,wk inc flu hosp,2,2025-11-29,09,quantile,0.6,18
2025-11-15,wk inc flu hosp,3,2025-12-06,09,quantile,0.6,58
2025-11-15,wk inc flu hosp,0,2025-11-15,09,quantile,0.65,19
2025-11-15,wk inc flu hosp,1,2025-11-22,09,quantile,0.65,19
2025-11-15,wk inc flu hosp,2,2025-11-29,09,quantile,0.65,25
2025-11-15,wk inc flu hosp,3,2025-12-06,09,quantile,0.65,66
2025-11-15,wk inc flu hosp,0,2025-11-15,09,quantile,0.7,20
2025-11-15,wk inc flu hosp,1,2025-11-22,09,quantile,0.7,20
2025-11-15,wk inc flu hosp,2,2025-11-29,09,quantile,0.7,28
2025-11-15,wk inc flu hosp,3,2025-12-06,09,quantile,0.7,71
2025-11-15,wk inc flu hosp,0,2025-11-15,09,quantile,0.75,21
2025-11-15,wk inc flu hosp,1,2025-11-22,09,quantile,0.75,23
2025-11-15,wk inc flu hosp,2,2025-11-29,09,quantile,0.75,34
2025-11-15,wk inc flu hosp,3,2025-12-06,09,quantile,0.75,92
2025-11-15,wk inc flu hosp,0,2025-11-15,09,quantile,0.8,23
2025-11-15,wk inc flu hosp,1,2025-11-22,09,quantile,0.8,27
2025-11-15,wk inc flu hosp,2,2025-11-29,09,quantile,0.8,43
2025-11-15,wk inc flu hosp,3,2025-12-06,09,quantile,0.8,104
2025-11-15,wk inc flu hosp,0,2025-11-15,09,quantile,0.85,24
2025-11-15,wk inc flu hosp,1,2025-11-22,09,quantile,0.85,31
2025-11-15,wk inc flu hosp,2,2025-11-29,09,quantile,0.85,49
2025-11-15,wk inc flu hosp,3,2025-12-06,09,quantile,0.85,111
2025-11-15,wk inc flu hosp,0,2025-11-15,09,quantile,0.9,26
2025-11-15,wk inc flu hosp,1,2025-11-22,09,quantile,0.9,39
2025-11-15,wk inc flu hosp,2,2025-11-29,09,quantile,0.9,59
2025-11-15,wk inc flu hosp,3,2025-12-06,09,quantile,0.9,123
2025-11-15,wk inc flu hosp,0,2025-11-15,09,quantile,0.95,32
2025-11-15,wk inc flu hosp,1,2025-11-22,09,quantile,0.95,55
2025-11-15,wk inc flu hosp,2,2025-11-29,09,quantile,0.95,90
2025-11-15,wk inc flu hosp,3,2025-12-06,09,quantile,0.95,158
2025-11-15,wk inc flu hosp,0,2025-11-15,09,quantile,0.975,43
2025-11-15,wk inc flu hosp,1,2025-11-22,09,quantile,0.975,77
2025-11-15,wk inc flu hosp,2,2025-11-29,09,quantile,0.975,130
2025-11-15,wk inc flu hosp,3,2025-12-06,09,quantile,0.975,216
2025-11-15,wk inc flu hosp,0,2025-11-15,09,quantile,0.99,56
2025-11-15,wk inc flu hosp,1,2025-11-22,09,quantile,0.99,96
2025-11-15,wk inc flu hosp,2,2025-11-29,09,quantile,0.99,150
2025-11-15,wk inc flu hosp,3,2025-12-06,09,quantile,0.99,242
2025-11-15,wk inc flu prop ed visits,0,2025-11-15,11,quantile,0.01,0
2025-11-15,wk inc flu prop ed visits,1,2025-11-22,11,quantile,0.01,0
2025-11-15,wk inc flu prop ed visits,2,2025-11-29,11,quantile,0.01,0
2025-11-15,wk inc flu prop ed visits,3,2025-12-06,11,quantile,0.01,0
2025-11-15,wk inc flu prop ed visits,0,2025-11-15,11,quantile,0.025,0
2025-11-15,wk inc flu prop ed visits,1,2025-11-22,11,quantile,0.025,0
2025-11-15,wk inc flu prop ed visits,2,2025-11-29,11,quantile,0.025,0
2025-11-15,wk inc flu prop ed visits,3,2025-12-06,11,quantile,0.025,0
2025-11-15,wk inc flu prop ed visits,0,2025-11-15,11,quantile,0.05,0
2025-11-15,wk inc flu prop ed visits,1,2025-11-22,11,quantile,0.05,0
2025-11-15,wk inc flu prop ed visits,2,2025-11-29,11,quantile,0.05,0
2025-11-15,wk inc flu prop ed visits,3,2025-12-06,11,quantile,0.05,0
2025-11-15,wk inc flu prop ed visits,0,2025-11-15,11,quantile,0.1,0
2025-11-15,wk inc flu prop ed visits,1,2025-11-22,11,quantile,0.1,0
2025-11-15,wk inc flu prop ed visits,2,2025-11-29,11,quantile,0.1,0
2025-11-15,wk inc flu prop ed visits,3,2025-12-06,11,quantile,0.1,0
2025-11-15,wk inc flu prop ed visits,0,2025-11-15,11,quantile,0.15,5.46359452335319e-4
2025-11-15,wk inc flu prop ed visits,1,2025-11-22,11,quantile,0.15,0
2025-11-15,wk inc flu prop ed visits,2,2025-11-29,11,quantile,0.15,0
2025-11-15,wk inc flu prop ed visits,3,2025-12-06,11,quantile,0.15,0
2025-11-15,wk inc flu prop ed visits,0,2025-11-15,11,quantile,0.2,0.0010632960801276413
2025-11-15,wk inc flu prop ed visits,1,2025-11-22,11,quantile,0.2,0
2025-11-15,wk inc flu prop ed visits,2,2025-11-29,11,quantile,0.2,0
2025-11-15,wk inc flu prop ed visits,3,2025-12-06,11,quantile,0.2,0
2025-11-15,wk inc flu prop ed visits,0,2025-11-15,11,quantile,0.25,0.0013913879358145133
2025-11-15,wk inc flu prop ed visits,1,2025-11-22,11,quantile,0.25,0
2025-11-15,wk inc flu prop ed visits,2,2025-11-29,11,quantile,0.25,0
2025-11-15,wk inc flu prop ed visits,3,2025-12-06,11,quantile,0.25,0
2025-11-15,wk inc flu prop ed visits,0,2025-11-15,11,quantile,0.3,0.0017211263782228618
2025-11-15,wk inc flu prop ed visits,1,2025-11-22,11,quantile,0.3,0
2025-11-15,wk inc flu prop ed visits,2,2025-11-29,11,quantile,0.3,0
2025-11-15,wk inc flu prop ed visits,3,2025-12-06,11,quantile,0.3,0
2025-11-15,wk inc flu prop ed visits,0,2025-11-15,11,quantile,0.35,0.0021717309456009844
2025-11-15,wk inc flu prop ed visits,1,2025-11-22,11,quantile,0.35,4.4854194302945845e-4
2025-11-15,wk inc flu prop ed visits,2,2025-11-29,11,quantile,0.35,0
2025-11-15,wk inc flu prop ed visits,3,2025-12-06,11,quantile,0.35,0
2025-11-15,wk inc flu prop ed visits,0,2025-11-15,11,quantile,0.4,0.002455221731131268
2025-11-15,wk inc flu prop ed visits,1,2025-11-22,11,quantile,0.4,0.0011398785582353225
2025-11-15,wk inc flu prop ed visits,2,2025-11-29,11,quantile,0.4,0
2025-11-15,wk inc flu prop ed visits,3,2025-12-06,11,quantile,0.4,0
2025-11-15,wk inc flu prop ed visits,0,2025-11-15,11,quantile,0.45,0.0031249992792977627
2025-11-15,wk inc flu prop ed visits,1,2025-11-22,11,quantile,0.45,0.002046025833790024
2025-11-15,wk inc flu prop ed visits,2,2025-11-29,11,quantile,0.45,0
2025-11-15,wk inc flu prop ed visits,3,2025-12-06,11,quantile,0.45,2.3281280758559846e-4
2025-11-15,wk inc flu prop ed visits,0,2025-11-15,11,quantile,0.5,0.0036351326394314866
2025-11-15,wk inc flu prop ed visits,1,2025-11-22,11,quantile,0.5,0.0032842996493257317
2025-11-15,wk inc flu prop ed visits,2,2025-11-29,11,quantile,0.5,0.0012152285428972728
2025-11-15,wk inc flu prop ed visits,3,2025-12-06,11,quantile,0.5,0.0021871993085868526
2025-11-15,wk inc flu prop ed visits,0,2025-11-15,11,quantile,0.55,0.004072769328989535
2025-11-15,wk inc flu prop ed visits,1,2025-11-22,11,quantile,0.55,0.004136523303812042
2025-11-15,wk inc flu prop ed visits,2,2025-11-29,11,quantile,0.55,0.002408778548488259
2025-11-15,wk inc flu prop ed visits,3,2025-12-06,11,quantile,0.55,0.003907522174686724
2025-11-15,wk inc flu prop ed visits,0,2025-11-15,11,quantile,0.6,0.005033809532180318
2025-11-15,wk inc flu prop ed visits,1,2025-11-22,11,quantile,0.6,0.005695463155080408
2025-11-15,wk inc flu prop ed visits,2,2025-11-29,11,quantile,0.6,0.004305580147154334
2025-11-15,wk inc flu prop ed visits,3,2025-12-06,11,quantile,0.6,0.006336848129835789
2025-11-15,wk inc flu prop ed visits,0,2025-11-15,11,quantile,0.65,0.005707902251126357
2025-11-15,wk inc flu prop ed visits,1,2025-11-22,11,quantile,0.65,0.006647318995297383
2025-11-15,wk inc flu prop ed visits,2,2025-11-29,11,quantile,0.65,0.005529876431367902
2025-11-15,wk inc flu prop ed visits,3,2025-12-06,11,quantile,0.65,0.008058857625658472
2025-11-15,wk inc flu prop ed visits,0,2025-11-15,11,quantile,0.7,0.006125914841412608
2025-11-15,wk inc flu prop ed visits,1,2025-11-22,11,quantile,0.7,0.007690351225238283
2025-11-15,wk inc flu prop ed visits,2,2025-11-29,11,quantile,0.7,0.006857913646173768
2025-11-15,wk inc flu prop ed visits,3,2025-12-06,11,quantile,0.7,0.010691847327948771
2025-11-15,wk inc flu prop ed visits,0,2025-11-15,11,quantile,0.75,0.0063462581585164235
2025-11-15,wk inc flu prop ed visits,1,2025-11-22,11,quantile,0.75,0.008551265998272214
2025-11-15,wk inc flu prop ed visits,2,2025-11-29,11,quantile,0.75,0.008038527810917004
2025-11-15,wk inc flu prop ed visits,3,2025-12-06,11,quantile,0.75,0.012780988193468191
2025-11-15,wk inc flu prop ed visits,0,2025-11-15,11,quantile,0.8,0.006714837515688428
2025-11-15,wk inc flu prop ed visits,1,2025-11-22,11,quantile,0.8,0.009113071475880207
2025-11-15,wk inc flu prop ed visits,2,2025-11-29,11,quantile,0.8,0.009199574424071903
2025-11-15,wk inc flu prop ed visits,3,2025-12-06,11,quantile,0.8,0.015145785840726051
2025-11-15,wk inc flu prop ed visits,0,2025-11-15,11,quantile,0.85,0.008102124091850944
2025-11-15,wk inc flu prop ed visits,1,2025-11-22,11,quantile,0.85,0.01072789814635143
2025-11-15,wk inc flu prop ed visits,2,2025-11-29,11,quantile,0.85,0.012656290260223907
2025-11-15,wk inc flu prop ed visits,3,2025-12-06,11,quantile,0.85,0.01967435181924067
2025-11-15,wk inc flu prop ed visits,0,2025-11-15,11,quantile,0.9,0.009141964443406123
2025-11-15,wk inc flu prop ed visits,1,2025-11-22,11,quantile,0.9,0.013143565156576808
2025-11-15,wk inc flu prop ed visits,2,2025-11-29,11,quantile,0.9,0.015765060005094714
2025-11-15,wk inc flu prop ed visits,3,2025-12-06,11,quantile,0.9,0.02557888140873371
2025-11-15,wk inc flu prop ed visits,0,2025-11-15,11,quantile,0.95,0.012694713087739382
2025-11-15,wk inc flu prop ed visits,1,2025-11-22,11,quantile,0.95,0.019961062766515273
2025-11-15,wk inc flu prop ed visits,2,2025-11-29,11,quantile,0.95,0.024991643476205874
2025-11-15,wk inc flu prop ed visits,3,2025-12-06,11,quantile,0.95,0.03904456085804345
2025-11-15,wk inc flu prop ed visits,0,2025-11-15,11,quantile,0.975,0.021749432716406007
2025-11-15,wk inc flu prop ed visits,1,2025-11-22,11,quantile,0.975,0.03342476510805363
2025-11-15,wk inc flu prop ed visits,2,2025-11-29,11,quantile,0.975,0.04299879813502051
2025-11-15,wk inc flu prop ed visits,3,2025-12-06,11,quantile,0.975,0.05892712393031563
2025-11-15,wk inc flu prop ed visits,0,2025-11-15,11,quantile,0.99,0.04613039600843291
2025-11-15,wk inc flu prop ed visits,1,2025-11-22,11,quantile,0.99,0.06933395114531726
2025-11-15,wk inc flu prop ed visits,2,2025-11-29,11,quantile,0.99,0.08203756153320195
2025-11-15,wk inc flu prop ed visits,3,2025-12-06,11,quantile,0.99,0.10007081604382374
2025-11-15,wk inc flu hosp,0,2025-11-15,11,quantile,0.01,0
2025-11-15,wk inc flu hosp,1,2025-11-22,11,quantile,0.01,0
2025-11-15,wk inc flu hosp,2,2025-11-29,11,quantile,0.01,0
2025-11-15,wk inc flu hosp,3,2025-12-06,11,quantile,0.01,0
2025-11-15,wk inc flu hosp,0,2025-11-15,11,quantile,0.025,0
2025-11-15,wk inc flu hosp,1,2025-11-22,11,quantile,0.025,0
2025-11-15,wk inc flu hosp,2,2025-11-29,11,quantile,0.025,0
2025-11-15,wk inc flu hosp,3,2025-12-06,11,quantile,0.025,0
2025-11-15,wk inc flu hosp,0,2025-11-15,11,quantile,0.05,0
2025-11-15,wk inc flu hosp,1,2025-11-22,11,quantile,0.05,0
2025-11-15,wk inc flu hosp,2,2025-11-29,11,quantile,0.05,0
2025-11-15,wk inc flu hosp,3,2025-12-06,11,quantile,0.05,0
2025-11-15,wk inc flu hosp,0,2025-11-15,11,quantile,0.1,0
2025-11-15,wk inc flu hosp,1,2025-11-22,11,quantile,0.1,0
2025-11-15,wk inc flu hosp,2,2025-11-29,11,quantile,0.1,0
2025-11-15,wk inc flu hosp,3,2025-12-06,11,quantile,0.1,0
2025-11-15,wk inc flu hosp,0,2025-11-15,11,quantile,0.15,2
2025-11-15,wk inc flu hosp,1,2025-11-22,11,quantile,0.15,0
2025-11-15,wk inc flu hosp,2,2025-11-29,11,quantile,0.15,0
2025-11-15,wk inc flu hosp,3,2025-12-06,11,quantile,0.15,0
2025-11-15,wk inc flu hosp,0,2025-11-15,11,quantile,0.2,2
2025-11-15,wk inc flu hosp,1,2025-11-22,11,quantile,0.2,1
2025-11-15,wk inc flu hosp,2,2025-11-29,11,quantile,0.2,0
2025-11-15,wk inc flu hosp,3,2025-12-06,11,quantile,0.2,0
2025-11-15,wk inc flu hosp,0,2025-11-15,11,quantile,0.25,3
2025-11-15,wk inc flu hosp,1,2025-11-22,11,quantile,0.25,2
2025-11-15,wk inc flu hosp,2,2025-11-29,11,quantile,0.25,0
2025-11-15,wk inc flu hosp,3,2025-12-06,11,quantile,0.25,3
2025-11-15,wk inc flu hosp,0,2025-11-15,11,quantile,0.3,3
2025-11-15,wk inc flu hosp,1,2025-11-22,11,quantile,0.3,2
2025-11-15,wk inc flu hosp,2,2025-11-29,11,quantile,0.3,0
2025-11-15,wk inc flu hosp,3,2025-12-06,11,quantile,0.3,4
2025-11-15,wk inc flu hosp,0,2025-11-15,11,quantile,0.35,3
2025-11-15,wk inc flu hosp,1,2025-11-22,11,quantile,0.35,3
2025-11-15,wk inc flu hosp,2,2025-11-29,11,quantile,0.35,2
2025-11-15,wk inc flu hosp,3,2025-12-06,11,quantile,0.35,7
2025-11-15,wk inc flu hosp,0,2025-11-15,11,quantile,0.4,4
2025-11-15,wk inc flu hosp,1,2025-11-22,11,quantile,0.4,4
2025-11-15,wk inc flu hosp,2,2025-11-29,11,quantile,0.4,3
2025-11-15,wk inc flu hosp,3,2025-12-06,11,quantile,0.4,8
2025-11-15,wk inc flu hosp,0,2025-11-15,11,quantile,0.45,5
2025-11-15,wk inc flu hosp,1,2025-11-22,11,quantile,0.45,5
2025-11-15,wk inc flu hosp,2,2025-11-29,11,quantile,0.45,4
2025-11-15,wk inc flu hosp,3,2025-12-06,11,quantile,0.45,10
2025-11-15,wk inc flu hosp,0,2025-11-15,11,quantile,0.5,5
2025-11-15,wk inc flu hosp,1,2025-11-22,11,quantile,0.5,6
2025-11-15,wk inc flu hosp,2,2025-11-29,11,quantile,0.5,6
2025-11-15,wk inc flu hosp,3,2025-12-06,11,quantile,0.5,12
2025-11-15,wk inc flu hosp,0,2025-11-15,11,quantile,0.55,6
2025-11-15,wk inc flu hosp,1,2025-11-22,11,quantile,0.55,8
2025-11-15,wk inc flu hosp,2,2025-11-29,11,quantile,0.55,7
2025-11-15,wk inc flu hosp,3,2025-12-06,11,quantile,0.55,14
2025-11-15,wk inc flu hosp,0,2025-11-15,11,quantile,0.6,7
2025-11-15,wk inc flu hosp,1,2025-11-22,11,quantile,0.6,9
2025-11-15,wk inc flu hosp,2,2025-11-29,11,quantile,0.6,8
2025-11-15,wk inc flu hosp,3,2025-12-06,11,quantile,0.6,16
2025-11-15,wk inc flu hosp,0,2025-11-15,11,quantile,0.65,8
2025-11-15,wk inc flu hosp,1,2025-11-22,11,quantile,0.65,10
2025-11-15,wk inc flu hosp,2,2025-11-29,11,quantile,0.65,9
2025-11-15,wk inc flu hosp,3,2025-12-06,11,quantile,0.65,18
2025-11-15,wk inc flu hosp,0,2025-11-15,11,quantile,0.7,9
2025-11-15,wk inc flu hosp,1,2025-11-22,11,quantile,0.7,11
2025-11-15,wk inc flu hosp,2,2025-11-29,11,quantile,0.7,11
2025-11-15,wk inc flu hosp,3,2025-12-06,11,quantile,0.7,21
2025-11-15,wk inc flu hosp,0,2025-11-15,11,quantile,0.75,10
2025-11-15,wk inc flu hosp,1,2025-11-22,11,quantile,0.75,12
2025-11-15,wk inc flu hosp,2,2025-11-29,11,quantile,0.75,13
2025-11-15,wk inc flu hosp,3,2025-12-06,11,quantile,0.75,25
2025-11-15,wk inc flu hosp,0,2025-11-15,11,quantile,0.8,11
2025-11-15,wk inc flu hosp,1,2025-11-22,11,quantile,0.8,13
2025-11-15,wk inc flu hosp,2,2025-11-29,11,quantile,0.8,14
2025-11-15,wk inc flu hosp,3,2025-12-06,11,quantile,0.8,28
2025-11-15,wk inc flu hosp,0,2025-11-15,11,quantile,0.85,11
2025-11-15,wk inc flu hosp,1,2025-11-22,11,quantile,0.85,15
2025-11-15,wk inc flu hosp,2,2025-11-29,11,quantile,0.85,17
2025-11-15,wk inc flu hosp,3,2025-12-06,11,quantile,0.85,32
2025-11-15,wk inc flu hosp,0,2025-11-15,11,quantile,0.9,13
2025-11-15,wk inc flu hosp,1,2025-11-22,11,quantile,0.9,18
2025-11-15,wk inc flu hosp,2,2025-11-29,11,quantile,0.9,21
2025-11-15,wk inc flu hosp,3,2025-12-06,11,quantile,0.9,37
2025-11-15,wk inc flu hosp,0,2025-11-15,11,quantile,0.95,19
2025-11-15,wk inc flu hosp,1,2025-11-22,11,quantile,0.95,27
2025-11-15,wk inc flu hosp,2,2025-11-29,11,quantile,0.95,33
2025-11-15,wk inc flu hosp,3,2025-12-06,11,quantile,0.95,50
2025-11-15,wk inc flu hosp,0,2025-11-15,11,quantile,0.975,38
2025-11-15,wk inc flu hosp,1,2025-11-22,11,quantile,0.975,59
2025-11-15,wk inc flu hosp,2,2025-11-29,11,quantile,0.975,72
2025-11-15,wk inc flu hosp,3,2025-12-06,11,quantile,0.975,89
2025-11-15,wk inc flu hosp,0,2025-11-15,11,quantile,0.99,42
2025-11-15,wk inc flu hosp,1,2025-11-22,11,quantile,0.99,64
2025-11-15,wk inc flu hosp,2,2025-11-29,11,quantile,0.99,77
2025-11-15,wk inc flu hosp,3,2025-12-06,11,quantile,0.99,95
2025-11-15,wk inc flu prop ed visits,0,2025-11-15,12,quantile,0.01,0.005329187611248325
2025-11-15,wk inc flu prop ed visits,1,2025-11-22,12,quantile,0.01,0.007073077440414273
2025-11-15,wk inc flu prop ed visits,2,2025-11-29,12,quantile,0.01,0.008519506923072379
2025-11-15,wk inc flu prop ed visits,3,2025-12-06,12,quantile,0.01,0.010536771973458835
2025-11-15,wk inc flu prop ed visits,0,2025-11-15,12,quantile,0.025,0.005539782222690666
2025-11-15,wk inc flu prop ed visits,1,2025-11-22,12,quantile,0.025,0.00745278657251894
2025-11-15,wk inc flu prop ed visits,2,2025-11-29,12,quantile,0.025,0.009593148593535676
2025-11-15,wk inc flu prop ed visits,3,2025-12-06,12,quantile,0.025,0.011680572084491116
2025-11-15,wk inc flu prop ed visits,0,2025-11-15,12,quantile,0.05,0.005675585308616199
2025-11-15,wk inc flu prop ed visits,1,2025-11-22,12,quantile,0.05,0.00813525745635592
2025-11-15,wk inc flu prop ed visits,2,2025-11-29,12,quantile,0.05,0.010474007009943602
2025-11-15,wk inc flu prop ed visits,3,2025-12-06,12,quantile,0.05,0.01269799592420297
2025-11-15,wk inc flu prop ed visits,0,2025-11-15,12,quantile,0.1,0.005858663143084593
2025-11-15,wk inc flu prop ed visits,1,2025-11-22,12,quantile,0.1,0.008599351562816973
2025-11-15,wk inc flu prop ed visits,2,2025-11-29,12,quantile,0.1,0.011249205451120242
2025-11-15,wk inc flu prop ed visits,3,2025-12-06,12,quantile,0.1,0.013821907017618536
2025-11-15,wk inc flu prop ed visits,0,2025-11-15,12,quantile,0.15,0.005884603737756745
2025-11-15,wk inc flu prop ed visits,1,2025-11-22,12,quantile,0.15,0.008673514769716392
2025-11-15,wk inc flu prop ed visits,2,2025-11-29,12,quantile,0.15,0.011463586746147834
2025-11-15,wk inc flu prop ed visits,3,2025-12-06,12,quantile,0.15,0.014206656579510507
2025-11-15,wk inc flu prop ed visits,0,2025-11-15,12,quantile,0.2,0.005923858778057914
2025-11-15,wk inc flu prop ed visits,1,2025-11-22,12,quantile,0.2,0.008778849760879368
2025-11-15,wk inc flu prop ed visits,2,2025-11-29,12,quantile,0.2,0.011671929026971749
2025-11-15,wk inc flu prop ed visits,3,2025-12-06,12,quantile,0.2,0.014519640416203693
2025-11-15,wk inc flu prop ed visits,0,2025-11-15,12,quantile,0.25,0.006009855986701883
2025-11-15,wk inc flu prop ed visits,1,2025-11-22,12,quantile,0.25,0.008932613280262139
2025-11-15,wk inc flu prop ed visits,2,2025-11-29,12,quantile,0.25,0.01192114759718821
2025-11-15,wk inc flu prop ed visits,3,2025-12-06,12,quantile,0.25,0.014914682498398434
2025-11-15,wk inc flu prop ed visits,0,2025-11-15,12,quantile,0.3,0.006028133292711878
2025-11-15,wk inc flu prop ed visits,1,2025-11-22,12,quantile,0.3,0.009031207947773765
2025-11-15,wk inc flu prop ed visits,2,2025-11-29,12,quantile,0.3,0.012056234055355119
2025-11-15,wk inc flu prop ed visits,3,2025-12-06,12,quantile,0.3,0.015090279891449001
2025-11-15,wk inc flu prop ed visits,0,2025-11-15,12,quantile,0.35,0.006103577156147774
2025-11-15,wk inc flu prop ed visits,1,2025-11-22,12,quantile,0.35,0.009142001671735574
2025-11-15,wk inc flu prop ed visits,2,2025-11-29,12,quantile,0.35,0.012205081336612394
2025-11-15,wk inc flu prop ed visits,3,2025-12-06,12,quantile,0.35,0.015280230182514775
2025-11-15,wk inc flu prop ed visits,0,2025-11-15,12,quantile,0.4,0.006133196404548612
2025-11-15,wk inc flu prop ed visits,1,2025-11-22,12,quantile,0.4,0.009193691535577886
2025-11-15,wk inc flu prop ed visits,2,2025-11-29,12,quantile,0.4,0.012301185122009893
2025-11-15,wk inc flu prop ed visits,3,2025-12-06,12,quantile,0.4,0.01541915319574075
2025-11-15,wk inc flu prop ed visits,0,2025-11-15,12,quantile,0.45,0.006172425484331407
2025-11-15,wk inc flu prop ed visits,1,2025-11-22,12,quantile,0.45,0.009276883109599359
2025-11-15,wk inc flu prop ed visits,2,2025-11-29,12,quantile,0.45,0.012413008551293838
2025-11-15,wk inc flu prop ed visits,3,2025-12-06,12,quantile,0.45,0.015563592002436078
2025-11-15,wk inc flu prop ed visits,0,2025-11-15,12,quantile,0.5,0.0062040260259241045
2025-11-15,wk inc flu prop ed visits,1,2025-11-22,12,quantile,0.5,0.009390639955452055
2025-11-15,wk inc flu prop ed visits,2,2025-11-29,12,quantile,0.5,0.01255996728878635
2025-11-15,wk inc flu prop ed visits,3,2025-12-06,12,quantile,0.5,0.015807613388643598
2025-11-15,wk inc flu prop ed visits,0,2025-11-15,12,quantile,0.55,0.006230934189293392
2025-11-15,wk inc flu prop ed visits,1,2025-11-22,12,quantile,0.55,0.009460566343968536
2025-11-15,wk inc flu prop ed visits,2,2025-11-29,12,quantile,0.55,0.01267156327163286
2025-11-15,wk inc flu prop ed visits,3,2025-12-06,12,quantile,0.55,0.015939259764665932
2025-11-15,wk inc flu prop ed visits,0,2025-11-15,12,quantile,0.6,0.006291470776484865
2025-11-15,wk inc flu prop ed visits,1,2025-11-22,12,quantile,0.6,0.009595919624234563
2025-11-15,wk inc flu prop ed visits,2,2025-11-29,12,quantile,0.6,0.01290823265815296
2025-11-15,wk inc flu prop ed visits,3,2025-12-06,12,quantile,0.6,0.01623674688013414
2025-11-15,wk inc flu prop ed visits,0,2025-11-15,12,quantile,0.65,0.006353879314680597
2025-11-15,wk inc flu prop ed visits,1,2025-11-22,12,quantile,0.65,0.009769247011661219
2025-11-15,wk inc flu prop ed visits,2,2025-11-29,12,quantile,0.65,0.013129298235791188
2025-11-15,wk inc flu prop ed visits,3,2025-12-06,12,quantile,0.65,0.016527650175580284
2025-11-15,wk inc flu prop ed visits,0,2025-11-15,12,quantile,0.7,0.006382854211469454
2025-11-15,wk inc flu prop ed visits,1,2025-11-22,12,quantile,0.7,0.009868244923265225
2025-11-15,wk inc flu prop ed visits,2,2025-11-29,12,quantile,0.7,0.013254972485744474
2025-11-15,wk inc flu prop ed visits,3,2025-12-06,12,quantile,0.7,0.01685660029819182
2025-11-15,wk inc flu prop ed visits,0,2025-11-15,12,quantile,0.75,0.006551427259680685
2025-11-15,wk inc flu prop ed visits,1,2025-11-22,12,quantile,0.75,0.01008518373844787
2025-11-15,wk inc flu prop ed visits,2,2025-11-29,12,quantile,0.75,0.01354315849893801
2025-11-15,wk inc flu prop ed visits,3,2025-12-06,12,quantile,0.75,0.017287339983929218
2025-11-15,wk inc flu prop ed visits,0,2025-11-15,12,quantile,0.8,0.006715394408291974
2025-11-15,wk inc flu prop ed visits,1,2025-11-22,12,quantile,0.8,0.010296995298235547
2025-11-15,wk inc flu prop ed visits,2,2025-11-29,12,quantile,0.8,0.01397586138386433
2025-11-15,wk inc flu prop ed visits,3,2025-12-06,12,quantile,0.8,0.017905779107363406
2025-11-15,wk inc flu prop ed visits,0,2025-11-15,12,quantile,0.85,0.006849247548888514
2025-11-15,wk inc flu prop ed visits,1,2025-11-22,12,quantile,0.85,0.010595225481400067
2025-11-15,wk inc flu prop ed visits,2,2025-11-29,12,quantile,0.85,0.01446511818838746
2025-11-15,wk inc flu prop ed visits,3,2025-12-06,12,quantile,0.85,0.018663213261939017
2025-11-15,wk inc flu prop ed visits,0,2025-11-15,12,quantile,0.9,0.007142302592029791
2025-11-15,wk inc flu prop ed visits,1,2025-11-22,12,quantile,0.9,0.011046555362619377
2025-11-15,wk inc flu prop ed visits,2,2025-11-29,12,quantile,0.9,0.015031757619196952
2025-11-15,wk inc flu prop ed visits,3,2025-12-06,12,quantile,0.9,0.019429101275785423
2025-11-15,wk inc flu prop ed visits,0,2025-11-15,12,quantile,0.95,0.007850941534794454
2025-11-15,wk inc flu prop ed visits,1,2025-11-22,12,quantile,0.95,0.011946193812181531
2025-11-15,wk inc flu prop ed visits,2,2025-11-29,12,quantile,0.95,0.016452474233474523
2025-11-15,wk inc flu prop ed visits,3,2025-12-06,12,quantile,0.95,0.021119111294107762
2025-11-15,wk inc flu prop ed visits,0,2025-11-15,12,quantile,0.975,0.008075867065723353
2025-11-15,wk inc flu prop ed visits,1,2025-11-22,12,quantile,0.975,0.01308343367699445
2025-11-15,wk inc flu prop ed visits,2,2025-11-29,12,quantile,0.975,0.01813365220509928
2025-11-15,wk inc flu prop ed visits,3,2025-12-06,12,quantile,0.975,0.023121292224051
2025-11-15,wk inc flu prop ed visits,0,2025-11-15,12,quantile,0.99,0.008204087464659109
2025-11-15,wk inc flu prop ed visits,1,2025-11-22,12,quantile,0.99,0.01357261796953949
2025-11-15,wk inc flu prop ed visits,2,2025-11-29,12,quantile,0.99,0.019015959088808734
2025-11-15,wk inc flu prop ed visits,3,2025-12-06,12,quantile,0.99,0.02455629690712595
2025-11-15,wk inc flu hosp,0,2025-11-15,12,quantile,0.01,247
2025-11-15,wk inc flu hosp,1,2025-11-22,12,quantile,0.01,340
2025-11-15,wk inc flu hosp,2,2025-11-29,12,quantile,0.01,419
2025-11-15,wk inc flu hosp,3,2025-12-06,12,quantile,0.01,524
2025-11-15,wk inc flu hosp,0,2025-11-15,12,quantile,0.025,256
2025-11-15,wk inc flu hosp,1,2025-11-22,12,quantile,0.025,356
2025-11-15,wk inc flu hosp,2,2025-11-29,12,quantile,0.025,466
2025-11-15,wk inc flu hosp,3,2025-12-06,12,quantile,0.025,573
2025-11-15,wk inc flu hosp,0,2025-11-15,12,quantile,0.05,262
2025-11-15,wk inc flu hosp,1,2025-11-22,12,quantile,0.05,386
2025-11-15,wk inc flu hosp,2,2025-11-29,12,quantile,0.05,504
2025-11-15,wk inc flu hosp,3,2025-12-06,12,quantile,0.05,617
2025-11-15,wk inc flu hosp,0,2025-11-15,12,quantile,0.1,270
2025-11-15,wk inc flu hosp,1,2025-11-22,12,quantile,0.1,406
2025-11-15,wk inc flu hosp,2,2025-11-29,12,quantile,0.1,537
2025-11-15,wk inc flu hosp,3,2025-12-06,12,quantile,0.1,666
2025-11-15,wk inc flu hosp,0,2025-11-15,12,quantile,0.15,271
2025-11-15,wk inc flu hosp,1,2025-11-22,12,quantile,0.15,409
2025-11-15,wk inc flu hosp,2,2025-11-29,12,quantile,0.15,547
2025-11-15,wk inc flu hosp,3,2025-12-06,12,quantile,0.15,682
2025-11-15,wk inc flu hosp,0,2025-11-15,12,quantile,0.2,273
2025-11-15,wk inc flu hosp,1,2025-11-22,12,quantile,0.2,414
2025-11-15,wk inc flu hosp,2,2025-11-29,12,quantile,0.2,556
2025-11-15,wk inc flu hosp,3,2025-12-06,12,quantile,0.2,696
2025-11-15,wk inc flu hosp,0,2025-11-15,12,quantile,0.25,277
2025-11-15,wk inc flu hosp,1,2025-11-22,12,quantile,0.25,420
2025-11-15,wk inc flu hosp,2,2025-11-29,12,quantile,0.25,566
2025-11-15,wk inc flu hosp,3,2025-12-06,12,quantile,0.25,713
2025-11-15,wk inc flu hosp,0,2025-11-15,12,quantile,0.3,278
2025-11-15,wk inc flu hosp,1,2025-11-22,12,quantile,0.3,424
2025-11-15,wk inc flu hosp,2,2025-11-29,12,quantile,0.3,572
2025-11-15,wk inc flu hosp,3,2025-12-06,12,quantile,0.3,720
2025-11-15,wk inc flu hosp,0,2025-11-15,12,quantile,0.35,281
2025-11-15,wk inc flu hosp,1,2025-11-22,12,quantile,0.35,429
2025-11-15,wk inc flu hosp,2,2025-11-29,12,quantile,0.35,579
2025-11-15,wk inc flu hosp,3,2025-12-06,12,quantile,0.35,729
2025-11-15,wk inc flu hosp,0,2025-11-15,12,quantile,0.4,282
2025-11-15,wk inc flu hosp,1,2025-11-22,12,quantile,0.4,431
2025-11-15,wk inc flu hosp,2,2025-11-29,12,quantile,0.4,583
2025-11-15,wk inc flu hosp,3,2025-12-06,12,quantile,0.4,735
2025-11-15,wk inc flu hosp,0,2025-11-15,12,quantile,0.45,284
2025-11-15,wk inc flu hosp,1,2025-11-22,12,quantile,0.45,435
2025-11-15,wk inc flu hosp,2,2025-11-29,12,quantile,0.45,588
2025-11-15,wk inc flu hosp,3,2025-12-06,12,quantile,0.45,741
2025-11-15,wk inc flu hosp,0,2025-11-15,12,quantile,0.5,285
2025-11-15,wk inc flu hosp,1,2025-11-22,12,quantile,0.5,440
2025-11-15,wk inc flu hosp,2,2025-11-29,12,quantile,0.5,594
2025-11-15,wk inc flu hosp,3,2025-12-06,12,quantile,0.5,751
2025-11-15,wk inc flu hosp,0,2025-11-15,12,quantile,0.55,286
2025-11-15,wk inc flu hosp,1,2025-11-22,12,quantile,0.55,443
2025-11-15,wk inc flu hosp,2,2025-11-29,12,quantile,0.55,599
2025-11-15,wk inc flu hosp,3,2025-12-06,12,quantile,0.55,757
2025-11-15,wk inc flu hosp,0,2025-11-15,12,quantile,0.6,289
2025-11-15,wk inc flu hosp,1,2025-11-22,12,quantile,0.6,449
2025-11-15,wk inc flu hosp,2,2025-11-29,12,quantile,0.6,609
2025-11-15,wk inc flu hosp,3,2025-12-06,12,quantile,0.6,770
2025-11-15,wk inc flu hosp,0,2025-11-15,12,quantile,0.65,292
2025-11-15,wk inc flu hosp,1,2025-11-22,12,quantile,0.65,456
2025-11-15,wk inc flu hosp,2,2025-11-29,12,quantile,0.65,619
2025-11-15,wk inc flu hosp,3,2025-12-06,12,quantile,0.65,782
2025-11-15,wk inc flu hosp,0,2025-11-15,12,quantile,0.7,293
2025-11-15,wk inc flu hosp,1,2025-11-22,12,quantile,0.7,461
2025-11-15,wk inc flu hosp,2,2025-11-29,12,quantile,0.7,624
2025-11-15,wk inc flu hosp,3,2025-12-06,12,quantile,0.7,797
2025-11-15,wk inc flu hosp,0,2025-11-15,12,quantile,0.75,300
2025-11-15,wk inc flu hosp,1,2025-11-22,12,quantile,0.75,470
2025-11-15,wk inc flu hosp,2,2025-11-29,12,quantile,0.75,636
2025-11-15,wk inc flu hosp,3,2025-12-06,12,quantile,0.75,815
2025-11-15,wk inc flu hosp,0,2025-11-15,12,quantile,0.8,307
2025-11-15,wk inc flu hosp,1,2025-11-22,12,quantile,0.8,479
2025-11-15,wk inc flu hosp,2,2025-11-29,12,quantile,0.8,655
2025-11-15,wk inc flu hosp,3,2025-12-06,12,quantile,0.8,842
2025-11-15,wk inc flu hosp,0,2025-11-15,12,quantile,0.85,313
2025-11-15,wk inc flu hosp,1,2025-11-22,12,quantile,0.85,492
2025-11-15,wk inc flu hosp,2,2025-11-29,12,quantile,0.85,676
2025-11-15,wk inc flu hosp,3,2025-12-06,12,quantile,0.85,875
2025-11-15,wk inc flu hosp,0,2025-11-15,12,quantile,0.9,326
2025-11-15,wk inc flu hosp,1,2025-11-22,12,quantile,0.9,511
2025-11-15,wk inc flu hosp,2,2025-11-29,12,quantile,0.9,701
2025-11-15,wk inc flu hosp,3,2025-12-06,12,quantile,0.9,908
2025-11-15,wk inc flu hosp,0,2025-11-15,12,quantile,0.95,356
2025-11-15,wk inc flu hosp,1,2025-11-22,12,quantile,0.95,550
2025-11-15,wk inc flu hosp,2,2025-11-29,12,quantile,0.95,762
2025-11-15,wk inc flu hosp,3,2025-12-06,12,quantile,0.95,981
2025-11-15,wk inc flu hosp,0,2025-11-15,12,quantile,0.975,366
2025-11-15,wk inc flu hosp,1,2025-11-22,12,quantile,0.975,600
2025-11-15,wk inc flu hosp,2,2025-11-29,12,quantile,0.975,835
2025-11-15,wk inc flu hosp,3,2025-12-06,12,quantile,0.975,1067
2025-11-15,wk inc flu hosp,0,2025-11-15,12,quantile,0.99,372
2025-11-15,wk inc flu hosp,1,2025-11-22,12,quantile,0.99,621
2025-11-15,wk inc flu hosp,2,2025-11-29,12,quantile,0.99,873
2025-11-15,wk inc flu hosp,3,2025-12-06,12,quantile,0.99,1129
2025-11-15,wk inc flu prop ed visits,0,2025-11-15,16,quantile,0.01,0
2025-11-15,wk inc flu prop ed visits,1,2025-11-22,16,quantile,0.01,0
2025-11-15,wk inc flu prop ed visits,2,2025-11-29,16,quantile,0.01,0
2025-11-15,wk inc flu prop ed visits,3,2025-12-06,16,quantile,0.01,0
2025-11-15,wk inc flu prop ed visits,0,2025-11-15,16,quantile,0.025,0
2025-11-15,wk inc flu prop ed visits,1,2025-11-22,16,quantile,0.025,0
2025-11-15,wk inc flu prop ed visits,2,2025-11-29,16,quantile,0.025,0
2025-11-15,wk inc flu prop ed visits,3,2025-12-06,16,quantile,0.025,0
2025-11-15,wk inc flu prop ed visits,0,2025-11-15,16,quantile,0.05,0
2025-11-15,wk inc flu prop ed visits,1,2025-11-22,16,quantile,0.05,0
2025-11-15,wk inc flu prop ed visits,2,2025-11-29,16,quantile,0.05,0
2025-11-15,wk inc flu prop ed visits,3,2025-12-06,16,quantile,0.05,0
2025-11-15,wk inc flu prop ed visits,0,2025-11-15,16,quantile,0.1,0
2025-11-15,wk inc flu prop ed visits,1,2025-11-22,16,quantile,0.1,0
2025-11-15,wk inc flu prop ed visits,2,2025-11-29,16,quantile,0.1,0
2025-11-15,wk inc flu prop ed visits,3,2025-12-06,16,quantile,0.1,0
2025-11-15,wk inc flu prop ed visits,0,2025-11-15,16,quantile,0.15,0
2025-11-15,wk inc flu prop ed visits,1,2025-11-22,16,quantile,0.15,0
2025-11-15,wk inc flu prop ed visits,2,2025-11-29,16,quantile,0.15,0
2025-11-15,wk inc flu prop ed visits,3,2025-12-06,16,quantile,0.15,0
2025-11-15,wk inc flu prop ed visits,0,2025-11-15,16,quantile,0.2,4.6537252826565846e-4
2025-11-15,wk inc flu prop ed visits,1,2025-11-22,16,quantile,0.2,0
2025-11-15,wk inc flu prop ed visits,2,2025-11-29,16,quantile,0.2,0
2025-11-15,wk inc flu prop ed visits,3,2025-12-06,16,quantile,0.2,0
2025-11-15,wk inc flu prop ed visits,0,2025-11-15,16,quantile,0.25,0.002294769090730899
2025-11-15,wk inc flu prop ed visits,1,2025-11-22,16,quantile,0.25,0
2025-11-15,wk inc flu prop ed visits,2,2025-11-29,16,quantile,0.25,0
2025-11-15,wk inc flu prop ed visits,3,2025-12-06,16,quantile,0.25,0
2025-11-15,wk inc flu prop ed visits,0,2025-11-15,16,quantile,0.3,0.0052022523265670625
2025-11-15,wk inc flu prop ed visits,1,2025-11-22,16,quantile,0.3,0
2025-11-15,wk inc flu prop ed visits,2,2025-11-29,16,quantile,0.3,0
2025-11-15,wk inc flu prop ed visits,3,2025-12-06,16,quantile,0.3,0
2025-11-15,wk inc flu prop ed visits,0,2025-11-15,16,quantile,0.35,0.007479238041354117
2025-11-15,wk inc flu prop ed visits,1,2025-11-22,16,quantile,0.35,0
2025-11-15,wk inc flu prop ed visits,2,2025-11-29,16,quantile,0.35,0
2025-11-15,wk inc flu prop ed visits,3,2025-12-06,16,quantile,0.35,0
2025-11-15,wk inc flu prop ed visits,0,2025-11-15,16,quantile,0.4,0.009519316636125425
2025-11-15,wk inc flu prop ed visits,1,2025-11-22,16,quantile,0.4,0
2025-11-15,wk inc flu prop ed visits,2,2025-11-29,16,quantile,0.4,0
2025-11-15,wk inc flu prop ed visits,3,2025-12-06,16,quantile,0.4,0
2025-11-15,wk inc flu prop ed visits,0,2025-11-15,16,quantile,0.45,0.011503365577174438
2025-11-15,wk inc flu prop ed visits,1,2025-11-22,16,quantile,0.45,0
2025-11-15,wk inc flu prop ed visits,2,2025-11-29,16,quantile,0.45,0
2025-11-15,wk inc flu prop ed visits,3,2025-12-06,16,quantile,0.45,0.0014234822175548854
2025-11-15,wk inc flu prop ed visits,0,2025-11-15,16,quantile,0.5,0.013372793761373156
2025-11-15,wk inc flu prop ed visits,1,2025-11-22,16,quantile,0.5,0
2025-11-15,wk inc flu prop ed visits,2,2025-11-29,16,quantile,0.5,0
2025-11-15,wk inc flu prop ed visits,3,2025-12-06,16,quantile,0.5,0.006856726816177118
2025-11-15,wk inc flu prop ed visits,0,2025-11-15,16,quantile,0.55,0.01505206200628656
2025-11-15,wk inc flu prop ed visits,1,2025-11-22,16,quantile,0.55,0
2025-11-15,wk inc flu prop ed visits,2,2025-11-29,16,quantile,0.55,0
2025-11-15,wk inc flu prop ed visits,3,2025-12-06,16,quantile,0.55,0.01043577373631646
2025-11-15,wk inc flu prop ed visits,0,2025-11-15,16,quantile,0.6,0.015525000084058858
2025-11-15,wk inc flu prop ed visits,1,2025-11-22,16,quantile,0.6,0
2025-11-15,wk inc flu prop ed visits,2,2025-11-29,16,quantile,0.6,0
2025-11-15,wk inc flu prop ed visits,3,2025-12-06,16,quantile,0.6,0.013743580881769966
2025-11-15,wk inc flu prop ed visits,0,2025-11-15,16,quantile,0.65,0.016997882864784784
2025-11-15,wk inc flu prop ed visits,1,2025-11-22,16,quantile,0.65,0.001680183325337078
2025-11-15,wk inc flu prop ed visits,2,2025-11-29,16,quantile,0.65,3.419966405006314e-4
2025-11-15,wk inc flu prop ed visits,3,2025-12-06,16,quantile,0.65,0.01810925048781397
2025-11-15,wk inc flu prop ed visits,0,2025-11-15,16,quantile,0.7,0.017930323896863658
2025-11-15,wk inc flu prop ed visits,1,2025-11-22,16,quantile,0.7,0.005182412049297116
2025-11-15,wk inc flu prop ed visits,2,2025-11-29,16,quantile,0.7,0.006125198092355945
2025-11-15,wk inc flu prop ed visits,3,2025-12-06,16,quantile,0.7,0.02522841148515282
2025-11-15,wk inc flu prop ed visits,0,2025-11-15,16,quantile,0.75,0.018658369559746465
2025-11-15,wk inc flu prop ed visits,1,2025-11-22,16,quantile,0.75,0.0071058967911134495
2025-11-15,wk inc flu prop ed visits,2,2025-11-29,16,quantile,0.75,0.008822024268045982
2025-11-15,wk inc flu prop ed visits,3,2025-12-06,16,quantile,0.75,0.0290383057836168
2025-11-15,wk inc flu prop ed visits,0,2025-11-15,16,quantile,0.8,0.019076542229709365
2025-11-15,wk inc flu prop ed visits,1,2025-11-22,16,quantile,0.8,0.008623547048091141
2025-11-15,wk inc flu prop ed visits,2,2025-11-29,16,quantile,0.8,0.010702599753113958
2025-11-15,wk inc flu prop ed visits,3,2025-12-06,16,quantile,0.8,0.03244975978912137
2025-11-15,wk inc flu prop ed visits,0,2025-11-15,16,quantile,0.85,0.020056089809018848
2025-11-15,wk inc flu prop ed visits,1,2025-11-22,16,quantile,0.85,0.010587250667987984
2025-11-15,wk inc flu prop ed visits,2,2025-11-29,16,quantile,0.85,0.013511427950860432
2025-11-15,wk inc flu prop ed visits,3,2025-12-06,16,quantile,0.85,0.037601312670377494
2025-11-15,wk inc flu prop ed visits,0,2025-11-15,16,quantile,0.9,0.020873191446376168
2025-11-15,wk inc flu prop ed visits,1,2025-11-22,16,quantile,0.9,0.011908701225534602
2025-11-15,wk inc flu prop ed visits,2,2025-11-29,16,quantile,0.9,0.01654227046398198
2025-11-15,wk inc flu prop ed visits,3,2025-12-06,16,quantile,0.9,0.04228337996703273
2025-11-15,wk inc flu prop ed visits,0,2025-11-15,16,quantile,0.95,0.027908408565377813
2025-11-15,wk inc flu prop ed visits,1,2025-11-22,16,quantile,0.95,0.024436155963306547
2025-11-15,wk inc flu prop ed visits,2,2025-11-29,16,quantile,0.95,0.03435430893803536
2025-11-15,wk inc flu prop ed visits,3,2025-12-06,16,quantile,0.95,0.06217685070745333
2025-11-15,wk inc flu prop ed visits,0,2025-11-15,16,quantile,0.975,0.03212000539234273
2025-11-15,wk inc flu prop ed visits,1,2025-11-22,16,quantile,0.975,0.03539358909103008
2025-11-15,wk inc flu prop ed visits,2,2025-11-29,16,quantile,0.975,0.04690696642559975
2025-11-15,wk inc flu prop ed visits,3,2025-12-06,16,quantile,0.975,0.08174334243461258
2025-11-15,wk inc flu prop ed visits,0,2025-11-15,16,quantile,0.99,0.056440375859783246
2025-11-15,wk inc flu prop ed visits,1,2025-11-22,16,quantile,0.99,0.08056415686117299
2025-11-15,wk inc flu prop ed visits,2,2025-11-29,16,quantile,0.99,0.11217813311735873
2025-11-15,wk inc flu prop ed visits,3,2025-12-06,16,quantile,0.99,0.182935293524885
2025-11-15,wk inc flu hosp,0,2025-11-15,16,quantile,0.01,0
2025-11-15,wk inc flu hosp,1,2025-11-22,16,quantile,0.01,0
2025-11-15,wk inc flu hosp,2,2025-11-29,16,quantile,0.01,0
2025-11-15,wk inc flu hosp,3,2025-12-06,16,quantile,0.01,0
2025-11-15,wk inc flu hosp,0,2025-11-15,16,quantile,0.025,0
2025-11-15,wk inc flu hosp,1,2025-11-22,16,quantile,0.025,0
2025-11-15,wk inc flu hosp,2,2025-11-29,16,quantile,0.025,0
2025-11-15,wk inc flu hosp,3,2025-12-06,16,quantile,0.025,0
2025-11-15,wk inc flu hosp,0,2025-11-15,16,quantile,0.05,0
2025-11-15,wk inc flu hosp,1,2025-11-22,16,quantile,0.05,0
2025-11-15,wk inc flu hosp,2,2025-11-29,16,quantile,0.05,0
2025-11-15,wk inc flu hosp,3,2025-12-06,16,quantile,0.05,0
2025-11-15,wk inc flu hosp,0,2025-11-15,16,quantile,0.1,0
2025-11-15,wk inc flu hosp,1,2025-11-22,16,quantile,0.1,0
2025-11-15,wk inc flu hosp,2,2025-11-29,16,quantile,0.1,0
2025-11-15,wk inc flu hosp,3,2025-12-06,16,quantile,0.1,0
2025-11-15,wk inc flu hosp,0,2025-11-15,16,quantile,0.15,1
2025-11-15,wk inc flu hosp,1,2025-11-22,16,quantile,0.15,0
2025-11-15,wk inc flu hosp,2,2025-11-29,16,quantile,0.15,0
2025-11-15,wk inc flu hosp,3,2025-12-06,16,quantile,0.15,0
2025-11-15,wk inc flu hosp,0,2025-11-15,16,quantile,0.2,5
2025-11-15,wk inc flu hosp,1,2025-11-22,16,quantile,0.2,0
2025-11-15,wk inc flu hosp,2,2025-11-29,16,quantile,0.2,0
2025-11-15,wk inc flu hosp,3,2025-12-06,16,quantile,0.2,0
2025-11-15,wk inc flu hosp,0,2025-11-15,16,quantile,0.25,6
2025-11-15,wk inc flu hosp,1,2025-11-22,16,quantile,0.25,0
2025-11-15,wk inc flu hosp,2,2025-11-29,16,quantile,0.25,0
2025-11-15,wk inc flu hosp,3,2025-12-06,16,quantile,0.25,0
2025-11-15,wk inc flu hosp,0,2025-11-15,16,quantile,0.3,8
2025-11-15,wk inc flu hosp,1,2025-11-22,16,quantile,0.3,0
2025-11-15,wk inc flu hosp,2,2025-11-29,16,quantile,0.3,0
2025-11-15,wk inc flu hosp,3,2025-12-06,16,quantile,0.3,0
2025-11-15,wk inc flu hosp,0,2025-11-15,16,quantile,0.35,10
2025-11-15,wk inc flu hosp,1,2025-11-22,16,quantile,0.35,0
2025-11-15,wk inc flu hosp,2,2025-11-29,16,quantile,0.35,0
2025-11-15,wk inc flu hosp,3,2025-12-06,16,quantile,0.35,0
2025-11-15,wk inc flu hosp,0,2025-11-15,16,quantile,0.4,11
2025-11-15,wk inc flu hosp,1,2025-11-22,16,quantile,0.4,0
2025-11-15,wk inc flu hosp,2,2025-11-29,16,quantile,0.4,0
2025-11-15,wk inc flu hosp,3,2025-12-06,16,quantile,0.4,0
2025-11-15,wk inc flu hosp,0,2025-11-15,16,quantile,0.45,14
2025-11-15,wk inc flu hosp,1,2025-11-22,16,quantile,0.45,0
2025-11-15,wk inc flu hosp,2,2025-11-29,16,quantile,0.45,0
2025-11-15,wk inc flu hosp,3,2025-12-06,16,quantile,0.45,3
2025-11-15,wk inc flu hosp,0,2025-11-15,16,quantile,0.5,16
2025-11-15,wk inc flu hosp,1,2025-11-22,16,quantile,0.5,0
2025-11-15,wk inc flu hosp,2,2025-11-29,16,quantile,0.5,0
2025-11-15,wk inc flu hosp,3,2025-12-06,16,quantile,0.5,10
2025-11-15,wk inc flu hosp,0,2025-11-15,16,quantile,0.55,18
2025-11-15,wk inc flu hosp,1,2025-11-22,16,quantile,0.55,0
2025-11-15,wk inc flu hosp,2,2025-11-29,16,quantile,0.55,0
2025-11-15,wk inc flu hosp,3,2025-12-06,16,quantile,0.55,17
2025-11-15,wk inc flu hosp,0,2025-11-15,16,quantile,0.6,22
2025-11-15,wk inc flu hosp,1,2025-11-22,16,quantile,0.6,4
2025-11-15,wk inc flu hosp,2,2025-11-29,16,quantile,0.6,0
2025-11-15,wk inc flu hosp,3,2025-12-06,16,quantile,0.6,27
2025-11-15,wk inc flu hosp,0,2025-11-15,16,quantile,0.65,24
2025-11-15,wk inc flu hosp,1,2025-11-22,16,quantile,0.65,8
2025-11-15,wk inc flu hosp,2,2025-11-29,16,quantile,0.65,5
2025-11-15,wk inc flu hosp,3,2025-12-06,16,quantile,0.65,34
2025-11-15,wk inc flu hosp,0,2025-11-15,16,quantile,0.7,25
2025-11-15,wk inc flu hosp,1,2025-11-22,16,quantile,0.7,11
2025-11-15,wk inc flu hosp,2,2025-11-29,16,quantile,0.7,10
2025-11-15,wk inc flu hosp,3,2025-12-06,16,quantile,0.7,41
2025-11-15,wk inc flu hosp,0,2025-11-15,16,quantile,0.75,27
2025-11-15,wk inc flu hosp,1,2025-11-22,16,quantile,0.75,15
2025-11-15,wk inc flu hosp,2,2025-11-29,16,quantile,0.75,15
2025-11-15,wk inc flu hosp,3,2025-12-06,16,quantile,0.75,50
2025-11-15,wk inc flu hosp,0,2025-11-15,16,quantile,0.8,28
2025-11-15,wk inc flu hosp,1,2025-11-22,16,quantile,0.8,17
2025-11-15,wk inc flu hosp,2,2025-11-29,16,quantile,0.8,19
2025-11-15,wk inc flu hosp,3,2025-12-06,16,quantile,0.8,58
2025-11-15,wk inc flu hosp,0,2025-11-15,16,quantile,0.85,30
2025-11-15,wk inc flu hosp,1,2025-11-22,16,quantile,0.85,22
2025-11-15,wk inc flu hosp,2,2025-11-29,16,quantile,0.85,27
2025-11-15,wk inc flu hosp,3,2025-12-06,16,quantile,0.85,66
2025-11-15,wk inc flu hosp,0,2025-11-15,16,quantile,0.9,31
2025-11-15,wk inc flu hosp,1,2025-11-22,16,quantile,0.9,29
2025-11-15,wk inc flu hosp,2,2025-11-29,16,quantile,0.9,38
2025-11-15,wk inc flu hosp,3,2025-12-06,16,quantile,0.9,79
2025-11-15,wk inc flu hosp,0,2025-11-15,16,quantile,0.95,37
2025-11-15,wk inc flu hosp,1,2025-11-22,16,quantile,0.95,52
2025-11-15,wk inc flu hosp,2,2025-11-29,16,quantile,0.95,77
2025-11-15,wk inc flu hosp,3,2025-12-06,16,quantile,0.95,119
2025-11-15,wk inc flu hosp,0,2025-11-15,16,quantile,0.975,53
2025-11-15,wk inc flu hosp,1,2025-11-22,16,quantile,0.975,100
2025-11-15,wk inc flu hosp,2,2025-11-29,16,quantile,0.975,134
2025-11-15,wk inc flu hosp,3,2025-12-06,16,quantile,0.975,245
2025-11-15,wk inc flu hosp,0,2025-11-15,16,quantile,0.99,87
2025-11-15,wk inc flu hosp,1,2025-11-22,16,quantile,0.99,157
2025-11-15,wk inc flu hosp,2,2025-11-29,16,quantile,0.99,214
2025-11-15,wk inc flu hosp,3,2025-12-06,16,quantile,0.99,350
2025-11-15,wk inc flu prop ed visits,0,2025-11-15,17,quantile,0.01,0
2025-11-15,wk inc flu prop ed visits,1,2025-11-22,17,quantile,0.01,0
2025-11-15,wk inc flu prop ed visits,2,2025-11-29,17,quantile,0.01,0
2025-11-15,wk inc flu prop ed visits,3,2025-12-06,17,quantile,0.01,0
2025-11-15,wk inc flu prop ed visits,0,2025-11-15,17,quantile,0.025,0
2025-11-15,wk inc flu prop ed visits,1,2025-11-22,17,quantile,0.025,0
2025-11-15,wk inc flu prop ed visits,2,2025-11-29,17,quantile,0.025,0
2025-11-15,wk inc flu prop ed visits,3,2025-12-06,17,quantile,0.025,0
2025-11-15,wk inc flu prop ed visits,0,2025-11-15,17,quantile,0.05,0
2025-11-15,wk inc flu prop ed visits,1,2025-11-22,17,quantile,0.05,0
2025-11-15,wk inc flu prop ed visits,2,2025-11-29,17,quantile,0.05,0
2025-11-15,wk inc flu prop ed visits,3,2025-12-06,17,quantile,0.05,0
2025-11-15,wk inc flu prop ed visits,0,2025-11-15,17,quantile,0.1,0
2025-11-15,wk inc flu prop ed visits,1,2025-11-22,17,quantile,0.1,0
2025-11-15,wk inc flu prop ed visits,2,2025-11-29,17,quantile,0.1,0
2025-11-15,wk inc flu prop ed visits,3,2025-12-06,17,quantile,0.1,0
2025-11-15,wk inc flu prop ed visits,0,2025-11-15,17,quantile,0.15,0
2025-11-15,wk inc flu prop ed visits,1,2025-11-22,17,quantile,0.15,0
2025-11-15,wk inc flu prop ed visits,2,2025-11-29,17,quantile,0.15,0
2025-11-15,wk inc flu prop ed visits,3,2025-12-06,17,quantile,0.15,0
2025-11-15,wk inc flu prop ed visits,0,2025-11-15,17,quantile,0.2,0
2025-11-15,wk inc flu prop ed visits,1,2025-11-22,17,quantile,0.2,0
2025-11-15,wk inc flu prop ed visits,2,2025-11-29,17,quantile,0.2,0
2025-11-15,wk inc flu prop ed visits,3,2025-12-06,17,quantile,0.2,0
2025-11-15,wk inc flu prop ed visits,0,2025-11-15,17,quantile,0.25,0
2025-11-15,wk inc flu prop ed visits,1,2025-11-22,17,quantile,0.25,0
2025-11-15,wk inc flu prop ed visits,2,2025-11-29,17,quantile,0.25,0
2025-11-15,wk inc flu prop ed visits,3,2025-12-06,17,quantile,0.25,0
2025-11-15,wk inc flu prop ed visits,0,2025-11-15,17,quantile,0.3,0
2025-11-15,wk inc flu prop ed visits,1,2025-11-22,17,quantile,0.3,0
2025-11-15,wk inc flu prop ed visits,2,2025-11-29,17,quantile,0.3,0
2025-11-15,wk inc flu prop ed visits,3,2025-12-06,17,quantile,0.3,0
2025-11-15,wk inc flu prop ed visits,0,2025-11-15,17,quantile,0.35,0
2025-11-15,wk inc flu prop ed visits,1,2025-11-22,17,quantile,0.35,0
2025-11-15,wk inc flu prop ed visits,2,2025-11-29,17,quantile,0.35,0
2025-11-15,wk inc flu prop ed visits,3,2025-12-06,17,quantile,0.35,0
2025-11-15,wk inc flu prop ed visits,0,2025-11-15,17,quantile,0.4,0
2025-11-15,wk inc flu prop ed visits,1,2025-11-22,17,quantile,0.4,0
2025-11-15,wk inc flu prop ed visits,2,2025-11-29,17,quantile,0.4,0
2025-11-15,wk inc flu prop ed visits,3,2025-12-06,17,quantile,0.4,0.00197632213105952
2025-11-15,wk inc flu prop ed visits,0,2025-11-15,17,quantile,0.45,0
2025-11-15,wk inc flu prop ed visits,1,2025-11-22,17,quantile,0.45,0
2025-11-15,wk inc flu prop ed visits,2,2025-11-29,17,quantile,0.45,0.0012262765982047241
2025-11-15,wk inc flu prop ed visits,3,2025-12-06,17,quantile,0.45,0.00572071746223351
2025-11-15,wk inc flu prop ed visits,0,2025-11-15,17,quantile,0.5,0
2025-11-15,wk inc flu prop ed visits,1,2025-11-22,17,quantile,0.5,2.346816114669355e-4
2025-11-15,wk inc flu prop ed visits,2,2025-11-29,17,quantile,0.5,0.0047818093680220925
2025-11-15,wk inc flu prop ed visits,3,2025-12-06,17,quantile,0.5,0.011941456805641501
2025-11-15,wk inc flu prop ed visits,0,2025-11-15,17,quantile,0.55,7.658777045484876e-4
2025-11-15,wk inc flu prop ed visits,1,2025-11-22,17,quantile,0.55,0.0026588808888043437
2025-11-15,wk inc flu prop ed visits,2,2025-11-29,17,quantile,0.55,0.00773601296788857
2025-11-15,wk inc flu prop ed visits,3,2025-12-06,17,quantile,0.55,0.01677215741355078
2025-11-15,wk inc flu prop ed visits,0,2025-11-15,17,quantile,0.6,0.00168558376702977
2025-11-15,wk inc flu prop ed visits,1,2025-11-22,17,quantile,0.6,0.004582156116503194
2025-11-15,wk inc flu prop ed visits,2,2025-11-29,17,quantile,0.6,0.010654489482847999
2025-11-15,wk inc flu prop ed visits,3,2025-12-06,17,quantile,0.6,0.020388060778391844
2025-11-15,wk inc flu prop ed visits,0,2025-11-15,17,quantile,0.65,0.002433332517999773
2025-11-15,wk inc flu prop ed visits,1,2025-11-22,17,quantile,0.65,0.006849279757039858
2025-11-15,wk inc flu prop ed visits,2,2025-11-29,17,quantile,0.65,0.01325036949353605
2025-11-15,wk inc flu prop ed visits,3,2025-12-06,17,quantile,0.65,0.023593500213364274
2025-11-15,wk inc flu prop ed visits,0,2025-11-15,17,quantile,0.7,0.002797306691400255
2025-11-15,wk inc flu prop ed visits,1,2025-11-22,17,quantile,0.7,0.0080702530268354
2025-11-15,wk inc flu prop ed visits,2,2025-11-29,17,quantile,0.7,0.015426559464785276
2025-11-15,wk inc flu prop ed visits,3,2025-12-06,17,quantile,0.7,0.027433165339918603
2025-11-15,wk inc flu prop ed visits,0,2025-11-15,17,quantile,0.75,0.003571856398080399
2025-11-15,wk inc flu prop ed visits,1,2025-11-22,17,quantile,0.75,0.00951189628574197
2025-11-15,wk inc flu prop ed visits,2,2025-11-29,17,quantile,0.75,0.018684709114659505
2025-11-15,wk inc flu prop ed visits,3,2025-12-06,17,quantile,0.75,0.03286197787566191
2025-11-15,wk inc flu prop ed visits,0,2025-11-15,17,quantile,0.8,0.003946447760233803
2025-11-15,wk inc flu prop ed visits,1,2025-11-22,17,quantile,0.8,0.010522792927254651
2025-11-15,wk inc flu prop ed visits,2,2025-11-29,17,quantile,0.8,0.020591008236240372
2025-11-15,wk inc flu prop ed visits,3,2025-12-06,17,quantile,0.8,0.03526640765836746
2025-11-15,wk inc flu prop ed visits,0,2025-11-15,17,quantile,0.85,0.004142298104509698
2025-11-15,wk inc flu prop ed visits,1,2025-11-22,17,quantile,0.85,0.011406352993327915
2025-11-15,wk inc flu prop ed visits,2,2025-11-29,17,quantile,0.85,0.02372312118240915
2025-11-15,wk inc flu prop ed visits,3,2025-12-06,17,quantile,0.85,0.039567692252591644
2025-11-15,wk inc flu prop ed visits,0,2025-11-15,17,quantile,0.9,0.004661981335759957
2025-11-15,wk inc flu prop ed visits,1,2025-11-22,17,quantile,0.9,0.014364064701148581
2025-11-15,wk inc flu prop ed visits,2,2025-11-29,17,quantile,0.9,0.02700788200862594
2025-11-15,wk inc flu prop ed visits,3,2025-12-06,17,quantile,0.9,0.044493497091558754
2025-11-15,wk inc flu prop ed visits,0,2025-11-15,17,quantile,0.95,0.005110498792661535
2025-11-15,wk inc flu prop ed visits,1,2025-11-22,17,quantile,0.95,0.015054115281614799
2025-11-15,wk inc flu prop ed visits,2,2025-11-29,17,quantile,0.95,0.029361333796151873
2025-11-15,wk inc flu prop ed visits,3,2025-12-06,17,quantile,0.95,0.04911460820305595
2025-11-15,wk inc flu prop ed visits,0,2025-11-15,17,quantile,0.975,0.01233944714544767
2025-11-15,wk inc flu prop ed visits,1,2025-11-22,17,quantile,0.975,0.02822196619267608
2025-11-15,wk inc flu prop ed visits,2,2025-11-29,17,quantile,0.975,0.047367494999505856
2025-11-15,wk inc flu prop ed visits,3,2025-12-06,17,quantile,0.975,0.07191376346094473
2025-11-15,wk inc flu prop ed visits,0,2025-11-15,17,quantile,0.99,0.01233944714544767
2025-11-15,wk inc flu prop ed visits,1,2025-11-22,17,quantile,0.99,0.02822196619267608
2025-11-15,wk inc flu prop ed visits,2,2025-11-29,17,quantile,0.99,0.047367494999505856
2025-11-15,wk inc flu prop ed visits,3,2025-12-06,17,quantile,0.99,0.08567547011634395
2025-11-15,wk inc flu hosp,0,2025-11-15,17,quantile,0.01,0
2025-11-15,wk inc flu hosp,1,2025-11-22,17,quantile,0.01,0
2025-11-15,wk inc flu hosp,2,2025-11-29,17,quantile,0.01,0
2025-11-15,wk inc flu hosp,3,2025-12-06,17,quantile,0.01,0
2025-11-15,wk inc flu hosp,0,2025-11-15,17,quantile,0.025,0
2025-11-15,wk inc flu hosp,1,2025-11-22,17,quantile,0.025,0
2025-11-15,wk inc flu hosp,2,2025-11-29,17,quantile,0.025,0
2025-11-15,wk inc flu hosp,3,2025-12-06,17,quantile,0.025,0
2025-11-15,wk inc flu hosp,0,2025-11-15,17,quantile,0.05,0
2025-11-15,wk inc flu hosp,1,2025-11-22,17,quantile,0.05,0
2025-11-15,wk inc flu hosp,2,2025-11-29,17,quantile,0.05,0
2025-11-15,wk inc flu hosp,3,2025-12-06,17,quantile,0.05,0
2025-11-15,wk inc flu hosp,0,2025-11-15,17,quantile,0.1,0
2025-11-15,wk inc flu hosp,1,2025-11-22,17,quantile,0.1,0
2025-11-15,wk inc flu hosp,2,2025-11-29,17,quantile,0.1,0
2025-11-15,wk inc flu hosp,3,2025-12-06,17,quantile,0.1,0
2025-11-15,wk inc flu hosp,0,2025-11-15,17,quantile,0.15,0
2025-11-15,wk inc flu hosp,1,2025-11-22,17,quantile,0.15,0
2025-11-15,wk inc flu hosp,2,2025-11-29,17,quantile,0.15,0
2025-11-15,wk inc flu hosp,3,2025-12-06,17,quantile,0.15,0
2025-11-15,wk inc flu hosp,0,2025-11-15,17,quantile,0.2,0
2025-11-15,wk inc flu hosp,1,2025-11-22,17,quantile,0.2,0
2025-11-15,wk inc flu hosp,2,2025-11-29,17,quantile,0.2,0
2025-11-15,wk inc flu hosp,3,2025-12-06,17,quantile,0.2,0
2025-11-15,wk inc flu hosp,0,2025-11-15,17,quantile,0.25,0
2025-11-15,wk inc flu hosp,1,2025-11-22,17,quantile,0.25,0
2025-11-15,wk inc flu hosp,2,2025-11-29,17,quantile,0.25,0
2025-11-15,wk inc flu hosp,3,2025-12-06,17,quantile,0.25,36
2025-11-15,wk inc flu hosp,0,2025-11-15,17,quantile,0.3,0
2025-11-15,wk inc flu hosp,1,2025-11-22,17,quantile,0.3,0
2025-11-15,wk inc flu hosp,2,2025-11-29,17,quantile,0.3,41
2025-11-15,wk inc flu hosp,3,2025-12-06,17,quantile,0.3,109
2025-11-15,wk inc flu hosp,0,2025-11-15,17,quantile,0.35,6
2025-11-15,wk inc flu hosp,1,2025-11-22,17,quantile,0.35,13
2025-11-15,wk inc flu hosp,2,2025-11-29,17,quantile,0.35,82
2025-11-15,wk inc flu hosp,3,2025-12-06,17,quantile,0.35,167
2025-11-15,wk inc flu hosp,0,2025-11-15,17,quantile,0.4,25
2025-11-15,wk inc flu hosp,1,2025-11-22,17,quantile,0.4,41
2025-11-15,wk inc flu hosp,2,2025-11-29,17,quantile,0.4,131
2025-11-15,wk inc flu hosp,3,2025-12-06,17,quantile,0.4,273
2025-11-15,wk inc flu hosp,0,2025-11-15,17,quantile,0.45,32
2025-11-15,wk inc flu hosp,1,2025-11-22,17,quantile,0.45,63
2025-11-15,wk inc flu hosp,2,2025-11-29,17,quantile,0.45,161
2025-11-15,wk inc flu hosp,3,2025-12-06,17,quantile,0.45,327
2025-11-15,wk inc flu hosp,0,2025-11-15,17,quantile,0.5,40
2025-11-15,wk inc flu hosp,1,2025-11-22,17,quantile,0.5,85
2025-11-15,wk inc flu hosp,2,2025-11-29,17,quantile,0.5,194
2025-11-15,wk inc flu hosp,3,2025-12-06,17,quantile,0.5,376
2025-11-15,wk inc flu hosp,0,2025-11-15,17,quantile,0.55,44
2025-11-15,wk inc flu hosp,1,2025-11-22,17,quantile,0.55,96
2025-11-15,wk inc flu hosp,2,2025-11-29,17,quantile,0.55,210
2025-11-15,wk inc flu hosp,3,2025-12-06,17,quantile,0.55,406
2025-11-15,wk inc flu hosp,0,2025-11-15,17,quantile,0.6,49
2025-11-15,wk inc flu hosp,1,2025-11-22,17,quantile,0.6,112
2025-11-15,wk inc flu hosp,2,2025-11-29,17,quantile,0.6,230
2025-11-15,wk inc flu hosp,3,2025-12-06,17,quantile,0.6,441
2025-11-15,wk inc flu hosp,0,2025-11-15,17,quantile,0.65,56
2025-11-15,wk inc flu hosp,1,2025-11-22,17,quantile,0.65,139
2025-11-15,wk inc flu hosp,2,2025-11-29,17,quantile,0.65,260
2025-11-15,wk inc flu hosp,3,2025-12-06,17,quantile,0.65,486
2025-11-15,wk inc flu hosp,0,2025-11-15,17,quantile,0.7,66
2025-11-15,wk inc flu hosp,1,2025-11-22,17,quantile,0.7,157
2025-11-15,wk inc flu hosp,2,2025-11-29,17,quantile,0.7,292
2025-11-15,wk inc flu hosp,3,2025-12-06,17,quantile,0.7,555
2025-11-15,wk inc flu hosp,0,2025-11-15,17,quantile,0.75,77
2025-11-15,wk inc flu hosp,1,2025-11-22,17,quantile,0.75,176
2025-11-15,wk inc flu hosp,2,2025-11-29,17,quantile,0.75,337
2025-11-15,wk inc flu hosp,3,2025-12-06,17,quantile,0.75,616
2025-11-15,wk inc flu hosp,0,2025-11-15,17,quantile,0.8,84
2025-11-15,wk inc flu hosp,1,2025-11-22,17,quantile,0.8,193
2025-11-15,wk inc flu hosp,2,2025-11-29,17,quantile,0.8,369
2025-11-15,wk inc flu hosp,3,2025-12-06,17,quantile,0.8,671
2025-11-15,wk inc flu hosp,0,2025-11-15,17,quantile,0.85,87
2025-11-15,wk inc flu hosp,1,2025-11-22,17,quantile,0.85,229
2025-11-15,wk inc flu hosp,2,2025-11-29,17,quantile,0.85,441
2025-11-15,wk inc flu hosp,3,2025-12-06,17,quantile,0.85,757
2025-11-15,wk inc flu hosp,0,2025-11-15,17,quantile,0.9,94
2025-11-15,wk inc flu hosp,1,2025-11-22,17,quantile,0.9,244
2025-11-15,wk inc flu hosp,2,2025-11-29,17,quantile,0.9,477
2025-11-15,wk inc flu hosp,3,2025-12-06,17,quantile,0.9,816
2025-11-15,wk inc flu hosp,0,2025-11-15,17,quantile,0.95,106
2025-11-15,wk inc flu hosp,1,2025-11-22,17,quantile,0.95,283
2025-11-15,wk inc flu hosp,2,2025-11-29,17,quantile,0.95,584
2025-11-15,wk inc flu hosp,3,2025-12-06,17,quantile,0.95,972
2025-11-15,wk inc flu hosp,0,2025-11-15,17,quantile,0.975,191
2025-11-15,wk inc flu hosp,1,2025-11-22,17,quantile,0.975,458
2025-11-15,wk inc flu hosp,2,2025-11-29,17,quantile,0.975,877
2025-11-15,wk inc flu hosp,3,2025-12-06,17,quantile,0.975,1350
2025-11-15,wk inc flu hosp,0,2025-11-15,17,quantile,0.99,218
2025-11-15,wk inc flu hosp,1,2025-11-22,17,quantile,0.99,514
2025-11-15,wk inc flu hosp,2,2025-11-29,17,quantile,0.99,950
2025-11-15,wk inc flu hosp,3,2025-12-06,17,quantile,0.99,1635
2025-11-15,wk inc flu prop ed visits,0,2025-11-15,18,quantile,0.01,0
2025-11-15,wk inc flu prop ed visits,1,2025-11-22,18,quantile,0.01,0
2025-11-15,wk inc flu prop ed visits,2,2025-11-29,18,quantile,0.01,0
2025-11-15,wk inc flu prop ed visits,3,2025-12-06,18,quantile,0.01,0
2025-11-15,wk inc flu prop ed visits,0,2025-11-15,18,quantile,0.025,0
2025-11-15,wk inc flu prop ed visits,1,2025-11-22,18,quantile,0.025,0
2025-11-15,wk inc flu prop ed visits,2,2025-11-29,18,quantile,0.025,0
2025-11-15,wk inc flu prop ed visits,3,2025-12-06,18,quantile,0.025,0
2025-11-15,wk inc flu prop ed visits,0,2025-11-15,18,quantile,0.05,0
2025-11-15,wk inc flu prop ed visits,1,2025-11-22,18,quantile,0.05,0
2025-11-15,wk inc flu prop ed visits,2,2025-11-29,18,quantile,0.05,0
2025-11-15,wk inc flu prop ed visits,3,2025-12-06,18,quantile,0.05,0
2025-11-15,wk inc flu prop ed visits,0,2025-11-15,18,quantile,0.1,0
2025-11-15,wk inc flu prop ed visits,1,2025-11-22,18,quantile,0.1,0
2025-11-15,wk inc flu prop ed visits,2,2025-11-29,18,quantile,0.1,0
2025-11-15,wk inc flu prop ed visits,3,2025-12-06,18,quantile,0.1,0
2025-11-15,wk inc flu prop ed visits,0,2025-11-15,18,quantile,0.15,0
2025-11-15,wk inc flu prop ed visits,1,2025-11-22,18,quantile,0.15,0
2025-11-15,wk inc flu prop ed visits,2,2025-11-29,18,quantile,0.15,0
2025-11-15,wk inc flu prop ed visits,3,2025-12-06,18,quantile,0.15,0
2025-11-15,wk inc flu prop ed visits,0,2025-11-15,18,quantile,0.2,0
2025-11-15,wk inc flu prop ed visits,1,2025-11-22,18,quantile,0.2,0
2025-11-15,wk inc flu prop ed visits,2,2025-11-29,18,quantile,0.2,0
2025-11-15,wk inc flu prop ed visits,3,2025-12-06,18,quantile,0.2,0
2025-11-15,wk inc flu prop ed visits,0,2025-11-15,18,quantile,0.25,0
2025-11-15,wk inc flu prop ed visits,1,2025-11-22,18,quantile,0.25,0
2025-11-15,wk inc flu prop ed visits,2,2025-11-29,18,quantile,0.25,0
2025-11-15,wk inc flu prop ed visits,3,2025-12-06,18,quantile,0.25,0
2025-11-15,wk inc flu prop ed visits,0,2025-11-15,18,quantile,0.3,0
2025-11-15,wk inc flu prop ed visits,1,2025-11-22,18,quantile,0.3,0
2025-11-15,wk inc flu prop ed visits,2,2025-11-29,18,quantile,0.3,0
2025-11-15,wk inc flu prop ed visits,3,2025-12-06,18,quantile,0.3,0
2025-11-15,wk inc flu prop ed visits,0,2025-11-15,18,quantile,0.35,0
2025-11-15,wk inc flu prop ed visits,1,2025-11-22,18,quantile,0.35,0
2025-11-15,wk inc flu prop ed visits,2,2025-11-29,18,quantile,0.35,0
2025-11-15,wk inc flu prop ed visits,3,2025-12-06,18,quantile,0.35,0
2025-11-15,wk inc flu prop ed visits,0,2025-11-15,18,quantile,0.4,0
2025-11-15,wk inc flu prop ed visits,1,2025-11-22,18,quantile,0.4,0
2025-11-15,wk inc flu prop ed visits,2,2025-11-29,18,quantile,0.4,0
2025-11-15,wk inc flu prop ed visits,3,2025-12-06,18,quantile,0.4,0
2025-11-15,wk inc flu prop ed visits,0,2025-11-15,18,quantile,0.45,0
2025-11-15,wk inc flu prop ed visits,1,2025-11-22,18,quantile,0.45,0
2025-11-15,wk inc flu prop ed visits,2,2025-11-29,18,quantile,0.45,0
2025-11-15,wk inc flu prop ed visits,3,2025-12-06,18,quantile,0.45,8.52449462580171e-4
2025-11-15,wk inc flu prop ed visits,0,2025-11-15,18,quantile,0.5,0.0016139970052695247
2025-11-15,wk inc flu prop ed visits,1,2025-11-22,18,quantile,0.5,0
2025-11-15,wk inc flu prop ed visits,2,2025-11-29,18,quantile,0.5,0.0024832040356090614
2025-11-15,wk inc flu prop ed visits,3,2025-12-06,18,quantile,0.5,0.004880010492497918
2025-11-15,wk inc flu prop ed visits,0,2025-11-15,18,quantile,0.55,0.002697499341017956
2025-11-15,wk inc flu prop ed visits,1,2025-11-22,18,quantile,0.55,0.0011098865254487904
2025-11-15,wk inc flu prop ed visits,2,2025-11-29,18,quantile,0.55,0.005245466326970509
2025-11-15,wk inc flu prop ed visits,3,2025-12-06,18,quantile,0.55,0.008040609609073346
2025-11-15,wk inc flu prop ed visits,0,2025-11-15,18,quantile,0.6,0.004079929093471607
2025-11-15,wk inc flu prop ed visits,1,2025-11-22,18,quantile,0.6,0.003154469696653649
2025-11-15,wk inc flu prop ed visits,2,2025-11-29,18,quantile,0.6,0.008293502123513517
2025-11-15,wk inc flu prop ed visits,3,2025-12-06,18,quantile,0.6,0.01162644126513867
2025-11-15,wk inc flu prop ed visits,0,2025-11-15,18,quantile,0.65,0.005040532268607855
2025-11-15,wk inc flu prop ed visits,1,2025-11-22,18,quantile,0.65,0.0051086039147702315
2025-11-15,wk inc flu prop ed visits,2,2025-11-29,18,quantile,0.65,0.01076834029230969
2025-11-15,wk inc flu prop ed visits,3,2025-12-06,18,quantile,0.65,0.014784447313543923
2025-11-15,wk inc flu prop ed visits,0,2025-11-15,18,quantile,0.7,0.005301706887728498
2025-11-15,wk inc flu prop ed visits,1,2025-11-22,18,quantile,0.7,0.005555479542035889
2025-11-15,wk inc flu prop ed visits,2,2025-11-29,18,quantile,0.7,0.012436454303747124
2025-11-15,wk inc flu prop ed visits,3,2025-12-06,18,quantile,0.7,0.016993052473801555
2025-11-15,wk inc flu prop ed visits,0,2025-11-15,18,quantile,0.75,0.006059741277249718
2025-11-15,wk inc flu prop ed visits,1,2025-11-22,18,quantile,0.75,0.0066055302698759255
2025-11-15,wk inc flu prop ed visits,2,2025-11-29,18,quantile,0.75,0.014419525222954373
2025-11-15,wk inc flu prop ed visits,3,2025-12-06,18,quantile,0.75,0.01982992294957515
2025-11-15,wk inc flu prop ed visits,0,2025-11-15,18,quantile,0.8,0.00654330407795998
2025-11-15,wk inc flu prop ed visits,1,2025-11-22,18,quantile,0.8,0.007624547210511198
2025-11-15,wk inc flu prop ed visits,2,2025-11-29,18,quantile,0.8,0.016483452555086982
2025-11-15,wk inc flu prop ed visits,3,2025-12-06,18,quantile,0.8,0.022606005441314234
2025-11-15,wk inc flu prop ed visits,0,2025-11-15,18,quantile,0.85,0.006816319002371573
2025-11-15,wk inc flu prop ed visits,1,2025-11-22,18,quantile,0.85,0.008478306117381176
2025-11-15,wk inc flu prop ed visits,2,2025-11-29,18,quantile,0.85,0.01761987906820207
2025-11-15,wk inc flu prop ed visits,3,2025-12-06,18,quantile,0.85,0.02484016853542563
2025-11-15,wk inc flu prop ed visits,0,2025-11-15,18,quantile,0.9,0.007133399616272254
2025-11-15,wk inc flu prop ed visits,1,2025-11-22,18,quantile,0.9,0.009744072403202015
2025-11-15,wk inc flu prop ed visits,2,2025-11-29,18,quantile,0.9,0.019221220115952738
2025-11-15,wk inc flu prop ed visits,3,2025-12-06,18,quantile,0.9,0.028171631245467222
2025-11-15,wk inc flu prop ed visits,0,2025-11-15,18,quantile,0.95,0.007871884257293755
2025-11-15,wk inc flu prop ed visits,1,2025-11-22,18,quantile,0.95,0.011809371781877357
2025-11-15,wk inc flu prop ed visits,2,2025-11-29,18,quantile,0.95,0.021707042175077424
2025-11-15,wk inc flu prop ed visits,3,2025-12-06,18,quantile,0.95,0.03284570107691119
2025-11-15,wk inc flu prop ed visits,0,2025-11-15,18,quantile,0.975,0.014305048691606556
2025-11-15,wk inc flu prop ed visits,1,2025-11-22,18,quantile,0.975,0.02479040952268538
2025-11-15,wk inc flu prop ed visits,2,2025-11-29,18,quantile,0.975,0.04234209821950102
2025-11-15,wk inc flu prop ed visits,3,2025-12-06,18,quantile,0.975,0.056862070555592364
2025-11-15,wk inc flu prop ed visits,0,2025-11-15,18,quantile,0.99,0.014305048691606556
2025-11-15,wk inc flu prop ed visits,1,2025-11-22,18,quantile,0.99,0.02479040952268538
2025-11-15,wk inc flu prop ed visits,2,2025-11-29,18,quantile,0.99,0.04234209821950102
2025-11-15,wk inc flu prop ed visits,3,2025-12-06,18,quantile,0.99,0.06292171019593623
2025-11-15,wk inc flu hosp,0,2025-11-15,18,quantile,0.01,0
2025-11-15,wk inc flu hosp,1,2025-11-22,18,quantile,0.01,0
2025-11-15,wk inc flu hosp,2,2025-11-29,18,quantile,0.01,0
2025-11-15,wk inc flu hosp,3,2025-12-06,18,quantile,0.01,0
2025-11-15,wk inc flu hosp,0,2025-11-15,18,quantile,0.025,0
2025-11-15,wk inc flu hosp,1,2025-11-22,18,quantile,0.025,0
2025-11-15,wk inc flu hosp,2,2025-11-29,18,quantile,0.025,0
2025-11-15,wk inc flu hosp,3,2025-12-06,18,quantile,0.025,0
2025-11-15,wk inc flu hosp,0,2025-11-15,18,quantile,0.05,0
2025-11-15,wk inc flu hosp,1,2025-11-22,18,quantile,0.05,0
2025-11-15,wk inc flu hosp,2,2025-11-29,18,quantile,0.05,0
2025-11-15,wk inc flu hosp,3,2025-12-06,18,quantile,0.05,0
2025-11-15,wk inc flu hosp,0,2025-11-15,18,quantile,0.1,0
2025-11-15,wk inc flu hosp,1,2025-11-22,18,quantile,0.1,0
2025-11-15,wk inc flu hosp,2,2025-11-29,18,quantile,0.1,0
2025-11-15,wk inc flu hosp,3,2025-12-06,18,quantile,0.1,0
2025-11-15,wk inc flu hosp,0,2025-11-15,18,quantile,0.15,0
2025-11-15,wk inc flu hosp,1,2025-11-22,18,quantile,0.15,0
2025-11-15,wk inc flu hosp,2,2025-11-29,18,quantile,0.15,0
2025-11-15,wk inc flu hosp,3,2025-12-06,18,quantile,0.15,0
2025-11-15,wk inc flu hosp,0,2025-11-15,18,quantile,0.2,0
2025-11-15,wk inc flu hosp,1,2025-11-22,18,quantile,0.2,0
2025-11-15,wk inc flu hosp,2,2025-11-29,18,quantile,0.2,0
2025-11-15,wk inc flu hosp,3,2025-12-06,18,quantile,0.2,0
2025-11-15,wk inc flu hosp,0,2025-11-15,18,quantile,0.25,0
2025-11-15,wk inc flu hosp,1,2025-11-22,18,quantile,0.25,0
2025-11-15,wk inc flu hosp,2,2025-11-29,18,quantile,0.25,0
2025-11-15,wk inc flu hosp,3,2025-12-06,18,quantile,0.25,0
2025-11-15,wk inc flu hosp,0,2025-11-15,18,quantile,0.3,0
2025-11-15,wk inc flu hosp,1,2025-11-22,18,quantile,0.3,0
2025-11-15,wk inc flu hosp,2,2025-11-29,18,quantile,0.3,0
2025-11-15,wk inc flu hosp,3,2025-12-06,18,quantile,0.3,0
2025-11-15,wk inc flu hosp,0,2025-11-15,18,quantile,0.35,0
2025-11-15,wk inc flu hosp,1,2025-11-22,18,quantile,0.35,0
2025-11-15,wk inc flu hosp,2,2025-11-29,18,quantile,0.35,0
2025-11-15,wk inc flu hosp,3,2025-12-06,18,quantile,0.35,0
2025-11-15,wk inc flu hosp,0,2025-11-15,18,quantile,0.4,0
2025-11-15,wk inc flu hosp,1,2025-11-22,18,quantile,0.4,0
2025-11-15,wk inc flu hosp,2,2025-11-29,18,quantile,0.4,0
2025-11-15,wk inc flu hosp,3,2025-12-06,18,quantile,0.4,0
2025-11-15,wk inc flu hosp,0,2025-11-15,18,quantile,0.45,16
2025-11-15,wk inc flu hosp,1,2025-11-22,18,quantile,0.45,0
2025-11-15,wk inc flu hosp,2,2025-11-29,18,quantile,0.45,4
2025-11-15,wk inc flu hosp,3,2025-12-06,18,quantile,0.45,20
2025-11-15,wk inc flu hosp,0,2025-11-15,18,quantile,0.5,27
2025-11-15,wk inc flu hosp,1,2025-11-22,18,quantile,0.5,1
2025-11-15,wk inc flu hosp,2,2025-11-29,18,quantile,0.5,36
2025-11-15,wk inc flu hosp,3,2025-12-06,18,quantile,0.5,60
2025-11-15,wk inc flu hosp,0,2025-11-15,18,quantile,0.55,31
2025-11-15,wk inc flu hosp,1,2025-11-22,18,quantile,0.55,10
2025-11-15,wk inc flu hosp,2,2025-11-29,18,quantile,0.55,58
2025-11-15,wk inc flu hosp,3,2025-12-06,18,quantile,0.55,88
2025-11-15,wk inc flu hosp,0,2025-11-15,18,quantile,0.6,44
2025-11-15,wk inc flu hosp,1,2025-11-22,18,quantile,0.6,38
2025-11-15,wk inc flu hosp,2,2025-11-29,18,quantile,0.6,98
2025-11-15,wk inc flu hosp,3,2025-12-06,18,quantile,0.6,134
2025-11-15,wk inc flu hosp,0,2025-11-15,18,quantile,0.65,66
2025-11-15,wk inc flu hosp,1,2025-11-22,18,quantile,0.65,66
2025-11-15,wk inc flu hosp,2,2025-11-29,18,quantile,0.65,139
2025-11-15,wk inc flu hosp,3,2025-12-06,18,quantile,0.65,188
2025-11-15,wk inc flu hosp,0,2025-11-15,18,quantile,0.7,76
2025-11-15,wk inc flu hosp,1,2025-11-22,18,quantile,0.7,82
2025-11-15,wk inc flu hosp,2,2025-11-29,18,quantile,0.7,165
2025-11-15,wk inc flu hosp,3,2025-12-06,18,quantile,0.7,222
2025-11-15,wk inc flu hosp,0,2025-11-15,18,quantile,0.75,81
2025-11-15,wk inc flu hosp,1,2025-11-22,18,quantile,0.75,93
2025-11-15,wk inc flu hosp,2,2025-11-29,18,quantile,0.75,198
2025-11-15,wk inc flu hosp,3,2025-12-06,18,quantile,0.75,265
2025-11-15,wk inc flu hosp,0,2025-11-15,18,quantile,0.8,85
2025-11-15,wk inc flu hosp,1,2025-11-22,18,quantile,0.8,101
2025-11-15,wk inc flu hosp,2,2025-11-29,18,quantile,0.8,214
2025-11-15,wk inc flu hosp,3,2025-12-06,18,quantile,0.8,293
2025-11-15,wk inc flu hosp,0,2025-11-15,18,quantile,0.85,89
2025-11-15,wk inc flu hosp,1,2025-11-22,18,quantile,0.85,111
2025-11-15,wk inc flu hosp,2,2025-11-29,18,quantile,0.85,227
2025-11-15,wk inc flu hosp,3,2025-12-06,18,quantile,0.85,316
2025-11-15,wk inc flu hosp,0,2025-11-15,18,quantile,0.9,93
2025-11-15,wk inc flu hosp,1,2025-11-22,18,quantile,0.9,124
2025-11-15,wk inc flu hosp,2,2025-11-29,18,quantile,0.9,244
2025-11-15,wk inc flu hosp,3,2025-12-06,18,quantile,0.9,344
2025-11-15,wk inc flu hosp,0,2025-11-15,18,quantile,0.95,96
2025-11-15,wk inc flu hosp,1,2025-11-22,18,quantile,0.95,144
2025-11-15,wk inc flu hosp,2,2025-11-29,18,quantile,0.95,309
2025-11-15,wk inc flu hosp,3,2025-12-06,18,quantile,0.95,442
2025-11-15,wk inc flu hosp,0,2025-11-15,18,quantile,0.975,167
2025-11-15,wk inc flu hosp,1,2025-11-22,18,quantile,0.975,270
2025-11-15,wk inc flu hosp,2,2025-11-29,18,quantile,0.975,488
2025-11-15,wk inc flu hosp,3,2025-12-06,18,quantile,0.975,630
2025-11-15,wk inc flu hosp,0,2025-11-15,18,quantile,0.99,179
2025-11-15,wk inc flu hosp,1,2025-11-22,18,quantile,0.99,318
2025-11-15,wk inc flu hosp,2,2025-11-29,18,quantile,0.99,547
2025-11-15,wk inc flu hosp,3,2025-12-06,18,quantile,0.99,789
2025-11-15,wk inc flu prop ed visits,0,2025-11-15,20,quantile,0.01,0
2025-11-15,wk inc flu prop ed visits,1,2025-11-22,20,quantile,0.01,0
2025-11-15,wk inc flu prop ed visits,2,2025-11-29,20,quantile,0.01,0
2025-11-15,wk inc flu prop ed visits,3,2025-12-06,20,quantile,0.01,0
2025-11-15,wk inc flu prop ed visits,0,2025-11-15,20,quantile,0.025,0
2025-11-15,wk inc flu prop ed visits,1,2025-11-22,20,quantile,0.025,0
2025-11-15,wk inc flu prop ed visits,2,2025-11-29,20,quantile,0.025,0
2025-11-15,wk inc flu prop ed visits,3,2025-12-06,20,quantile,0.025,0
2025-11-15,wk inc flu prop ed visits,0,2025-11-15,20,quantile,0.05,0
2025-11-15,wk inc flu prop ed visits,1,2025-11-22,20,quantile,0.05,0
2025-11-15,wk inc flu prop ed visits,2,2025-11-29,20,quantile,0.05,0
2025-11-15,wk inc flu prop ed visits,3,2025-12-06,20,quantile,0.05,0
2025-11-15,wk inc flu prop ed visits,0,2025-11-15,20,quantile,0.1,0
2025-11-15,wk inc flu prop ed visits,1,2025-11-22,20,quantile,0.1,0
2025-11-15,wk inc flu prop ed visits,2,2025-11-29,20,quantile,0.1,0
2025-11-15,wk inc flu prop ed visits,3,2025-12-06,20,quantile,0.1,0
2025-11-15,wk inc flu prop ed visits,0,2025-11-15,20,quantile,0.15,0
2025-11-15,wk inc flu prop ed visits,1,2025-11-22,20,quantile,0.15,0
2025-11-15,wk inc flu prop ed visits,2,2025-11-29,20,quantile,0.15,0
2025-11-15,wk inc flu prop ed visits,3,2025-12-06,20,quantile,0.15,0
2025-11-15,wk inc flu prop ed visits,0,2025-11-15,20,quantile,0.2,0
2025-11-15,wk inc flu prop ed visits,1,2025-11-22,20,quantile,0.2,0
2025-11-15,wk inc flu prop ed visits,2,2025-11-29,20,quantile,0.2,0
2025-11-15,wk inc flu prop ed visits,3,2025-12-06,20,quantile,0.2,0
2025-11-15,wk inc flu prop ed visits,0,2025-11-15,20,quantile,0.25,0
2025-11-15,wk inc flu prop ed visits,1,2025-11-22,20,quantile,0.25,0
2025-11-15,wk inc flu prop ed visits,2,2025-11-29,20,quantile,0.25,0
2025-11-15,wk inc flu prop ed visits,3,2025-12-06,20,quantile,0.25,0
2025-11-15,wk inc flu prop ed visits,0,2025-11-15,20,quantile,0.3,0
2025-11-15,wk inc flu prop ed visits,1,2025-11-22,20,quantile,0.3,0
2025-11-15,wk inc flu prop ed visits,2,2025-11-29,20,quantile,0.3,0
2025-11-15,wk inc flu prop ed visits,3,2025-12-06,20,quantile,0.3,0
2025-11-15,wk inc flu prop ed visits,0,2025-11-15,20,quantile,0.35,0
2025-11-15,wk inc flu prop ed visits,1,2025-11-22,20,quantile,0.35,0
2025-11-15,wk inc flu prop ed visits,2,2025-11-29,20,quantile,0.35,0
2025-11-15,wk inc flu prop ed visits,3,2025-12-06,20,quantile,0.35,0
2025-11-15,wk inc flu prop ed visits,0,2025-11-15,20,quantile,0.4,0
2025-11-15,wk inc flu prop ed visits,1,2025-11-22,20,quantile,0.4,0
2025-11-15,wk inc flu prop ed visits,2,2025-11-29,20,quantile,0.4,0
2025-11-15,wk inc flu prop ed visits,3,2025-12-06,20,quantile,0.4,0
2025-11-15,wk inc flu prop ed visits,0,2025-11-15,20,quantile,0.45,0
2025-11-15,wk inc flu prop ed visits,1,2025-11-22,20,quantile,0.45,0
2025-11-15,wk inc flu prop ed visits,2,2025-11-29,20,quantile,0.45,0
2025-11-15,wk inc flu prop ed visits,3,2025-12-06,20,quantile,0.45,0
2025-11-15,wk inc flu prop ed visits,0,2025-11-15,20,quantile,0.5,0
2025-11-15,wk inc flu prop ed visits,1,2025-11-22,20,quantile,0.5,0
2025-11-15,wk inc flu prop ed visits,2,2025-11-29,20,quantile,0.5,0
2025-11-15,wk inc flu prop ed visits,3,2025-12-06,20,quantile,0.5,8.716294823638233e-4
2025-11-15,wk inc flu prop ed visits,0,2025-11-15,20,quantile,0.55,5.135545030835231e-4
2025-11-15,wk inc flu prop ed visits,1,2025-11-22,20,quantile,0.55,0
2025-11-15,wk inc flu prop ed visits,2,2025-11-29,20,quantile,0.55,6.612309780434277e-4
2025-11-15,wk inc flu prop ed visits,3,2025-12-06,20,quantile,0.55,0.0050324484726625
2025-11-15,wk inc flu prop ed visits,0,2025-11-15,20,quantile,0.6,0.0014826832425367826
2025-11-15,wk inc flu prop ed visits,1,2025-11-22,20,quantile,0.6,0
2025-11-15,wk inc flu prop ed visits,2,2025-11-29,20,quantile,0.6,0.004835760019622226
2025-11-15,wk inc flu prop ed visits,3,2025-12-06,20,quantile,0.6,0.009804140801293557
2025-11-15,wk inc flu prop ed visits,0,2025-11-15,20,quantile,0.65,0.0021703613981320915
2025-11-15,wk inc flu prop ed visits,1,2025-11-22,20,quantile,0.65,0.0013293560634571064
2025-11-15,wk inc flu prop ed visits,2,2025-11-29,20,quantile,0.65,0.00696076548304845
2025-11-15,wk inc flu prop ed visits,3,2025-12-06,20,quantile,0.65,0.013242067963085382
2025-11-15,wk inc flu prop ed visits,0,2025-11-15,20,quantile,0.7,0.0026547134699664828
2025-11-15,wk inc flu prop ed visits,1,2025-11-22,20,quantile,0.7,0.0033666817694526074
2025-11-15,wk inc flu prop ed visits,2,2025-11-29,20,quantile,0.7,0.009609942025181357
2025-11-15,wk inc flu prop ed visits,3,2025-12-06,20,quantile,0.7,0.016981689547878483
2025-11-15,wk inc flu prop ed visits,0,2025-11-15,20,quantile,0.75,0.003492064744334049
2025-11-15,wk inc flu prop ed visits,1,2025-11-22,20,quantile,0.75,0.0051404370147627625
2025-11-15,wk inc flu prop ed visits,2,2025-11-29,20,quantile,0.75,0.011947168443691075
2025-11-15,wk inc flu prop ed visits,3,2025-12-06,20,quantile,0.75,0.020318383651365932
2025-11-15,wk inc flu prop ed visits,0,2025-11-15,20,quantile,0.8,0.004346071092766584
2025-11-15,wk inc flu prop ed visits,1,2025-11-22,20,quantile,0.8,0.006851782627930975
2025-11-15,wk inc flu prop ed visits,2,2025-11-29,20,quantile,0.8,0.014863660113699228
2025-11-15,wk inc flu prop ed visits,3,2025-12-06,20,quantile,0.8,0.024119962683293805
2025-11-15,wk inc flu prop ed visits,0,2025-11-15,20,quantile,0.85,0.005441224020412087
2025-11-15,wk inc flu prop ed visits,1,2025-11-22,20,quantile,0.85,0.009720634176839136
2025-11-15,wk inc flu prop ed visits,2,2025-11-29,20,quantile,0.85,0.018687626009507713
2025-11-15,wk inc flu prop ed visits,3,2025-12-06,20,quantile,0.85,0.03190641896142318
2025-11-15,wk inc flu prop ed visits,0,2025-11-15,20,quantile,0.9,0.0061540030962573865
2025-11-15,wk inc flu prop ed visits,1,2025-11-22,20,quantile,0.9,0.011818713596372675
2025-11-15,wk inc flu prop ed visits,2,2025-11-29,20,quantile,0.9,0.0230898550187867
2025-11-15,wk inc flu prop ed visits,3,2025-12-06,20,quantile,0.9,0.03743065752572984
2025-11-15,wk inc flu prop ed visits,0,2025-11-15,20,quantile,0.95,0.007214144455549906
2025-11-15,wk inc flu prop ed visits,1,2025-11-22,20,quantile,0.95,0.015031279097307493
2025-11-15,wk inc flu prop ed visits,2,2025-11-29,20,quantile,0.95,0.027760988307091478
2025-11-15,wk inc flu prop ed visits,3,2025-12-06,20,quantile,0.95,0.04305584116993153
2025-11-15,wk inc flu prop ed visits,0,2025-11-15,20,quantile,0.975,0.012393370634000348
2025-11-15,wk inc flu prop ed visits,1,2025-11-22,20,quantile,0.975,0.030963533570969697
2025-11-15,wk inc flu prop ed visits,2,2025-11-29,20,quantile,0.975,0.05581058147635234
2025-11-15,wk inc flu prop ed visits,3,2025-12-06,20,quantile,0.975,0.07283826287285818
2025-11-15,wk inc flu prop ed visits,0,2025-11-15,20,quantile,0.99,0.012393370634000348
2025-11-15,wk inc flu prop ed visits,1,2025-11-22,20,quantile,0.99,0.030963533570969697
2025-11-15,wk inc flu prop ed visits,2,2025-11-29,20,quantile,0.99,0.05581058147635234
2025-11-15,wk inc flu prop ed visits,3,2025-12-06,20,quantile,0.99,0.07502545909039778
2025-11-15,wk inc flu hosp,0,2025-11-15,20,quantile,0.01,0
2025-11-15,wk inc flu hosp,1,2025-11-22,20,quantile,0.01,0
2025-11-15,wk inc flu hosp,2,2025-11-29,20,quantile,0.01,0
2025-11-15,wk inc flu hosp,3,2025-12-06,20,quantile,0.01,0
2025-11-15,wk inc flu hosp,0,2025-11-15,20,quantile,0.025,0
2025-11-15,wk inc flu hosp,1,2025-11-22,20,quantile,0.025,0
2025-11-15,wk inc flu hosp,2,2025-11-29,20,quantile,0.025,0
2025-11-15,wk inc flu hosp,3,2025-12-06,20,quantile,0.025,0
2025-11-15,wk inc flu hosp,0,2025-11-15,20,quantile,0.05,0
2025-11-15,wk inc flu hosp,1,2025-11-22,20,quantile,0.05,0
2025-11-15,wk inc flu hosp,2,2025-11-29,20,quantile,0.05,0
2025-11-15,wk inc flu hosp,3,2025-12-06,20,quantile,0.05,0
2025-11-15,wk inc flu hosp,0,2025-11-15,20,quantile,0.1,1
2025-11-15,wk inc flu hosp,1,2025-11-22,20,quantile,0.1,0
2025-11-15,wk inc flu hosp,2,2025-11-29,20,quantile,0.1,0
2025-11-15,wk inc flu hosp,3,2025-12-06,20,quantile,0.1,0
2025-11-15,wk inc flu hosp,0,2025-11-15,20,quantile,0.15,4
2025-11-15,wk inc flu hosp,1,2025-11-22,20,quantile,0.15,0
2025-11-15,wk inc flu hosp,2,2025-11-29,20,quantile,0.15,0
2025-11-15,wk inc flu hosp,3,2025-12-06,20,quantile,0.15,0
2025-11-15,wk inc flu hosp,0,2025-11-15,20,quantile,0.2,5
2025-11-15,wk inc flu hosp,1,2025-11-22,20,quantile,0.2,0
2025-11-15,wk inc flu hosp,2,2025-11-29,20,quantile,0.2,0
2025-11-15,wk inc flu hosp,3,2025-12-06,20,quantile,0.2,0
2025-11-15,wk inc flu hosp,0,2025-11-15,20,quantile,0.25,7
2025-11-15,wk inc flu hosp,1,2025-11-22,20,quantile,0.25,0
2025-11-15,wk inc flu hosp,2,2025-11-29,20,quantile,0.25,0
2025-11-15,wk inc flu hosp,3,2025-12-06,20,quantile,0.25,4
2025-11-15,wk inc flu hosp,0,2025-11-15,20,quantile,0.3,10
2025-11-15,wk inc flu hosp,1,2025-11-22,20,quantile,0.3,0
2025-11-15,wk inc flu hosp,2,2025-11-29,20,quantile,0.3,5
2025-11-15,wk inc flu hosp,3,2025-12-06,20,quantile,0.3,14
2025-11-15,wk inc flu hosp,0,2025-11-15,20,quantile,0.35,11
2025-11-15,wk inc flu hosp,1,2025-11-22,20,quantile,0.35,5
2025-11-15,wk inc flu hosp,2,2025-11-29,20,quantile,0.35,14
2025-11-15,wk inc flu hosp,3,2025-12-06,20,quantile,0.35,24
2025-11-15,wk inc flu hosp,0,2025-11-15,20,quantile,0.4,11
2025-11-15,wk inc flu hosp,1,2025-11-22,20,quantile,0.4,8
2025-11-15,wk inc flu hosp,2,2025-11-29,20,quantile,0.4,19
2025-11-15,wk inc flu hosp,3,2025-12-06,20,quantile,0.4,34
2025-11-15,wk inc flu hosp,0,2025-11-15,20,quantile,0.45,12
2025-11-15,wk inc flu hosp,1,2025-11-22,20,quantile,0.45,11
2025-11-15,wk inc flu hosp,2,2025-11-29,20,quantile,0.45,24
2025-11-15,wk inc flu hosp,3,2025-12-06,20,quantile,0.45,40
2025-11-15,wk inc flu hosp,0,2025-11-15,20,quantile,0.5,13
2025-11-15,wk inc flu hosp,1,2025-11-22,20,quantile,0.5,12
2025-11-15,wk inc flu hosp,2,2025-11-29,20,quantile,0.5,27
2025-11-15,wk inc flu hosp,3,2025-12-06,20,quantile,0.5,50
2025-11-15,wk inc flu hosp,0,2025-11-15,20,quantile,0.55,14
2025-11-15,wk inc flu hosp,1,2025-11-22,20,quantile,0.55,16
2025-11-15,wk inc flu hosp,2,2025-11-29,20,quantile,0.55,33
2025-11-15,wk inc flu hosp,3,2025-12-06,20,quantile,0.55,59
2025-11-15,wk inc flu hosp,0,2025-11-15,20,quantile,0.6,15
2025-11-15,wk inc flu hosp,1,2025-11-22,20,quantile,0.6,19
2025-11-15,wk inc flu hosp,2,2025-11-29,20,quantile,0.6,38
2025-11-15,wk inc flu hosp,3,2025-12-06,20,quantile,0.6,67
2025-11-15,wk inc flu hosp,0,2025-11-15,20,quantile,0.65,16
2025-11-15,wk inc flu hosp,1,2025-11-22,20,quantile,0.65,22
2025-11-15,wk inc flu hosp,2,2025-11-29,20,quantile,0.65,43
2025-11-15,wk inc flu hosp,3,2025-12-06,20,quantile,0.65,74
2025-11-15,wk inc flu hosp,0,2025-11-15,20,quantile,0.7,18
2025-11-15,wk inc flu hosp,1,2025-11-22,20,quantile,0.7,25
2025-11-15,wk inc flu hosp,2,2025-11-29,20,quantile,0.7,48
2025-11-15,wk inc flu hosp,3,2025-12-06,20,quantile,0.7,82
2025-11-15,wk inc flu hosp,0,2025-11-15,20,quantile,0.75,20
2025-11-15,wk inc flu hosp,1,2025-11-22,20,quantile,0.75,30
2025-11-15,wk inc flu hosp,2,2025-11-29,20,quantile,0.75,57
2025-11-15,wk inc flu hosp,3,2025-12-06,20,quantile,0.75,95
2025-11-15,wk inc flu hosp,0,2025-11-15,20,quantile,0.8,23
2025-11-15,wk inc flu hosp,1,2025-11-22,20,quantile,0.8,36
2025-11-15,wk inc flu hosp,2,2025-11-29,20,quantile,0.8,68
2025-11-15,wk inc flu hosp,3,2025-12-06,20,quantile,0.8,110
2025-11-15,wk inc flu hosp,0,2025-11-15,20,quantile,0.85,25
2025-11-15,wk inc flu hosp,1,2025-11-22,20,quantile,0.85,40
2025-11-15,wk inc flu hosp,2,2025-11-29,20,quantile,0.85,74
2025-11-15,wk inc flu hosp,3,2025-12-06,20,quantile,0.85,121
2025-11-15,wk inc flu hosp,0,2025-11-15,20,quantile,0.9,28
2025-11-15,wk inc flu hosp,1,2025-11-22,20,quantile,0.9,47
2025-11-15,wk inc flu hosp,2,2025-11-29,20,quantile,0.9,84
2025-11-15,wk inc flu hosp,3,2025-12-06,20,quantile,0.9,139
2025-11-15,wk inc flu hosp,0,2025-11-15,20,quantile,0.95,33
2025-11-15,wk inc flu hosp,1,2025-11-22,20,quantile,0.95,58
2025-11-15,wk inc flu hosp,2,2025-11-29,20,quantile,0.95,104
2025-11-15,wk inc flu hosp,3,2025-12-06,20,quantile,0.95,163
2025-11-15,wk inc flu hosp,0,2025-11-15,20,quantile,0.975,57
2025-11-15,wk inc flu hosp,1,2025-11-22,20,quantile,0.975,107
2025-11-15,wk inc flu hosp,2,2025-11-29,20,quantile,0.975,220
2025-11-15,wk inc flu hosp,3,2025-12-06,20,quantile,0.975,286
2025-11-15,wk inc flu hosp,0,2025-11-15,20,quantile,0.99,66
2025-11-15,wk inc flu hosp,1,2025-11-22,20,quantile,0.99,144
2025-11-15,wk inc flu hosp,2,2025-11-29,20,quantile,0.99,257
2025-11-15,wk inc flu hosp,3,2025-12-06,20,quantile,0.99,348
2025-11-15,wk inc flu prop ed visits,0,2025-11-15,21,quantile,0.01,0
2025-11-15,wk inc flu prop ed visits,1,2025-11-22,21,quantile,0.01,0
2025-11-15,wk inc flu prop ed visits,2,2025-11-29,21,quantile,0.01,0
2025-11-15,wk inc flu prop ed visits,3,2025-12-06,21,quantile,0.01,0
2025-11-15,wk inc flu prop ed visits,0,2025-11-15,21,quantile,0.025,0
2025-11-15,wk inc flu prop ed visits,1,2025-11-22,21,quantile,0.025,0
2025-11-15,wk inc flu prop ed visits,2,2025-11-29,21,quantile,0.025,0
2025-11-15,wk inc flu prop ed visits,3,2025-12-06,21,quantile,0.025,0
2025-11-15,wk inc flu prop ed visits,0,2025-11-15,21,quantile,0.05,0
2025-11-15,wk inc flu prop ed visits,1,2025-11-22,21,quantile,0.05,0
2025-11-15,wk inc flu prop ed visits,2,2025-11-29,21,quantile,0.05,0
2025-11-15,wk inc flu prop ed visits,3,2025-12-06,21,quantile,0.05,0
2025-11-15,wk inc flu prop ed visits,0,2025-11-15,21,quantile,0.1,0
2025-11-15,wk inc flu prop ed visits,1,2025-11-22,21,quantile,0.1,0
2025-11-15,wk inc flu prop ed visits,2,2025-11-29,21,quantile,0.1,0
2025-11-15,wk inc flu prop ed visits,3,2025-12-06,21,quantile,0.1,0
2025-11-15,wk inc flu prop ed visits,0,2025-11-15,21,quantile,0.15,0
2025-11-15,wk inc flu prop ed visits,1,2025-11-22,21,quantile,0.15,0
2025-11-15,wk inc flu prop ed visits,2,2025-11-29,21,quantile,0.15,0
2025-11-15,wk inc flu prop ed visits,3,2025-12-06,21,quantile,0.15,0
2025-11-15,wk inc flu prop ed visits,0,2025-11-15,21,quantile,0.2,0
2025-11-15,wk inc flu prop ed visits,1,2025-11-22,21,quantile,0.2,0
2025-11-15,wk inc flu prop ed visits,2,2025-11-29,21,quantile,0.2,0
2025-11-15,wk inc flu prop ed visits,3,2025-12-06,21,quantile,0.2,0
2025-11-15,wk inc flu prop ed visits,0,2025-11-15,21,quantile,0.25,0
2025-11-15,wk inc flu prop ed visits,1,2025-11-22,21,quantile,0.25,0
2025-11-15,wk inc flu prop ed visits,2,2025-11-29,21,quantile,0.25,0
2025-11-15,wk inc flu prop ed visits,3,2025-12-06,21,quantile,0.25,0
2025-11-15,wk inc flu prop ed visits,0,2025-11-15,21,quantile,0.3,0
2025-11-15,wk inc flu prop ed visits,1,2025-11-22,21,quantile,0.3,0
2025-11-15,wk inc flu prop ed visits,2,2025-11-29,21,quantile,0.3,0
2025-11-15,wk inc flu prop ed visits,3,2025-12-06,21,quantile,0.3,0
2025-11-15,wk inc flu prop ed visits,0,2025-11-15,21,quantile,0.35,0
2025-11-15,wk inc flu prop ed visits,1,2025-11-22,21,quantile,0.35,0
2025-11-15,wk inc flu prop ed visits,2,2025-11-29,21,quantile,0.35,0
2025-11-15,wk inc flu prop ed visits,3,2025-12-06,21,quantile,0.35,0
2025-11-15,wk inc flu prop ed visits,0,2025-11-15,21,quantile,0.4,0
2025-11-15,wk inc flu prop ed visits,1,2025-11-22,21,quantile,0.4,0
2025-11-15,wk inc flu prop ed visits,2,2025-11-29,21,quantile,0.4,0
2025-11-15,wk inc flu prop ed visits,3,2025-12-06,21,quantile,0.4,0
2025-11-15,wk inc flu prop ed visits,0,2025-11-15,21,quantile,0.45,0
2025-11-15,wk inc flu prop ed visits,1,2025-11-22,21,quantile,0.45,0
2025-11-15,wk inc flu prop ed visits,2,2025-11-29,21,quantile,0.45,0
2025-11-15,wk inc flu prop ed visits,3,2025-12-06,21,quantile,0.45,0
2025-11-15,wk inc flu prop ed visits,0,2025-11-15,21,quantile,0.5,2.2740496571131425e-4
2025-11-15,wk inc flu prop ed visits,1,2025-11-22,21,quantile,0.5,0
2025-11-15,wk inc flu prop ed visits,2,2025-11-29,21,quantile,0.5,0
2025-11-15,wk inc flu prop ed visits,3,2025-12-06,21,quantile,0.5,9.659544716661121e-4
2025-11-15,wk inc flu prop ed visits,0,2025-11-15,21,quantile,0.55,0.001458603282021687
2025-11-15,wk inc flu prop ed visits,1,2025-11-22,21,quantile,0.55,0
2025-11-15,wk inc flu prop ed visits,2,2025-11-29,21,quantile,0.55,0.003388231659110374
2025-11-15,wk inc flu prop ed visits,3,2025-12-06,21,quantile,0.55,0.006504332613570412
2025-11-15,wk inc flu prop ed visits,0,2025-11-15,21,quantile,0.6,0.0030117824674097643
2025-11-15,wk inc flu prop ed visits,1,2025-11-22,21,quantile,0.6,0.0010406919011948222
2025-11-15,wk inc flu prop ed visits,2,2025-11-29,21,quantile,0.6,0.00859637452248342
2025-11-15,wk inc flu prop ed visits,3,2025-12-06,21,quantile,0.6,0.013950126327120295
2025-11-15,wk inc flu prop ed visits,0,2025-11-15,21,quantile,0.65,0.003762098609631265
2025-11-15,wk inc flu prop ed visits,1,2025-11-22,21,quantile,0.65,0.0021957906021112072
2025-11-15,wk inc flu prop ed visits,2,2025-11-29,21,quantile,0.65,0.011672986842563121
2025-11-15,wk inc flu prop ed visits,3,2025-12-06,21,quantile,0.65,0.019204442974682767
2025-11-15,wk inc flu prop ed visits,0,2025-11-15,21,quantile,0.7,0.004739972944523006
2025-11-15,wk inc flu prop ed visits,1,2025-11-22,21,quantile,0.7,0.004367403158327323
2025-11-15,wk inc flu prop ed visits,2,2025-11-29,21,quantile,0.7,0.014035829914328614
2025-11-15,wk inc flu prop ed visits,3,2025-12-06,21,quantile,0.7,0.023068119885845617
2025-11-15,wk inc flu prop ed visits,0,2025-11-15,21,quantile,0.75,0.0059978612524233
2025-11-15,wk inc flu prop ed visits,1,2025-11-22,21,quantile,0.75,0.007656575198548322
2025-11-15,wk inc flu prop ed visits,2,2025-11-29,21,quantile,0.75,0.01792905557876872
2025-11-15,wk inc flu prop ed visits,3,2025-12-06,21,quantile,0.75,0.029131437255510352
2025-11-15,wk inc flu prop ed visits,0,2025-11-15,21,quantile,0.8,0.007827061323836898
2025-11-15,wk inc flu prop ed visits,1,2025-11-22,21,quantile,0.8,0.009999493854730685
2025-11-15,wk inc flu prop ed visits,2,2025-11-29,21,quantile,0.8,0.021155948956281635
2025-11-15,wk inc flu prop ed visits,3,2025-12-06,21,quantile,0.8,0.034976131808875585
2025-11-15,wk inc flu prop ed visits,0,2025-11-15,21,quantile,0.85,0.009317534424401377
2025-11-15,wk inc flu prop ed visits,1,2025-11-22,21,quantile,0.85,0.012123562414401285
2025-11-15,wk inc flu prop ed visits,2,2025-11-29,21,quantile,0.85,0.024086295292614992
2025-11-15,wk inc flu prop ed visits,3,2025-12-06,21,quantile,0.85,0.03850763214120799
2025-11-15,wk inc flu prop ed visits,0,2025-11-15,21,quantile,0.9,0.010034614912320546
2025-11-15,wk inc flu prop ed visits,1,2025-11-22,21,quantile,0.9,0.013237312473740341
2025-11-15,wk inc flu prop ed visits,2,2025-11-29,21,quantile,0.9,0.025345065812748844
2025-11-15,wk inc flu prop ed visits,3,2025-12-06,21,quantile,0.9,0.04072530321798003
2025-11-15,wk inc flu prop ed visits,0,2025-11-15,21,quantile,0.95,0.010276975399367588
2025-11-15,wk inc flu prop ed visits,1,2025-11-22,21,quantile,0.95,0.014338782862748567
2025-11-15,wk inc flu prop ed visits,2,2025-11-29,21,quantile,0.95,0.028828481205355496
2025-11-15,wk inc flu prop ed visits,3,2025-12-06,21,quantile,0.95,0.04538332392769532
2025-11-15,wk inc flu prop ed visits,0,2025-11-15,21,quantile,0.975,0.013530459952650826
2025-11-15,wk inc flu prop ed visits,1,2025-11-22,21,quantile,0.975,0.024220371207080323
2025-11-15,wk inc flu prop ed visits,2,2025-11-29,21,quantile,0.975,0.04756821816778948
2025-11-15,wk inc flu prop ed visits,3,2025-12-06,21,quantile,0.975,0.06961862711137139
2025-11-15,wk inc flu prop ed visits,0,2025-11-15,21,quantile,0.99,0.013530459952650826
2025-11-15,wk inc flu prop ed visits,1,2025-11-22,21,quantile,0.99,0.024220371207080323
2025-11-15,wk inc flu prop ed visits,2,2025-11-29,21,quantile,0.99,0.04756821816778948
2025-11-15,wk inc flu prop ed visits,3,2025-12-06,21,quantile,0.99,0.08163306147243624
2025-11-15,wk inc flu hosp,0,2025-11-15,21,quantile,0.01,0
2025-11-15,wk inc flu hosp,1,2025-11-22,21,quantile,0.01,0
2025-11-15,wk inc flu hosp,2,2025-11-29,21,quantile,0.01,0
2025-11-15,wk inc flu hosp,3,2025-12-06,21,quantile,0.01,0
2025-11-15,wk inc flu hosp,0,2025-11-15,21,quantile,0.025,0
2025-11-15,wk inc flu hosp,1,2025-11-22,21,quantile,0.025,0
2025-11-15,wk inc flu hosp,2,2025-11-29,21,quantile,0.025,0
2025-11-15,wk inc flu hosp,3,2025-12-06,21,quantile,0.025,0
2025-11-15,wk inc flu hosp,0,2025-11-15,21,quantile,0.05,0
2025-11-15,wk inc flu hosp,1,2025-11-22,21,quantile,0.05,0
2025-11-15,wk inc flu hosp,2,2025-11-29,21,quantile,0.05,0
2025-11-15,wk inc flu hosp,3,2025-12-06,21,quantile,0.05,0
2025-11-15,wk inc flu hosp,0,2025-11-15,21,quantile,0.1,0
2025-11-15,wk inc flu hosp,1,2025-11-22,21,quantile,0.1,0
2025-11-15,wk inc flu hosp,2,2025-11-29,21,quantile,0.1,0
2025-11-15,wk inc flu hosp,3,2025-12-06,21,quantile,0.1,0
2025-11-15,wk inc flu hosp,0,2025-11-15,21,quantile,0.15,0
2025-11-15,wk inc flu hosp,1,2025-11-22,21,quantile,0.15,0
2025-11-15,wk inc flu hosp,2,2025-11-29,21,quantile,0.15,0
2025-11-15,wk inc flu hosp,3,2025-12-06,21,quantile,0.15,0
2025-11-15,wk inc flu hosp,0,2025-11-15,21,quantile,0.2,4
2025-11-15,wk inc flu hosp,1,2025-11-22,21,quantile,0.2,0
2025-11-15,wk inc flu hosp,2,2025-11-29,21,quantile,0.2,0
2025-11-15,wk inc flu hosp,3,2025-12-06,21,quantile,0.2,1
2025-11-15,wk inc flu hosp,0,2025-11-15,21,quantile,0.25,10
2025-11-15,wk inc flu hosp,1,2025-11-22,21,quantile,0.25,0
2025-11-15,wk inc flu hosp,2,2025-11-29,21,quantile,0.25,25
2025-11-15,wk inc flu hosp,3,2025-12-06,21,quantile,0.25,53
2025-11-15,wk inc flu hosp,0,2025-11-15,21,quantile,0.3,17
2025-11-15,wk inc flu hosp,1,2025-11-22,21,quantile,0.3,2
2025-11-15,wk inc flu hosp,2,2025-11-29,21,quantile,0.3,50
2025-11-15,wk inc flu hosp,3,2025-12-06,21,quantile,0.3,96
2025-11-15,wk inc flu hosp,0,2025-11-15,21,quantile,0.35,22
2025-11-15,wk inc flu hosp,1,2025-11-22,21,quantile,0.35,10
2025-11-15,wk inc flu hosp,2,2025-11-29,21,quantile,0.35,63
2025-11-15,wk inc flu hosp,3,2025-12-06,21,quantile,0.35,123
2025-11-15,wk inc flu hosp,0,2025-11-15,21,quantile,0.4,27
2025-11-15,wk inc flu hosp,1,2025-11-22,21,quantile,0.4,18
2025-11-15,wk inc flu hosp,2,2025-11-29,21,quantile,0.4,85
2025-11-15,wk inc flu hosp,3,2025-12-06,21,quantile,0.4,153
2025-11-15,wk inc flu hosp,0,2025-11-15,21,quantile,0.45,32
2025-11-15,wk inc flu hosp,1,2025-11-22,21,quantile,0.45,27
2025-11-15,wk inc flu hosp,2,2025-11-29,21,quantile,0.45,108
2025-11-15,wk inc flu hosp,3,2025-12-06,21,quantile,0.45,182
2025-11-15,wk inc flu hosp,0,2025-11-15,21,quantile,0.5,36
2025-11-15,wk inc flu hosp,1,2025-11-22,21,quantile,0.5,37
2025-11-15,wk inc flu hosp,2,2025-11-29,21,quantile,0.5,123
2025-11-15,wk inc flu hosp,3,2025-12-06,21,quantile,0.5,203
2025-11-15,wk inc flu hosp,0,2025-11-15,21,quantile,0.55,40
2025-11-15,wk inc flu hosp,1,2025-11-22,21,quantile,0.55,52
2025-11-15,wk inc flu hosp,2,2025-11-29,21,quantile,0.55,142
2025-11-15,wk inc flu hosp,3,2025-12-06,21,quantile,0.55,231
2025-11-15,wk inc flu hosp,0,2025-11-15,21,quantile,0.6,46
2025-11-15,wk inc flu hosp,1,2025-11-22,21,quantile,0.6,63
2025-11-15,wk inc flu hosp,2,2025-11-29,21,quantile,0.6,157
2025-11-15,wk inc flu hosp,3,2025-12-06,21,quantile,0.6,248
2025-11-15,wk inc flu hosp,0,2025-11-15,21,quantile,0.65,51
2025-11-15,wk inc flu hosp,1,2025-11-22,21,quantile,0.65,71
2025-11-15,wk inc flu hosp,2,2025-11-29,21,quantile,0.65,169
2025-11-15,wk inc flu hosp,3,2025-12-06,21,quantile,0.65,271
2025-11-15,wk inc flu hosp,0,2025-11-15,21,quantile,0.7,59
2025-11-15,wk inc flu hosp,1,2025-11-22,21,quantile,0.7,82
2025-11-15,wk inc flu hosp,2,2025-11-29,21,quantile,0.7,189
2025-11-15,wk inc flu hosp,3,2025-12-06,21,quantile,0.7,325
2025-11-15,wk inc flu hosp,0,2025-11-15,21,quantile,0.75,62
2025-11-15,wk inc flu hosp,1,2025-11-22,21,quantile,0.75,89
2025-11-15,wk inc flu hosp,2,2025-11-29,21,quantile,0.75,205
2025-11-15,wk inc flu hosp,3,2025-12-06,21,quantile,0.75,346
2025-11-15,wk inc flu hosp,0,2025-11-15,21,quantile,0.8,75
2025-11-15,wk inc flu hosp,1,2025-11-22,21,quantile,0.8,106
2025-11-15,wk inc flu hosp,2,2025-11-29,21,quantile,0.8,224
2025-11-15,wk inc flu hosp,3,2025-12-06,21,quantile,0.8,376
2025-11-15,wk inc flu hosp,0,2025-11-15,21,quantile,0.85,89
2025-11-15,wk inc flu hosp,1,2025-11-22,21,quantile,0.85,123
2025-11-15,wk inc flu hosp,2,2025-11-29,21,quantile,0.85,245
2025-11-15,wk inc flu hosp,3,2025-12-06,21,quantile,0.85,402
2025-11-15,wk inc flu hosp,0,2025-11-15,21,quantile,0.9,97
2025-11-15,wk inc flu hosp,1,2025-11-22,21,quantile,0.9,140
2025-11-15,wk inc flu hosp,2,2025-11-29,21,quantile,0.9,281
2025-11-15,wk inc flu hosp,3,2025-12-06,21,quantile,0.9,441
2025-11-15,wk inc flu hosp,0,2025-11-15,21,quantile,0.95,102
2025-11-15,wk inc flu hosp,1,2025-11-22,21,quantile,0.95,163
2025-11-15,wk inc flu hosp,2,2025-11-29,21,quantile,0.95,335
2025-11-15,wk inc flu hosp,3,2025-12-06,21,quantile,0.95,558
2025-11-15,wk inc flu hosp,0,2025-11-15,21,quantile,0.975,123
2025-11-15,wk inc flu hosp,1,2025-11-22,21,quantile,0.975,284
2025-11-15,wk inc flu hosp,2,2025-11-29,21,quantile,0.975,502
2025-11-15,wk inc flu hosp,3,2025-12-06,21,quantile,0.975,792
2025-11-15,wk inc flu hosp,0,2025-11-15,21,quantile,0.99,167
2025-11-15,wk inc flu hosp,1,2025-11-22,21,quantile,0.99,334
2025-11-15,wk inc flu hosp,2,2025-11-29,21,quantile,0.99,641
2025-11-15,wk inc flu hosp,3,2025-12-06,21,quantile,0.99,1023
2025-11-15,wk inc flu prop ed visits,0,2025-11-15,27,quantile,0.01,0
2025-11-15,wk inc flu prop ed visits,1,2025-11-22,27,quantile,0.01,0
2025-11-15,wk inc flu prop ed visits,2,2025-11-29,27,quantile,0.01,0
2025-11-15,wk inc flu prop ed visits,3,2025-12-06,27,quantile,0.01,0
2025-11-15,wk inc flu prop ed visits,0,2025-11-15,27,quantile,0.025,0
2025-11-15,wk inc flu prop ed visits,1,2025-11-22,27,quantile,0.025,0
2025-11-15,wk inc flu prop ed visits,2,2025-11-29,27,quantile,0.025,0
2025-11-15,wk inc flu prop ed visits,3,2025-12-06,27,quantile,0.025,0
2025-11-15,wk inc flu prop ed visits,0,2025-11-15,27,quantile,0.05,0
2025-11-15,wk inc flu prop ed visits,1,2025-11-22,27,quantile,0.05,0
2025-11-15,wk inc flu prop ed visits,2,2025-11-29,27,quantile,0.05,0
2025-11-15,wk inc flu prop ed visits,3,2025-12-06,27,quantile,0.05,0
2025-11-15,wk inc flu prop ed visits,0,2025-11-15,27,quantile,0.1,0
2025-11-15,wk inc flu prop ed visits,1,2025-11-22,27,quantile,0.1,0
2025-11-15,wk inc flu prop ed visits,2,2025-11-29,27,quantile,0.1,0
2025-11-15,wk inc flu prop ed visits,3,2025-12-06,27,quantile,0.1,0
2025-11-15,wk inc flu prop ed visits,0,2025-11-15,27,quantile,0.15,0
2025-11-15,wk inc flu prop ed visits,1,2025-11-22,27,quantile,0.15,0
2025-11-15,wk inc flu prop ed visits,2,2025-11-29,27,quantile,0.15,0
2025-11-15,wk inc flu prop ed visits,3,2025-12-06,27,quantile,0.15,0
2025-11-15,wk inc flu prop ed visits,0,2025-11-15,27,quantile,0.2,0
2025-11-15,wk inc flu prop ed visits,1,2025-11-22,27,quantile,0.2,0
2025-11-15,wk inc flu prop ed visits,2,2025-11-29,27,quantile,0.2,0
2025-11-15,wk inc flu prop ed visits,3,2025-12-06,27,quantile,0.2,0
2025-11-15,wk inc flu prop ed visits,0,2025-11-15,27,quantile,0.25,0
2025-11-15,wk inc flu prop ed visits,1,2025-11-22,27,quantile,0.25,0
2025-11-15,wk inc flu prop ed visits,2,2025-11-29,27,quantile,0.25,0
2025-11-15,wk inc flu prop ed visits,3,2025-12-06,27,quantile,0.25,0
2025-11-15,wk inc flu prop ed visits,0,2025-11-15,27,quantile,0.3,0
2025-11-15,wk inc flu prop ed visits,1,2025-11-22,27,quantile,0.3,0
2025-11-15,wk inc flu prop ed visits,2,2025-11-29,27,quantile,0.3,4.129978620366709e-4
2025-11-15,wk inc flu prop ed visits,3,2025-12-06,27,quantile,0.3,0
2025-11-15,wk inc flu prop ed visits,0,2025-11-15,27,quantile,0.35,8.421925423990083e-4
2025-11-15,wk inc flu prop ed visits,1,2025-11-22,27,quantile,0.35,7.617105823065136e-4
2025-11-15,wk inc flu prop ed visits,2,2025-11-29,27,quantile,0.35,0.00447698250703966
2025-11-15,wk inc flu prop ed visits,3,2025-12-06,27,quantile,0.35,0.004637988736823615
2025-11-15,wk inc flu prop ed visits,0,2025-11-15,27,quantile,0.4,0.002173159888811945
2025-11-15,wk inc flu prop ed visits,1,2025-11-22,27,quantile,0.4,0.0028185004048910177
2025-11-15,wk inc flu prop ed visits,2,2025-11-29,27,quantile,0.4,0.007244489195958064
2025-11-15,wk inc flu prop ed visits,3,2025-12-06,27,quantile,0.4,0.008969504449096052
2025-11-15,wk inc flu prop ed visits,0,2025-11-15,27,quantile,0.45,0.0028053542676871653
2025-11-15,wk inc flu prop ed visits,1,2025-11-22,27,quantile,0.45,0.0038154126504609353
2025-11-15,wk inc flu prop ed visits,2,2025-11-29,27,quantile,0.45,0.009204422965380916
2025-11-15,wk inc flu prop ed visits,3,2025-12-06,27,quantile,0.45,0.012697112743442327
2025-11-15,wk inc flu prop ed visits,0,2025-11-15,27,quantile,0.5,0.003294580364463867
2025-11-15,wk inc flu prop ed visits,1,2025-11-22,27,quantile,0.5,0.004801241735813579
2025-11-15,wk inc flu prop ed visits,2,2025-11-29,27,quantile,0.5,0.011562073537252566
2025-11-15,wk inc flu prop ed visits,3,2025-12-06,27,quantile,0.5,0.016289181290903867
2025-11-15,wk inc flu prop ed visits,0,2025-11-15,27,quantile,0.55,0.0038083838761515916
2025-11-15,wk inc flu prop ed visits,1,2025-11-22,27,quantile,0.55,0.0059389162946147005
2025-11-15,wk inc flu prop ed visits,2,2025-11-29,27,quantile,0.55,0.013492410383002324
2025-11-15,wk inc flu prop ed visits,3,2025-12-06,27,quantile,0.55,0.01871482583907888
2025-11-15,wk inc flu prop ed visits,0,2025-11-15,27,quantile,0.6,0.004207977975982377
2025-11-15,wk inc flu prop ed visits,1,2025-11-22,27,quantile,0.6,0.006812923411748557
2025-11-15,wk inc flu prop ed visits,2,2025-11-29,27,quantile,0.6,0.01491141024508883
2025-11-15,wk inc flu prop ed visits,3,2025-12-06,27,quantile,0.6,0.021047037359024745
2025-11-15,wk inc flu prop ed visits,0,2025-11-15,27,quantile,0.65,0.004385196862893264
2025-11-15,wk inc flu prop ed visits,1,2025-11-22,27,quantile,0.65,0.007396613968284806
2025-11-15,wk inc flu prop ed visits,2,2025-11-29,27,quantile,0.65,0.017173704819278553
2025-11-15,wk inc flu prop ed visits,3,2025-12-06,27,quantile,0.65,0.024938973956906484
2025-11-15,wk inc flu prop ed visits,0,2025-11-15,27,quantile,0.7,0.0045863708693534185
2025-11-15,wk inc flu prop ed visits,1,2025-11-22,27,quantile,0.7,0.007993926411934445
2025-11-15,wk inc flu prop ed visits,2,2025-11-29,27,quantile,0.7,0.01849461722402307
2025-11-15,wk inc flu prop ed visits,3,2025-12-06,27,quantile,0.7,0.027115666067417398
2025-11-15,wk inc flu prop ed visits,0,2025-11-15,27,quantile,0.75,0.005041214570741006
2025-11-15,wk inc flu prop ed visits,1,2025-11-22,27,quantile,0.75,0.00870488170219214
2025-11-15,wk inc flu prop ed visits,2,2025-11-29,27,quantile,0.75,0.020236964311454022
2025-11-15,wk inc flu prop ed visits,3,2025-12-06,27,quantile,0.75,0.030333010007769574
2025-11-15,wk inc flu prop ed visits,0,2025-11-15,27,quantile,0.8,0.005630841980951351
2025-11-15,wk inc flu prop ed visits,1,2025-11-22,27,quantile,0.8,0.009565589167191822
2025-11-15,wk inc flu prop ed visits,2,2025-11-29,27,quantile,0.8,0.022757452197151223
2025-11-15,wk inc flu prop ed visits,3,2025-12-06,27,quantile,0.8,0.03390020091823872
2025-11-15,wk inc flu prop ed visits,0,2025-11-15,27,quantile,0.85,0.005914333944029085
2025-11-15,wk inc flu prop ed visits,1,2025-11-22,27,quantile,0.85,0.010523616008505179
2025-11-15,wk inc flu prop ed visits,2,2025-11-29,27,quantile,0.85,0.025894911319779345
2025-11-15,wk inc flu prop ed visits,3,2025-12-06,27,quantile,0.85,0.037951118538081204
2025-11-15,wk inc flu prop ed visits,0,2025-11-15,27,quantile,0.9,0.006134847555692187
2025-11-15,wk inc flu prop ed visits,1,2025-11-22,27,quantile,0.9,0.011845651737558202
2025-11-15,wk inc flu prop ed visits,2,2025-11-29,27,quantile,0.9,0.027916883193000955
2025-11-15,wk inc flu prop ed visits,3,2025-12-06,27,quantile,0.9,0.04154645802254331
2025-11-15,wk inc flu prop ed visits,0,2025-11-15,27,quantile,0.95,0.007827466807531915
2025-11-15,wk inc flu prop ed visits,1,2025-11-22,27,quantile,0.95,0.015103981328629609
2025-11-15,wk inc flu prop ed visits,2,2025-11-29,27,quantile,0.95,0.03497423219628689
2025-11-15,wk inc flu prop ed visits,3,2025-12-06,27,quantile,0.95,0.05048116373441921
2025-11-15,wk inc flu prop ed visits,0,2025-11-15,27,quantile,0.975,0.00815357991087349
2025-11-15,wk inc flu prop ed visits,1,2025-11-22,27,quantile,0.975,0.016313255327431313
2025-11-15,wk inc flu prop ed visits,2,2025-11-29,27,quantile,0.975,0.038133089562292534
2025-11-15,wk inc flu prop ed visits,3,2025-12-06,27,quantile,0.975,0.055022868829631755
2025-11-15,wk inc flu prop ed visits,0,2025-11-15,27,quantile,0.99,0.015282822895910923
2025-11-15,wk inc flu prop ed visits,1,2025-11-22,27,quantile,0.99,0.029795732695220043
2025-11-15,wk inc flu prop ed visits,2,2025-11-29,27,quantile,0.99,0.05435197798445681
2025-11-15,wk inc flu prop ed visits,3,2025-12-06,27,quantile,0.99,0.07237217088737195
2025-11-15,wk inc flu hosp,0,2025-11-15,27,quantile,0.01,0
2025-11-15,wk inc flu hosp,1,2025-11-22,27,quantile,0.01,0
2025-11-15,wk inc flu hosp,2,2025-11-29,27,quantile,0.01,0
2025-11-15,wk inc flu hosp,3,2025-12-06,27,quantile,0.01,0
2025-11-15,wk inc flu hosp,0,2025-11-15,27,quantile,0.025,0
2025-11-15,wk inc flu hosp,1,2025-11-22,27,quantile,0.025,0
2025-11-15,wk inc flu hosp,2,2025-11-29,27,quantile,0.025,0
2025-11-15,wk inc flu hosp,3,2025-12-06,27,quantile,0.025,0
2025-11-15,wk inc flu hosp,0,2025-11-15,27,quantile,0.05,0
2025-11-15,wk inc flu hosp,1,2025-11-22,27,quantile,0.05,0
2025-11-15,wk inc flu hosp,2,2025-11-29,27,quantile,0.05,0
2025-11-15,wk inc flu hosp,3,2025-12-06,27,quantile,0.05,0
2025-11-15,wk inc flu hosp,0,2025-11-15,27,quantile,0.1,0
2025-11-15,wk inc flu hosp,1,2025-11-22,27,quantile,0.1,0
2025-11-15,wk inc flu hosp,2,2025-11-29,27,quantile,0.1,0
2025-11-15,wk inc flu hosp,3,2025-12-06,27,quantile,0.1,0
2025-11-15,wk inc flu hosp,0,2025-11-15,27,quantile,0.15,0
2025-11-15,wk inc flu hosp,1,2025-11-22,27,quantile,0.15,0
2025-11-15,wk inc flu hosp,2,2025-11-29,27,quantile,0.15,0
2025-11-15,wk inc flu hosp,3,2025-12-06,27,quantile,0.15,0
2025-11-15,wk inc flu hosp,0,2025-11-15,27,quantile,0.2,0
2025-11-15,wk inc flu hosp,1,2025-11-22,27,quantile,0.2,0
2025-11-15,wk inc flu hosp,2,2025-11-29,27,quantile,0.2,0
2025-11-15,wk inc flu hosp,3,2025-12-06,27,quantile,0.2,0
2025-11-15,wk inc flu hosp,0,2025-11-15,27,quantile,0.25,0
2025-11-15,wk inc flu hosp,1,2025-11-22,27,quantile,0.25,0
2025-11-15,wk inc flu hosp,2,2025-11-29,27,quantile,0.25,0
2025-11-15,wk inc flu hosp,3,2025-12-06,27,quantile,0.25,0
2025-11-15,wk inc flu hosp,0,2025-11-15,27,quantile,0.3,0
2025-11-15,wk inc flu hosp,1,2025-11-22,27,quantile,0.3,0
2025-11-15,wk inc flu hosp,2,2025-11-29,27,quantile,0.3,0
2025-11-15,wk inc flu hosp,3,2025-12-06,27,quantile,0.3,1
2025-11-15,wk inc flu hosp,0,2025-11-15,27,quantile,0.35,0
2025-11-15,wk inc flu hosp,1,2025-11-22,27,quantile,0.35,0
2025-11-15,wk inc flu hosp,2,2025-11-29,27,quantile,0.35,4
2025-11-15,wk inc flu hosp,3,2025-12-06,27,quantile,0.35,9
2025-11-15,wk inc flu hosp,0,2025-11-15,27,quantile,0.4,3
2025-11-15,wk inc flu hosp,1,2025-11-22,27,quantile,0.4,5
2025-11-15,wk inc flu hosp,2,2025-11-29,27,quantile,0.4,10
2025-11-15,wk inc flu hosp,3,2025-12-06,27,quantile,0.4,17
2025-11-15,wk inc flu hosp,0,2025-11-15,27,quantile,0.45,4
2025-11-15,wk inc flu hosp,1,2025-11-22,27,quantile,0.45,9
2025-11-15,wk inc flu hosp,2,2025-11-29,27,quantile,0.45,16
2025-11-15,wk inc flu hosp,3,2025-12-06,27,quantile,0.45,25
2025-11-15,wk inc flu hosp,0,2025-11-15,27,quantile,0.5,5
2025-11-15,wk inc flu hosp,1,2025-11-22,27,quantile,0.5,10
2025-11-15,wk inc flu hosp,2,2025-11-29,27,quantile,0.5,22
2025-11-15,wk inc flu hosp,3,2025-12-06,27,quantile,0.5,36
2025-11-15,wk inc flu hosp,0,2025-11-15,27,quantile,0.55,6
2025-11-15,wk inc flu hosp,1,2025-11-22,27,quantile,0.55,12
2025-11-15,wk inc flu hosp,2,2025-11-29,27,quantile,0.55,27
2025-11-15,wk inc flu hosp,3,2025-12-06,27,quantile,0.55,43
2025-11-15,wk inc flu hosp,0,2025-11-15,27,quantile,0.6,7
2025-11-15,wk inc flu hosp,1,2025-11-22,27,quantile,0.6,14
2025-11-15,wk inc flu hosp,2,2025-11-29,27,quantile,0.6,32
2025-11-15,wk inc flu hosp,3,2025-12-06,27,quantile,0.6,50
2025-11-15,wk inc flu hosp,0,2025-11-15,27,quantile,0.65,8
2025-11-15,wk inc flu hosp,1,2025-11-22,27,quantile,0.65,16
2025-11-15,wk inc flu hosp,2,2025-11-29,27,quantile,0.65,35
2025-11-15,wk inc flu hosp,3,2025-12-06,27,quantile,0.65,56
2025-11-15,wk inc flu hosp,0,2025-11-15,27,quantile,0.7,9
2025-11-15,wk inc flu hosp,1,2025-11-22,27,quantile,0.7,17
2025-11-15,wk inc flu hosp,2,2025-11-29,27,quantile,0.7,38
2025-11-15,wk inc flu hosp,3,2025-12-06,27,quantile,0.7,62
2025-11-15,wk inc flu hosp,0,2025-11-15,27,quantile,0.75,10
2025-11-15,wk inc flu hosp,1,2025-11-22,27,quantile,0.75,19
2025-11-15,wk inc flu hosp,2,2025-11-29,27,quantile,0.75,42
2025-11-15,wk inc flu hosp,3,2025-12-06,27,quantile,0.75,68
2025-11-15,wk inc flu hosp,0,2025-11-15,27,quantile,0.8,10
2025-11-15,wk inc flu hosp,1,2025-11-22,27,quantile,0.8,21
2025-11-15,wk inc flu hosp,2,2025-11-29,27,quantile,0.8,51
2025-11-15,wk inc flu hosp,3,2025-12-06,27,quantile,0.8,85
2025-11-15,wk inc flu hosp,0,2025-11-15,27,quantile,0.85,11
2025-11-15,wk inc flu hosp,1,2025-11-22,27,quantile,0.85,24
2025-11-15,wk inc flu hosp,2,2025-11-29,27,quantile,0.85,57
2025-11-15,wk inc flu hosp,3,2025-12-06,27,quantile,0.85,92
2025-11-15,wk inc flu hosp,0,2025-11-15,27,quantile,0.9,12
2025-11-15,wk inc flu hosp,1,2025-11-22,27,quantile,0.9,27
2025-11-15,wk inc flu hosp,2,2025-11-29,27,quantile,0.9,67
2025-11-15,wk inc flu hosp,3,2025-12-06,27,quantile,0.9,105
2025-11-15,wk inc flu hosp,0,2025-11-15,27,quantile,0.95,18
2025-11-15,wk inc flu hosp,1,2025-11-22,27,quantile,0.95,37
2025-11-15,wk inc flu hosp,2,2025-11-29,27,quantile,0.95,89
2025-11-15,wk inc flu hosp,3,2025-12-06,27,quantile,0.95,132
2025-11-15,wk inc flu hosp,0,2025-11-15,27,quantile,0.975,28
2025-11-15,wk inc flu hosp,1,2025-11-22,27,quantile,0.975,61
2025-11-15,wk inc flu hosp,2,2025-11-29,27,quantile,0.975,134
2025-11-15,wk inc flu hosp,3,2025-12-06,27,quantile,0.975,184
2025-11-15,wk inc flu hosp,0,2025-11-15,27,quantile,0.99,38
2025-11-15,wk inc flu hosp,1,2025-11-22,27,quantile,0.99,78
2025-11-15,wk inc flu hosp,2,2025-11-29,27,quantile,0.99,161
2025-11-15,wk inc flu hosp,3,2025-12-06,27,quantile,0.99,232
2025-11-15,wk inc flu prop ed visits,0,2025-11-15,28,quantile,0.01,0
2025-11-15,wk inc flu prop ed visits,1,2025-11-22,28,quantile,0.01,0
2025-11-15,wk inc flu prop ed visits,2,2025-11-29,28,quantile,0.01,0
2025-11-15,wk inc flu prop ed visits,3,2025-12-06,28,quantile,0.01,0
2025-11-15,wk inc flu prop ed visits,0,2025-11-15,28,quantile,0.025,0
2025-11-15,wk inc flu prop ed visits,1,2025-11-22,28,quantile,0.025,0
2025-11-15,wk inc flu prop ed visits,2,2025-11-29,28,quantile,0.025,0
2025-11-15,wk inc flu prop ed visits,3,2025-12-06,28,quantile,0.025,0
2025-11-15,wk inc flu prop ed visits,0,2025-11-15,28,quantile,0.05,0
2025-11-15,wk inc flu prop ed visits,1,2025-11-22,28,quantile,0.05,0
2025-11-15,wk inc flu prop ed visits,2,2025-11-29,28,quantile,0.05,0
2025-11-15,wk inc flu prop ed visits,3,2025-12-06,28,quantile,0.05,0
2025-11-15,wk inc flu prop ed visits,0,2025-11-15,28,quantile,0.1,0
2025-11-15,wk inc flu prop ed visits,1,2025-11-22,28,quantile,0.1,0
2025-11-15,wk inc flu prop ed visits,2,2025-11-29,28,quantile,0.1,0
2025-11-15,wk inc flu prop ed visits,3,2025-12-06,28,quantile,0.1,0
2025-11-15,wk inc flu prop ed visits,0,2025-11-15,28,quantile,0.15,0
2025-11-15,wk inc flu prop ed visits,1,2025-11-22,28,quantile,0.15,0
2025-11-15,wk inc flu prop ed visits,2,2025-11-29,28,quantile,0.15,0
2025-11-15,wk inc flu prop ed visits,3,2025-12-06,28,quantile,0.15,0
2025-11-15,wk inc flu prop ed visits,0,2025-11-15,28,quantile,0.2,0
2025-11-15,wk inc flu prop ed visits,1,2025-11-22,28,quantile,0.2,0
2025-11-15,wk inc flu prop ed visits,2,2025-11-29,28,quantile,0.2,0
2025-11-15,wk inc flu prop ed visits,3,2025-12-06,28,quantile,0.2,0
2025-11-15,wk inc flu prop ed visits,0,2025-11-15,28,quantile,0.25,0
2025-11-15,wk inc flu prop ed visits,1,2025-11-22,28,quantile,0.25,0
2025-11-15,wk inc flu prop ed visits,2,2025-11-29,28,quantile,0.25,0
2025-11-15,wk inc flu prop ed visits,3,2025-12-06,28,quantile,0.25,0
2025-11-15,wk inc flu prop ed visits,0,2025-11-15,28,quantile,0.3,0
2025-11-15,wk inc flu prop ed visits,1,2025-11-22,28,quantile,0.3,0
2025-11-15,wk inc flu prop ed visits,2,2025-11-29,28,quantile,0.3,0
2025-11-15,wk inc flu prop ed visits,3,2025-12-06,28,quantile,0.3,0.0011719331411246792
2025-11-15,wk inc flu prop ed visits,0,2025-11-15,28,quantile,0.35,0
2025-11-15,wk inc flu prop ed visits,1,2025-11-22,28,quantile,0.35,0
2025-11-15,wk inc flu prop ed visits,2,2025-11-29,28,quantile,0.35,0.0023034458010082713
2025-11-15,wk inc flu prop ed visits,3,2025-12-06,28,quantile,0.35,0.006397451356372619
2025-11-15,wk inc flu prop ed visits,0,2025-11-15,28,quantile,0.4,0
2025-11-15,wk inc flu prop ed visits,1,2025-11-22,28,quantile,0.4,0
2025-11-15,wk inc flu prop ed visits,2,2025-11-29,28,quantile,0.4,0.004828283911158375
2025-11-15,wk inc flu prop ed visits,3,2025-12-06,28,quantile,0.4,0.011536625661559231
2025-11-15,wk inc flu prop ed visits,0,2025-11-15,28,quantile,0.45,0
2025-11-15,wk inc flu prop ed visits,1,2025-11-22,28,quantile,0.45,0
2025-11-15,wk inc flu prop ed visits,2,2025-11-29,28,quantile,0.45,0.0075660557343002624
2025-11-15,wk inc flu prop ed visits,3,2025-12-06,28,quantile,0.45,0.015607482536214594
2025-11-15,wk inc flu prop ed visits,0,2025-11-15,28,quantile,0.5,0
2025-11-15,wk inc flu prop ed visits,1,2025-11-22,28,quantile,0.5,0.0016705177653637687
2025-11-15,wk inc flu prop ed visits,2,2025-11-29,28,quantile,0.5,0.011530937571936576
2025-11-15,wk inc flu prop ed visits,3,2025-12-06,28,quantile,0.5,0.020142453536708654
2025-11-15,wk inc flu prop ed visits,0,2025-11-15,28,quantile,0.55,0
2025-11-15,wk inc flu prop ed visits,1,2025-11-22,28,quantile,0.55,0.0032260831910648925
2025-11-15,wk inc flu prop ed visits,2,2025-11-29,28,quantile,0.55,0.015255566162402465
2025-11-15,wk inc flu prop ed visits,3,2025-12-06,28,quantile,0.55,0.026282159022332316
2025-11-15,wk inc flu prop ed visits,0,2025-11-15,28,quantile,0.6,0
2025-11-15,wk inc flu prop ed visits,1,2025-11-22,28,quantile,0.6,0.003974922914019335
2025-11-15,wk inc flu prop ed visits,2,2025-11-29,28,quantile,0.6,0.0174322906629168
2025-11-15,wk inc flu prop ed visits,3,2025-12-06,28,quantile,0.6,0.030643857418135023
2025-11-15,wk inc flu prop ed visits,0,2025-11-15,28,quantile,0.65,0
2025-11-15,wk inc flu prop ed visits,1,2025-11-22,28,quantile,0.65,0.007089932441509579
2025-11-15,wk inc flu prop ed visits,2,2025-11-29,28,quantile,0.65,0.024437892859233055
2025-11-15,wk inc flu prop ed visits,3,2025-12-06,28,quantile,0.65,0.03941861963768109
2025-11-15,wk inc flu prop ed visits,0,2025-11-15,28,quantile,0.7,0
2025-11-15,wk inc flu prop ed visits,1,2025-11-22,28,quantile,0.7,0.010690572240588949
2025-11-15,wk inc flu prop ed visits,2,2025-11-29,28,quantile,0.7,0.031759006667348634
2025-11-15,wk inc flu prop ed visits,3,2025-12-06,28,quantile,0.7,0.04883286482236614
2025-11-15,wk inc flu prop ed visits,0,2025-11-15,28,quantile,0.75,0.0017371791685745395
2025-11-15,wk inc flu prop ed visits,1,2025-11-22,28,quantile,0.75,0.014351755684960181
2025-11-15,wk inc flu prop ed visits,2,2025-11-29,28,quantile,0.75,0.039095580672119386
2025-11-15,wk inc flu prop ed visits,3,2025-12-06,28,quantile,0.75,0.059342336062050555
2025-11-15,wk inc flu prop ed visits,0,2025-11-15,28,quantile,0.8,0.00489762375635807
2025-11-15,wk inc flu prop ed visits,1,2025-11-22,28,quantile,0.8,0.01829766157733885
2025-11-15,wk inc flu prop ed visits,2,2025-11-29,28,quantile,0.8,0.04592599955203005
2025-11-15,wk inc flu prop ed visits,3,2025-12-06,28,quantile,0.8,0.06823874515226913
2025-11-15,wk inc flu prop ed visits,0,2025-11-15,28,quantile,0.85,0.007191009794992546
2025-11-15,wk inc flu prop ed visits,1,2025-11-22,28,quantile,0.85,0.022468972827493418
2025-11-15,wk inc flu prop ed visits,2,2025-11-29,28,quantile,0.85,0.05301685645093031
2025-11-15,wk inc flu prop ed visits,3,2025-12-06,28,quantile,0.85,0.07799650842528139
2025-11-15,wk inc flu prop ed visits,0,2025-11-15,28,quantile,0.9,0.009075330602976238
2025-11-15,wk inc flu prop ed visits,1,2025-11-22,28,quantile,0.9,0.02500129172415124
2025-11-15,wk inc flu prop ed visits,2,2025-11-29,28,quantile,0.9,0.0572192808396684
2025-11-15,wk inc flu prop ed visits,3,2025-12-06,28,quantile,0.9,0.08419646958193129
2025-11-15,wk inc flu prop ed visits,0,2025-11-15,28,quantile,0.95,0.011364059842657722
2025-11-15,wk inc flu prop ed visits,1,2025-11-22,28,quantile,0.95,0.027898266040569705
2025-11-15,wk inc flu prop ed visits,2,2025-11-29,28,quantile,0.95,0.06324618227593908
2025-11-15,wk inc flu prop ed visits,3,2025-12-06,28,quantile,0.95,0.09228524635270244
2025-11-15,wk inc flu prop ed visits,0,2025-11-15,28,quantile,0.975,0.02214198538900404
2025-11-15,wk inc flu prop ed visits,1,2025-11-22,28,quantile,0.975,0.04377343127420971
2025-11-15,wk inc flu prop ed visits,2,2025-11-29,28,quantile,0.975,0.08417761025815437
2025-11-15,wk inc flu prop ed visits,3,2025-12-06,28,quantile,0.975,0.11730615814879139
2025-11-15,wk inc flu prop ed visits,0,2025-11-15,28,quantile,0.99,0.04166963437374699
2025-11-15,wk inc flu prop ed visits,1,2025-11-22,28,quantile,0.99,0.07766085838068151
2025-11-15,wk inc flu prop ed visits,2,2025-11-29,28,quantile,0.99,0.13504195863224808
2025-11-15,wk inc flu prop ed visits,3,2025-12-06,28,quantile,0.99,0.17909959777926238
2025-11-15,wk inc flu hosp,0,2025-11-15,28,quantile,0.01,1
2025-11-15,wk inc flu hosp,1,2025-11-22,28,quantile,0.01,0
2025-11-15,wk inc flu hosp,2,2025-11-29,28,quantile,0.01,0
2025-11-15,wk inc flu hosp,3,2025-12-06,28,quantile,0.01,0
2025-11-15,wk inc flu hosp,0,2025-11-15,28,quantile,0.025,1
2025-11-15,wk inc flu hosp,1,2025-11-22,28,quantile,0.025,0
2025-11-15,wk inc flu hosp,2,2025-11-29,28,quantile,0.025,0
2025-11-15,wk inc flu hosp,3,2025-12-06,28,quantile,0.025,0
2025-11-15,wk inc flu hosp,0,2025-11-15,28,quantile,0.05,1
2025-11-15,wk inc flu hosp,1,2025-11-22,28,quantile,0.05,0
2025-11-15,wk inc flu hosp,2,2025-11-29,28,quantile,0.05,0
2025-11-15,wk inc flu hosp,3,2025-12-06,28,quantile,0.05,0
2025-11-15,wk inc flu hosp,0,2025-11-15,28,quantile,0.1,1
2025-11-15,wk inc flu hosp,1,2025-11-22,28,quantile,0.1,0
2025-11-15,wk inc flu hosp,2,2025-11-29,28,quantile,0.1,0
2025-11-15,wk inc flu hosp,3,2025-12-06,28,quantile,0.1,0
2025-11-15,wk inc flu hosp,0,2025-11-15,28,quantile,0.15,1
2025-11-15,wk inc flu hosp,1,2025-11-22,28,quantile,0.15,0
2025-11-15,wk inc flu hosp,2,2025-11-29,28,quantile,0.15,0
2025-11-15,wk inc flu hosp,3,2025-12-06,28,quantile,0.15,0
2025-11-15,wk inc flu hosp,0,2025-11-15,28,quantile,0.2,2
2025-11-15,wk inc flu hosp,1,2025-11-22,28,quantile,0.2,0
2025-11-15,wk inc flu hosp,2,2025-11-29,28,quantile,0.2,9
2025-11-15,wk inc flu hosp,3,2025-12-06,28,quantile,0.2,0
2025-11-15,wk inc flu hosp,0,2025-11-15,28,quantile,0.25,8
2025-11-15,wk inc flu hosp,1,2025-11-22,28,quantile,0.25,2
2025-11-15,wk inc flu hosp,2,2025-11-29,28,quantile,0.25,36
2025-11-15,wk inc flu hosp,3,2025-12-06,28,quantile,0.25,24
2025-11-15,wk inc flu hosp,0,2025-11-15,28,quantile,0.3,9
2025-11-15,wk inc flu hosp,1,2025-11-22,28,quantile,0.3,6
2025-11-15,wk inc flu hosp,2,2025-11-29,28,quantile,0.3,47
2025-11-15,wk inc flu hosp,3,2025-12-06,28,quantile,0.3,43
2025-11-15,wk inc flu hosp,0,2025-11-15,28,quantile,0.35,9
2025-11-15,wk inc flu hosp,1,2025-11-22,28,quantile,0.35,12
2025-11-15,wk inc flu hosp,2,2025-11-29,28,quantile,0.35,62
2025-11-15,wk inc flu hosp,3,2025-12-06,28,quantile,0.35,71
2025-11-15,wk inc flu hosp,0,2025-11-15,28,quantile,0.4,9
2025-11-15,wk inc flu hosp,1,2025-11-22,28,quantile,0.4,23
2025-11-15,wk inc flu hosp,2,2025-11-29,28,quantile,0.4,96
2025-11-15,wk inc flu hosp,3,2025-12-06,28,quantile,0.4,110
2025-11-15,wk inc flu hosp,0,2025-11-15,28,quantile,0.45,10
2025-11-15,wk inc flu hosp,1,2025-11-22,28,quantile,0.45,26
2025-11-15,wk inc flu hosp,2,2025-11-29,28,quantile,0.45,113
2025-11-15,wk inc flu hosp,3,2025-12-06,28,quantile,0.45,135
2025-11-15,wk inc flu hosp,0,2025-11-15,28,quantile,0.5,10
2025-11-15,wk inc flu hosp,1,2025-11-22,28,quantile,0.5,28
2025-11-15,wk inc flu hosp,2,2025-11-29,28,quantile,0.5,124
2025-11-15,wk inc flu hosp,3,2025-12-06,28,quantile,0.5,150
2025-11-15,wk inc flu hosp,0,2025-11-15,28,quantile,0.55,11
2025-11-15,wk inc flu hosp,1,2025-11-22,28,quantile,0.55,30
2025-11-15,wk inc flu hosp,2,2025-11-29,28,quantile,0.55,126
2025-11-15,wk inc flu hosp,3,2025-12-06,28,quantile,0.55,159
2025-11-15,wk inc flu hosp,0,2025-11-15,28,quantile,0.6,14
2025-11-15,wk inc flu hosp,1,2025-11-22,28,quantile,0.6,34
2025-11-15,wk inc flu hosp,2,2025-11-29,28,quantile,0.6,133
2025-11-15,wk inc flu hosp,3,2025-12-06,28,quantile,0.6,168
2025-11-15,wk inc flu hosp,0,2025-11-15,28,quantile,0.65,25
2025-11-15,wk inc flu hosp,1,2025-11-22,28,quantile,0.65,47
2025-11-15,wk inc flu hosp,2,2025-11-29,28,quantile,0.65,148
2025-11-15,wk inc flu hosp,3,2025-12-06,28,quantile,0.65,189
2025-11-15,wk inc flu hosp,0,2025-11-15,28,quantile,0.7,29
2025-11-15,wk inc flu hosp,1,2025-11-22,28,quantile,0.7,52
2025-11-15,wk inc flu hosp,2,2025-11-29,28,quantile,0.7,157
2025-11-15,wk inc flu hosp,3,2025-12-06,28,quantile,0.7,204
2025-11-15,wk inc flu hosp,0,2025-11-15,28,quantile,0.75,34
2025-11-15,wk inc flu hosp,1,2025-11-22,28,quantile,0.75,60
2025-11-15,wk inc flu hosp,2,2025-11-29,28,quantile,0.75,167
2025-11-15,wk inc flu hosp,3,2025-12-06,28,quantile,0.75,224
2025-11-15,wk inc flu hosp,0,2025-11-15,28,quantile,0.8,39
2025-11-15,wk inc flu hosp,1,2025-11-22,28,quantile,0.8,68
2025-11-15,wk inc flu hosp,2,2025-11-29,28,quantile,0.8,178
2025-11-15,wk inc flu hosp,3,2025-12-06,28,quantile,0.8,250
2025-11-15,wk inc flu hosp,0,2025-11-15,28,quantile,0.85,44
2025-11-15,wk inc flu hosp,1,2025-11-22,28,quantile,0.85,76
2025-11-15,wk inc flu hosp,2,2025-11-29,28,quantile,0.85,189
2025-11-15,wk inc flu hosp,3,2025-12-06,28,quantile,0.85,267
2025-11-15,wk inc flu hosp,0,2025-11-15,28,quantile,0.9,47
2025-11-15,wk inc flu hosp,1,2025-11-22,28,quantile,0.9,80
2025-11-15,wk inc flu hosp,2,2025-11-29,28,quantile,0.9,195
2025-11-15,wk inc flu hosp,3,2025-12-06,28,quantile,0.9,285
2025-11-15,wk inc flu hosp,0,2025-11-15,28,quantile,0.95,54
2025-11-15,wk inc flu hosp,1,2025-11-22,28,quantile,0.95,91
2025-11-15,wk inc flu hosp,2,2025-11-29,28,quantile,0.95,208
2025-11-15,wk inc flu hosp,3,2025-12-06,28,quantile,0.95,328
2025-11-15,wk inc flu hosp,0,2025-11-15,28,quantile,0.975,57
2025-11-15,wk inc flu hosp,1,2025-11-22,28,quantile,0.975,107
2025-11-15,wk inc flu hosp,2,2025-11-29,28,quantile,0.975,227
2025-11-15,wk inc flu hosp,3,2025-12-06,28,quantile,0.975,350
2025-11-15,wk inc flu hosp,0,2025-11-15,28,quantile,0.99,101
2025-11-15,wk inc flu hosp,1,2025-11-22,28,quantile,0.99,175
2025-11-15,wk inc flu hosp,2,2025-11-29,28,quantile,0.99,307
2025-11-15,wk inc flu hosp,3,2025-12-06,28,quantile,0.99,434
2025-11-15,wk inc flu prop ed visits,0,2025-11-15,33,quantile,0.01,0
2025-11-15,wk inc flu prop ed visits,1,2025-11-22,33,quantile,0.01,0
2025-11-15,wk inc flu prop ed visits,2,2025-11-29,33,quantile,0.01,0
2025-11-15,wk inc flu prop ed visits,3,2025-12-06,33,quantile,0.01,0
2025-11-15,wk inc flu prop ed visits,0,2025-11-15,33,quantile,0.025,0
2025-11-15,wk inc flu prop ed visits,1,2025-11-22,33,quantile,0.025,0
2025-11-15,wk inc flu prop ed visits,2,2025-11-29,33,quantile,0.025,0
2025-11-15,wk inc flu prop ed visits,3,2025-12-06,33,quantile,0.025,0
2025-11-15,wk inc flu prop ed visits,0,2025-11-15,33,quantile,0.05,0
2025-11-15,wk inc flu prop ed visits,1,2025-11-22,33,quantile,0.05,0
2025-11-15,wk inc flu prop ed visits,2,2025-11-29,33,quantile,0.05,0
2025-11-15,wk inc flu prop ed visits,3,2025-12-06,33,quantile,0.05,0
2025-11-15,wk inc flu prop ed visits,0,2025-11-15,33,quantile,0.1,0
2025-11-15,wk inc flu prop ed visits,1,2025-11-22,33,quantile,0.1,0
2025-11-15,wk inc flu prop ed visits,2,2025-11-29,33,quantile,0.1,0
2025-11-15,wk inc flu prop ed visits,3,2025-12-06,33,quantile,0.1,0
2025-11-15,wk inc flu prop ed visits,0,2025-11-15,33,quantile,0.15,0
2025-11-15,wk inc flu prop ed visits,1,2025-11-22,33,quantile,0.15,0
2025-11-15,wk inc flu prop ed visits,2,2025-11-29,33,quantile,0.15,0
2025-11-15,wk inc flu prop ed visits,3,2025-12-06,33,quantile,0.15,0
2025-11-15,wk inc flu prop ed visits,0,2025-11-15,33,quantile,0.2,0
2025-11-15,wk inc flu prop ed visits,1,2025-11-22,33,quantile,0.2,0
2025-11-15,wk inc flu prop ed visits,2,2025-11-29,33,quantile,0.2,0
2025-11-15,wk inc flu prop ed visits,3,2025-12-06,33,quantile,0.2,0
2025-11-15,wk inc flu prop ed visits,0,2025-11-15,33,quantile,0.25,0
2025-11-15,wk inc flu prop ed visits,1,2025-11-22,33,quantile,0.25,0
2025-11-15,wk inc flu prop ed visits,2,2025-11-29,33,quantile,0.25,0
2025-11-15,wk inc flu prop ed visits,3,2025-12-06,33,quantile,0.25,0
2025-11-15,wk inc flu prop ed visits,0,2025-11-15,33,quantile,0.3,0
2025-11-15,wk inc flu prop ed visits,1,2025-11-22,33,quantile,0.3,0
2025-11-15,wk inc flu prop ed visits,2,2025-11-29,33,quantile,0.3,0
2025-11-15,wk inc flu prop ed visits,3,2025-12-06,33,quantile,0.3,0
2025-11-15,wk inc flu prop ed visits,0,2025-11-15,33,quantile,0.35,3.544032982315985e-4
2025-11-15,wk inc flu prop ed visits,1,2025-11-22,33,quantile,0.35,0
2025-11-15,wk inc flu prop ed visits,2,2025-11-29,33,quantile,0.35,0
2025-11-15,wk inc flu prop ed visits,3,2025-12-06,33,quantile,0.35,0
2025-11-15,wk inc flu prop ed visits,0,2025-11-15,33,quantile,0.4,0.0015303200596553453
2025-11-15,wk inc flu prop ed visits,1,2025-11-22,33,quantile,0.4,0
2025-11-15,wk inc flu prop ed visits,2,2025-11-29,33,quantile,0.4,0
2025-11-15,wk inc flu prop ed visits,3,2025-12-06,33,quantile,0.4,0
2025-11-15,wk inc flu prop ed visits,0,2025-11-15,33,quantile,0.45,0.002951134611900583
2025-11-15,wk inc flu prop ed visits,1,2025-11-22,33,quantile,0.45,0
2025-11-15,wk inc flu prop ed visits,2,2025-11-29,33,quantile,0.45,0
2025-11-15,wk inc flu prop ed visits,3,2025-12-06,33,quantile,0.45,0.002390224965821533
2025-11-15,wk inc flu prop ed visits,0,2025-11-15,33,quantile,0.5,0.0038207973231671128
2025-11-15,wk inc flu prop ed visits,1,2025-11-22,33,quantile,0.5,2.3273082401144046e-5
2025-11-15,wk inc flu prop ed visits,2,2025-11-29,33,quantile,0.5,0.0012079628438446985
2025-11-15,wk inc flu prop ed visits,3,2025-12-06,33,quantile,0.5,0.005982743341763691
2025-11-15,wk inc flu prop ed visits,0,2025-11-15,33,quantile,0.55,0.004629395636929754
2025-11-15,wk inc flu prop ed visits,1,2025-11-22,33,quantile,0.55,0.0016982229225119424
2025-11-15,wk inc flu prop ed visits,2,2025-11-29,33,quantile,0.55,0.003621812057550356
2025-11-15,wk inc flu prop ed visits,3,2025-12-06,33,quantile,0.55,0.009460667109532694
2025-11-15,wk inc flu prop ed visits,0,2025-11-15,33,quantile,0.6,0.005036252791059869
2025-11-15,wk inc flu prop ed visits,1,2025-11-22,33,quantile,0.6,0.002806823551809647
2025-11-15,wk inc flu prop ed visits,2,2025-11-29,33,quantile,0.6,0.005533605385524361
2025-11-15,wk inc flu prop ed visits,3,2025-12-06,33,quantile,0.6,0.01244720295169595
2025-11-15,wk inc flu prop ed visits,0,2025-11-15,33,quantile,0.65,0.005664838085993482
2025-11-15,wk inc flu prop ed visits,1,2025-11-22,33,quantile,0.65,0.0038297728389810565
2025-11-15,wk inc flu prop ed visits,2,2025-11-29,33,quantile,0.65,0.00789636497736537
2025-11-15,wk inc flu prop ed visits,3,2025-12-06,33,quantile,0.65,0.015309432032541185
2025-11-15,wk inc flu prop ed visits,0,2025-11-15,33,quantile,0.7,0.006258765208356123
2025-11-15,wk inc flu prop ed visits,1,2025-11-22,33,quantile,0.7,0.004739254215687013
2025-11-15,wk inc flu prop ed visits,2,2025-11-29,33,quantile,0.7,0.009513568537475389
2025-11-15,wk inc flu prop ed visits,3,2025-12-06,33,quantile,0.7,0.017286259527718086
2025-11-15,wk inc flu prop ed visits,0,2025-11-15,33,quantile,0.75,0.006889962656222106
2025-11-15,wk inc flu prop ed visits,1,2025-11-22,33,quantile,0.75,0.005765977619360062
2025-11-15,wk inc flu prop ed visits,2,2025-11-29,33,quantile,0.75,0.012173159157654047
2025-11-15,wk inc flu prop ed visits,3,2025-12-06,33,quantile,0.75,0.02108589370851077
2025-11-15,wk inc flu prop ed visits,0,2025-11-15,33,quantile,0.8,0.007266444504891663
2025-11-15,wk inc flu prop ed visits,1,2025-11-22,33,quantile,0.8,0.006693025972130468
2025-11-15,wk inc flu prop ed visits,2,2025-11-29,33,quantile,0.8,0.013750332087522396
2025-11-15,wk inc flu prop ed visits,3,2025-12-06,33,quantile,0.8,0.023093129084388726
2025-11-15,wk inc flu prop ed visits,0,2025-11-15,33,quantile,0.85,0.01072345498332539
2025-11-15,wk inc flu prop ed visits,1,2025-11-22,33,quantile,0.85,0.010405440810726918
2025-11-15,wk inc flu prop ed visits,2,2025-11-29,33,quantile,0.85,0.02126225023585014
2025-11-15,wk inc flu prop ed visits,3,2025-12-06,33,quantile,0.85,0.03097321428392483
2025-11-15,wk inc flu prop ed visits,0,2025-11-15,33,quantile,0.9,0.01612913162041399
2025-11-15,wk inc flu prop ed visits,1,2025-11-22,33,quantile,0.9,0.016200523050282262
2025-11-15,wk inc flu prop ed visits,2,2025-11-29,33,quantile,0.9,0.030404006391597963
2025-11-15,wk inc flu prop ed visits,3,2025-12-06,33,quantile,0.9,0.0405381126742795
2025-11-15,wk inc flu prop ed visits,0,2025-11-15,33,quantile,0.95,0.019062017589802777
2025-11-15,wk inc flu prop ed visits,1,2025-11-22,33,quantile,0.95,0.022135221704992623
2025-11-15,wk inc flu prop ed visits,2,2025-11-29,33,quantile,0.95,0.0370680108009605
2025-11-15,wk inc flu prop ed visits,3,2025-12-06,33,quantile,0.95,0.04816719556872824
2025-11-15,wk inc flu prop ed visits,0,2025-11-15,33,quantile,0.975,0.02177705228028651
2025-11-15,wk inc flu prop ed visits,1,2025-11-22,33,quantile,0.975,0.03230777214477421
2025-11-15,wk inc flu prop ed visits,2,2025-11-29,33,quantile,0.975,0.0579844255737429
2025-11-15,wk inc flu prop ed visits,3,2025-12-06,33,quantile,0.975,0.07414094219080145
2025-11-15,wk inc flu prop ed visits,0,2025-11-15,33,quantile,0.99,0.02177705228028651
2025-11-15,wk inc flu prop ed visits,1,2025-11-22,33,quantile,0.99,0.03230777214477421
2025-11-15,wk inc flu prop ed visits,2,2025-11-29,33,quantile,0.99,0.0579844255737429
2025-11-15,wk inc flu prop ed visits,3,2025-12-06,33,quantile,0.99,0.08636452089635943
2025-11-15,wk inc flu hosp,0,2025-11-15,33,quantile,0.01,0
2025-11-15,wk inc flu hosp,1,2025-11-22,33,quantile,0.01,0
2025-11-15,wk inc flu hosp,2,2025-11-29,33,quantile,0.01,0
2025-11-15,wk inc flu hosp,3,2025-12-06,33,quantile,0.01,0
2025-11-15,wk inc flu hosp,0,2025-11-15,33,quantile,0.025,0
2025-11-15,wk inc flu hosp,1,2025-11-22,33,quantile,0.025,0
2025-11-15,wk inc flu hosp,2,2025-11-29,33,quantile,0.025,0
2025-11-15,wk inc flu hosp,3,2025-12-06,33,quantile,0.025,0
2025-11-15,wk inc flu hosp,0,2025-11-15,33,quantile,0.05,0
2025-11-15,wk inc flu hosp,1,2025-11-22,33,quantile,0.05,0
2025-11-15,wk inc flu hosp,2,2025-11-29,33,quantile,0.05,0
2025-11-15,wk inc flu hosp,3,2025-12-06,33,quantile,0.05,0
2025-11-15,wk inc flu hosp,0,2025-11-15,33,quantile,0.1,0
2025-11-15,wk inc flu hosp,1,2025-11-22,33,quantile,0.1,0
2025-11-15,wk inc flu hosp,2,2025-11-29,33,quantile,0.1,0
2025-11-15,wk inc flu hosp,3,2025-12-06,33,quantile,0.1,0
2025-11-15,wk inc flu hosp,0,2025-11-15,33,quantile,0.15,0
2025-11-15,wk inc flu hosp,1,2025-11-22,33,quantile,0.15,0
2025-11-15,wk inc flu hosp,2,2025-11-29,33,quantile,0.15,0
2025-11-15,wk inc flu hosp,3,2025-12-06,33,quantile,0.15,0
2025-11-15,wk inc flu hosp,0,2025-11-15,33,quantile,0.2,0
2025-11-15,wk inc flu hosp,1,2025-11-22,33,quantile,0.2,0
2025-11-15,wk inc flu hosp,2,2025-11-29,33,quantile,0.2,0
2025-11-15,wk inc flu hosp,3,2025-12-06,33,quantile,0.2,0
2025-11-15,wk inc flu hosp,0,2025-11-15,33,quantile,0.25,0
2025-11-15,wk inc flu hosp,1,2025-11-22,33,quantile,0.25,0
2025-11-15,wk inc flu hosp,2,2025-11-29,33,quantile,0.25,0
2025-11-15,wk inc flu hosp,3,2025-12-06,33,quantile,0.25,0
2025-11-15,wk inc flu hosp,0,2025-11-15,33,quantile,0.3,2
2025-11-15,wk inc flu hosp,1,2025-11-22,33,quantile,0.3,0
2025-11-15,wk inc flu hosp,2,2025-11-29,33,quantile,0.3,0
2025-11-15,wk inc flu hosp,3,2025-12-06,33,quantile,0.3,6
2025-11-15,wk inc flu hosp,0,2025-11-15,33,quantile,0.35,3
2025-11-15,wk inc flu hosp,1,2025-11-22,33,quantile,0.35,2
2025-11-15,wk inc flu hosp,2,2025-11-29,33,quantile,0.35,4
2025-11-15,wk inc flu hosp,3,2025-12-06,33,quantile,0.35,12
2025-11-15,wk inc flu hosp,0,2025-11-15,33,quantile,0.4,4
2025-11-15,wk inc flu hosp,1,2025-11-22,33,quantile,0.4,3
2025-11-15,wk inc flu hosp,2,2025-11-29,33,quantile,0.4,6
2025-11-15,wk inc flu hosp,3,2025-12-06,33,quantile,0.4,16
2025-11-15,wk inc flu hosp,0,2025-11-15,33,quantile,0.45,5
2025-11-15,wk inc flu hosp,1,2025-11-22,33,quantile,0.45,5
2025-11-15,wk inc flu hosp,2,2025-11-29,33,quantile,0.45,9
2025-11-15,wk inc flu hosp,3,2025-12-06,33,quantile,0.45,21
2025-11-15,wk inc flu hosp,0,2025-11-15,33,quantile,0.5,6
2025-11-15,wk inc flu hosp,1,2025-11-22,33,quantile,0.5,6
2025-11-15,wk inc flu hosp,2,2025-11-29,33,quantile,0.5,11
2025-11-15,wk inc flu hosp,3,2025-12-06,33,quantile,0.5,23
2025-11-15,wk inc flu hosp,0,2025-11-15,33,quantile,0.55,7
2025-11-15,wk inc flu hosp,1,2025-11-22,33,quantile,0.55,8
2025-11-15,wk inc flu hosp,2,2025-11-29,33,quantile,0.55,14
2025-11-15,wk inc flu hosp,3,2025-12-06,33,quantile,0.55,27
2025-11-15,wk inc flu hosp,0,2025-11-15,33,quantile,0.6,8
2025-11-15,wk inc flu hosp,1,2025-11-22,33,quantile,0.6,9
2025-11-15,wk inc flu hosp,2,2025-11-29,33,quantile,0.6,16
2025-11-15,wk inc flu hosp,3,2025-12-06,33,quantile,0.6,30
2025-11-15,wk inc flu hosp,0,2025-11-15,33,quantile,0.65,9
2025-11-15,wk inc flu hosp,1,2025-11-22,33,quantile,0.65,10
2025-11-15,wk inc flu hosp,2,2025-11-29,33,quantile,0.65,18
2025-11-15,wk inc flu hosp,3,2025-12-06,33,quantile,0.65,33
2025-11-15,wk inc flu hosp,0,2025-11-15,33,quantile,0.7,10
2025-11-15,wk inc flu hosp,1,2025-11-22,33,quantile,0.7,12
2025-11-15,wk inc flu hosp,2,2025-11-29,33,quantile,0.7,22
2025-11-15,wk inc flu hosp,3,2025-12-06,33,quantile,0.7,37
2025-11-15,wk inc flu hosp,0,2025-11-15,33,quantile,0.75,12
2025-11-15,wk inc flu hosp,1,2025-11-22,33,quantile,0.75,15
2025-11-15,wk inc flu hosp,2,2025-11-29,33,quantile,0.75,26
2025-11-15,wk inc flu hosp,3,2025-12-06,33,quantile,0.75,42
2025-11-15,wk inc flu hosp,0,2025-11-15,33,quantile,0.8,16
2025-11-15,wk inc flu hosp,1,2025-11-22,33,quantile,0.8,20
2025-11-15,wk inc flu hosp,2,2025-11-29,33,quantile,0.8,33
2025-11-15,wk inc flu hosp,3,2025-12-06,33,quantile,0.8,50
2025-11-15,wk inc flu hosp,0,2025-11-15,33,quantile,0.85,21
2025-11-15,wk inc flu hosp,1,2025-11-22,33,quantile,0.85,26
2025-11-15,wk inc flu hosp,2,2025-11-29,33,quantile,0.85,41
2025-11-15,wk inc flu hosp,3,2025-12-06,33,quantile,0.85,58
2025-11-15,wk inc flu hosp,0,2025-11-15,33,quantile,0.9,22
2025-11-15,wk inc flu hosp,1,2025-11-22,33,quantile,0.9,30
2025-11-15,wk inc flu hosp,2,2025-11-29,33,quantile,0.9,46
2025-11-15,wk inc flu hosp,3,2025-12-06,33,quantile,0.9,66
2025-11-15,wk inc flu hosp,0,2025-11-15,33,quantile,0.95,26
2025-11-15,wk inc flu hosp,1,2025-11-22,33,quantile,0.95,41
2025-11-15,wk inc flu hosp,2,2025-11-29,33,quantile,0.95,63
2025-11-15,wk inc flu hosp,3,2025-12-06,33,quantile,0.95,84
2025-11-15,wk inc flu hosp,0,2025-11-15,33,quantile,0.975,35
2025-11-15,wk inc flu hosp,1,2025-11-22,33,quantile,0.975,60
2025-11-15,wk inc flu hosp,2,2025-11-29,33,quantile,0.975,91
2025-11-15,wk inc flu hosp,3,2025-12-06,33,quantile,0.975,123
2025-11-15,wk inc flu hosp,0,2025-11-15,33,quantile,0.99,39
2025-11-15,wk inc flu hosp,1,2025-11-22,33,quantile,0.99,69
2025-11-15,wk inc flu hosp,2,2025-11-29,33,quantile,0.99,116
2025-11-15,wk inc flu hosp,3,2025-12-06,33,quantile,0.99,177
2025-11-15,wk inc flu prop ed visits,0,2025-11-15,35,quantile,0.01,0
2025-11-15,wk inc flu prop ed visits,1,2025-11-22,35,quantile,0.01,0
2025-11-15,wk inc flu prop ed visits,2,2025-11-29,35,quantile,0.01,0
2025-11-15,wk inc flu prop ed visits,3,2025-12-06,35,quantile,0.01,0
2025-11-15,wk inc flu prop ed visits,0,2025-11-15,35,quantile,0.025,0
2025-11-15,wk inc flu prop ed visits,1,2025-11-22,35,quantile,0.025,0
2025-11-15,wk inc flu prop ed visits,2,2025-11-29,35,quantile,0.025,0
2025-11-15,wk inc flu prop ed visits,3,2025-12-06,35,quantile,0.025,0
2025-11-15,wk inc flu prop ed visits,0,2025-11-15,35,quantile,0.05,0
2025-11-15,wk inc flu prop ed visits,1,2025-11-22,35,quantile,0.05,0
2025-11-15,wk inc flu prop ed visits,2,2025-11-29,35,quantile,0.05,0
2025-11-15,wk inc flu prop ed visits,3,2025-12-06,35,quantile,0.05,0
2025-11-15,wk inc flu prop ed visits,0,2025-11-15,35,quantile,0.1,0
2025-11-15,wk inc flu prop ed visits,1,2025-11-22,35,quantile,0.1,0
2025-11-15,wk inc flu prop ed visits,2,2025-11-29,35,quantile,0.1,0
2025-11-15,wk inc flu prop ed visits,3,2025-12-06,35,quantile,0.1,0
2025-11-15,wk inc flu prop ed visits,0,2025-11-15,35,quantile,0.15,0
2025-11-15,wk inc flu prop ed visits,1,2025-11-22,35,quantile,0.15,0
2025-11-15,wk inc flu prop ed visits,2,2025-11-29,35,quantile,0.15,0
2025-11-15,wk inc flu prop ed visits,3,2025-12-06,35,quantile,0.15,0
2025-11-15,wk inc flu prop ed visits,0,2025-11-15,35,quantile,0.2,0
2025-11-15,wk inc flu prop ed visits,1,2025-11-22,35,quantile,0.2,0
2025-11-15,wk inc flu prop ed visits,2,2025-11-29,35,quantile,0.2,0
2025-11-15,wk inc flu prop ed visits,3,2025-12-06,35,quantile,0.2,0.0037072953097086626
2025-11-15,wk inc flu prop ed visits,0,2025-11-15,35,quantile,0.25,0
2025-11-15,wk inc flu prop ed visits,1,2025-11-22,35,quantile,0.25,0
2025-11-15,wk inc flu prop ed visits,2,2025-11-29,35,quantile,0.25,0
2025-11-15,wk inc flu prop ed visits,3,2025-12-06,35,quantile,0.25,0.008803707125432372
2025-11-15,wk inc flu prop ed visits,0,2025-11-15,35,quantile,0.3,4.982872499958064e-4
2025-11-15,wk inc flu prop ed visits,1,2025-11-22,35,quantile,0.3,0
2025-11-15,wk inc flu prop ed visits,2,2025-11-29,35,quantile,0.3,0.007004605624293933
2025-11-15,wk inc flu prop ed visits,3,2025-12-06,35,quantile,0.3,0.01819624899698002
2025-11-15,wk inc flu prop ed visits,0,2025-11-15,35,quantile,0.35,0.003324020897319399
2025-11-15,wk inc flu prop ed visits,1,2025-11-22,35,quantile,0.35,0.0030053234727052632
2025-11-15,wk inc flu prop ed visits,2,2025-11-29,35,quantile,0.35,0.013024315954467597
2025-11-15,wk inc flu prop ed visits,3,2025-12-06,35,quantile,0.35,0.02560536412948314
2025-11-15,wk inc flu prop ed visits,0,2025-11-15,35,quantile,0.4,0.005965517992866852
2025-11-15,wk inc flu prop ed visits,1,2025-11-22,35,quantile,0.4,0.007464753129918205
2025-11-15,wk inc flu prop ed visits,2,2025-11-29,35,quantile,0.4,0.019165628574175815
2025-11-15,wk inc flu prop ed visits,3,2025-12-06,35,quantile,0.4,0.03409041301577363
2025-11-15,wk inc flu prop ed visits,0,2025-11-15,35,quantile,0.45,0.007826723483663808
2025-11-15,wk inc flu prop ed visits,1,2025-11-22,35,quantile,0.45,0.011073993335066295
2025-11-15,wk inc flu prop ed visits,2,2025-11-29,35,quantile,0.45,0.023858578044267754
2025-11-15,wk inc flu prop ed visits,3,2025-12-06,35,quantile,0.45,0.040178272476162895
2025-11-15,wk inc flu prop ed visits,0,2025-11-15,35,quantile,0.5,0.00990333256061433
2025-11-15,wk inc flu prop ed visits,1,2025-11-22,35,quantile,0.5,0.01444161420478823
2025-11-15,wk inc flu prop ed visits,2,2025-11-29,35,quantile,0.5,0.02903931897868076
2025-11-15,wk inc flu prop ed visits,3,2025-12-06,35,quantile,0.5,0.05066191179783062
2025-11-15,wk inc flu prop ed visits,0,2025-11-15,35,quantile,0.55,0.01247709082285452
2025-11-15,wk inc flu prop ed visits,1,2025-11-22,35,quantile,0.55,0.018219505204065668
2025-11-15,wk inc flu prop ed visits,2,2025-11-29,35,quantile,0.55,0.03328544663260673
2025-11-15,wk inc flu prop ed visits,3,2025-12-06,35,quantile,0.55,0.05877024577097999
2025-11-15,wk inc flu prop ed visits,0,2025-11-15,35,quantile,0.6,0.014750725246132072
2025-11-15,wk inc flu prop ed visits,1,2025-11-22,35,quantile,0.6,0.022109286446605918
2025-11-15,wk inc flu prop ed visits,2,2025-11-29,35,quantile,0.6,0.038443525777731066
2025-11-15,wk inc flu prop ed visits,3,2025-12-06,35,quantile,0.6,0.06671269258623218
2025-11-15,wk inc flu prop ed visits,0,2025-11-15,35,quantile,0.65,0.01657853991956572
2025-11-15,wk inc flu prop ed visits,1,2025-11-22,35,quantile,0.65,0.026302944172754996
2025-11-15,wk inc flu prop ed visits,2,2025-11-29,35,quantile,0.65,0.04571521458680669
2025-11-15,wk inc flu prop ed visits,3,2025-12-06,35,quantile,0.65,0.07475430935440729
2025-11-15,wk inc flu prop ed visits,0,2025-11-15,35,quantile,0.7,0.020230930134761002
2025-11-15,wk inc flu prop ed visits,1,2025-11-22,35,quantile,0.7,0.03174440236116035
2025-11-15,wk inc flu prop ed visits,2,2025-11-29,35,quantile,0.7,0.052692113730946774
2025-11-15,wk inc flu prop ed visits,3,2025-12-06,35,quantile,0.7,0.08407852975018747
2025-11-15,wk inc flu prop ed visits,0,2025-11-15,35,quantile,0.75,0.02188754251847037
2025-11-15,wk inc flu prop ed visits,1,2025-11-22,35,quantile,0.75,0.03460033153882514
2025-11-15,wk inc flu prop ed visits,2,2025-11-29,35,quantile,0.75,0.05662841526239091
2025-11-15,wk inc flu prop ed visits,3,2025-12-06,35,quantile,0.75,0.08918127961363002
2025-11-15,wk inc flu prop ed visits,0,2025-11-15,35,quantile,0.8,0.023976826578489298
2025-11-15,wk inc flu prop ed visits,1,2025-11-22,35,quantile,0.8,0.039140805903977206
2025-11-15,wk inc flu prop ed visits,2,2025-11-29,35,quantile,0.8,0.061755429161594766
2025-11-15,wk inc flu prop ed visits,3,2025-12-06,35,quantile,0.8,0.09532051620147267
2025-11-15,wk inc flu prop ed visits,0,2025-11-15,35,quantile,0.85,0.02603089355581128
2025-11-15,wk inc flu prop ed visits,1,2025-11-22,35,quantile,0.85,0.04312292540647115
2025-11-15,wk inc flu prop ed visits,2,2025-11-29,35,quantile,0.85,0.06779702584213429
2025-11-15,wk inc flu prop ed visits,3,2025-12-06,35,quantile,0.85,0.10255877095340939
2025-11-15,wk inc flu prop ed visits,0,2025-11-15,35,quantile,0.9,0.027959669077394916
2025-11-15,wk inc flu prop ed visits,1,2025-11-22,35,quantile,0.9,0.04707120924901978
2025-11-15,wk inc flu prop ed visits,2,2025-11-29,35,quantile,0.9,0.07226007698643529
2025-11-15,wk inc flu prop ed visits,3,2025-12-06,35,quantile,0.9,0.10896229033299332
2025-11-15,wk inc flu prop ed visits,0,2025-11-15,35,quantile,0.95,0.03089803942777726
2025-11-15,wk inc flu prop ed visits,1,2025-11-22,35,quantile,0.95,0.05174875660367179
2025-11-15,wk inc flu prop ed visits,2,2025-11-29,35,quantile,0.95,0.07853803303622782
2025-11-15,wk inc flu prop ed visits,3,2025-12-06,35,quantile,0.95,0.12072193758777358
2025-11-15,wk inc flu prop ed visits,0,2025-11-15,35,quantile,0.975,0.03200131343567643
2025-11-15,wk inc flu prop ed visits,1,2025-11-22,35,quantile,0.975,0.05680342005840092
2025-11-15,wk inc flu prop ed visits,2,2025-11-29,35,quantile,0.975,0.08952001089248487
2025-11-15,wk inc flu prop ed visits,3,2025-12-06,35,quantile,0.975,0.13783687237444892
2025-11-15,wk inc flu prop ed visits,0,2025-11-15,35,quantile,0.99,0.03436023816350914
2025-11-15,wk inc flu prop ed visits,1,2025-11-22,35,quantile,0.99,0.063534161684295265
2025-11-15,wk inc flu prop ed visits,2,2025-11-29,35,quantile,0.99,0.10482064227754216
2025-11-15,wk inc flu prop ed visits,3,2025-12-06,35,quantile,0.99,0.1651051799468436
2025-11-15,wk inc flu hosp,0,2025-11-15,35,quantile,0.01,0
2025-11-15,wk inc flu hosp,1,2025-11-22,35,quantile,0.01,0
2025-11-15,wk inc flu hosp,2,2025-11-29,35,quantile,0.01,0
2025-11-15,wk inc flu hosp,3,2025-12-06,35,quantile,0.01,0
2025-11-15,wk inc flu hosp,0,2025-11-15,35,quantile,0.025,0
2025-11-15,wk inc flu hosp,1,2025-11-22,35,quantile,0.025,0
2025-11-15,wk inc flu hosp,2,2025-11-29,35,quantile,0.025,0
2025-11-15,wk inc flu hosp,3,2025-12-06,35,quantile,0.025,0
2025-11-15,wk inc flu hosp,0,2025-11-15,35,quantile,0.05,0
2025-11-15,wk inc flu hosp,1,2025-11-22,35,quantile,0.05,0
2025-11-15,wk inc flu hosp,2,2025-11-29,35,quantile,0.05,0
2025-11-15,wk inc flu hosp,3,2025-12-06,35,quantile,0.05,0
2025-11-15,wk inc flu hosp,0,2025-11-15,35,quantile,0.1,0
2025-11-15,wk inc flu hosp,1,2025-11-22,35,quantile,0.1,0
2025-11-15,wk inc flu hosp,2,2025-11-29,35,quantile,0.1,0
2025-11-15,wk inc flu hosp,3,2025-12-06,35,quantile,0.1,0
2025-11-15,wk inc flu hosp,0,2025-11-15,35,quantile,0.15,0
2025-11-15,wk inc flu hosp,1,2025-11-22,35,quantile,0.15,0
2025-11-15,wk inc flu hosp,2,2025-11-29,35,quantile,0.15,0
2025-11-15,wk inc flu hosp,3,2025-12-06,35,quantile,0.15,0
2025-11-15,wk inc flu hosp,0,2025-11-15,35,quantile,0.2,0
2025-11-15,wk inc flu hosp,1,2025-11-22,35,quantile,0.2,0
2025-11-15,wk inc flu hosp,2,2025-11-29,35,quantile,0.2,0
2025-11-15,wk inc flu hosp,3,2025-12-06,35,quantile,0.2,2
2025-11-15,wk inc flu hosp,0,2025-11-15,35,quantile,0.25,0
2025-11-15,wk inc flu hosp,1,2025-11-22,35,quantile,0.25,0
2025-11-15,wk inc flu hosp,2,2025-11-29,35,quantile,0.25,2
2025-11-15,wk inc flu hosp,3,2025-12-06,35,quantile,0.25,16
2025-11-15,wk inc flu hosp,0,2025-11-15,35,quantile,0.3,0
2025-11-15,wk inc flu hosp,1,2025-11-22,35,quantile,0.3,0
2025-11-15,wk inc flu hosp,2,2025-11-29,35,quantile,0.3,8
2025-11-15,wk inc flu hosp,3,2025-12-06,35,quantile,0.3,25
2025-11-15,wk inc flu hosp,0,2025-11-15,35,quantile,0.35,1
2025-11-15,wk inc flu hosp,1,2025-11-22,35,quantile,0.35,4
2025-11-15,wk inc flu hosp,2,2025-11-29,35,quantile,0.35,14
2025-11-15,wk inc flu hosp,3,2025-12-06,35,quantile,0.35,31
2025-11-15,wk inc flu hosp,0,2025-11-15,35,quantile,0.4,3
2025-11-15,wk inc flu hosp,1,2025-11-22,35,quantile,0.4,8
2025-11-15,wk inc flu hosp,2,2025-11-29,35,quantile,0.4,19
2025-11-15,wk inc flu hosp,3,2025-12-06,35,quantile,0.4,38
2025-11-15,wk inc flu hosp,0,2025-11-15,35,quantile,0.45,5
2025-11-15,wk inc flu hosp,1,2025-11-22,35,quantile,0.45,10
2025-11-15,wk inc flu hosp,2,2025-11-29,35,quantile,0.45,23
2025-11-15,wk inc flu hosp,3,2025-12-06,35,quantile,0.45,45
2025-11-15,wk inc flu hosp,0,2025-11-15,35,quantile,0.5,6
2025-11-15,wk inc flu hosp,1,2025-11-22,35,quantile,0.5,13
2025-11-15,wk inc flu hosp,2,2025-11-29,35,quantile,0.5,28
2025-11-15,wk inc flu hosp,3,2025-12-06,35,quantile,0.5,55
2025-11-15,wk inc flu hosp,0,2025-11-15,35,quantile,0.55,7
2025-11-15,wk inc flu hosp,1,2025-11-22,35,quantile,0.55,17
2025-11-15,wk inc flu hosp,2,2025-11-29,35,quantile,0.55,33
2025-11-15,wk inc flu hosp,3,2025-12-06,35,quantile,0.55,62
2025-11-15,wk inc flu hosp,0,2025-11-15,35,quantile,0.6,10
2025-11-15,wk inc flu hosp,1,2025-11-22,35,quantile,0.6,22
2025-11-15,wk inc flu hosp,2,2025-11-29,35,quantile,0.6,39
2025-11-15,wk inc flu hosp,3,2025-12-06,35,quantile,0.6,70
2025-11-15,wk inc flu hosp,0,2025-11-15,35,quantile,0.65,13
2025-11-15,wk inc flu hosp,1,2025-11-22,35,quantile,0.65,26
2025-11-15,wk inc flu hosp,2,2025-11-29,35,quantile,0.65,43
2025-11-15,wk inc flu hosp,3,2025-12-06,35,quantile,0.65,79
2025-11-15,wk inc flu hosp,0,2025-11-15,35,quantile,0.7,14
2025-11-15,wk inc flu hosp,1,2025-11-22,35,quantile,0.7,29
2025-11-15,wk inc flu hosp,2,2025-11-29,35,quantile,0.7,49
2025-11-15,wk inc flu hosp,3,2025-12-06,35,quantile,0.7,85
2025-11-15,wk inc flu hosp,0,2025-11-15,35,quantile,0.75,15
2025-11-15,wk inc flu hosp,1,2025-11-22,35,quantile,0.75,33
2025-11-15,wk inc flu hosp,2,2025-11-29,35,quantile,0.75,55
2025-11-15,wk inc flu hosp,3,2025-12-06,35,quantile,0.75,93
2025-11-15,wk inc flu hosp,0,2025-11-15,35,quantile,0.8,16
2025-11-15,wk inc flu hosp,1,2025-11-22,35,quantile,0.8,38
2025-11-15,wk inc flu hosp,2,2025-11-29,35,quantile,0.8,61
2025-11-15,wk inc flu hosp,3,2025-12-06,35,quantile,0.8,101
2025-11-15,wk inc flu hosp,0,2025-11-15,35,quantile,0.85,17
2025-11-15,wk inc flu hosp,1,2025-11-22,35,quantile,0.85,39
2025-11-15,wk inc flu hosp,2,2025-11-29,35,quantile,0.85,63
2025-11-15,wk inc flu hosp,3,2025-12-06,35,quantile,0.85,103
2025-11-15,wk inc flu hosp,0,2025-11-15,35,quantile,0.9,18
2025-11-15,wk inc flu hosp,1,2025-11-22,35,quantile,0.9,45
2025-11-15,wk inc flu hosp,2,2025-11-29,35,quantile,0.9,71
2025-11-15,wk inc flu hosp,3,2025-12-06,35,quantile,0.9,114
2025-11-15,wk inc flu hosp,0,2025-11-15,35,quantile,0.95,19
2025-11-15,wk inc flu hosp,1,2025-11-22,35,quantile,0.95,46
2025-11-15,wk inc flu hosp,2,2025-11-29,35,quantile,0.95,77
2025-11-15,wk inc flu hosp,3,2025-12-06,35,quantile,0.95,121
2025-11-15,wk inc flu hosp,0,2025-11-15,35,quantile,0.975,34
2025-11-15,wk inc flu hosp,1,2025-11-22,35,quantile,0.975,72
2025-11-15,wk inc flu hosp,2,2025-11-29,35,quantile,0.975,131
2025-11-15,wk inc flu hosp,3,2025-12-06,35,quantile,0.975,212
2025-11-15,wk inc flu hosp,0,2025-11-15,35,quantile,0.99,39
2025-11-15,wk inc flu hosp,1,2025-11-22,35,quantile,0.99,80
2025-11-15,wk inc flu hosp,2,2025-11-29,35,quantile,0.99,144
2025-11-15,wk inc flu hosp,3,2025-12-06,35,quantile,0.99,234
2025-11-15,wk inc flu prop ed visits,0,2025-11-15,36,quantile,0.01,0
2025-11-15,wk inc flu prop ed visits,1,2025-11-22,36,quantile,0.01,0
2025-11-15,wk inc flu prop ed visits,2,2025-11-29,36,quantile,0.01,0
2025-11-15,wk inc flu prop ed visits,3,2025-12-06,36,quantile,0.01,0
2025-11-15,wk inc flu prop ed visits,0,2025-11-15,36,quantile,0.025,0
2025-11-15,wk inc flu prop ed visits,1,2025-11-22,36,quantile,0.025,0
2025-11-15,wk inc flu prop ed visits,2,2025-11-29,36,quantile,0.025,0
2025-11-15,wk inc flu prop ed visits,3,2025-12-06,36,quantile,0.025,0
2025-11-15,wk inc flu prop ed visits,0,2025-11-15,36,quantile,0.05,0
2025-11-15,wk inc flu prop ed visits,1,2025-11-22,36,quantile,0.05,0
2025-11-15,wk inc flu prop ed visits,2,2025-11-29,36,quantile,0.05,0
2025-11-15,wk inc flu prop ed visits,3,2025-12-06,36,quantile,0.05,0
2025-11-15,wk inc flu prop ed visits,0,2025-11-15,36,quantile,0.1,0
2025-11-15,wk inc flu prop ed visits,1,2025-11-22,36,quantile,0.1,0
2025-11-15,wk inc flu prop ed visits,2,2025-11-29,36,quantile,0.1,0
2025-11-15,wk inc flu prop ed visits,3,2025-12-06,36,quantile,0.1,0
2025-11-15,wk inc flu prop ed visits,0,2025-11-15,36,quantile,0.15,0
2025-11-15,wk inc flu prop ed visits,1,2025-11-22,36,quantile,0.15,0
2025-11-15,wk inc flu prop ed visits,2,2025-11-29,36,quantile,0.15,0
2025-11-15,wk inc flu prop ed visits,3,2025-12-06,36,quantile,0.15,0
2025-11-15,wk inc flu prop ed visits,0,2025-11-15,36,quantile,0.2,0
2025-11-15,wk inc flu prop ed visits,1,2025-11-22,36,quantile,0.2,0
2025-11-15,wk inc flu prop ed visits,2,2025-11-29,36,quantile,0.2,0
2025-11-15,wk inc flu prop ed visits,3,2025-12-06,36,quantile,0.2,0
2025-11-15,wk inc flu prop ed visits,0,2025-11-15,36,quantile,0.25,0
2025-11-15,wk inc flu prop ed visits,1,2025-11-22,36,quantile,0.25,0
2025-11-15,wk inc flu prop ed visits,2,2025-11-29,36,quantile,0.25,0
2025-11-15,wk inc flu prop ed visits,3,2025-12-06,36,quantile,0.25,0
2025-11-15,wk inc flu prop ed visits,0,2025-11-15,36,quantile,0.3,0.00172229876755469
2025-11-15,wk inc flu prop ed visits,1,2025-11-22,36,quantile,0.3,0
2025-11-15,wk inc flu prop ed visits,2,2025-11-29,36,quantile,0.3,0
2025-11-15,wk inc flu prop ed visits,3,2025-12-06,36,quantile,0.3,0
2025-11-15,wk inc flu prop ed visits,0,2025-11-15,36,quantile,0.35,0.002775465804466842
2025-11-15,wk inc flu prop ed visits,1,2025-11-22,36,quantile,0.35,0
2025-11-15,wk inc flu prop ed visits,2,2025-11-29,36,quantile,0.35,0
2025-11-15,wk inc flu prop ed visits,3,2025-12-06,36,quantile,0.35,0
2025-11-15,wk inc flu prop ed visits,0,2025-11-15,36,quantile,0.4,0.004485702713085543
2025-11-15,wk inc flu prop ed visits,1,2025-11-22,36,quantile,0.4,0.001298179838835429
2025-11-15,wk inc flu prop ed visits,2,2025-11-29,36,quantile,0.4,2.699541017540468e-4
2025-11-15,wk inc flu prop ed visits,3,2025-12-06,36,quantile,0.4,0.00122507506552182
2025-11-15,wk inc flu prop ed visits,0,2025-11-15,36,quantile,0.45,0.005396644967646375
2025-11-15,wk inc flu prop ed visits,1,2025-11-22,36,quantile,0.45,0.0028206976861410832
2025-11-15,wk inc flu prop ed visits,2,2025-11-29,36,quantile,0.45,0.002960886286941385
2025-11-15,wk inc flu prop ed visits,3,2025-12-06,36,quantile,0.45,0.0048998001302889005
2025-11-15,wk inc flu prop ed visits,0,2025-11-15,36,quantile,0.5,0.0075572518751127506
2025-11-15,wk inc flu prop ed visits,1,2025-11-22,36,quantile,0.5,0.005092984475236647
2025-11-15,wk inc flu prop ed visits,2,2025-11-29,36,quantile,0.5,0.0062042123138525244
2025-11-15,wk inc flu prop ed visits,3,2025-12-06,36,quantile,0.5,0.008714061631723911
2025-11-15,wk inc flu prop ed visits,0,2025-11-15,36,quantile,0.55,0.010250983946347962
2025-11-15,wk inc flu prop ed visits,1,2025-11-22,36,quantile,0.55,0.008447359706627695
2025-11-15,wk inc flu prop ed visits,2,2025-11-29,36,quantile,0.55,0.010359759002497913
2025-11-15,wk inc flu prop ed visits,3,2025-12-06,36,quantile,0.55,0.01343987592066405
2025-11-15,wk inc flu prop ed visits,0,2025-11-15,36,quantile,0.6,0.010829972220735302
2025-11-15,wk inc flu prop ed visits,1,2025-11-22,36,quantile,0.6,0.009781851790209739
2025-11-15,wk inc flu prop ed visits,2,2025-11-29,36,quantile,0.6,0.01297961673927366
2025-11-15,wk inc flu prop ed visits,3,2025-12-06,36,quantile,0.6,0.016987669321929046
2025-11-15,wk inc flu prop ed visits,0,2025-11-15,36,quantile,0.65,0.01088606343185117
2025-11-15,wk inc flu prop ed visits,1,2025-11-22,36,quantile,0.65,0.011214662202513747
2025-11-15,wk inc flu prop ed visits,2,2025-11-29,36,quantile,0.65,0.015349589326671112
2025-11-15,wk inc flu prop ed visits,3,2025-12-06,36,quantile,0.65,0.020614823949273452
2025-11-15,wk inc flu prop ed visits,0,2025-11-15,36,quantile,0.7,0.010926248180113287
2025-11-15,wk inc flu prop ed visits,1,2025-11-22,36,quantile,0.7,0.011482099076207931
2025-11-15,wk inc flu prop ed visits,2,2025-11-29,36,quantile,0.7,0.01639979577819727
2025-11-15,wk inc flu prop ed visits,3,2025-12-06,36,quantile,0.7,0.02256645824290631
2025-11-15,wk inc flu prop ed visits,0,2025-11-15,36,quantile,0.75,0.010970618839652705
2025-11-15,wk inc flu prop ed visits,1,2025-11-22,36,quantile,0.75,0.011697778333950058
2025-11-15,wk inc flu prop ed visits,2,2025-11-29,36,quantile,0.75,0.016672681653257467
2025-11-15,wk inc flu prop ed visits,3,2025-12-06,36,quantile,0.75,0.02349491417345138
2025-11-15,wk inc flu prop ed visits,0,2025-11-15,36,quantile,0.8,0.010983595164612347
2025-11-15,wk inc flu prop ed visits,1,2025-11-22,36,quantile,0.8,0.011975072233912544
2025-11-15,wk inc flu prop ed visits,2,2025-11-29,36,quantile,0.8,0.017137745763552918
2025-11-15,wk inc flu prop ed visits,3,2025-12-06,36,quantile,0.8,0.024170348822369063
2025-11-15,wk inc flu prop ed visits,0,2025-11-15,36,quantile,0.85,0.0109995016274661
2025-11-15,wk inc flu prop ed visits,1,2025-11-22,36,quantile,0.85,0.012349351264985391
2025-11-15,wk inc flu prop ed visits,2,2025-11-29,36,quantile,0.85,0.018592672664388892
2025-11-15,wk inc flu prop ed visits,3,2025-12-06,36,quantile,0.85,0.025795922716060835
2025-11-15,wk inc flu prop ed visits,0,2025-11-15,36,quantile,0.9,0.011030058779790417
2025-11-15,wk inc flu prop ed visits,1,2025-11-22,36,quantile,0.9,0.012655994241038658
2025-11-15,wk inc flu prop ed visits,2,2025-11-29,36,quantile,0.9,0.019803296356972297
2025-11-15,wk inc flu prop ed visits,3,2025-12-06,36,quantile,0.9,0.027356405594393535
2025-11-15,wk inc flu prop ed visits,0,2025-11-15,36,quantile,0.95,0.01107777816835168
2025-11-15,wk inc flu prop ed visits,1,2025-11-22,36,quantile,0.95,0.013115167865378655
2025-11-15,wk inc flu prop ed visits,2,2025-11-29,36,quantile,0.95,0.022567134257365267
2025-11-15,wk inc flu prop ed visits,3,2025-12-06,36,quantile,0.95,0.03187659849397039
2025-11-15,wk inc flu prop ed visits,0,2025-11-15,36,quantile,0.975,0.011130476000725413
2025-11-15,wk inc flu prop ed visits,1,2025-11-22,36,quantile,0.975,0.015427584140400453
2025-11-15,wk inc flu prop ed visits,2,2025-11-29,36,quantile,0.975,0.025296652146538007
2025-11-15,wk inc flu prop ed visits,3,2025-12-06,36,quantile,0.975,0.03707063626181618
2025-11-15,wk inc flu prop ed visits,0,2025-11-15,36,quantile,0.99,0.011301008165757756
2025-11-15,wk inc flu prop ed visits,1,2025-11-22,36,quantile,0.99,0.01904881182444961
2025-11-15,wk inc flu prop ed visits,2,2025-11-29,36,quantile,0.99,0.03402777397104001
2025-11-15,wk inc flu prop ed visits,3,2025-12-06,36,quantile,0.99,0.04768328070277228
2025-11-15,wk inc flu hosp,0,2025-11-15,36,quantile,0.01,0
2025-11-15,wk inc flu hosp,1,2025-11-22,36,quantile,0.01,0
2025-11-15,wk inc flu hosp,2,2025-11-29,36,quantile,0.01,0
2025-11-15,wk inc flu hosp,3,2025-12-06,36,quantile,0.01,0
2025-11-15,wk inc flu hosp,0,2025-11-15,36,quantile,0.025,0
2025-11-15,wk inc flu hosp,1,2025-11-22,36,quantile,0.025,0
2025-11-15,wk inc flu hosp,2,2025-11-29,36,quantile,0.025,0
2025-11-15,wk inc flu hosp,3,2025-12-06,36,quantile,0.025,0
2025-11-15,wk inc flu hosp,0,2025-11-15,36,quantile,0.05,0
2025-11-15,wk inc flu hosp,1,2025-11-22,36,quantile,0.05,0
2025-11-15,wk inc flu hosp,2,2025-11-29,36,quantile,0.05,0
2025-11-15,wk inc flu hosp,3,2025-12-06,36,quantile,0.05,0
2025-11-15,wk inc flu hosp,0,2025-11-15,36,quantile,0.1,0
2025-11-15,wk inc flu hosp,1,2025-11-22,36,quantile,0.1,0
2025-11-15,wk inc flu hosp,2,2025-11-29,36,quantile,0.1,0
2025-11-15,wk inc flu hosp,3,2025-12-06,36,quantile,0.1,0
2025-11-15,wk inc flu hosp,0,2025-11-15,36,quantile,0.15,0
2025-11-15,wk inc flu hosp,1,2025-11-22,36,quantile,0.15,0
2025-11-15,wk inc flu hosp,2,2025-11-29,36,quantile,0.15,0
2025-11-15,wk inc flu hosp,3,2025-12-06,36,quantile,0.15,0
2025-11-15,wk inc flu hosp,0,2025-11-15,36,quantile,0.2,0
2025-11-15,wk inc flu hosp,1,2025-11-22,36,quantile,0.2,0
2025-11-15,wk inc flu hosp,2,2025-11-29,36,quantile,0.2,0
2025-11-15,wk inc flu hosp,3,2025-12-06,36,quantile,0.2,34
2025-11-15,wk inc flu hosp,0,2025-11-15,36,quantile,0.25,16
2025-11-15,wk inc flu hosp,1,2025-11-22,36,quantile,0.25,0
2025-11-15,wk inc flu hosp,2,2025-11-29,36,quantile,0.25,23
2025-11-15,wk inc flu hosp,3,2025-12-06,36,quantile,0.25,125
2025-11-15,wk inc flu hosp,0,2025-11-15,36,quantile,0.3,34
2025-11-15,wk inc flu hosp,1,2025-11-22,36,quantile,0.3,0
2025-11-15,wk inc flu hosp,2,2025-11-29,36,quantile,0.3,54
2025-11-15,wk inc flu hosp,3,2025-12-06,36,quantile,0.3,172
2025-11-15,wk inc flu hosp,0,2025-11-15,36,quantile,0.35,55
2025-11-15,wk inc flu hosp,1,2025-11-22,36,quantile,0.35,1
2025-11-15,wk inc flu hosp,2,2025-11-29,36,quantile,0.35,105
2025-11-15,wk inc flu hosp,3,2025-12-06,36,quantile,0.35,243
2025-11-15,wk inc flu hosp,0,2025-11-15,36,quantile,0.4,70
2025-11-15,wk inc flu hosp,1,2025-11-22,36,quantile,0.4,28
2025-11-15,wk inc flu hosp,2,2025-11-29,36,quantile,0.4,147
2025-11-15,wk inc flu hosp,3,2025-12-06,36,quantile,0.4,303
2025-11-15,wk inc flu hosp,0,2025-11-15,36,quantile,0.45,108
2025-11-15,wk inc flu hosp,1,2025-11-22,36,quantile,0.45,81
2025-11-15,wk inc flu hosp,2,2025-11-29,36,quantile,0.45,209
2025-11-15,wk inc flu hosp,3,2025-12-06,36,quantile,0.45,374
2025-11-15,wk inc flu hosp,0,2025-11-15,36,quantile,0.5,124
2025-11-15,wk inc flu hosp,1,2025-11-22,36,quantile,0.5,112
2025-11-15,wk inc flu hosp,2,2025-11-29,36,quantile,0.5,263
2025-11-15,wk inc flu hosp,3,2025-12-06,36,quantile,0.5,435
2025-11-15,wk inc flu hosp,0,2025-11-15,36,quantile,0.55,131
2025-11-15,wk inc flu hosp,1,2025-11-22,36,quantile,0.55,131
2025-11-15,wk inc flu hosp,2,2025-11-29,36,quantile,0.55,285
2025-11-15,wk inc flu hosp,3,2025-12-06,36,quantile,0.55,466
2025-11-15,wk inc flu hosp,0,2025-11-15,36,quantile,0.6,138
2025-11-15,wk inc flu hosp,1,2025-11-22,36,quantile,0.6,145
2025-11-15,wk inc flu hosp,2,2025-11-29,36,quantile,0.6,301
2025-11-15,wk inc flu hosp,3,2025-12-06,36,quantile,0.6,499
2025-11-15,wk inc flu hosp,0,2025-11-15,36,quantile,0.65,152
2025-11-15,wk inc flu hosp,1,2025-11-22,36,quantile,0.65,164
2025-11-15,wk inc flu hosp,2,2025-11-29,36,quantile,0.65,327
2025-11-15,wk inc flu hosp,3,2025-12-06,36,quantile,0.65,543
2025-11-15,wk inc flu hosp,0,2025-11-15,36,quantile,0.7,165
2025-11-15,wk inc flu hosp,1,2025-11-22,36,quantile,0.7,186
2025-11-15,wk inc flu hosp,2,2025-11-29,36,quantile,0.7,373
2025-11-15,wk inc flu hosp,3,2025-12-06,36,quantile,0.7,596
2025-11-15,wk inc flu hosp,0,2025-11-15,36,quantile,0.75,180
2025-11-15,wk inc flu hosp,1,2025-11-22,36,quantile,0.75,205
2025-11-15,wk inc flu hosp,2,2025-11-29,36,quantile,0.75,417
2025-11-15,wk inc flu hosp,3,2025-12-06,36,quantile,0.75,642
2025-11-15,wk inc flu hosp,0,2025-11-15,36,quantile,0.8,193
2025-11-15,wk inc flu hosp,1,2025-11-22,36,quantile,0.8,227
2025-11-15,wk inc flu hosp,2,2025-11-29,36,quantile,0.8,452
2025-11-15,wk inc flu hosp,3,2025-12-06,36,quantile,0.8,683
2025-11-15,wk inc flu hosp,0,2025-11-15,36,quantile,0.85,212
2025-11-15,wk inc flu hosp,1,2025-11-22,36,quantile,0.85,255
2025-11-15,wk inc flu hosp,2,2025-11-29,36,quantile,0.85,509
2025-11-15,wk inc flu hosp,3,2025-12-06,36,quantile,0.85,769
2025-11-15,wk inc flu hosp,0,2025-11-15,36,quantile,0.9,232
2025-11-15,wk inc flu hosp,1,2025-11-22,36,quantile,0.9,288
2025-11-15,wk inc flu hosp,2,2025-11-29,36,quantile,0.9,580
2025-11-15,wk inc flu hosp,3,2025-12-06,36,quantile,0.9,873
2025-11-15,wk inc flu hosp,0,2025-11-15,36,quantile,0.95,248
2025-11-15,wk inc flu hosp,1,2025-11-22,36,quantile,0.95,340
2025-11-15,wk inc flu hosp,2,2025-11-29,36,quantile,0.95,646
2025-11-15,wk inc flu hosp,3,2025-12-06,36,quantile,0.95,1013
2025-11-15,wk inc flu hosp,0,2025-11-15,36,quantile,0.975,331
2025-11-15,wk inc flu hosp,1,2025-11-22,36,quantile,0.975,544
2025-11-15,wk inc flu hosp,2,2025-11-29,36,quantile,0.975,883
2025-11-15,wk inc flu hosp,3,2025-12-06,36,quantile,0.975,1338
2025-11-15,wk inc flu hosp,0,2025-11-15,36,quantile,0.99,337
2025-11-15,wk inc flu hosp,1,2025-11-22,36,quantile,0.99,704
2025-11-15,wk inc flu hosp,2,2025-11-29,36,quantile,0.99,1211
2025-11-15,wk inc flu hosp,3,2025-12-06,36,quantile,0.99,1754
2025-11-15,wk inc flu prop ed visits,0,2025-11-15,37,quantile,0.01,0
2025-11-15,wk inc flu prop ed visits,1,2025-11-22,37,quantile,0.01,0
2025-11-15,wk inc flu prop ed visits,2,2025-11-29,37,quantile,0.01,0
2025-11-15,wk inc flu prop ed visits,3,2025-12-06,37,quantile,0.01,0
2025-11-15,wk inc flu prop ed visits,0,2025-11-15,37,quantile,0.025,0
2025-11-15,wk inc flu prop ed visits,1,2025-11-22,37,quantile,0.025,0
2025-11-15,wk inc flu prop ed visits,2,2025-11-29,37,quantile,0.025,0
2025-11-15,wk inc flu prop ed visits,3,2025-12-06,37,quantile,0.025,0
2025-11-15,wk inc flu prop ed visits,0,2025-11-15,37,quantile,0.05,0
2025-11-15,wk inc flu prop ed visits,1,2025-11-22,37,quantile,0.05,0
2025-11-15,wk inc flu prop ed visits,2,2025-11-29,37,quantile,0.05,0
2025-11-15,wk inc flu prop ed visits,3,2025-12-06,37,quantile,0.05,0
2025-11-15,wk inc flu prop ed visits,0,2025-11-15,37,quantile,0.1,0
2025-11-15,wk inc flu prop ed visits,1,2025-11-22,37,quantile,0.1,0
2025-11-15,wk inc flu prop ed visits,2,2025-11-29,37,quantile,0.1,0
2025-11-15,wk inc flu prop ed visits,3,2025-12-06,37,quantile,0.1,0
2025-11-15,wk inc flu prop ed visits,0,2025-11-15,37,quantile,0.15,0
2025-11-15,wk inc flu prop ed visits,1,2025-11-22,37,quantile,0.15,0
2025-11-15,wk inc flu prop ed visits,2,2025-11-29,37,quantile,0.15,0
2025-11-15,wk inc flu prop ed visits,3,2025-12-06,37,quantile,0.15,0
2025-11-15,wk inc flu prop ed visits,0,2025-11-15,37,quantile,0.2,0
2025-11-15,wk inc flu prop ed visits,1,2025-11-22,37,quantile,0.2,0
2025-11-15,wk inc flu prop ed visits,2,2025-11-29,37,quantile,0.2,0
2025-11-15,wk inc flu prop ed visits,3,2025-12-06,37,quantile,0.2,0
2025-11-15,wk inc flu prop ed visits,0,2025-11-15,37,quantile,0.25,0
2025-11-15,wk inc flu prop ed visits,1,2025-11-22,37,quantile,0.25,0
2025-11-15,wk inc flu prop ed visits,2,2025-11-29,37,quantile,0.25,0
2025-11-15,wk inc flu prop ed visits,3,2025-12-06,37,quantile,0.25,0
2025-11-15,wk inc flu prop ed visits,0,2025-11-15,37,quantile,0.3,7.762552721703193e-4
2025-11-15,wk inc flu prop ed visits,1,2025-11-22,37,quantile,0.3,0
2025-11-15,wk inc flu prop ed visits,2,2025-11-29,37,quantile,0.3,0
2025-11-15,wk inc flu prop ed visits,3,2025-12-06,37,quantile,0.3,0
2025-11-15,wk inc flu prop ed visits,0,2025-11-15,37,quantile,0.35,0.0035790698429246023
2025-11-15,wk inc flu prop ed visits,1,2025-11-22,37,quantile,0.35,0
2025-11-15,wk inc flu prop ed visits,2,2025-11-29,37,quantile,0.35,0
2025-11-15,wk inc flu prop ed visits,3,2025-12-06,37,quantile,0.35,0
2025-11-15,wk inc flu prop ed visits,0,2025-11-15,37,quantile,0.4,0.005221543756136194
2025-11-15,wk inc flu prop ed visits,1,2025-11-22,37,quantile,0.4,0.003493410098225595
2025-11-15,wk inc flu prop ed visits,2,2025-11-29,37,quantile,0.4,0
2025-11-15,wk inc flu prop ed visits,3,2025-12-06,37,quantile,0.4,0.0023631626822637336
2025-11-15,wk inc flu prop ed visits,0,2025-11-15,37,quantile,0.45,0.009400907962236867
2025-11-15,wk inc flu prop ed visits,1,2025-11-22,37,quantile,0.45,0.010372383600151958
2025-11-15,wk inc flu prop ed visits,2,2025-11-29,37,quantile,0.45,0.0010705941912618243
2025-11-15,wk inc flu prop ed visits,3,2025-12-06,37,quantile,0.45,0.020291422207384432
2025-11-15,wk inc flu prop ed visits,0,2025-11-15,37,quantile,0.5,0.013623297076047421
2025-11-15,wk inc flu prop ed visits,1,2025-11-22,37,quantile,0.5,0.016454757528787157
2025-11-15,wk inc flu prop ed visits,2,2025-11-29,37,quantile,0.5,0.012186486822850073
2025-11-15,wk inc flu prop ed visits,3,2025-12-06,37,quantile,0.5,0.03485465872405767
2025-11-15,wk inc flu prop ed visits,0,2025-11-15,37,quantile,0.55,0.015907838403575805
2025-11-15,wk inc flu prop ed visits,1,2025-11-22,37,quantile,0.55,0.019724707684406883
2025-11-15,wk inc flu prop ed visits,2,2025-11-29,37,quantile,0.55,0.021989005431509726
2025-11-15,wk inc flu prop ed visits,3,2025-12-06,37,quantile,0.55,0.05003484472438791
2025-11-15,wk inc flu prop ed visits,0,2025-11-15,37,quantile,0.6,0.016642564435247253
2025-11-15,wk inc flu prop ed visits,1,2025-11-22,37,quantile,0.6,0.02150966795826965
2025-11-15,wk inc flu prop ed visits,2,2025-11-29,37,quantile,0.6,0.02527652205230895
2025-11-15,wk inc flu prop ed visits,3,2025-12-06,37,quantile,0.6,0.05840749531872667
2025-11-15,wk inc flu prop ed visits,0,2025-11-15,37,quantile,0.65,0.017275719090824537
2025-11-15,wk inc flu prop ed visits,1,2025-11-22,37,quantile,0.65,0.02324077289140459
2025-11-15,wk inc flu prop ed visits,2,2025-11-29,37,quantile,0.65,0.028312513344402376
2025-11-15,wk inc flu prop ed visits,3,2025-12-06,37,quantile,0.65,0.06596689368593503
2025-11-15,wk inc flu prop ed visits,0,2025-11-15,37,quantile,0.7,0.017709273206781194
2025-11-15,wk inc flu prop ed visits,1,2025-11-22,37,quantile,0.7,0.024668515978703738
2025-11-15,wk inc flu prop ed visits,2,2025-11-29,37,quantile,0.7,0.03263577953285725
2025-11-15,wk inc flu prop ed visits,3,2025-12-06,37,quantile,0.7,0.07461022078080637
2025-11-15,wk inc flu prop ed visits,0,2025-11-15,37,quantile,0.75,0.018624943459510775
2025-11-15,wk inc flu prop ed visits,1,2025-11-22,37,quantile,0.75,0.026636644216212264
2025-11-15,wk inc flu prop ed visits,2,2025-11-29,37,quantile,0.75,0.036669630878027985
2025-11-15,wk inc flu prop ed visits,3,2025-12-06,37,quantile,0.75,0.08215117347875378
2025-11-15,wk inc flu prop ed visits,0,2025-11-15,37,quantile,0.8,0.01959409005435562
2025-11-15,wk inc flu prop ed visits,1,2025-11-22,37,quantile,0.8,0.028013499716413134
2025-11-15,wk inc flu prop ed visits,2,2025-11-29,37,quantile,0.8,0.039765553991796126
2025-11-15,wk inc flu prop ed visits,3,2025-12-06,37,quantile,0.8,0.0861108439431946
2025-11-15,wk inc flu prop ed visits,0,2025-11-15,37,quantile,0.85,0.021892499442498263
2025-11-15,wk inc flu prop ed visits,1,2025-11-22,37,quantile,0.85,0.03129692844953912
2025-11-15,wk inc flu prop ed visits,2,2025-11-29,37,quantile,0.85,0.04672634996396685
2025-11-15,wk inc flu prop ed visits,3,2025-12-06,37,quantile,0.85,0.09438338731575086
2025-11-15,wk inc flu prop ed visits,0,2025-11-15,37,quantile,0.9,0.02330237838422505
2025-11-15,wk inc flu prop ed visits,1,2025-11-22,37,quantile,0.9,0.03351332847788947
2025-11-15,wk inc flu prop ed visits,2,2025-11-29,37,quantile,0.9,0.05177692557358341
2025-11-15,wk inc flu prop ed visits,3,2025-12-06,37,quantile,0.9,0.10084102029259831
2025-11-15,wk inc flu prop ed visits,0,2025-11-15,37,quantile,0.95,0.02536044162146453
2025-11-15,wk inc flu prop ed visits,1,2025-11-22,37,quantile,0.95,0.03866398657131087
2025-11-15,wk inc flu prop ed visits,2,2025-11-29,37,quantile,0.95,0.0590709066135501
2025-11-15,wk inc flu prop ed visits,3,2025-12-06,37,quantile,0.95,0.11231669556527696
2025-11-15,wk inc flu prop ed visits,0,2025-11-15,37,quantile,0.975,0.027989197284284267
2025-11-15,wk inc flu prop ed visits,1,2025-11-22,37,quantile,0.975,0.04326740456148226
2025-11-15,wk inc flu prop ed visits,2,2025-11-29,37,quantile,0.975,0.06448654375723298
2025-11-15,wk inc flu prop ed visits,3,2025-12-06,37,quantile,0.975,0.12028174240037187
2025-11-15,wk inc flu prop ed visits,0,2025-11-15,37,quantile,0.99,0.03736483242211973
2025-11-15,wk inc flu prop ed visits,1,2025-11-22,37,quantile,0.99,0.06317975036309906
2025-11-15,wk inc flu prop ed visits,2,2025-11-29,37,quantile,0.99,0.09837767394435512
2025-11-15,wk inc flu prop ed visits,3,2025-12-06,37,quantile,0.99,0.15935839727603546
2025-11-15,wk inc flu hosp,0,2025-11-15,37,quantile,0.01,0
2025-11-15,wk inc flu hosp,1,2025-11-22,37,quantile,0.01,0
2025-11-15,wk inc flu hosp,2,2025-11-29,37,quantile,0.01,0
2025-11-15,wk inc flu hosp,3,2025-12-06,37,quantile,0.01,0
2025-11-15,wk inc flu hosp,0,2025-11-15,37,quantile,0.025,0
2025-11-15,wk inc flu hosp,1,2025-11-22,37,quantile,0.025,0
2025-11-15,wk inc flu hosp,2,2025-11-29,37,quantile,0.025,0
2025-11-15,wk inc flu hosp,3,2025-12-06,37,quantile,0.025,0
2025-11-15,wk inc flu hosp,0,2025-11-15,37,quantile,0.05,0
2025-11-15,wk inc flu hosp,1,2025-11-22,37,quantile,0.05,0
2025-11-15,wk inc flu hosp,2,2025-11-29,37,quantile,0.05,0
2025-11-15,wk inc flu hosp,3,2025-12-06,37,quantile,0.05,0
2025-11-15,wk inc flu hosp,0,2025-11-15,37,quantile,0.1,0
2025-11-15,wk inc flu hosp,1,2025-11-22,37,quantile,0.1,0
2025-11-15,wk inc flu hosp,2,2025-11-29,37,quantile,0.1,0
2025-11-15,wk inc flu hosp,3,2025-12-06,37,quantile,0.1,0
2025-11-15,wk inc flu hosp,0,2025-11-15,37,quantile,0.15,0
2025-11-15,wk inc flu hosp,1,2025-11-22,37,quantile,0.15,0
2025-11-15,wk inc flu hosp,2,2025-11-29,37,quantile,0.15,0
2025-11-15,wk inc flu hosp,3,2025-12-06,37,quantile,0.15,0
2025-11-15,wk inc flu hosp,0,2025-11-15,37,quantile,0.2,0
2025-11-15,wk inc flu hosp,1,2025-11-22,37,quantile,0.2,0
2025-11-15,wk inc flu hosp,2,2025-11-29,37,quantile,0.2,0
2025-11-15,wk inc flu hosp,3,2025-12-06,37,quantile,0.2,0
2025-11-15,wk inc flu hosp,0,2025-11-15,37,quantile,0.25,0
2025-11-15,wk inc flu hosp,1,2025-11-22,37,quantile,0.25,0
2025-11-15,wk inc flu hosp,2,2025-11-29,37,quantile,0.25,0
2025-11-15,wk inc flu hosp,3,2025-12-06,37,quantile,0.25,0
2025-11-15,wk inc flu hosp,0,2025-11-15,37,quantile,0.3,8
2025-11-15,wk inc flu hosp,1,2025-11-22,37,quantile,0.3,1
2025-11-15,wk inc flu hosp,2,2025-11-29,37,quantile,0.3,35
2025-11-15,wk inc flu hosp,3,2025-12-06,37,quantile,0.3,42
2025-11-15,wk inc flu hosp,0,2025-11-15,37,quantile,0.35,18
2025-11-15,wk inc flu hosp,1,2025-11-22,37,quantile,0.35,24
2025-11-15,wk inc flu hosp,2,2025-11-29,37,quantile,0.35,71
2025-11-15,wk inc flu hosp,3,2025-12-06,37,quantile,0.35,122
2025-11-15,wk inc flu hosp,0,2025-11-15,37,quantile,0.4,26
2025-11-15,wk inc flu hosp,1,2025-11-22,37,quantile,0.4,37
2025-11-15,wk inc flu hosp,2,2025-11-29,37,quantile,0.4,96
2025-11-15,wk inc flu hosp,3,2025-12-06,37,quantile,0.4,167
2025-11-15,wk inc flu hosp,0,2025-11-15,37,quantile,0.45,31
2025-11-15,wk inc flu hosp,1,2025-11-22,37,quantile,0.45,54
2025-11-15,wk inc flu hosp,2,2025-11-29,37,quantile,0.45,117
2025-11-15,wk inc flu hosp,3,2025-12-06,37,quantile,0.45,206
2025-11-15,wk inc flu hosp,0,2025-11-15,37,quantile,0.5,36
2025-11-15,wk inc flu hosp,1,2025-11-22,37,quantile,0.5,65
2025-11-15,wk inc flu hosp,2,2025-11-29,37,quantile,0.5,138
2025-11-15,wk inc flu hosp,3,2025-12-06,37,quantile,0.5,255
2025-11-15,wk inc flu hosp,0,2025-11-15,37,quantile,0.55,43
2025-11-15,wk inc flu hosp,1,2025-11-22,37,quantile,0.55,76
2025-11-15,wk inc flu hosp,2,2025-11-29,37,quantile,0.55,154
2025-11-15,wk inc flu hosp,3,2025-12-06,37,quantile,0.55,279
2025-11-15,wk inc flu hosp,0,2025-11-15,37,quantile,0.6,49
2025-11-15,wk inc flu hosp,1,2025-11-22,37,quantile,0.6,86
2025-11-15,wk inc flu hosp,2,2025-11-29,37,quantile,0.6,169
2025-11-15,wk inc flu hosp,3,2025-12-06,37,quantile,0.6,306
2025-11-15,wk inc flu hosp,0,2025-11-15,37,quantile,0.65,51
2025-11-15,wk inc flu hosp,1,2025-11-22,37,quantile,0.65,93
2025-11-15,wk inc flu hosp,2,2025-11-29,37,quantile,0.65,182
2025-11-15,wk inc flu hosp,3,2025-12-06,37,quantile,0.65,336
2025-11-15,wk inc flu hosp,0,2025-11-15,37,quantile,0.7,53
2025-11-15,wk inc flu hosp,1,2025-11-22,37,quantile,0.7,100
2025-11-15,wk inc flu hosp,2,2025-11-29,37,quantile,0.7,200
2025-11-15,wk inc flu hosp,3,2025-12-06,37,quantile,0.7,369
2025-11-15,wk inc flu hosp,0,2025-11-15,37,quantile,0.75,59
2025-11-15,wk inc flu hosp,1,2025-11-22,37,quantile,0.75,110
2025-11-15,wk inc flu hosp,2,2025-11-29,37,quantile,0.75,219
2025-11-15,wk inc flu hosp,3,2025-12-06,37,quantile,0.75,394
2025-11-15,wk inc flu hosp,0,2025-11-15,37,quantile,0.8,69
2025-11-15,wk inc flu hosp,1,2025-11-22,37,quantile,0.8,123
2025-11-15,wk inc flu hosp,2,2025-11-29,37,quantile,0.8,243
2025-11-15,wk inc flu hosp,3,2025-12-06,37,quantile,0.8,427
2025-11-15,wk inc flu hosp,0,2025-11-15,37,quantile,0.85,73
2025-11-15,wk inc flu hosp,1,2025-11-22,37,quantile,0.85,132
2025-11-15,wk inc flu hosp,2,2025-11-29,37,quantile,0.85,255
2025-11-15,wk inc flu hosp,3,2025-12-06,37,quantile,0.85,447
2025-11-15,wk inc flu hosp,0,2025-11-15,37,quantile,0.9,79
2025-11-15,wk inc flu hosp,1,2025-11-22,37,quantile,0.9,152
2025-11-15,wk inc flu hosp,2,2025-11-29,37,quantile,0.9,283
2025-11-15,wk inc flu hosp,3,2025-12-06,37,quantile,0.9,482
2025-11-15,wk inc flu hosp,0,2025-11-15,37,quantile,0.95,167
2025-11-15,wk inc flu hosp,1,2025-11-22,37,quantile,0.95,281
2025-11-15,wk inc flu hosp,2,2025-11-29,37,quantile,0.95,454
2025-11-15,wk inc flu hosp,3,2025-12-06,37,quantile,0.95,683
2025-11-15,wk inc flu hosp,0,2025-11-15,37,quantile,0.975,225
2025-11-15,wk inc flu hosp,1,2025-11-22,37,quantile,0.975,374
2025-11-15,wk inc flu hosp,2,2025-11-29,37,quantile,0.975,662
2025-11-15,wk inc flu hosp,3,2025-12-06,37,quantile,0.975,1093
2025-11-15,wk inc flu hosp,0,2025-11-15,37,quantile,0.99,225
2025-11-15,wk inc flu hosp,1,2025-11-22,37,quantile,0.99,374
2025-11-15,wk inc flu hosp,2,2025-11-29,37,quantile,0.99,662
2025-11-15,wk inc flu hosp,3,2025-12-06,37,quantile,0.99,1160
2025-11-15,wk inc flu prop ed visits,0,2025-11-15,38,quantile,0.01,0
2025-11-15,wk inc flu prop ed visits,1,2025-11-22,38,quantile,0.01,0
2025-11-15,wk inc flu prop ed visits,2,2025-11-29,38,quantile,0.01,0
2025-11-15,wk inc flu prop ed visits,3,2025-12-06,38,quantile,0.01,0
2025-11-15,wk inc flu prop ed visits,0,2025-11-15,38,quantile,0.025,0
2025-11-15,wk inc flu prop ed visits,1,2025-11-22,38,quantile,0.025,0
2025-11-15,wk inc flu prop ed visits,2,2025-11-29,38,quantile,0.025,0
2025-11-15,wk inc flu prop ed visits,3,2025-12-06,38,quantile,0.025,0
2025-11-15,wk inc flu prop ed visits,0,2025-11-15,38,quantile,0.05,0
2025-11-15,wk inc flu prop ed visits,1,2025-11-22,38,quantile,0.05,0
2025-11-15,wk inc flu prop ed visits,2,2025-11-29,38,quantile,0.05,0
2025-11-15,wk inc flu prop ed visits,3,2025-12-06,38,quantile,0.05,0
2025-11-15,wk inc flu prop ed visits,0,2025-11-15,38,quantile,0.1,0
2025-11-15,wk inc flu prop ed visits,1,2025-11-22,38,quantile,0.1,0
2025-11-15,wk inc flu prop ed visits,2,2025-11-29,38,quantile,0.1,0
2025-11-15,wk inc flu prop ed visits,3,2025-12-06,38,quantile,0.1,0
2025-11-15,wk inc flu prop ed visits,0,2025-11-15,38,quantile,0.15,0
2025-11-15,wk inc flu prop ed visits,1,2025-11-22,38,quantile,0.15,0
2025-11-15,wk inc flu prop ed visits,2,2025-11-29,38,quantile,0.15,0
2025-11-15,wk inc flu prop ed visits,3,2025-12-06,38,quantile,0.15,0
2025-11-15,wk inc flu prop ed visits,0,2025-11-15,38,quantile,0.2,0
2025-11-15,wk inc flu prop ed visits,1,2025-11-22,38,quantile,0.2,0
2025-11-15,wk inc flu prop ed visits,2,2025-11-29,38,quantile,0.2,0
2025-11-15,wk inc flu prop ed visits,3,2025-12-06,38,quantile,0.2,0
2025-11-15,wk inc flu prop ed visits,0,2025-11-15,38,quantile,0.25,0
2025-11-15,wk inc flu prop ed visits,1,2025-11-22,38,quantile,0.25,0
2025-11-15,wk inc flu prop ed visits,2,2025-11-29,38,quantile,0.25,0
2025-11-15,wk inc flu prop ed visits,3,2025-12-06,38,quantile,0.25,0
2025-11-15,wk inc flu prop ed visits,0,2025-11-15,38,quantile,0.3,4.4874345450840924e-5
2025-11-15,wk inc flu prop ed visits,1,2025-11-22,38,quantile,0.3,0
2025-11-15,wk inc flu prop ed visits,2,2025-11-29,38,quantile,0.3,0
2025-11-15,wk inc flu prop ed visits,3,2025-12-06,38,quantile,0.3,0
2025-11-15,wk inc flu prop ed visits,0,2025-11-15,38,quantile,0.35,4.2306191340379305e-4
2025-11-15,wk inc flu prop ed visits,1,2025-11-22,38,quantile,0.35,0
2025-11-15,wk inc flu prop ed visits,2,2025-11-29,38,quantile,0.35,0
2025-11-15,wk inc flu prop ed visits,3,2025-12-06,38,quantile,0.35,0
2025-11-15,wk inc flu prop ed visits,0,2025-11-15,38,quantile,0.4,0.0010174265294601447
2025-11-15,wk inc flu prop ed visits,1,2025-11-22,38,quantile,0.4,5.878081734213305e-4
2025-11-15,wk inc flu prop ed visits,2,2025-11-29,38,quantile,0.4,0
2025-11-15,wk inc flu prop ed visits,3,2025-12-06,38,quantile,0.4,0
2025-11-15,wk inc flu prop ed visits,0,2025-11-15,38,quantile,0.45,0.0016319733143955314
2025-11-15,wk inc flu prop ed visits,1,2025-11-22,38,quantile,0.45,0.0016738311355137861
2025-11-15,wk inc flu prop ed visits,2,2025-11-29,38,quantile,0.45,0
2025-11-15,wk inc flu prop ed visits,3,2025-12-06,38,quantile,0.45,2.0583555547403517e-4
2025-11-15,wk inc flu prop ed visits,0,2025-11-15,38,quantile,0.5,0.002460630072612038
2025-11-15,wk inc flu prop ed visits,1,2025-11-22,38,quantile,0.5,0.003082847408343366
2025-11-15,wk inc flu prop ed visits,2,2025-11-29,38,quantile,0.5,6.817391525985477e-4
2025-11-15,wk inc flu prop ed visits,3,2025-12-06,38,quantile,0.5,0.0033682142770152905
2025-11-15,wk inc flu prop ed visits,0,2025-11-15,38,quantile,0.55,0.0027157815314019455
2025-11-15,wk inc flu prop ed visits,1,2025-11-22,38,quantile,0.55,0.0037546744591266256
2025-11-15,wk inc flu prop ed visits,2,2025-11-29,38,quantile,0.55,0.00146502347822881
2025-11-15,wk inc flu prop ed visits,3,2025-12-06,38,quantile,0.55,0.0045610025149285215
2025-11-15,wk inc flu prop ed visits,0,2025-11-15,38,quantile,0.6,0.003085413427594937
2025-11-15,wk inc flu prop ed visits,1,2025-11-22,38,quantile,0.6,0.004296635292049215
2025-11-15,wk inc flu prop ed visits,2,2025-11-29,38,quantile,0.6,0.0025239728626242275
2025-11-15,wk inc flu prop ed visits,3,2025-12-06,38,quantile,0.6,0.006033198621670587
2025-11-15,wk inc flu prop ed visits,0,2025-11-15,38,quantile,0.65,0.0033573420249560703
2025-11-15,wk inc flu prop ed visits,1,2025-11-22,38,quantile,0.65,0.004711560850412615
2025-11-15,wk inc flu prop ed visits,2,2025-11-29,38,quantile,0.65,0.0036553802036511994
2025-11-15,wk inc flu prop ed visits,3,2025-12-06,38,quantile,0.65,0.007607186815444268
2025-11-15,wk inc flu prop ed visits,0,2025-11-15,38,quantile,0.7,0.003691202847918643
2025-11-15,wk inc flu prop ed visits,1,2025-11-22,38,quantile,0.7,0.005196372103430817
2025-11-15,wk inc flu prop ed visits,2,2025-11-29,38,quantile,0.7,0.004349279251597436
2025-11-15,wk inc flu prop ed visits,3,2025-12-06,38,quantile,0.7,0.008711047013633694
2025-11-15,wk inc flu prop ed visits,0,2025-11-15,38,quantile,0.75,0.004439648652639608
2025-11-15,wk inc flu prop ed visits,1,2025-11-22,38,quantile,0.75,0.006068681733326404
2025-11-15,wk inc flu prop ed visits,2,2025-11-29,38,quantile,0.75,0.0053659051568360466
2025-11-15,wk inc flu prop ed visits,3,2025-12-06,38,quantile,0.75,0.010183200111944063
2025-11-15,wk inc flu prop ed visits,0,2025-11-15,38,quantile,0.8,0.005063740249248106
2025-11-15,wk inc flu prop ed visits,1,2025-11-22,38,quantile,0.8,0.006871794931701565
2025-11-15,wk inc flu prop ed visits,2,2025-11-29,38,quantile,0.8,0.006349511253247775
2025-11-15,wk inc flu prop ed visits,3,2025-12-06,38,quantile,0.8,0.011459938048275463
2025-11-15,wk inc flu prop ed visits,0,2025-11-15,38,quantile,0.85,0.005387638826937776
2025-11-15,wk inc flu prop ed visits,1,2025-11-22,38,quantile,0.85,0.00731351132989022
2025-11-15,wk inc flu prop ed visits,2,2025-11-29,38,quantile,0.85,0.007876038237204614
2025-11-15,wk inc flu prop ed visits,3,2025-12-06,38,quantile,0.85,0.013246185442738333
2025-11-15,wk inc flu prop ed visits,0,2025-11-15,38,quantile,0.9,0.005731701217017734
2025-11-15,wk inc flu prop ed visits,1,2025-11-22,38,quantile,0.9,0.008342686138828648
2025-11-15,wk inc flu prop ed visits,2,2025-11-29,38,quantile,0.9,0.009758362890100767
2025-11-15,wk inc flu prop ed visits,3,2025-12-06,38,quantile,0.9,0.015830483759561732
2025-11-15,wk inc flu prop ed visits,0,2025-11-15,38,quantile,0.95,0.006219393340242982
2025-11-15,wk inc flu prop ed visits,1,2025-11-22,38,quantile,0.95,0.009327106468681571
2025-11-15,wk inc flu prop ed visits,2,2025-11-29,38,quantile,0.95,0.012001195630112373
2025-11-15,wk inc flu prop ed visits,3,2025-12-06,38,quantile,0.95,0.019141422703701734
2025-11-15,wk inc flu prop ed visits,0,2025-11-15,38,quantile,0.975,0.006966940733080035
2025-11-15,wk inc flu prop ed visits,1,2025-11-22,38,quantile,0.975,0.011678412464002757
2025-11-15,wk inc flu prop ed visits,2,2025-11-29,38,quantile,0.975,0.015060146594615699
2025-11-15,wk inc flu prop ed visits,3,2025-12-06,38,quantile,0.975,0.02424333393349828
2025-11-15,wk inc flu prop ed visits,0,2025-11-15,38,quantile,0.99,0.008058041086099612
2025-11-15,wk inc flu prop ed visits,1,2025-11-22,38,quantile,0.99,0.015335817803252064
2025-11-15,wk inc flu prop ed visits,2,2025-11-29,38,quantile,0.99,0.02155219970510276
2025-11-15,wk inc flu prop ed visits,3,2025-12-06,38,quantile,0.99,0.03131279651035888
2025-11-15,wk inc flu hosp,0,2025-11-15,38,quantile,0.01,0
2025-11-15,wk inc flu hosp,1,2025-11-22,38,quantile,0.01,0
2025-11-15,wk inc flu hosp,2,2025-11-29,38,quantile,0.01,0
2025-11-15,wk inc flu hosp,3,2025-12-06,38,quantile,0.01,0
2025-11-15,wk inc flu hosp,0,2025-11-15,38,quantile,0.025,0
2025-11-15,wk inc flu hosp,1,2025-11-22,38,quantile,0.025,0
2025-11-15,wk inc flu hosp,2,2025-11-29,38,quantile,0.025,0
2025-11-15,wk inc flu hosp,3,2025-12-06,38,quantile,0.025,0
2025-11-15,wk inc flu hosp,0,2025-11-15,38,quantile,0.05,0
2025-11-15,wk inc flu hosp,1,2025-11-22,38,quantile,0.05,0
2025-11-15,wk inc flu hosp,2,2025-11-29,38,quantile,0.05,0
2025-11-15,wk inc flu hosp,3,2025-12-06,38,quantile,0.05,0
2025-11-15,wk inc flu hosp,0,2025-11-15,38,quantile,0.1,2
2025-11-15,wk inc flu hosp,1,2025-11-22,38,quantile,0.1,2
2025-11-15,wk inc flu hosp,2,2025-11-29,38,quantile,0.1,0
2025-11-15,wk inc flu hosp,3,2025-12-06,38,quantile,0.1,0
2025-11-15,wk inc flu hosp,0,2025-11-15,38,quantile,0.15,3
2025-11-15,wk inc flu hosp,1,2025-11-22,38,quantile,0.15,4
2025-11-15,wk inc flu hosp,2,2025-11-29,38,quantile,0.15,1
2025-11-15,wk inc flu hosp,3,2025-12-06,38,quantile,0.15,0
2025-11-15,wk inc flu hosp,0,2025-11-15,38,quantile,0.2,3
2025-11-15,wk inc flu hosp,1,2025-11-22,38,quantile,0.2,5
2025-11-15,wk inc flu hosp,2,2025-11-29,38,quantile,0.2,3
2025-11-15,wk inc flu hosp,3,2025-12-06,38,quantile,0.2,2
2025-11-15,wk inc flu hosp,0,2025-11-15,38,quantile,0.25,4
2025-11-15,wk inc flu hosp,1,2025-11-22,38,quantile,0.25,7
2025-11-15,wk inc flu hosp,2,2025-11-29,38,quantile,0.25,5
2025-11-15,wk inc flu hosp,3,2025-12-06,38,quantile,0.25,4
2025-11-15,wk inc flu hosp,0,2025-11-15,38,quantile,0.3,5
2025-11-15,wk inc flu hosp,1,2025-11-22,38,quantile,0.3,7
2025-11-15,wk inc flu hosp,2,2025-11-29,38,quantile,0.3,6
2025-11-15,wk inc flu hosp,3,2025-12-06,38,quantile,0.3,6
2025-11-15,wk inc flu hosp,0,2025-11-15,38,quantile,0.35,5
2025-11-15,wk inc flu hosp,1,2025-11-22,38,quantile,0.35,8
2025-11-15,wk inc flu hosp,2,2025-11-29,38,quantile,0.35,8
2025-11-15,wk inc flu hosp,3,2025-12-06,38,quantile,0.35,8
2025-11-15,wk inc flu hosp,0,2025-11-15,38,quantile,0.4,6
2025-11-15,wk inc flu hosp,1,2025-11-22,38,quantile,0.4,9
2025-11-15,wk inc flu hosp,2,2025-11-29,38,quantile,0.4,9
2025-11-15,wk inc flu hosp,3,2025-12-06,38,quantile,0.4,10
2025-11-15,wk inc flu hosp,0,2025-11-15,38,quantile,0.45,6
2025-11-15,wk inc flu hosp,1,2025-11-22,38,quantile,0.45,9
2025-11-15,wk inc flu hosp,2,2025-11-29,38,quantile,0.45,11
2025-11-15,wk inc flu hosp,3,2025-12-06,38,quantile,0.45,13
2025-11-15,wk inc flu hosp,0,2025-11-15,38,quantile,0.5,7
2025-11-15,wk inc flu hosp,1,2025-11-22,38,quantile,0.5,10
2025-11-15,wk inc flu hosp,2,2025-11-29,38,quantile,0.5,11
2025-11-15,wk inc flu hosp,3,2025-12-06,38,quantile,0.5,14
2025-11-15,wk inc flu hosp,0,2025-11-15,38,quantile,0.55,7
2025-11-15,wk inc flu hosp,1,2025-11-22,38,quantile,0.55,11
2025-11-15,wk inc flu hosp,2,2025-11-29,38,quantile,0.55,12
2025-11-15,wk inc flu hosp,3,2025-12-06,38,quantile,0.55,16
2025-11-15,wk inc flu hosp,0,2025-11-15,38,quantile,0.6,7
2025-11-15,wk inc flu hosp,1,2025-11-22,38,quantile,0.6,11
2025-11-15,wk inc flu hosp,2,2025-11-29,38,quantile,0.6,13
2025-11-15,wk inc flu hosp,3,2025-12-06,38,quantile,0.6,17
2025-11-15,wk inc flu hosp,0,2025-11-15,38,quantile,0.65,8
2025-11-15,wk inc flu hosp,1,2025-11-22,38,quantile,0.65,12
2025-11-15,wk inc flu hosp,2,2025-11-29,38,quantile,0.65,14
2025-11-15,wk inc flu hosp,3,2025-12-06,38,quantile,0.65,19
2025-11-15,wk inc flu hosp,0,2025-11-15,38,quantile,0.7,8
2025-11-15,wk inc flu hosp,1,2025-11-22,38,quantile,0.7,12
2025-11-15,wk inc flu hosp,2,2025-11-29,38,quantile,0.7,15
2025-11-15,wk inc flu hosp,3,2025-12-06,38,quantile,0.7,20
2025-11-15,wk inc flu hosp,0,2025-11-15,38,quantile,0.75,9
2025-11-15,wk inc flu hosp,1,2025-11-22,38,quantile,0.75,13
2025-11-15,wk inc flu hosp,2,2025-11-29,38,quantile,0.75,16
2025-11-15,wk inc flu hosp,3,2025-12-06,38,quantile,0.75,23
2025-11-15,wk inc flu hosp,0,2025-11-15,38,quantile,0.8,9
2025-11-15,wk inc flu hosp,1,2025-11-22,38,quantile,0.8,14
2025-11-15,wk inc flu hosp,2,2025-11-29,38,quantile,0.8,18
2025-11-15,wk inc flu hosp,3,2025-12-06,38,quantile,0.8,26
2025-11-15,wk inc flu hosp,0,2025-11-15,38,quantile,0.85,11
2025-11-15,wk inc flu hosp,1,2025-11-22,38,quantile,0.85,16
2025-11-15,wk inc flu hosp,2,2025-11-29,38,quantile,0.85,21
2025-11-15,wk inc flu hosp,3,2025-12-06,38,quantile,0.85,29
2025-11-15,wk inc flu hosp,0,2025-11-15,38,quantile,0.9,12
2025-11-15,wk inc flu hosp,1,2025-11-22,38,quantile,0.9,17
2025-11-15,wk inc flu hosp,2,2025-11-29,38,quantile,0.9,23
2025-11-15,wk inc flu hosp,3,2025-12-06,38,quantile,0.9,33
2025-11-15,wk inc flu hosp,0,2025-11-15,38,quantile,0.95,15
2025-11-15,wk inc flu hosp,1,2025-11-22,38,quantile,0.95,22
2025-11-15,wk inc flu hosp,2,2025-11-29,38,quantile,0.95,32
2025-11-15,wk inc flu hosp,3,2025-12-06,38,quantile,0.95,45
2025-11-15,wk inc flu hosp,0,2025-11-15,38,quantile,0.975,17
2025-11-15,wk inc flu hosp,1,2025-11-22,38,quantile,0.975,30
2025-11-15,wk inc flu hosp,2,2025-11-29,38,quantile,0.975,46
2025-11-15,wk inc flu hosp,3,2025-12-06,38,quantile,0.975,66
2025-11-15,wk inc flu hosp,0,2025-11-15,38,quantile,0.99,17
2025-11-15,wk inc flu hosp,1,2025-11-22,38,quantile,0.99,31
2025-11-15,wk inc flu hosp,2,2025-11-29,38,quantile,0.99,48
2025-11-15,wk inc flu hosp,3,2025-12-06,38,quantile,0.99,72
2025-11-15,wk inc flu prop ed visits,0,2025-11-15,40,quantile,0.01,0
2025-11-15,wk inc flu prop ed visits,1,2025-11-22,40,quantile,0.01,0
2025-11-15,wk inc flu prop ed visits,2,2025-11-29,40,quantile,0.01,0
2025-11-15,wk inc flu prop ed visits,3,2025-12-06,40,quantile,0.01,0
2025-11-15,wk inc flu prop ed visits,0,2025-11-15,40,quantile,0.025,0
2025-11-15,wk inc flu prop ed visits,1,2025-11-22,40,quantile,0.025,0
2025-11-15,wk inc flu prop ed visits,2,2025-11-29,40,quantile,0.025,0
2025-11-15,wk inc flu prop ed visits,3,2025-12-06,40,quantile,0.025,0
2025-11-15,wk inc flu prop ed visits,0,2025-11-15,40,quantile,0.05,0
2025-11-15,wk inc flu prop ed visits,1,2025-11-22,40,quantile,0.05,0
2025-11-15,wk inc flu prop ed visits,2,2025-11-29,40,quantile,0.05,0
2025-11-15,wk inc flu prop ed visits,3,2025-12-06,40,quantile,0.05,0
2025-11-15,wk inc flu prop ed visits,0,2025-11-15,40,quantile,0.1,0
2025-11-15,wk inc flu prop ed visits,1,2025-11-22,40,quantile,0.1,0
2025-11-15,wk inc flu prop ed visits,2,2025-11-29,40,quantile,0.1,0
2025-11-15,wk inc flu prop ed visits,3,2025-12-06,40,quantile,0.1,0
2025-11-15,wk inc flu prop ed visits,0,2025-11-15,40,quantile,0.15,0
2025-11-15,wk inc flu prop ed visits,1,2025-11-22,40,quantile,0.15,0
2025-11-15,wk inc flu prop ed visits,2,2025-11-29,40,quantile,0.15,0
2025-11-15,wk inc flu prop ed visits,3,2025-12-06,40,quantile,0.15,0
2025-11-15,wk inc flu prop ed visits,0,2025-11-15,40,quantile,0.2,0
2025-11-15,wk inc flu prop ed visits,1,2025-11-22,40,quantile,0.2,0
2025-11-15,wk inc flu prop ed visits,2,2025-11-29,40,quantile,0.2,0
2025-11-15,wk inc flu prop ed visits,3,2025-12-06,40,quantile,0.2,0
2025-11-15,wk inc flu prop ed visits,0,2025-11-15,40,quantile,0.25,0
2025-11-15,wk inc flu prop ed visits,1,2025-11-22,40,quantile,0.25,0
2025-11-15,wk inc flu prop ed visits,2,2025-11-29,40,quantile,0.25,0
2025-11-15,wk inc flu prop ed visits,3,2025-12-06,40,quantile,0.25,0
2025-11-15,wk inc flu prop ed visits,0,2025-11-15,40,quantile,0.3,0
2025-11-15,wk inc flu prop ed visits,1,2025-11-22,40,quantile,0.3,9.039922322184262e-4
2025-11-15,wk inc flu prop ed visits,2,2025-11-29,40,quantile,0.3,0
2025-11-15,wk inc flu prop ed visits,3,2025-12-06,40,quantile,0.3,0
2025-11-15,wk inc flu prop ed visits,0,2025-11-15,40,quantile,0.35,1.014513196804192e-4
2025-11-15,wk inc flu prop ed visits,1,2025-11-22,40,quantile,0.35,0.0021687216872246576
2025-11-15,wk inc flu prop ed visits,2,2025-11-29,40,quantile,0.35,0
2025-11-15,wk inc flu prop ed visits,3,2025-12-06,40,quantile,0.35,0.0011902642567584911
2025-11-15,wk inc flu prop ed visits,0,2025-11-15,40,quantile,0.4,4.341757949628298e-4
2025-11-15,wk inc flu prop ed visits,1,2025-11-22,40,quantile,0.4,0.00304161576229282
2025-11-15,wk inc flu prop ed visits,2,2025-11-29,40,quantile,0.4,7.671780325224942e-4
2025-11-15,wk inc flu prop ed visits,3,2025-12-06,40,quantile,0.4,0.0031475853371063936
2025-11-15,wk inc flu prop ed visits,0,2025-11-15,40,quantile,0.45,8.823605972185221e-4
2025-11-15,wk inc flu prop ed visits,1,2025-11-22,40,quantile,0.45,0.00405396330032398
2025-11-15,wk inc flu prop ed visits,2,2025-11-29,40,quantile,0.45,0.0021493318112716284
2025-11-15,wk inc flu prop ed visits,3,2025-12-06,40,quantile,0.45,0.005077853890344392
2025-11-15,wk inc flu prop ed visits,0,2025-11-15,40,quantile,0.5,0.0012988192284720621
2025-11-15,wk inc flu prop ed visits,1,2025-11-22,40,quantile,0.5,0.005222742422192776
2025-11-15,wk inc flu prop ed visits,2,2025-11-29,40,quantile,0.5,0.0037772267460202194
2025-11-15,wk inc flu prop ed visits,3,2025-12-06,40,quantile,0.5,0.007446712510790351
2025-11-15,wk inc flu prop ed visits,0,2025-11-15,40,quantile,0.55,0.0014825780677306946
2025-11-15,wk inc flu prop ed visits,1,2025-11-22,40,quantile,0.55,0.005988812713780154
2025-11-15,wk inc flu prop ed visits,2,2025-11-29,40,quantile,0.55,0.005097445878344981
2025-11-15,wk inc flu prop ed visits,3,2025-12-06,40,quantile,0.55,0.009669970683120317
2025-11-15,wk inc flu prop ed visits,0,2025-11-15,40,quantile,0.6,0.0017251429433721406
2025-11-15,wk inc flu prop ed visits,1,2025-11-22,40,quantile,0.6,0.006745570685535545
2025-11-15,wk inc flu prop ed visits,2,2025-11-29,40,quantile,0.6,0.006236206040942852
2025-11-15,wk inc flu prop ed visits,3,2025-12-06,40,quantile,0.6,0.011224581402076234
2025-11-15,wk inc flu prop ed visits,0,2025-11-15,40,quantile,0.65,0.0027103722657386004
2025-11-15,wk inc flu prop ed visits,1,2025-11-22,40,quantile,0.65,0.008238538936885807
2025-11-15,wk inc flu prop ed visits,2,2025-11-29,40,quantile,0.65,0.00796682614955861
2025-11-15,wk inc flu prop ed visits,3,2025-12-06,40,quantile,0.65,0.01385751925236437
2025-11-15,wk inc flu prop ed visits,0,2025-11-15,40,quantile,0.7,0.003692975575361785
2025-11-15,wk inc flu prop ed visits,1,2025-11-22,40,quantile,0.7,0.010260825878140208
2025-11-15,wk inc flu prop ed visits,2,2025-11-29,40,quantile,0.7,0.01048169320703599
2025-11-15,wk inc flu prop ed visits,3,2025-12-06,40,quantile,0.7,0.01723495199591542
2025-11-15,wk inc flu prop ed visits,0,2025-11-15,40,quantile,0.75,0.0040617549085767285
2025-11-15,wk inc flu prop ed visits,1,2025-11-22,40,quantile,0.75,0.011932229356305762
2025-11-15,wk inc flu prop ed visits,2,2025-11-29,40,quantile,0.75,0.012473908088773944
2025-11-15,wk inc flu prop ed visits,3,2025-12-06,40,quantile,0.75,0.020312471379203743
2025-11-15,wk inc flu prop ed visits,0,2025-11-15,40,quantile,0.8,0.004940839137951738
2025-11-15,wk inc flu prop ed visits,1,2025-11-22,40,quantile,0.8,0.014572278560409064
2025-11-15,wk inc flu prop ed visits,2,2025-11-29,40,quantile,0.8,0.01590440967565278
2025-11-15,wk inc flu prop ed visits,3,2025-12-06,40,quantile,0.8,0.024538619811838334
2025-11-15,wk inc flu prop ed visits,0,2025-11-15,40,quantile,0.85,0.0055861572053819974
2025-11-15,wk inc flu prop ed visits,1,2025-11-22,40,quantile,0.85,0.015452219154089921
2025-11-15,wk inc flu prop ed visits,2,2025-11-29,40,quantile,0.85,0.017331635687341574
2025-11-15,wk inc flu prop ed visits,3,2025-12-06,40,quantile,0.85,0.02659389470101274
2025-11-15,wk inc flu prop ed visits,0,2025-11-15,40,quantile,0.9,0.0069653431159746645
2025-11-15,wk inc flu prop ed visits,1,2025-11-22,40,quantile,0.9,0.017035557132978565
2025-11-15,wk inc flu prop ed visits,2,2025-11-29,40,quantile,0.9,0.01937972910708187
2025-11-15,wk inc flu prop ed visits,3,2025-12-06,40,quantile,0.9,0.02894922618820093
2025-11-15,wk inc flu prop ed visits,0,2025-11-15,40,quantile,0.95,0.008742767134047752
2025-11-15,wk inc flu prop ed visits,1,2025-11-22,40,quantile,0.95,0.019112484174430483
2025-11-15,wk inc flu prop ed visits,2,2025-11-29,40,quantile,0.95,0.022911358361568733
2025-11-15,wk inc flu prop ed visits,3,2025-12-06,40,quantile,0.95,0.03429098368344752
2025-11-15,wk inc flu prop ed visits,0,2025-11-15,40,quantile,0.975,0.009796047942479562
2025-11-15,wk inc flu prop ed visits,1,2025-11-22,40,quantile,0.975,0.021256796343831978
2025-11-15,wk inc flu prop ed visits,2,2025-11-29,40,quantile,0.975,0.026144001230637003
2025-11-15,wk inc flu prop ed visits,3,2025-12-06,40,quantile,0.975,0.0385034607389354
2025-11-15,wk inc flu prop ed visits,0,2025-11-15,40,quantile,0.99,0.009796047942479562
2025-11-15,wk inc flu prop ed visits,1,2025-11-22,40,quantile,0.99,0.022927297731336307
2025-11-15,wk inc flu prop ed visits,2,2025-11-29,40,quantile,0.99,0.03095556895981145
2025-11-15,wk inc flu prop ed visits,3,2025-12-06,40,quantile,0.99,0.04696180738724913
2025-11-15,wk inc flu hosp,0,2025-11-15,40,quantile,0.01,0
2025-11-15,wk inc flu hosp,1,2025-11-22,40,quantile,0.01,0
2025-11-15,wk inc flu hosp,2,2025-11-29,40,quantile,0.01,0
2025-11-15,wk inc flu hosp,3,2025-12-06,40,quantile,0.01,0
2025-11-15,wk inc flu hosp,0,2025-11-15,40,quantile,0.025,0
2025-11-15,wk inc flu hosp,1,2025-11-22,40,quantile,0.025,0
2025-11-15,wk inc flu hosp,2,2025-11-29,40,quantile,0.025,0
2025-11-15,wk inc flu hosp,3,2025-12-06,40,quantile,0.025,0
2025-11-15,wk inc flu hosp,0,2025-11-15,40,quantile,0.05,0
2025-11-15,wk inc flu hosp,1,2025-11-22,40,quantile,0.05,0
2025-11-15,wk inc flu hosp,2,2025-11-29,40,quantile,0.05,0
2025-11-15,wk inc flu hosp,3,2025-12-06,40,quantile,0.05,0
2025-11-15,wk inc flu hosp,0,2025-11-15,40,quantile,0.1,0
2025-11-15,wk inc flu hosp,1,2025-11-22,40,quantile,0.1,0
2025-11-15,wk inc flu hosp,2,2025-11-29,40,quantile,0.1,0
2025-11-15,wk inc flu hosp,3,2025-12-06,40,quantile,0.1,0
2025-11-15,wk inc flu hosp,0,2025-11-15,40,quantile,0.15,0
2025-11-15,wk inc flu hosp,1,2025-11-22,40,quantile,0.15,0
2025-11-15,wk inc flu hosp,2,2025-11-29,40,quantile,0.15,0
2025-11-15,wk inc flu hosp,3,2025-12-06,40,quantile,0.15,0
2025-11-15,wk inc flu hosp,0,2025-11-15,40,quantile,0.2,1
2025-11-15,wk inc flu hosp,1,2025-11-22,40,quantile,0.2,0
2025-11-15,wk inc flu hosp,2,2025-11-29,40,quantile,0.2,0
2025-11-15,wk inc flu hosp,3,2025-12-06,40,quantile,0.2,0
2025-11-15,wk inc flu hosp,0,2025-11-15,40,quantile,0.25,5
2025-11-15,wk inc flu hosp,1,2025-11-22,40,quantile,0.25,0
2025-11-15,wk inc flu hosp,2,2025-11-29,40,quantile,0.25,0
2025-11-15,wk inc flu hosp,3,2025-12-06,40,quantile,0.25,14
2025-11-15,wk inc flu hosp,0,2025-11-15,40,quantile,0.3,11
2025-11-15,wk inc flu hosp,1,2025-11-22,40,quantile,0.3,8
2025-11-15,wk inc flu hosp,2,2025-11-29,40,quantile,0.3,5
2025-11-15,wk inc flu hosp,3,2025-12-06,40,quantile,0.3,31
2025-11-15,wk inc flu hosp,0,2025-11-15,40,quantile,0.35,14
2025-11-15,wk inc flu hosp,1,2025-11-22,40,quantile,0.35,15
2025-11-15,wk inc flu hosp,2,2025-11-29,40,quantile,0.35,14
2025-11-15,wk inc flu hosp,3,2025-12-06,40,quantile,0.35,42
2025-11-15,wk inc flu hosp,0,2025-11-15,40,quantile,0.4,17
2025-11-15,wk inc flu hosp,1,2025-11-22,40,quantile,0.4,19
2025-11-15,wk inc flu hosp,2,2025-11-29,40,quantile,0.4,20
2025-11-15,wk inc flu hosp,3,2025-12-06,40,quantile,0.4,50
2025-11-15,wk inc flu hosp,0,2025-11-15,40,quantile,0.45,20
2025-11-15,wk inc flu hosp,1,2025-11-22,40,quantile,0.45,24
2025-11-15,wk inc flu hosp,2,2025-11-29,40,quantile,0.45,26
2025-11-15,wk inc flu hosp,3,2025-12-06,40,quantile,0.45,59
2025-11-15,wk inc flu hosp,0,2025-11-15,40,quantile,0.5,21
2025-11-15,wk inc flu hosp,1,2025-11-22,40,quantile,0.5,28
2025-11-15,wk inc flu hosp,2,2025-11-29,40,quantile,0.5,32
2025-11-15,wk inc flu hosp,3,2025-12-06,40,quantile,0.5,68
2025-11-15,wk inc flu hosp,0,2025-11-15,40,quantile,0.55,23
2025-11-15,wk inc flu hosp,1,2025-11-22,40,quantile,0.55,32
2025-11-15,wk inc flu hosp,2,2025-11-29,40,quantile,0.55,38
2025-11-15,wk inc flu hosp,3,2025-12-06,40,quantile,0.55,79
2025-11-15,wk inc flu hosp,0,2025-11-15,40,quantile,0.6,28
2025-11-15,wk inc flu hosp,1,2025-11-22,40,quantile,0.6,40
2025-11-15,wk inc flu hosp,2,2025-11-29,40,quantile,0.6,48
2025-11-15,wk inc flu hosp,3,2025-12-06,40,quantile,0.6,93
2025-11-15,wk inc flu hosp,0,2025-11-15,40,quantile,0.65,31
2025-11-15,wk inc flu hosp,1,2025-11-22,40,quantile,0.65,45
2025-11-15,wk inc flu hosp,2,2025-11-29,40,quantile,0.65,55
2025-11-15,wk inc flu hosp,3,2025-12-06,40,quantile,0.65,103
2025-11-15,wk inc flu hosp,0,2025-11-15,40,quantile,0.7,33
2025-11-15,wk inc flu hosp,1,2025-11-22,40,quantile,0.7,52
2025-11-15,wk inc flu hosp,2,2025-11-29,40,quantile,0.7,63
2025-11-15,wk inc flu hosp,3,2025-12-06,40,quantile,0.7,116
2025-11-15,wk inc flu hosp,0,2025-11-15,40,quantile,0.75,34
2025-11-15,wk inc flu hosp,1,2025-11-22,40,quantile,0.75,58
2025-11-15,wk inc flu hosp,2,2025-11-29,40,quantile,0.75,71
2025-11-15,wk inc flu hosp,3,2025-12-06,40,quantile,0.75,131
2025-11-15,wk inc flu hosp,0,2025-11-15,40,quantile,0.8,37
2025-11-15,wk inc flu hosp,1,2025-11-22,40,quantile,0.8,63
2025-11-15,wk inc flu hosp,2,2025-11-29,40,quantile,0.8,81
2025-11-15,wk inc flu hosp,3,2025-12-06,40,quantile,0.8,143
2025-11-15,wk inc flu hosp,0,2025-11-15,40,quantile,0.85,40
2025-11-15,wk inc flu hosp,1,2025-11-22,40,quantile,0.85,71
2025-11-15,wk inc flu hosp,2,2025-11-29,40,quantile,0.85,94
2025-11-15,wk inc flu hosp,3,2025-12-06,40,quantile,0.85,160
2025-11-15,wk inc flu hosp,0,2025-11-15,40,quantile,0.9,45
2025-11-15,wk inc flu hosp,1,2025-11-22,40,quantile,0.9,81
2025-11-15,wk inc flu hosp,2,2025-11-29,40,quantile,0.9,113
2025-11-15,wk inc flu hosp,3,2025-12-06,40,quantile,0.9,191
2025-11-15,wk inc flu hosp,0,2025-11-15,40,quantile,0.95,60
2025-11-15,wk inc flu hosp,1,2025-11-22,40,quantile,0.95,111
2025-11-15,wk inc flu hosp,2,2025-11-29,40,quantile,0.95,147
2025-11-15,wk inc flu hosp,3,2025-12-06,40,quantile,0.95,236
2025-11-15,wk inc flu hosp,0,2025-11-15,40,quantile,0.975,71
2025-11-15,wk inc flu hosp,1,2025-11-22,40,quantile,0.975,152
2025-11-15,wk inc flu hosp,2,2025-11-29,40,quantile,0.975,202
2025-11-15,wk inc flu hosp,3,2025-12-06,40,quantile,0.975,298
2025-11-15,wk inc flu hosp,0,2025-11-15,40,quantile,0.99,79
2025-11-15,wk inc flu hosp,1,2025-11-22,40,quantile,0.99,165
2025-11-15,wk inc flu hosp,2,2025-11-29,40,quantile,0.99,247
2025-11-15,wk inc flu hosp,3,2025-12-06,40,quantile,0.99,372
2025-11-15,wk inc flu prop ed visits,0,2025-11-15,41,quantile,0.01,0
2025-11-15,wk inc flu prop ed visits,1,2025-11-22,41,quantile,0.01,0
2025-11-15,wk inc flu prop ed visits,2,2025-11-29,41,quantile,0.01,0
2025-11-15,wk inc flu prop ed visits,3,2025-12-06,41,quantile,0.01,0
2025-11-15,wk inc flu prop ed visits,0,2025-11-15,41,quantile,0.025,0
2025-11-15,wk inc flu prop ed visits,1,2025-11-22,41,quantile,0.025,0
2025-11-15,wk inc flu prop ed visits,2,2025-11-29,41,quantile,0.025,0
2025-11-15,wk inc flu prop ed visits,3,2025-12-06,41,quantile,0.025,0
2025-11-15,wk inc flu prop ed visits,0,2025-11-15,41,quantile,0.05,0
2025-11-15,wk inc flu prop ed visits,1,2025-11-22,41,quantile,0.05,0
2025-11-15,wk inc flu prop ed visits,2,2025-11-29,41,quantile,0.05,0
2025-11-15,wk inc flu prop ed visits,3,2025-12-06,41,quantile,0.05,0
2025-11-15,wk inc flu prop ed visits,0,2025-11-15,41,quantile,0.1,0
2025-11-15,wk inc flu prop ed visits,1,2025-11-22,41,quantile,0.1,0
2025-11-15,wk inc flu prop ed visits,2,2025-11-29,41,quantile,0.1,0
2025-11-15,wk inc flu prop ed visits,3,2025-12-06,41,quantile,0.1,0
2025-11-15,wk inc flu prop ed visits,0,2025-11-15,41,quantile,0.15,0
2025-11-15,wk inc flu prop ed visits,1,2025-11-22,41,quantile,0.15,0
2025-11-15,wk inc flu prop ed visits,2,2025-11-29,41,quantile,0.15,0
2025-11-15,wk inc flu prop ed visits,3,2025-12-06,41,quantile,0.15,0
2025-11-15,wk inc flu prop ed visits,0,2025-11-15,41,quantile,0.2,0
2025-11-15,wk inc flu prop ed visits,1,2025-11-22,41,quantile,0.2,0
2025-11-15,wk inc flu prop ed visits,2,2025-11-29,41,quantile,0.2,0
2025-11-15,wk inc flu prop ed visits,3,2025-12-06,41,quantile,0.2,0
2025-11-15,wk inc flu prop ed visits,0,2025-11-15,41,quantile,0.25,0
2025-11-15,wk inc flu prop ed visits,1,2025-11-22,41,quantile,0.25,0
2025-11-15,wk inc flu prop ed visits,2,2025-11-29,41,quantile,0.25,0
2025-11-15,wk inc flu prop ed visits,3,2025-12-06,41,quantile,0.25,0
2025-11-15,wk inc flu prop ed visits,0,2025-11-15,41,quantile,0.3,0
2025-11-15,wk inc flu prop ed visits,1,2025-11-22,41,quantile,0.3,0
2025-11-15,wk inc flu prop ed visits,2,2025-11-29,41,quantile,0.3,0
2025-11-15,wk inc flu prop ed visits,3,2025-12-06,41,quantile,0.3,0
2025-11-15,wk inc flu prop ed visits,0,2025-11-15,41,quantile,0.35,0
2025-11-15,wk inc flu prop ed visits,1,2025-11-22,41,quantile,0.35,0
2025-11-15,wk inc flu prop ed visits,2,2025-11-29,41,quantile,0.35,0
2025-11-15,wk inc flu prop ed visits,3,2025-12-06,41,quantile,0.35,0.0070240185858629995
2025-11-15,wk inc flu prop ed visits,0,2025-11-15,41,quantile,0.4,4.2932259413025036e-4
2025-11-15,wk inc flu prop ed visits,1,2025-11-22,41,quantile,0.4,0
2025-11-15,wk inc flu prop ed visits,2,2025-11-29,41,quantile,0.4,0.004350954409724057
2025-11-15,wk inc flu prop ed visits,3,2025-12-06,41,quantile,0.4,0.015803944220874583
2025-11-15,wk inc flu prop ed visits,0,2025-11-15,41,quantile,0.45,0.0030784128136583616
2025-11-15,wk inc flu prop ed visits,1,2025-11-22,41,quantile,0.45,0.002688654858663434
2025-11-15,wk inc flu prop ed visits,2,2025-11-29,41,quantile,0.45,0.010402537337555398
2025-11-15,wk inc flu prop ed visits,3,2025-12-06,41,quantile,0.45,0.02334436743539539
2025-11-15,wk inc flu prop ed visits,0,2025-11-15,41,quantile,0.5,0.0049689982044863155
2025-11-15,wk inc flu prop ed visits,1,2025-11-22,41,quantile,0.5,0.006609483960773461
2025-11-15,wk inc flu prop ed visits,2,2025-11-29,41,quantile,0.5,0.015610063173244027
2025-11-15,wk inc flu prop ed visits,3,2025-12-06,41,quantile,0.5,0.0309509475406037
2025-11-15,wk inc flu prop ed visits,0,2025-11-15,41,quantile,0.55,0.007441529794267007
2025-11-15,wk inc flu prop ed visits,1,2025-11-22,41,quantile,0.55,0.011754214670956097
2025-11-15,wk inc flu prop ed visits,2,2025-11-29,41,quantile,0.55,0.022382883683350372
2025-11-15,wk inc flu prop ed visits,3,2025-12-06,41,quantile,0.55,0.04065119509466134
2025-11-15,wk inc flu prop ed visits,0,2025-11-15,41,quantile,0.6,0.008907429297239205
2025-11-15,wk inc flu prop ed visits,1,2025-11-22,41,quantile,0.6,0.015411697980349559
2025-11-15,wk inc flu prop ed visits,2,2025-11-29,41,quantile,0.6,0.027740878298660305
2025-11-15,wk inc flu prop ed visits,3,2025-12-06,41,quantile,0.6,0.051928405610137424
2025-11-15,wk inc flu prop ed visits,0,2025-11-15,41,quantile,0.65,0.011173509266308801
2025-11-15,wk inc flu prop ed visits,1,2025-11-22,41,quantile,0.65,0.02194509638682092
2025-11-15,wk inc flu prop ed visits,2,2025-11-29,41,quantile,0.65,0.03540305156573991
2025-11-15,wk inc flu prop ed visits,3,2025-12-06,41,quantile,0.65,0.0639041113461581
2025-11-15,wk inc flu prop ed visits,0,2025-11-15,41,quantile,0.7,0.013530968178204116
2025-11-15,wk inc flu prop ed visits,1,2025-11-22,41,quantile,0.7,0.026607788086273922
2025-11-15,wk inc flu prop ed visits,2,2025-11-29,41,quantile,0.7,0.04089508735949886
2025-11-15,wk inc flu prop ed visits,3,2025-12-06,41,quantile,0.7,0.07231390432213278
2025-11-15,wk inc flu prop ed visits,0,2025-11-15,41,quantile,0.75,0.01424703592489884
2025-11-15,wk inc flu prop ed visits,1,2025-11-22,41,quantile,0.75,0.02971679339587315
2025-11-15,wk inc flu prop ed visits,2,2025-11-29,41,quantile,0.75,0.0452130692646402
2025-11-15,wk inc flu prop ed visits,3,2025-12-06,41,quantile,0.75,0.0798850044895709
2025-11-15,wk inc flu prop ed visits,0,2025-11-15,41,quantile,0.8,0.014868841005797967
2025-11-15,wk inc flu prop ed visits,1,2025-11-22,41,quantile,0.8,0.032411930056116006
2025-11-15,wk inc flu prop ed visits,2,2025-11-29,41,quantile,0.8,0.049412461441786945
2025-11-15,wk inc flu prop ed visits,3,2025-12-06,41,quantile,0.8,0.08692891577204692
2025-11-15,wk inc flu prop ed visits,0,2025-11-15,41,quantile,0.85,0.015829424505068048
2025-11-15,wk inc flu prop ed visits,1,2025-11-22,41,quantile,0.85,0.03756797319146691
2025-11-15,wk inc flu prop ed visits,2,2025-11-29,41,quantile,0.85,0.05629111467983169
2025-11-15,wk inc flu prop ed visits,3,2025-12-06,41,quantile,0.85,0.09577686045283998
2025-11-15,wk inc flu prop ed visits,0,2025-11-15,41,quantile,0.9,0.016461060486239906
2025-11-15,wk inc flu prop ed visits,1,2025-11-22,41,quantile,0.9,0.04716072884040244
2025-11-15,wk inc flu prop ed visits,2,2025-11-29,41,quantile,0.9,0.06830097738337716
2025-11-15,wk inc flu prop ed visits,3,2025-12-06,41,quantile,0.9,0.1092667970032513
2025-11-15,wk inc flu prop ed visits,0,2025-11-15,41,quantile,0.95,0.017834857304324235
2025-11-15,wk inc flu prop ed visits,1,2025-11-22,41,quantile,0.95,0.05204586001678993
2025-11-15,wk inc flu prop ed visits,2,2025-11-29,41,quantile,0.95,0.07745504992719857
2025-11-15,wk inc flu prop ed visits,3,2025-12-06,41,quantile,0.95,0.13202469093600117
2025-11-15,wk inc flu prop ed visits,0,2025-11-15,41,quantile,0.975,0.020007615042054044
2025-11-15,wk inc flu prop ed visits,1,2025-11-22,41,quantile,0.975,0.05957548455472906
2025-11-15,wk inc flu prop ed visits,2,2025-11-29,41,quantile,0.975,0.09742736309248212
2025-11-15,wk inc flu prop ed visits,3,2025-12-06,41,quantile,0.975,0.16734952215387677
2025-11-15,wk inc flu prop ed visits,0,2025-11-15,41,quantile,0.99,0.032381500139340776
2025-11-15,wk inc flu prop ed visits,1,2025-11-22,41,quantile,0.99,0.08226827724219657
2025-11-15,wk inc flu prop ed visits,2,2025-11-29,41,quantile,0.99,0.14478950688323516
2025-11-15,wk inc flu prop ed visits,3,2025-12-06,41,quantile,0.99,0.223716107407458
2025-11-15,wk inc flu hosp,0,2025-11-15,41,quantile,0.01,0
2025-11-15,wk inc flu hosp,1,2025-11-22,41,quantile,0.01,0
2025-11-15,wk inc flu hosp,2,2025-11-29,41,quantile,0.01,0
2025-11-15,wk inc flu hosp,3,2025-12-06,41,quantile,0.01,0
2025-11-15,wk inc flu hosp,0,2025-11-15,41,quantile,0.025,0
2025-11-15,wk inc flu hosp,1,2025-11-22,41,quantile,0.025,0
2025-11-15,wk inc flu hosp,2,2025-11-29,41,quantile,0.025,0
2025-11-15,wk inc flu hosp,3,2025-12-06,41,quantile,0.025,0
2025-11-15,wk inc flu hosp,0,2025-11-15,41,quantile,0.05,0
2025-11-15,wk inc flu hosp,1,2025-11-22,41,quantile,0.05,0
2025-11-15,wk inc flu hosp,2,2025-11-29,41,quantile,0.05,0
2025-11-15,wk inc flu hosp,3,2025-12-06,41,quantile,0.05,0
2025-11-15,wk inc flu hosp,0,2025-11-15,41,quantile,0.1,0
2025-11-15,wk inc flu hosp,1,2025-11-22,41,quantile,0.1,0
2025-11-15,wk inc flu hosp,2,2025-11-29,41,quantile,0.1,0
2025-11-15,wk inc flu hosp,3,2025-12-06,41,quantile,0.1,0
2025-11-15,wk inc flu hosp,0,2025-11-15,41,quantile,0.15,0
2025-11-15,wk inc flu hosp,1,2025-11-22,41,quantile,0.15,2
2025-11-15,wk inc flu hosp,2,2025-11-29,41,quantile,0.15,0
2025-11-15,wk inc flu hosp,3,2025-12-06,41,quantile,0.15,0
2025-11-15,wk inc flu hosp,0,2025-11-15,41,quantile,0.2,4
2025-11-15,wk inc flu hosp,1,2025-11-22,41,quantile,0.2,21
2025-11-15,wk inc flu hosp,2,2025-11-29,41,quantile,0.2,29
2025-11-15,wk inc flu hosp,3,2025-12-06,41,quantile,0.2,18
2025-11-15,wk inc flu hosp,0,2025-11-15,41,quantile,0.25,12
2025-11-15,wk inc flu hosp,1,2025-11-22,41,quantile,0.25,38
2025-11-15,wk inc flu hosp,2,2025-11-29,41,quantile,0.25,55
2025-11-15,wk inc flu hosp,3,2025-12-06,41,quantile,0.25,65
2025-11-15,wk inc flu hosp,0,2025-11-15,41,quantile,0.3,20
2025-11-15,wk inc flu hosp,1,2025-11-22,41,quantile,0.3,53
2025-11-15,wk inc flu hosp,2,2025-11-29,41,quantile,0.3,85
2025-11-15,wk inc flu hosp,3,2025-12-06,41,quantile,0.3,114
2025-11-15,wk inc flu hosp,0,2025-11-15,41,quantile,0.35,30
2025-11-15,wk inc flu hosp,1,2025-11-22,41,quantile,0.35,67
2025-11-15,wk inc flu hosp,2,2025-11-29,41,quantile,0.35,102
2025-11-15,wk inc flu hosp,3,2025-12-06,41,quantile,0.35,150
2025-11-15,wk inc flu hosp,0,2025-11-15,41,quantile,0.4,43
2025-11-15,wk inc flu hosp,1,2025-11-22,41,quantile,0.4,88
2025-11-15,wk inc flu hosp,2,2025-11-29,41,quantile,0.4,129
2025-11-15,wk inc flu hosp,3,2025-12-06,41,quantile,0.4,188
2025-11-15,wk inc flu hosp,0,2025-11-15,41,quantile,0.45,58
2025-11-15,wk inc flu hosp,1,2025-11-22,41,quantile,0.45,114
2025-11-15,wk inc flu hosp,2,2025-11-29,41,quantile,0.45,159
2025-11-15,wk inc flu hosp,3,2025-12-06,41,quantile,0.45,230
2025-11-15,wk inc flu hosp,0,2025-11-15,41,quantile,0.5,68
2025-11-15,wk inc flu hosp,1,2025-11-22,41,quantile,0.5,131
2025-11-15,wk inc flu hosp,2,2025-11-29,41,quantile,0.5,180
2025-11-15,wk inc flu hosp,3,2025-12-06,41,quantile,0.5,259
2025-11-15,wk inc flu hosp,0,2025-11-15,41,quantile,0.55,74
2025-11-15,wk inc flu hosp,1,2025-11-22,41,quantile,0.55,143
2025-11-15,wk inc flu hosp,2,2025-11-29,41,quantile,0.55,196
2025-11-15,wk inc flu hosp,3,2025-12-06,41,quantile,0.55,283
2025-11-15,wk inc flu hosp,0,2025-11-15,41,quantile,0.6,77
2025-11-15,wk inc flu hosp,1,2025-11-22,41,quantile,0.6,172
2025-11-15,wk inc flu hosp,2,2025-11-29,41,quantile,0.6,234
2025-11-15,wk inc flu hosp,3,2025-12-06,41,quantile,0.6,335
2025-11-15,wk inc flu hosp,0,2025-11-15,41,quantile,0.65,91
2025-11-15,wk inc flu hosp,1,2025-11-22,41,quantile,0.65,203
2025-11-15,wk inc flu hosp,2,2025-11-29,41,quantile,0.65,272
2025-11-15,wk inc flu hosp,3,2025-12-06,41,quantile,0.65,382
2025-11-15,wk inc flu hosp,0,2025-11-15,41,quantile,0.7,97
2025-11-15,wk inc flu hosp,1,2025-11-22,41,quantile,0.7,217
2025-11-15,wk inc flu hosp,2,2025-11-29,41,quantile,0.7,292
2025-11-15,wk inc flu hosp,3,2025-12-06,41,quantile,0.7,419
2025-11-15,wk inc flu hosp,0,2025-11-15,41,quantile,0.75,98
2025-11-15,wk inc flu hosp,1,2025-11-22,41,quantile,0.75,243
2025-11-15,wk inc flu hosp,2,2025-11-29,41,quantile,0.75,326
2025-11-15,wk inc flu hosp,3,2025-12-06,41,quantile,0.75,470
2025-11-15,wk inc flu hosp,0,2025-11-15,41,quantile,0.8,99
2025-11-15,wk inc flu hosp,1,2025-11-22,41,quantile,0.8,250
2025-11-15,wk inc flu hosp,2,2025-11-29,41,quantile,0.8,338
2025-11-15,wk inc flu hosp,3,2025-12-06,41,quantile,0.8,493
2025-11-15,wk inc flu hosp,0,2025-11-15,41,quantile,0.85,99
2025-11-15,wk inc flu hosp,1,2025-11-22,41,quantile,0.85,258
2025-11-15,wk inc flu hosp,2,2025-11-29,41,quantile,0.85,357
2025-11-15,wk inc flu hosp,3,2025-12-06,41,quantile,0.85,516
2025-11-15,wk inc flu hosp,0,2025-11-15,41,quantile,0.9,100
2025-11-15,wk inc flu hosp,1,2025-11-22,41,quantile,0.9,262
2025-11-15,wk inc flu hosp,2,2025-11-29,41,quantile,0.9,370
2025-11-15,wk inc flu hosp,3,2025-12-06,41,quantile,0.9,579
2025-11-15,wk inc flu hosp,0,2025-11-15,41,quantile,0.95,102
2025-11-15,wk inc flu hosp,1,2025-11-22,41,quantile,0.95,270
2025-11-15,wk inc flu hosp,2,2025-11-29,41,quantile,0.95,407
2025-11-15,wk inc flu hosp,3,2025-12-06,41,quantile,0.95,689
2025-11-15,wk inc flu hosp,0,2025-11-15,41,quantile,0.975,110
2025-11-15,wk inc flu hosp,1,2025-11-22,41,quantile,0.975,283
2025-11-15,wk inc flu hosp,2,2025-11-29,41,quantile,0.975,529
2025-11-15,wk inc flu hosp,3,2025-12-06,41,quantile,0.975,907
2025-11-15,wk inc flu hosp,0,2025-11-15,41,quantile,0.99,120
2025-11-15,wk inc flu hosp,1,2025-11-22,41,quantile,0.99,327
2025-11-15,wk inc flu hosp,2,2025-11-29,41,quantile,0.99,617
2025-11-15,wk inc flu hosp,3,2025-12-06,41,quantile,0.99,1010
2025-11-15,wk inc flu prop ed visits,0,2025-11-15,42,quantile,0.01,0
2025-11-15,wk inc flu prop ed visits,1,2025-11-22,42,quantile,0.01,0
2025-11-15,wk inc flu prop ed visits,2,2025-11-29,42,quantile,0.01,0
2025-11-15,wk inc flu prop ed visits,3,2025-12-06,42,quantile,0.01,0
2025-11-15,wk inc flu prop ed visits,0,2025-11-15,42,quantile,0.025,0
2025-11-15,wk inc flu prop ed visits,1,2025-11-22,42,quantile,0.025,0
2025-11-15,wk inc flu prop ed visits,2,2025-11-29,42,quantile,0.025,0
2025-11-15,wk inc flu prop ed visits,3,2025-12-06,42,quantile,0.025,0
2025-11-15,wk inc flu prop ed visits,0,2025-11-15,42,quantile,0.05,0
2025-11-15,wk inc flu prop ed visits,1,2025-11-22,42,quantile,0.05,0
2025-11-15,wk inc flu prop ed visits,2,2025-11-29,42,quantile,0.05,0
2025-11-15,wk inc flu prop ed visits,3,2025-12-06,42,quantile,0.05,0
2025-11-15,wk inc flu prop ed visits,0,2025-11-15,42,quantile,0.1,0
2025-11-15,wk inc flu prop ed visits,1,2025-11-22,42,quantile,0.1,0
2025-11-15,wk inc flu prop ed visits,2,2025-11-29,42,quantile,0.1,0
2025-11-15,wk inc flu prop ed visits,3,2025-12-06,42,quantile,0.1,0
2025-11-15,wk inc flu prop ed visits,0,2025-11-15,42,quantile,0.15,0
2025-11-15,wk inc flu prop ed visits,1,2025-11-22,42,quantile,0.15,0
2025-11-15,wk inc flu prop ed visits,2,2025-11-29,42,quantile,0.15,0
2025-11-15,wk inc flu prop ed visits,3,2025-12-06,42,quantile,0.15,0
2025-11-15,wk inc flu prop ed visits,0,2025-11-15,42,quantile,0.2,0
2025-11-15,wk inc flu prop ed visits,1,2025-11-22,42,quantile,0.2,0
2025-11-15,wk inc flu prop ed visits,2,2025-11-29,42,quantile,0.2,0
2025-11-15,wk inc flu prop ed visits,3,2025-12-06,42,quantile,0.2,0
2025-11-15,wk inc flu prop ed visits,0,2025-11-15,42,quantile,0.25,0
2025-11-15,wk inc flu prop ed visits,1,2025-11-22,42,quantile,0.25,0
2025-11-15,wk inc flu prop ed visits,2,2025-11-29,42,quantile,0.25,0
2025-11-15,wk inc flu prop ed visits,3,2025-12-06,42,quantile,0.25,0
2025-11-15,wk inc flu prop ed visits,0,2025-11-15,42,quantile,0.3,0
2025-11-15,wk inc flu prop ed visits,1,2025-11-22,42,quantile,0.3,0
2025-11-15,wk inc flu prop ed visits,2,2025-11-29,42,quantile,0.3,0
2025-11-15,wk inc flu prop ed visits,3,2025-12-06,42,quantile,0.3,0
2025-11-15,wk inc flu prop ed visits,0,2025-11-15,42,quantile,0.35,0
2025-11-15,wk inc flu prop ed visits,1,2025-11-22,42,quantile,0.35,0
2025-11-15,wk inc flu prop ed visits,2,2025-11-29,42,quantile,0.35,0
2025-11-15,wk inc flu prop ed visits,3,2025-12-06,42,quantile,0.35,0
2025-11-15,wk inc flu prop ed visits,0,2025-11-15,42,quantile,0.4,0
2025-11-15,wk inc flu prop ed visits,1,2025-11-22,42,quantile,0.4,0
2025-11-15,wk inc flu prop ed visits,2,2025-11-29,42,quantile,0.4,0
2025-11-15,wk inc flu prop ed visits,3,2025-12-06,42,quantile,0.4,0
2025-11-15,wk inc flu prop ed visits,0,2025-11-15,42,quantile,0.45,0
2025-11-15,wk inc flu prop ed visits,1,2025-11-22,42,quantile,0.45,0
2025-11-15,wk inc flu prop ed visits,2,2025-11-29,42,quantile,0.45,0
2025-11-15,wk inc flu prop ed visits,3,2025-12-06,42,quantile,0.45,0
2025-11-15,wk inc flu prop ed visits,0,2025-11-15,42,quantile,0.5,0
2025-11-15,wk inc flu prop ed visits,1,2025-11-22,42,quantile,0.5,0
2025-11-15,wk inc flu prop ed visits,2,2025-11-29,42,quantile,0.5,0
2025-11-15,wk inc flu prop ed visits,3,2025-12-06,42,quantile,0.5,0.0013021327498552687
2025-11-15,wk inc flu prop ed visits,0,2025-11-15,42,quantile,0.55,1.7963614861700417e-4
2025-11-15,wk inc flu prop ed visits,1,2025-11-22,42,quantile,0.55,0
2025-11-15,wk inc flu prop ed visits,2,2025-11-29,42,quantile,0.55,0.0020824257402396996
2025-11-15,wk inc flu prop ed visits,3,2025-12-06,42,quantile,0.55,0.005244517826872181
2025-11-15,wk inc flu prop ed visits,0,2025-11-15,42,quantile,0.6,7.355312342056744e-4
2025-11-15,wk inc flu prop ed visits,1,2025-11-22,42,quantile,0.6,6.075993591569487e-4
2025-11-15,wk inc flu prop ed visits,2,2025-11-29,42,quantile,0.6,0.0034433612834998905
2025-11-15,wk inc flu prop ed visits,3,2025-12-06,42,quantile,0.6,0.008321206331418307
2025-11-15,wk inc flu prop ed visits,0,2025-11-15,42,quantile,0.65,0.0011801683365147394
2025-11-15,wk inc flu prop ed visits,1,2025-11-22,42,quantile,0.65,0.0016540332811502273
2025-11-15,wk inc flu prop ed visits,2,2025-11-29,42,quantile,0.65,0.005247657704318645
2025-11-15,wk inc flu prop ed visits,3,2025-12-06,42,quantile,0.65,0.01165919939312168
2025-11-15,wk inc flu prop ed visits,0,2025-11-15,42,quantile,0.7,0.0023664301814765505
2025-11-15,wk inc flu prop ed visits,1,2025-11-22,42,quantile,0.7,0.0032826179576946283
2025-11-15,wk inc flu prop ed visits,2,2025-11-29,42,quantile,0.7,0.007095823395000909
2025-11-15,wk inc flu prop ed visits,3,2025-12-06,42,quantile,0.7,0.014868862765692183
2025-11-15,wk inc flu prop ed visits,0,2025-11-15,42,quantile,0.75,0.0028552681019295314
2025-11-15,wk inc flu prop ed visits,1,2025-11-22,42,quantile,0.75,0.00498104120286637
2025-11-15,wk inc flu prop ed visits,2,2025-11-29,42,quantile,0.75,0.009406548310714068
2025-11-15,wk inc flu prop ed visits,3,2025-12-06,42,quantile,0.75,0.017788547466143608
2025-11-15,wk inc flu prop ed visits,0,2025-11-15,42,quantile,0.8,0.003203871766466672
2025-11-15,wk inc flu prop ed visits,1,2025-11-22,42,quantile,0.8,0.005729502393566888
2025-11-15,wk inc flu prop ed visits,2,2025-11-29,42,quantile,0.8,0.011471298330191409
2025-11-15,wk inc flu prop ed visits,3,2025-12-06,42,quantile,0.8,0.02029439544619757
2025-11-15,wk inc flu prop ed visits,0,2025-11-15,42,quantile,0.85,0.0034959036693366914
2025-11-15,wk inc flu prop ed visits,1,2025-11-22,42,quantile,0.85,0.006342649489948833
2025-11-15,wk inc flu prop ed visits,2,2025-11-29,42,quantile,0.85,0.012572671044553382
2025-11-15,wk inc flu prop ed visits,3,2025-12-06,42,quantile,0.85,0.021965949432578562
2025-11-15,wk inc flu prop ed visits,0,2025-11-15,42,quantile,0.9,0.0036209892122342205
2025-11-15,wk inc flu prop ed visits,1,2025-11-22,42,quantile,0.9,0.006704438878469559
2025-11-15,wk inc flu prop ed visits,2,2025-11-29,42,quantile,0.9,0.013291600507242443
2025-11-15,wk inc flu prop ed visits,3,2025-12-06,42,quantile,0.9,0.0231495767997444
2025-11-15,wk inc flu prop ed visits,0,2025-11-15,42,quantile,0.95,0.0038027782764109004
2025-11-15,wk inc flu prop ed visits,1,2025-11-22,42,quantile,0.95,0.0071876071707952785
2025-11-15,wk inc flu prop ed visits,2,2025-11-29,42,quantile,0.95,0.014734204761868406
2025-11-15,wk inc flu prop ed visits,3,2025-12-06,42,quantile,0.95,0.025731033680269886
2025-11-15,wk inc flu prop ed visits,0,2025-11-15,42,quantile,0.975,0.00721605450111742
2025-11-15,wk inc flu prop ed visits,1,2025-11-22,42,quantile,0.975,0.013924847494769754
2025-11-15,wk inc flu prop ed visits,2,2025-11-29,42,quantile,0.975,0.025492159765445544
2025-11-15,wk inc flu prop ed visits,3,2025-12-06,42,quantile,0.975,0.03899149654933543
2025-11-15,wk inc flu prop ed visits,0,2025-11-15,42,quantile,0.99,0.00721605450111742
2025-11-15,wk inc flu prop ed visits,1,2025-11-22,42,quantile,0.99,0.013924847494769754
2025-11-15,wk inc flu prop ed visits,2,2025-11-29,42,quantile,0.99,0.025492159765445544
2025-11-15,wk inc flu prop ed visits,3,2025-12-06,42,quantile,0.99,0.04290757570293205
2025-11-15,wk inc flu hosp,0,2025-11-15,42,quantile,0.01,65
2025-11-15,wk inc flu hosp,1,2025-11-22,42,quantile,0.01,0
2025-11-15,wk inc flu hosp,2,2025-11-29,42,quantile,0.01,0
2025-11-15,wk inc flu hosp,3,2025-12-06,42,quantile,0.01,0
2025-11-15,wk inc flu hosp,0,2025-11-15,42,quantile,0.025,65
2025-11-15,wk inc flu hosp,1,2025-11-22,42,quantile,0.025,0
2025-11-15,wk inc flu hosp,2,2025-11-29,42,quantile,0.025,0
2025-11-15,wk inc flu hosp,3,2025-12-06,42,quantile,0.025,0
2025-11-15,wk inc flu hosp,0,2025-11-15,42,quantile,0.05,65
2025-11-15,wk inc flu hosp,1,2025-11-22,42,quantile,0.05,0
2025-11-15,wk inc flu hosp,2,2025-11-29,42,quantile,0.05,0
2025-11-15,wk inc flu hosp,3,2025-12-06,42,quantile,0.05,0
2025-11-15,wk inc flu hosp,0,2025-11-15,42,quantile,0.1,65
2025-11-15,wk inc flu hosp,1,2025-11-22,42,quantile,0.1,0
2025-11-15,wk inc flu hosp,2,2025-11-29,42,quantile,0.1,0
2025-11-15,wk inc flu hosp,3,2025-12-06,42,quantile,0.1,0
2025-11-15,wk inc flu hosp,0,2025-11-15,42,quantile,0.15,65
2025-11-15,wk inc flu hosp,1,2025-11-22,42,quantile,0.15,0
2025-11-15,wk inc flu hosp,2,2025-11-29,42,quantile,0.15,0
2025-11-15,wk inc flu hosp,3,2025-12-06,42,quantile,0.15,0
2025-11-15,wk inc flu hosp,0,2025-11-15,42,quantile,0.2,66
2025-11-15,wk inc flu hosp,1,2025-11-22,42,quantile,0.2,2
2025-11-15,wk inc flu hosp,2,2025-11-29,42,quantile,0.2,0
2025-11-15,wk inc flu hosp,3,2025-12-06,42,quantile,0.2,0
2025-11-15,wk inc flu hosp,0,2025-11-15,42,quantile,0.25,83
2025-11-15,wk inc flu hosp,1,2025-11-22,42,quantile,0.25,33
2025-11-15,wk inc flu hosp,2,2025-11-29,42,quantile,0.25,0
2025-11-15,wk inc flu hosp,3,2025-12-06,42,quantile,0.25,0
2025-11-15,wk inc flu hosp,0,2025-11-15,42,quantile,0.3,127
2025-11-15,wk inc flu hosp,1,2025-11-22,42,quantile,0.3,92
2025-11-15,wk inc flu hosp,2,2025-11-29,42,quantile,0.3,122
2025-11-15,wk inc flu hosp,3,2025-12-06,42,quantile,0.3,141
2025-11-15,wk inc flu hosp,0,2025-11-15,42,quantile,0.35,160
2025-11-15,wk inc flu hosp,1,2025-11-22,42,quantile,0.35,183
2025-11-15,wk inc flu hosp,2,2025-11-29,42,quantile,0.35,258
2025-11-15,wk inc flu hosp,3,2025-12-06,42,quantile,0.35,320
2025-11-15,wk inc flu hosp,0,2025-11-15,42,quantile,0.4,174
2025-11-15,wk inc flu hosp,1,2025-11-22,42,quantile,0.4,213
2025-11-15,wk inc flu hosp,2,2025-11-29,42,quantile,0.4,314
2025-11-15,wk inc flu hosp,3,2025-12-06,42,quantile,0.4,401
2025-11-15,wk inc flu hosp,0,2025-11-15,42,quantile,0.45,196
2025-11-15,wk inc flu hosp,1,2025-11-22,42,quantile,0.45,255
2025-11-15,wk inc flu hosp,2,2025-11-29,42,quantile,0.45,376
2025-11-15,wk inc flu hosp,3,2025-12-06,42,quantile,0.45,483
2025-11-15,wk inc flu hosp,0,2025-11-15,42,quantile,0.5,208
2025-11-15,wk inc flu hosp,1,2025-11-22,42,quantile,0.5,281
2025-11-15,wk inc flu hosp,2,2025-11-29,42,quantile,0.5,427
2025-11-15,wk inc flu hosp,3,2025-12-06,42,quantile,0.5,577
2025-11-15,wk inc flu hosp,0,2025-11-15,42,quantile,0.55,217
2025-11-15,wk inc flu hosp,1,2025-11-22,42,quantile,0.55,298
2025-11-15,wk inc flu hosp,2,2025-11-29,42,quantile,0.55,457
2025-11-15,wk inc flu hosp,3,2025-12-06,42,quantile,0.55,624
2025-11-15,wk inc flu hosp,0,2025-11-15,42,quantile,0.6,224
2025-11-15,wk inc flu hosp,1,2025-11-22,42,quantile,0.6,314
2025-11-15,wk inc flu hosp,2,2025-11-29,42,quantile,0.6,485
2025-11-15,wk inc flu hosp,3,2025-12-06,42,quantile,0.6,681
2025-11-15,wk inc flu hosp,0,2025-11-15,42,quantile,0.65,233
2025-11-15,wk inc flu hosp,1,2025-11-22,42,quantile,0.65,329
2025-11-15,wk inc flu hosp,2,2025-11-29,42,quantile,0.65,513
2025-11-15,wk inc flu hosp,3,2025-12-06,42,quantile,0.65,763
2025-11-15,wk inc flu hosp,0,2025-11-15,42,quantile,0.7,246
2025-11-15,wk inc flu hosp,1,2025-11-22,42,quantile,0.7,354
2025-11-15,wk inc flu hosp,2,2025-11-29,42,quantile,0.7,548
2025-11-15,wk inc flu hosp,3,2025-12-06,42,quantile,0.7,841
2025-11-15,wk inc flu hosp,0,2025-11-15,42,quantile,0.75,262
2025-11-15,wk inc flu hosp,1,2025-11-22,42,quantile,0.75,399
2025-11-15,wk inc flu hosp,2,2025-11-29,42,quantile,0.75,605
2025-11-15,wk inc flu hosp,3,2025-12-06,42,quantile,0.75,922
2025-11-15,wk inc flu hosp,0,2025-11-15,42,quantile,0.8,275
2025-11-15,wk inc flu hosp,1,2025-11-22,42,quantile,0.8,429
2025-11-15,wk inc flu hosp,2,2025-11-29,42,quantile,0.8,652
2025-11-15,wk inc flu hosp,3,2025-12-06,42,quantile,0.8,979
2025-11-15,wk inc flu hosp,0,2025-11-15,42,quantile,0.85,286
2025-11-15,wk inc flu hosp,1,2025-11-22,42,quantile,0.85,446
2025-11-15,wk inc flu hosp,2,2025-11-29,42,quantile,0.85,690
2025-11-15,wk inc flu hosp,3,2025-12-06,42,quantile,0.85,1030
2025-11-15,wk inc flu hosp,0,2025-11-15,42,quantile,0.9,292
2025-11-15,wk inc flu hosp,1,2025-11-22,42,quantile,0.9,459
2025-11-15,wk inc flu hosp,2,2025-11-29,42,quantile,0.9,713
2025-11-15,wk inc flu hosp,3,2025-12-06,42,quantile,0.9,1054
2025-11-15,wk inc flu hosp,0,2025-11-15,42,quantile,0.95,301
2025-11-15,wk inc flu hosp,1,2025-11-22,42,quantile,0.95,477
2025-11-15,wk inc flu hosp,2,2025-11-29,42,quantile,0.95,757
2025-11-15,wk inc flu hosp,3,2025-12-06,42,quantile,0.95,1132
2025-11-15,wk inc flu hosp,0,2025-11-15,42,quantile,0.975,432
2025-11-15,wk inc flu hosp,1,2025-11-22,42,quantile,0.975,773
2025-11-15,wk inc flu hosp,2,2025-11-29,42,quantile,0.975,1172
2025-11-15,wk inc flu hosp,3,2025-12-06,42,quantile,0.975,1595
2025-11-15,wk inc flu hosp,0,2025-11-15,42,quantile,0.99,470
2025-11-15,wk inc flu hosp,1,2025-11-22,42,quantile,0.99,885
2025-11-15,wk inc flu hosp,2,2025-11-29,42,quantile,0.99,1346
2025-11-15,wk inc flu hosp,3,2025-12-06,42,quantile,0.99,1961
2025-11-15,wk inc flu prop ed visits,0,2025-11-15,46,quantile,0.01,0
2025-11-15,wk inc flu prop ed visits,1,2025-11-22,46,quantile,0.01,0
2025-11-15,wk inc flu prop ed visits,2,2025-11-29,46,quantile,0.01,0
2025-11-15,wk inc flu prop ed visits,3,2025-12-06,46,quantile,0.01,0
2025-11-15,wk inc flu prop ed visits,0,2025-11-15,46,quantile,0.025,0
2025-11-15,wk inc flu prop ed visits,1,2025-11-22,46,quantile,0.025,0
2025-11-15,wk inc flu prop ed visits,2,2025-11-29,46,quantile,0.025,0
2025-11-15,wk inc flu prop ed visits,3,2025-12-06,46,quantile,0.025,0
2025-11-15,wk inc flu prop ed visits,0,2025-11-15,46,quantile,0.05,0
2025-11-15,wk inc flu prop ed visits,1,2025-11-22,46,quantile,0.05,0
2025-11-15,wk inc flu prop ed visits,2,2025-11-29,46,quantile,0.05,0
2025-11-15,wk inc flu prop ed visits,3,2025-12-06,46,quantile,0.05,0
2025-11-15,wk inc flu prop ed visits,0,2025-11-15,46,quantile,0.1,0
2025-11-15,wk inc flu prop ed visits,1,2025-11-22,46,quantile,0.1,0
2025-11-15,wk inc flu prop ed visits,2,2025-11-29,46,quantile,0.1,0
2025-11-15,wk inc flu prop ed visits,3,2025-12-06,46,quantile,0.1,0
2025-11-15,wk inc flu prop ed visits,0,2025-11-15,46,quantile,0.15,0
2025-11-15,wk inc flu prop ed visits,1,2025-11-22,46,quantile,0.15,0
2025-11-15,wk inc flu prop ed visits,2,2025-11-29,46,quantile,0.15,0
2025-11-15,wk inc flu prop ed visits,3,2025-12-06,46,quantile,0.15,0
2025-11-15,wk inc flu prop ed visits,0,2025-11-15,46,quantile,0.2,0
2025-11-15,wk inc flu prop ed visits,1,2025-11-22,46,quantile,0.2,0
2025-11-15,wk inc flu prop ed visits,2,2025-11-29,46,quantile,0.2,0
2025-11-15,wk inc flu prop ed visits,3,2025-12-06,46,quantile,0.2,0
2025-11-15,wk inc flu prop ed visits,0,2025-11-15,46,quantile,0.25,6.314891167349338e-5
2025-11-15,wk inc flu prop ed visits,1,2025-11-22,46,quantile,0.25,0
2025-11-15,wk inc flu prop ed visits,2,2025-11-29,46,quantile,0.25,0
2025-11-15,wk inc flu prop ed visits,3,2025-12-06,46,quantile,0.25,0
2025-11-15,wk inc flu prop ed visits,0,2025-11-15,46,quantile,0.3,4.3165152806278205e-4
2025-11-15,wk inc flu prop ed visits,1,2025-11-22,46,quantile,0.3,0
2025-11-15,wk inc flu prop ed visits,2,2025-11-29,46,quantile,0.3,0
2025-11-15,wk inc flu prop ed visits,3,2025-12-06,46,quantile,0.3,0
2025-11-15,wk inc flu prop ed visits,0,2025-11-15,46,quantile,0.35,6.980217215870905e-4
2025-11-15,wk inc flu prop ed visits,1,2025-11-22,46,quantile,0.35,0
2025-11-15,wk inc flu prop ed visits,2,2025-11-29,46,quantile,0.35,0
2025-11-15,wk inc flu prop ed visits,3,2025-12-06,46,quantile,0.35,0
2025-11-15,wk inc flu prop ed visits,0,2025-11-15,46,quantile,0.4,9.208817496660878e-4
2025-11-15,wk inc flu prop ed visits,1,2025-11-22,46,quantile,0.4,0
2025-11-15,wk inc flu prop ed visits,2,2025-11-29,46,quantile,0.4,0
2025-11-15,wk inc flu prop ed visits,3,2025-12-06,46,quantile,0.4,0
2025-11-15,wk inc flu prop ed visits,0,2025-11-15,46,quantile,0.45,0.001108106653239143
2025-11-15,wk inc flu prop ed visits,1,2025-11-22,46,quantile,0.45,0
2025-11-15,wk inc flu prop ed visits,2,2025-11-29,46,quantile,0.45,0
2025-11-15,wk inc flu prop ed visits,3,2025-12-06,46,quantile,0.45,1.1588760828226523e-4
2025-11-15,wk inc flu prop ed visits,0,2025-11-15,46,quantile,0.5,0.0012929563872738474
2025-11-15,wk inc flu prop ed visits,1,2025-11-22,46,quantile,0.5,0
2025-11-15,wk inc flu prop ed visits,2,2025-11-29,46,quantile,0.5,0
2025-11-15,wk inc flu prop ed visits,3,2025-12-06,46,quantile,0.5,0.00162527071637391
2025-11-15,wk inc flu prop ed visits,0,2025-11-15,46,quantile,0.55,0.0017832717137058098
2025-11-15,wk inc flu prop ed visits,1,2025-11-22,46,quantile,0.55,7.807193955781378e-4
2025-11-15,wk inc flu prop ed visits,2,2025-11-29,46,quantile,0.55,0.0010154010919214077
2025-11-15,wk inc flu prop ed visits,3,2025-12-06,46,quantile,0.55,0.0030531380174066065
2025-11-15,wk inc flu prop ed visits,0,2025-11-15,46,quantile,0.6,0.0020240496011092518
2025-11-15,wk inc flu prop ed visits,1,2025-11-22,46,quantile,0.6,0.0013455658237355075
2025-11-15,wk inc flu prop ed visits,2,2025-11-29,46,quantile,0.6,0.002207017401691848
2025-11-15,wk inc flu prop ed visits,3,2025-12-06,46,quantile,0.6,0.004925511856089904
2025-11-15,wk inc flu prop ed visits,0,2025-11-15,46,quantile,0.65,0.002281526134612409
2025-11-15,wk inc flu prop ed visits,1,2025-11-22,46,quantile,0.65,0.0018451599323101597
2025-11-15,wk inc flu prop ed visits,2,2025-11-29,46,quantile,0.65,0.00307784225436218
2025-11-15,wk inc flu prop ed visits,3,2025-12-06,46,quantile,0.65,0.006181134668536286
2025-11-15,wk inc flu prop ed visits,0,2025-11-15,46,quantile,0.7,0.0026994022105205034
2025-11-15,wk inc flu prop ed visits,1,2025-11-22,46,quantile,0.7,0.002437031240471324
2025-11-15,wk inc flu prop ed visits,2,2025-11-29,46,quantile,0.7,0.0038600479434140163
2025-11-15,wk inc flu prop ed visits,3,2025-12-06,46,quantile,0.7,0.007174452839503218
2025-11-15,wk inc flu prop ed visits,0,2025-11-15,46,quantile,0.75,0.0028759654222772005
2025-11-15,wk inc flu prop ed visits,1,2025-11-22,46,quantile,0.75,0.0031411054643523412
2025-11-15,wk inc flu prop ed visits,2,2025-11-29,46,quantile,0.75,0.004652899944213231
2025-11-15,wk inc flu prop ed visits,3,2025-12-06,46,quantile,0.75,0.008189659814424323
2025-11-15,wk inc flu prop ed visits,0,2025-11-15,46,quantile,0.8,0.0030790851217367046
2025-11-15,wk inc flu prop ed visits,1,2025-11-22,46,quantile,0.8,0.003819586817144207
2025-11-15,wk inc flu prop ed visits,2,2025-11-29,46,quantile,0.8,0.0054478386936973565
2025-11-15,wk inc flu prop ed visits,3,2025-12-06,46,quantile,0.8,0.009502326324373563
2025-11-15,wk inc flu prop ed visits,0,2025-11-15,46,quantile,0.85,0.003586557898665173
2025-11-15,wk inc flu prop ed visits,1,2025-11-22,46,quantile,0.85,0.005063352698125069
2025-11-15,wk inc flu prop ed visits,2,2025-11-29,46,quantile,0.85,0.006996932614072531
2025-11-15,wk inc flu prop ed visits,3,2025-12-06,46,quantile,0.85,0.01150511498779322
2025-11-15,wk inc flu prop ed visits,0,2025-11-15,46,quantile,0.9,0.004017531605973032
2025-11-15,wk inc flu prop ed visits,1,2025-11-22,46,quantile,0.9,0.006086194251925417
2025-11-15,wk inc flu prop ed visits,2,2025-11-29,46,quantile,0.9,0.008814748820667193
2025-11-15,wk inc flu prop ed visits,3,2025-12-06,46,quantile,0.9,0.01386002638123936
2025-11-15,wk inc flu prop ed visits,0,2025-11-15,46,quantile,0.95,0.005453156434727115
2025-11-15,wk inc flu prop ed visits,1,2025-11-22,46,quantile,0.95,0.008182112923075373
2025-11-15,wk inc flu prop ed visits,2,2025-11-29,46,quantile,0.95,0.011794148028962477
2025-11-15,wk inc flu prop ed visits,3,2025-12-06,46,quantile,0.95,0.01848748892041948
2025-11-15,wk inc flu prop ed visits,0,2025-11-15,46,quantile,0.975,0.007505712997493248
2025-11-15,wk inc flu prop ed visits,1,2025-11-22,46,quantile,0.975,0.014646227594347827
2025-11-15,wk inc flu prop ed visits,2,2025-11-29,46,quantile,0.975,0.022885730061572466
2025-11-15,wk inc flu prop ed visits,3,2025-12-06,46,quantile,0.975,0.03641473129835455
2025-11-15,wk inc flu prop ed visits,0,2025-11-15,46,quantile,0.99,0.007505712997493248
2025-11-15,wk inc flu prop ed visits,1,2025-11-22,46,quantile,0.99,0.014646227594347827
2025-11-15,wk inc flu prop ed visits,2,2025-11-29,46,quantile,0.99,0.022885730061572466
2025-11-15,wk inc flu prop ed visits,3,2025-12-06,46,quantile,0.99,0.038554183305170624
2025-11-15,wk inc flu hosp,0,2025-11-15,46,quantile,0.01,3
2025-11-15,wk inc flu hosp,1,2025-11-22,46,quantile,0.01,4
2025-11-15,wk inc flu hosp,2,2025-11-29,46,quantile,0.01,4
2025-11-15,wk inc flu hosp,3,2025-12-06,46,quantile,0.01,4
2025-11-15,wk inc flu hosp,0,2025-11-15,46,quantile,0.025,3
2025-11-15,wk inc flu hosp,1,2025-11-22,46,quantile,0.025,4
2025-11-15,wk inc flu hosp,2,2025-11-29,46,quantile,0.025,4
2025-11-15,wk inc flu hosp,3,2025-12-06,46,quantile,0.025,4
2025-11-15,wk inc flu hosp,0,2025-11-15,46,quantile,0.05,3
2025-11-15,wk inc flu hosp,1,2025-11-22,46,quantile,0.05,4
2025-11-15,wk inc flu hosp,2,2025-11-29,46,quantile,0.05,4
2025-11-15,wk inc flu hosp,3,2025-12-06,46,quantile,0.05,4
2025-11-15,wk inc flu hosp,0,2025-11-15,46,quantile,0.1,3
2025-11-15,wk inc flu hosp,1,2025-11-22,46,quantile,0.1,4
2025-11-15,wk inc flu hosp,2,2025-11-29,46,quantile,0.1,4
2025-11-15,wk inc flu hosp,3,2025-12-06,46,quantile,0.1,4
2025-11-15,wk inc flu hosp,0,2025-11-15,46,quantile,0.15,3
2025-11-15,wk inc flu hosp,1,2025-11-22,46,quantile,0.15,4
2025-11-15,wk inc flu hosp,2,2025-11-29,46,quantile,0.15,5
2025-11-15,wk inc flu hosp,3,2025-12-06,46,quantile,0.15,6
2025-11-15,wk inc flu hosp,0,2025-11-15,46,quantile,0.2,3
2025-11-15,wk inc flu hosp,1,2025-11-22,46,quantile,0.2,4
2025-11-15,wk inc flu hosp,2,2025-11-29,46,quantile,0.2,5
2025-11-15,wk inc flu hosp,3,2025-12-06,46,quantile,0.2,6
2025-11-15,wk inc flu hosp,0,2025-11-15,46,quantile,0.25,3
2025-11-15,wk inc flu hosp,1,2025-11-22,46,quantile,0.25,4
2025-11-15,wk inc flu hosp,2,2025-11-29,46,quantile,0.25,5
2025-11-15,wk inc flu hosp,3,2025-12-06,46,quantile,0.25,7
2025-11-15,wk inc flu hosp,0,2025-11-15,46,quantile,0.3,4
2025-11-15,wk inc flu hosp,1,2025-11-22,46,quantile,0.3,5
2025-11-15,wk inc flu hosp,2,2025-11-29,46,quantile,0.3,6
2025-11-15,wk inc flu hosp,3,2025-12-06,46,quantile,0.3,7
2025-11-15,wk inc flu hosp,0,2025-11-15,46,quantile,0.35,4
2025-11-15,wk inc flu hosp,1,2025-11-22,46,quantile,0.35,5
2025-11-15,wk inc flu hosp,2,2025-11-29,46,quantile,0.35,6
2025-11-15,wk inc flu hosp,3,2025-12-06,46,quantile,0.35,8
2025-11-15,wk inc flu hosp,0,2025-11-15,46,quantile,0.4,4
2025-11-15,wk inc flu hosp,1,2025-11-22,46,quantile,0.4,5
2025-11-15,wk inc flu hosp,2,2025-11-29,46,quantile,0.4,6
2025-11-15,wk inc flu hosp,3,2025-12-06,46,quantile,0.4,8
2025-11-15,wk inc flu hosp,0,2025-11-15,46,quantile,0.45,4
2025-11-15,wk inc flu hosp,1,2025-11-22,46,quantile,0.45,5
2025-11-15,wk inc flu hosp,2,2025-11-29,46,quantile,0.45,7
2025-11-15,wk inc flu hosp,3,2025-12-06,46,quantile,0.45,9
2025-11-15,wk inc flu hosp,0,2025-11-15,46,quantile,0.5,4
2025-11-15,wk inc flu hosp,1,2025-11-22,46,quantile,0.5,5
2025-11-15,wk inc flu hosp,2,2025-11-29,46,quantile,0.5,7
2025-11-15,wk inc flu hosp,3,2025-12-06,46,quantile,0.5,9
2025-11-15,wk inc flu hosp,0,2025-11-15,46,quantile,0.55,4
2025-11-15,wk inc flu hosp,1,2025-11-22,46,quantile,0.55,5
2025-11-15,wk inc flu hosp,2,2025-11-29,46,quantile,0.55,7
2025-11-15,wk inc flu hosp,3,2025-12-06,46,quantile,0.55,9
2025-11-15,wk inc flu hosp,0,2025-11-15,46,quantile,0.6,4
2025-11-15,wk inc flu hosp,1,2025-11-22,46,quantile,0.6,6
2025-11-15,wk inc flu hosp,2,2025-11-29,46,quantile,0.6,8
2025-11-15,wk inc flu hosp,3,2025-12-06,46,quantile,0.6,10
2025-11-15,wk inc flu hosp,0,2025-11-15,46,quantile,0.65,4
2025-11-15,wk inc flu hosp,1,2025-11-22,46,quantile,0.65,6
2025-11-15,wk inc flu hosp,2,2025-11-29,46,quantile,0.65,8
2025-11-15,wk inc flu hosp,3,2025-12-06,46,quantile,0.65,10
2025-11-15,wk inc flu hosp,0,2025-11-15,46,quantile,0.7,4
2025-11-15,wk inc flu hosp,1,2025-11-22,46,quantile,0.7,6
2025-11-15,wk inc flu hosp,2,2025-11-29,46,quantile,0.7,8
2025-11-15,wk inc flu hosp,3,2025-12-06,46,quantile,0.7,10
2025-11-15,wk inc flu hosp,0,2025-11-15,46,quantile,0.75,4
2025-11-15,wk inc flu hosp,1,2025-11-22,46,quantile,0.75,6
2025-11-15,wk inc flu hosp,2,2025-11-29,46,quantile,0.75,8
2025-11-15,wk inc flu hosp,3,2025-12-06,46,quantile,0.75,10
2025-11-15,wk inc flu hosp,0,2025-11-15,46,quantile,0.8,4
2025-11-15,wk inc flu hosp,1,2025-11-22,46,quantile,0.8,6
2025-11-15,wk inc flu hosp,2,2025-11-29,46,quantile,0.8,8
2025-11-15,wk inc flu hosp,3,2025-12-06,46,quantile,0.8,11
2025-11-15,wk inc flu hosp,0,2025-11-15,46,quantile,0.85,4
2025-11-15,wk inc flu hosp,1,2025-11-22,46,quantile,0.85,6
2025-11-15,wk inc flu hosp,2,2025-11-29,46,quantile,0.85,8
2025-11-15,wk inc flu hosp,3,2025-12-06,46,quantile,0.85,11
2025-11-15,wk inc flu hosp,0,2025-11-15,46,quantile,0.9,4
2025-11-15,wk inc flu hosp,1,2025-11-22,46,quantile,0.9,7
2025-11-15,wk inc flu hosp,2,2025-11-29,46,quantile,0.9,9
2025-11-15,wk inc flu hosp,3,2025-12-06,46,quantile,0.9,12
2025-11-15,wk inc flu hosp,0,2025-11-15,46,quantile,0.95,5
2025-11-15,wk inc flu hosp,1,2025-11-22,46,quantile,0.95,7
2025-11-15,wk inc flu hosp,2,2025-11-29,46,quantile,0.95,10
2025-11-15,wk inc flu hosp,3,2025-12-06,46,quantile,0.95,13
2025-11-15,wk inc flu hosp,0,2025-11-15,46,quantile,0.975,5
2025-11-15,wk inc flu hosp,1,2025-11-22,46,quantile,0.975,9
2025-11-15,wk inc flu hosp,2,2025-11-29,46,quantile,0.975,12
2025-11-15,wk inc flu hosp,3,2025-12-06,46,quantile,0.975,17
2025-11-15,wk inc flu hosp,0,2025-11-15,46,quantile,0.99,5
2025-11-15,wk inc flu hosp,1,2025-11-22,46,quantile,0.99,9
2025-11-15,wk inc flu hosp,2,2025-11-29,46,quantile,0.99,13
2025-11-15,wk inc flu hosp,3,2025-12-06,46,quantile,0.99,18
2025-11-15,wk inc flu prop ed visits,0,2025-11-15,47,quantile,0.01,0
2025-11-15,wk inc flu prop ed visits,1,2025-11-22,47,quantile,0.01,0
2025-11-15,wk inc flu prop ed visits,2,2025-11-29,47,quantile,0.01,0
2025-11-15,wk inc flu prop ed visits,3,2025-12-06,47,quantile,0.01,0
2025-11-15,wk inc flu prop ed visits,0,2025-11-15,47,quantile,0.025,0
2025-11-15,wk inc flu prop ed visits,1,2025-11-22,47,quantile,0.025,0
2025-11-15,wk inc flu prop ed visits,2,2025-11-29,47,quantile,0.025,0
2025-11-15,wk inc flu prop ed visits,3,2025-12-06,47,quantile,0.025,0
2025-11-15,wk inc flu prop ed visits,0,2025-11-15,47,quantile,0.05,0
2025-11-15,wk inc flu prop ed visits,1,2025-11-22,47,quantile,0.05,0
2025-11-15,wk inc flu prop ed visits,2,2025-11-29,47,quantile,0.05,0
2025-11-15,wk inc flu prop ed visits,3,2025-12-06,47,quantile,0.05,0
2025-11-15,wk inc flu prop ed visits,0,2025-11-15,47,quantile,0.1,0
2025-11-15,wk inc flu prop ed visits,1,2025-11-22,47,quantile,0.1,0
2025-11-15,wk inc flu prop ed visits,2,2025-11-29,47,quantile,0.1,0
2025-11-15,wk inc flu prop ed visits,3,2025-12-06,47,quantile,0.1,0
2025-11-15,wk inc flu prop ed visits,0,2025-11-15,47,quantile,0.15,0
2025-11-15,wk inc flu prop ed visits,1,2025-11-22,47,quantile,0.15,0
2025-11-15,wk inc flu prop ed visits,2,2025-11-29,47,quantile,0.15,0
2025-11-15,wk inc flu prop ed visits,3,2025-12-06,47,quantile,0.15,0
2025-11-15,wk inc flu prop ed visits,0,2025-11-15,47,quantile,0.2,0
2025-11-15,wk inc flu prop ed visits,1,2025-11-22,47,quantile,0.2,0
2025-11-15,wk inc flu prop ed visits,2,2025-11-29,47,quantile,0.2,0
2025-11-15,wk inc flu prop ed visits,3,2025-12-06,47,quantile,0.2,0
2025-11-15,wk inc flu prop ed visits,0,2025-11-15,47,quantile,0.25,0
2025-11-15,wk inc flu prop ed visits,1,2025-11-22,47,quantile,0.25,0
2025-11-15,wk inc flu prop ed visits,2,2025-11-29,47,quantile,0.25,0
2025-11-15,wk inc flu prop ed visits,3,2025-12-06,47,quantile,0.25,0
2025-11-15,wk inc flu prop ed visits,0,2025-11-15,47,quantile,0.3,0
2025-11-15,wk inc flu prop ed visits,1,2025-11-22,47,quantile,0.3,0
2025-11-15,wk inc flu prop ed visits,2,2025-11-29,47,quantile,0.3,0
2025-11-15,wk inc flu prop ed visits,3,2025-12-06,47,quantile,0.3,5.617670508650744e-4
2025-11-15,wk inc flu prop ed visits,0,2025-11-15,47,quantile,0.35,3.06639271089775e-4
2025-11-15,wk inc flu prop ed visits,1,2025-11-22,47,quantile,0.35,0
2025-11-15,wk inc flu prop ed visits,2,2025-11-29,47,quantile,0.35,0
2025-11-15,wk inc flu prop ed visits,3,2025-12-06,47,quantile,0.35,0.004611003418628136
2025-11-15,wk inc flu prop ed visits,0,2025-11-15,47,quantile,0.4,0.001611998265992672
2025-11-15,wk inc flu prop ed visits,1,2025-11-22,47,quantile,0.4,0.0012272666914214653
2025-11-15,wk inc flu prop ed visits,2,2025-11-29,47,quantile,0.4,0.0030442762806668997
2025-11-15,wk inc flu prop ed visits,3,2025-12-06,47,quantile,0.4,0.01166990767415419
2025-11-15,wk inc flu prop ed visits,0,2025-11-15,47,quantile,0.45,0.0028946753814485986
2025-11-15,wk inc flu prop ed visits,1,2025-11-22,47,quantile,0.45,0.003950303689064154
2025-11-15,wk inc flu prop ed visits,2,2025-11-29,47,quantile,0.45,0.006421236198027277
2025-11-15,wk inc flu prop ed visits,3,2025-12-06,47,quantile,0.45,0.018140826848355173
2025-11-15,wk inc flu prop ed visits,0,2025-11-15,47,quantile,0.5,0.0035761965107200836
2025-11-15,wk inc flu prop ed visits,1,2025-11-22,47,quantile,0.5,0.006691027786521253
2025-11-15,wk inc flu prop ed visits,2,2025-11-29,47,quantile,0.5,0.010086788645630167
2025-11-15,wk inc flu prop ed visits,3,2025-12-06,47,quantile,0.5,0.023933696394151636
2025-11-15,wk inc flu prop ed visits,0,2025-11-15,47,quantile,0.55,0.004362832095300651
2025-11-15,wk inc flu prop ed visits,1,2025-11-22,47,quantile,0.55,0.008584052944240512
2025-11-15,wk inc flu prop ed visits,2,2025-11-29,47,quantile,0.55,0.013591705672417609
2025-11-15,wk inc flu prop ed visits,3,2025-12-06,47,quantile,0.55,0.02854681910169227
2025-11-15,wk inc flu prop ed visits,0,2025-11-15,47,quantile,0.6,0.00495646634406891
2025-11-15,wk inc flu prop ed visits,1,2025-11-22,47,quantile,0.6,0.010463021788734924
2025-11-15,wk inc flu prop ed visits,2,2025-11-29,47,quantile,0.6,0.018877720400852744
2025-11-15,wk inc flu prop ed visits,3,2025-12-06,47,quantile,0.6,0.03478064328658459
2025-11-15,wk inc flu prop ed visits,0,2025-11-15,47,quantile,0.65,0.005747844201132129
2025-11-15,wk inc flu prop ed visits,1,2025-11-22,47,quantile,0.65,0.01222810615451674
2025-11-15,wk inc flu prop ed visits,2,2025-11-29,47,quantile,0.65,0.022471551942531597
2025-11-15,wk inc flu prop ed visits,3,2025-12-06,47,quantile,0.65,0.03927572279031463
2025-11-15,wk inc flu prop ed visits,0,2025-11-15,47,quantile,0.7,0.006579539335952464
2025-11-15,wk inc flu prop ed visits,1,2025-11-22,47,quantile,0.7,0.013641267989208877
2025-11-15,wk inc flu prop ed visits,2,2025-11-29,47,quantile,0.7,0.024799815470486933
2025-11-15,wk inc flu prop ed visits,3,2025-12-06,47,quantile,0.7,0.04451551791448368
2025-11-15,wk inc flu prop ed visits,0,2025-11-15,47,quantile,0.75,0.007002624219927658
2025-11-15,wk inc flu prop ed visits,1,2025-11-22,47,quantile,0.75,0.01502103583703112
2025-11-15,wk inc flu prop ed visits,2,2025-11-29,47,quantile,0.75,0.0269526761704426
2025-11-15,wk inc flu prop ed visits,3,2025-12-06,47,quantile,0.75,0.04859243212983442
2025-11-15,wk inc flu prop ed visits,0,2025-11-15,47,quantile,0.8,0.007595816676272125
2025-11-15,wk inc flu prop ed visits,1,2025-11-22,47,quantile,0.8,0.01589812186982887
2025-11-15,wk inc flu prop ed visits,2,2025-11-29,47,quantile,0.8,0.028985010018299208
2025-11-15,wk inc flu prop ed visits,3,2025-12-06,47,quantile,0.8,0.05207707835860057
2025-11-15,wk inc flu prop ed visits,0,2025-11-15,47,quantile,0.85,0.008908774190306378
2025-11-15,wk inc flu prop ed visits,1,2025-11-22,47,quantile,0.85,0.01739936847160997
2025-11-15,wk inc flu prop ed visits,2,2025-11-29,47,quantile,0.85,0.03310918368823961
2025-11-15,wk inc flu prop ed visits,3,2025-12-06,47,quantile,0.85,0.05698827273451185
2025-11-15,wk inc flu prop ed visits,0,2025-11-15,47,quantile,0.9,0.009684152840188727
2025-11-15,wk inc flu prop ed visits,1,2025-11-22,47,quantile,0.9,0.018377499194445614
2025-11-15,wk inc flu prop ed visits,2,2025-11-29,47,quantile,0.9,0.03635643493703104
2025-11-15,wk inc flu prop ed visits,3,2025-12-06,47,quantile,0.9,0.06096652276119585
2025-11-15,wk inc flu prop ed visits,0,2025-11-15,47,quantile,0.95,0.011072787689846516
2025-11-15,wk inc flu prop ed visits,1,2025-11-22,47,quantile,0.95,0.020451774879594598
2025-11-15,wk inc flu prop ed visits,2,2025-11-29,47,quantile,0.95,0.04163603490373867
2025-11-15,wk inc flu prop ed visits,3,2025-12-06,47,quantile,0.95,0.07332798848222462
2025-11-15,wk inc flu prop ed visits,0,2025-11-15,47,quantile,0.975,0.012581593211681808
2025-11-15,wk inc flu prop ed visits,1,2025-11-22,47,quantile,0.975,0.025315087230861975
2025-11-15,wk inc flu prop ed visits,2,2025-11-29,47,quantile,0.975,0.0523725037104669
2025-11-15,wk inc flu prop ed visits,3,2025-12-06,47,quantile,0.975,0.088167543034607
2025-11-15,wk inc flu prop ed visits,0,2025-11-15,47,quantile,0.99,0.01688120180975462
2025-11-15,wk inc flu prop ed visits,1,2025-11-22,47,quantile,0.99,0.037187201145641925
2025-11-15,wk inc flu prop ed visits,2,2025-11-29,47,quantile,0.99,0.07007489694845759
2025-11-15,wk inc flu prop ed visits,3,2025-12-06,47,quantile,0.99,0.12094286196295602
2025-11-15,wk inc flu hosp,0,2025-11-15,47,quantile,0.01,0
2025-11-15,wk inc flu hosp,1,2025-11-22,47,quantile,0.01,0
2025-11-15,wk inc flu hosp,2,2025-11-29,47,quantile,0.01,0
2025-11-15,wk inc flu hosp,3,2025-12-06,47,quantile,0.01,0
2025-11-15,wk inc flu hosp,0,2025-11-15,47,quantile,0.025,0
2025-11-15,wk inc flu hosp,1,2025-11-22,47,quantile,0.025,0
2025-11-15,wk inc flu hosp,2,2025-11-29,47,quantile,0.025,0
2025-11-15,wk inc flu hosp,3,2025-12-06,47,quantile,0.025,0
2025-11-15,wk inc flu hosp,0,2025-11-15,47,quantile,0.05,0
2025-11-15,wk inc flu hosp,1,2025-11-22,47,quantile,0.05,0
2025-11-15,wk inc flu hosp,2,2025-11-29,47,quantile,0.05,0
2025-11-15,wk inc flu hosp,3,2025-12-06,47,quantile,0.05,0
2025-11-15,wk inc flu hosp,0,2025-11-15,47,quantile,0.1,35
2025-11-15,wk inc flu hosp,1,2025-11-22,47,quantile,0.1,0
2025-11-15,wk inc flu hosp,2,2025-11-29,47,quantile,0.1,0
2025-11-15,wk inc flu hosp,3,2025-12-06,47,quantile,0.1,0
2025-11-15,wk inc flu hosp,0,2025-11-15,47,quantile,0.15,50
2025-11-15,wk inc flu hosp,1,2025-11-22,47,quantile,0.15,17
2025-11-15,wk inc flu hosp,2,2025-11-29,47,quantile,0.15,12
2025-11-15,wk inc flu hosp,3,2025-12-06,47,quantile,0.15,47
2025-11-15,wk inc flu hosp,0,2025-11-15,47,quantile,0.2,62
2025-11-15,wk inc flu hosp,1,2025-11-22,47,quantile,0.2,46
2025-11-15,wk inc flu hosp,2,2025-11-29,47,quantile,0.2,57
2025-11-15,wk inc flu hosp,3,2025-12-06,47,quantile,0.2,109
2025-11-15,wk inc flu hosp,0,2025-11-15,47,quantile,0.25,68
2025-11-15,wk inc flu hosp,1,2025-11-22,47,quantile,0.25,67
2025-11-15,wk inc flu hosp,2,2025-11-29,47,quantile,0.25,95
2025-11-15,wk inc flu hosp,3,2025-12-06,47,quantile,0.25,155
2025-11-15,wk inc flu hosp,0,2025-11-15,47,quantile,0.3,77
2025-11-15,wk inc flu hosp,1,2025-11-22,47,quantile,0.3,86
2025-11-15,wk inc flu hosp,2,2025-11-29,47,quantile,0.3,124
2025-11-15,wk inc flu hosp,3,2025-12-06,47,quantile,0.3,200
2025-11-15,wk inc flu hosp,0,2025-11-15,47,quantile,0.35,88
2025-11-15,wk inc flu hosp,1,2025-11-22,47,quantile,0.35,108
2025-11-15,wk inc flu hosp,2,2025-11-29,47,quantile,0.35,158
2025-11-15,wk inc flu hosp,3,2025-12-06,47,quantile,0.35,250
2025-11-15,wk inc flu hosp,0,2025-11-15,47,quantile,0.4,95
2025-11-15,wk inc flu hosp,1,2025-11-22,47,quantile,0.4,123
2025-11-15,wk inc flu hosp,2,2025-11-29,47,quantile,0.4,189
2025-11-15,wk inc flu hosp,3,2025-12-06,47,quantile,0.4,298
2025-11-15,wk inc flu hosp,0,2025-11-15,47,quantile,0.45,100
2025-11-15,wk inc flu hosp,1,2025-11-22,47,quantile,0.45,131
2025-11-15,wk inc flu hosp,2,2025-11-29,47,quantile,0.45,208
2025-11-15,wk inc flu hosp,3,2025-12-06,47,quantile,0.45,334
2025-11-15,wk inc flu hosp,0,2025-11-15,47,quantile,0.5,105
2025-11-15,wk inc flu hosp,1,2025-11-22,47,quantile,0.5,151
2025-11-15,wk inc flu hosp,2,2025-11-29,47,quantile,0.5,239
2025-11-15,wk inc flu hosp,3,2025-12-06,47,quantile,0.5,376
2025-11-15,wk inc flu hosp,0,2025-11-15,47,quantile,0.55,113
2025-11-15,wk inc flu hosp,1,2025-11-22,47,quantile,0.55,167
2025-11-15,wk inc flu hosp,2,2025-11-29,47,quantile,0.55,272
2025-11-15,wk inc flu hosp,3,2025-12-06,47,quantile,0.55,418
2025-11-15,wk inc flu hosp,0,2025-11-15,47,quantile,0.6,121
2025-11-15,wk inc flu hosp,1,2025-11-22,47,quantile,0.6,179
2025-11-15,wk inc flu hosp,2,2025-11-29,47,quantile,0.6,298
2025-11-15,wk inc flu hosp,3,2025-12-06,47,quantile,0.6,451
2025-11-15,wk inc flu hosp,0,2025-11-15,47,quantile,0.65,135
2025-11-15,wk inc flu hosp,1,2025-11-22,47,quantile,0.65,197
2025-11-15,wk inc flu hosp,2,2025-11-29,47,quantile,0.65,326
2025-11-15,wk inc flu hosp,3,2025-12-06,47,quantile,0.65,497
2025-11-15,wk inc flu hosp,0,2025-11-15,47,quantile,0.7,142
2025-11-15,wk inc flu hosp,1,2025-11-22,47,quantile,0.7,214
2025-11-15,wk inc flu hosp,2,2025-11-29,47,quantile,0.7,349
2025-11-15,wk inc flu hosp,3,2025-12-06,47,quantile,0.7,546
2025-11-15,wk inc flu hosp,0,2025-11-15,47,quantile,0.75,144
2025-11-15,wk inc flu hosp,1,2025-11-22,47,quantile,0.75,226
2025-11-15,wk inc flu hosp,2,2025-11-29,47,quantile,0.75,375
2025-11-15,wk inc flu hosp,3,2025-12-06,47,quantile,0.75,580
2025-11-15,wk inc flu hosp,0,2025-11-15,47,quantile,0.8,149
2025-11-15,wk inc flu hosp,1,2025-11-22,47,quantile,0.8,239
2025-11-15,wk inc flu hosp,2,2025-11-29,47,quantile,0.8,396
2025-11-15,wk inc flu hosp,3,2025-12-06,47,quantile,0.8,635
2025-11-15,wk inc flu hosp,0,2025-11-15,47,quantile,0.85,163
2025-11-15,wk inc flu hosp,1,2025-11-22,47,quantile,0.85,256
2025-11-15,wk inc flu hosp,2,2025-11-29,47,quantile,0.85,442
2025-11-15,wk inc flu hosp,3,2025-12-06,47,quantile,0.85,715
2025-11-15,wk inc flu hosp,0,2025-11-15,47,quantile,0.9,173
2025-11-15,wk inc flu hosp,1,2025-11-22,47,quantile,0.9,271
2025-11-15,wk inc flu hosp,2,2025-11-29,47,quantile,0.9,498
2025-11-15,wk inc flu hosp,3,2025-12-06,47,quantile,0.9,781
2025-11-15,wk inc flu hosp,0,2025-11-15,47,quantile,0.95,184
2025-11-15,wk inc flu hosp,1,2025-11-22,47,quantile,0.95,295
2025-11-15,wk inc flu hosp,2,2025-11-29,47,quantile,0.95,565
2025-11-15,wk inc flu hosp,3,2025-12-06,47,quantile,0.95,927
2025-11-15,wk inc flu hosp,0,2025-11-15,47,quantile,0.975,217
2025-11-15,wk inc flu hosp,1,2025-11-22,47,quantile,0.975,383
2025-11-15,wk inc flu hosp,2,2025-11-29,47,quantile,0.975,679
2025-11-15,wk inc flu hosp,3,2025-12-06,47,quantile,0.975,1093
2025-11-15,wk inc flu hosp,0,2025-11-15,47,quantile,0.99,274
2025-11-15,wk inc flu hosp,1,2025-11-22,47,quantile,0.99,613
2025-11-15,wk inc flu hosp,2,2025-11-29,47,quantile,0.99,999
2025-11-15,wk inc flu hosp,3,2025-12-06,47,quantile,0.99,1644
2025-11-15,wk inc flu prop ed visits,0,2025-11-15,48,quantile,0.01,0
2025-11-15,wk inc flu prop ed visits,1,2025-11-22,48,quantile,0.01,0
2025-11-15,wk inc flu prop ed visits,2,2025-11-29,48,quantile,0.01,0
2025-11-15,wk inc flu prop ed visits,3,2025-12-06,48,quantile,0.01,0
2025-11-15,wk inc flu prop ed visits,0,2025-11-15,48,quantile,0.025,0
2025-11-15,wk inc flu prop ed visits,1,2025-11-22,48,quantile,0.025,0
2025-11-15,wk inc flu prop ed visits,2,2025-11-29,48,quantile,0.025,0
2025-11-15,wk inc flu prop ed visits,3,2025-12-06,48,quantile,0.025,0
2025-11-15,wk inc flu prop ed visits,0,2025-11-15,48,quantile,0.05,0
2025-11-15,wk inc flu prop ed visits,1,2025-11-22,48,quantile,0.05,0
2025-11-15,wk inc flu prop ed visits,2,2025-11-29,48,quantile,0.05,0
2025-11-15,wk inc flu prop ed visits,3,2025-12-06,48,quantile,0.05,0
2025-11-15,wk inc flu prop ed visits,0,2025-11-15,48,quantile,0.1,0
2025-11-15,wk inc flu prop ed visits,1,2025-11-22,48,quantile,0.1,0
2025-11-15,wk inc flu prop ed visits,2,2025-11-29,48,quantile,0.1,0
2025-11-15,wk inc flu prop ed visits,3,2025-12-06,48,quantile,0.1,0
2025-11-15,wk inc flu prop ed visits,0,2025-11-15,48,quantile,0.15,0
2025-11-15,wk inc flu prop ed visits,1,2025-11-22,48,quantile,0.15,0
2025-11-15,wk inc flu prop ed visits,2,2025-11-29,48,quantile,0.15,0
2025-11-15,wk inc flu prop ed visits,3,2025-12-06,48,quantile,0.15,0
2025-11-15,wk inc flu prop ed visits,0,2025-11-15,48,quantile,0.2,0
2025-11-15,wk inc flu prop ed visits,1,2025-11-22,48,quantile,0.2,0
2025-11-15,wk inc flu prop ed visits,2,2025-11-29,48,quantile,0.2,0
2025-11-15,wk inc flu prop ed visits,3,2025-12-06,48,quantile,0.2,0
2025-11-15,wk inc flu prop ed visits,0,2025-11-15,48,quantile,0.25,0
2025-11-15,wk inc flu prop ed visits,1,2025-11-22,48,quantile,0.25,0
2025-11-15,wk inc flu prop ed visits,2,2025-11-29,48,quantile,0.25,0
2025-11-15,wk inc flu prop ed visits,3,2025-12-06,48,quantile,0.25,0
2025-11-15,wk inc flu prop ed visits,0,2025-11-15,48,quantile,0.3,0
2025-11-15,wk inc flu prop ed visits,1,2025-11-22,48,quantile,0.3,0
2025-11-15,wk inc flu prop ed visits,2,2025-11-29,48,quantile,0.3,0
2025-11-15,wk inc flu prop ed visits,3,2025-12-06,48,quantile,0.3,0
2025-11-15,wk inc flu prop ed visits,0,2025-11-15,48,quantile,0.35,0
2025-11-15,wk inc flu prop ed visits,1,2025-11-22,48,quantile,0.35,0
2025-11-15,wk inc flu prop ed visits,2,2025-11-29,48,quantile,0.35,0
2025-11-15,wk inc flu prop ed visits,3,2025-12-06,48,quantile,0.35,0
2025-11-15,wk inc flu prop ed visits,0,2025-11-15,48,quantile,0.4,0
2025-11-15,wk inc flu prop ed visits,1,2025-11-22,48,quantile,0.4,0
2025-11-15,wk inc flu prop ed visits,2,2025-11-29,48,quantile,0.4,0
2025-11-15,wk inc flu prop ed visits,3,2025-12-06,48,quantile,0.4,0
2025-11-15,wk inc flu prop ed visits,0,2025-11-15,48,quantile,0.45,7.267525753225667e-4
2025-11-15,wk inc flu prop ed visits,1,2025-11-22,48,quantile,0.45,0
2025-11-15,wk inc flu prop ed visits,2,2025-11-29,48,quantile,0.45,5.819512779843528e-4
2025-11-15,wk inc flu prop ed visits,3,2025-12-06,48,quantile,0.45,0.0039148661098534565
2025-11-15,wk inc flu prop ed visits,0,2025-11-15,48,quantile,0.5,0.0027355529433543708
2025-11-15,wk inc flu prop ed visits,1,2025-11-22,48,quantile,0.5,0.00204217099844673
2025-11-15,wk inc flu prop ed visits,2,2025-11-29,48,quantile,0.5,0.004571267964770373
2025-11-15,wk inc flu prop ed visits,3,2025-12-06,48,quantile,0.5,0.013290618224886752
2025-11-15,wk inc flu prop ed visits,0,2025-11-15,48,quantile,0.55,0.005052572614087518
2025-11-15,wk inc flu prop ed visits,1,2025-11-22,48,quantile,0.55,0.005941820500652138
2025-11-15,wk inc flu prop ed visits,2,2025-11-29,48,quantile,0.55,0.010176697421652071
2025-11-15,wk inc flu prop ed visits,3,2025-12-06,48,quantile,0.55,0.021158826345744057
2025-11-15,wk inc flu prop ed visits,0,2025-11-15,48,quantile,0.6,0.008156308162010318
2025-11-15,wk inc flu prop ed visits,1,2025-11-22,48,quantile,0.6,0.010168905322463048
2025-11-15,wk inc flu prop ed visits,2,2025-11-29,48,quantile,0.6,0.016975937760360275
2025-11-15,wk inc flu prop ed visits,3,2025-12-06,48,quantile,0.6,0.02937005168852334
2025-11-15,wk inc flu prop ed visits,0,2025-11-15,48,quantile,0.65,0.009945664953766961
2025-11-15,wk inc flu prop ed visits,1,2025-11-22,48,quantile,0.65,0.013404660808369875
2025-11-15,wk inc flu prop ed visits,2,2025-11-29,48,quantile,0.65,0.021683222761322642
2025-11-15,wk inc flu prop ed visits,3,2025-12-06,48,quantile,0.65,0.03594418200489289
2025-11-15,wk inc flu prop ed visits,0,2025-11-15,48,quantile,0.7,0.010638835178850765
2025-11-15,wk inc flu prop ed visits,1,2025-11-22,48,quantile,0.7,0.015353677693273034
2025-11-15,wk inc flu prop ed visits,2,2025-11-29,48,quantile,0.7,0.02529792182805198
2025-11-15,wk inc flu prop ed visits,3,2025-12-06,48,quantile,0.7,0.04110848356135987
2025-11-15,wk inc flu prop ed visits,0,2025-11-15,48,quantile,0.75,0.011177062625861028
2025-11-15,wk inc flu prop ed visits,1,2025-11-22,48,quantile,0.75,0.017777956423471995
2025-11-15,wk inc flu prop ed visits,2,2025-11-29,48,quantile,0.75,0.02879957019716216
2025-11-15,wk inc flu prop ed visits,3,2025-12-06,48,quantile,0.75,0.046211119975570966
2025-11-15,wk inc flu prop ed visits,0,2025-11-15,48,quantile,0.8,0.013373843431486437
2025-11-15,wk inc flu prop ed visits,1,2025-11-22,48,quantile,0.8,0.02192267275008489
2025-11-15,wk inc flu prop ed visits,2,2025-11-29,48,quantile,0.8,0.03440490709956743
2025-11-15,wk inc flu prop ed visits,3,2025-12-06,48,quantile,0.8,0.05380909232884778
2025-11-15,wk inc flu prop ed visits,0,2025-11-15,48,quantile,0.85,0.014623540549602054
2025-11-15,wk inc flu prop ed visits,1,2025-11-22,48,quantile,0.85,0.0252313293766813
2025-11-15,wk inc flu prop ed visits,2,2025-11-29,48,quantile,0.85,0.03908987022342687
2025-11-15,wk inc flu prop ed visits,3,2025-12-06,48,quantile,0.85,0.06109036744547108
2025-11-15,wk inc flu prop ed visits,0,2025-11-15,48,quantile,0.9,0.01586745910672388
2025-11-15,wk inc flu prop ed visits,1,2025-11-22,48,quantile,0.9,0.02986383702920429
2025-11-15,wk inc flu prop ed visits,2,2025-11-29,48,quantile,0.9,0.04499276487450347
2025-11-15,wk inc flu prop ed visits,3,2025-12-06,48,quantile,0.9,0.07236954196480078
2025-11-15,wk inc flu prop ed visits,0,2025-11-15,48,quantile,0.95,0.018132793489465022
2025-11-15,wk inc flu prop ed visits,1,2025-11-22,48,quantile,0.95,0.034519819089087155
2025-11-15,wk inc flu prop ed visits,2,2025-11-29,48,quantile,0.95,0.05117969379556182
2025-11-15,wk inc flu prop ed visits,3,2025-12-06,48,quantile,0.95,0.08123451363521082
2025-11-15,wk inc flu prop ed visits,0,2025-11-15,48,quantile,0.975,0.024714043155466194
2025-11-15,wk inc flu prop ed visits,1,2025-11-22,48,quantile,0.975,0.05472146770502971
2025-11-15,wk inc flu prop ed visits,2,2025-11-29,48,quantile,0.975,0.07808078225914283
2025-11-15,wk inc flu prop ed visits,3,2025-12-06,48,quantile,0.975,0.11188188105436621
2025-11-15,wk inc flu prop ed visits,0,2025-11-15,48,quantile,0.99,0.029320277598981676
2025-11-15,wk inc flu prop ed visits,1,2025-11-22,48,quantile,0.99,0.07173886292194438
2025-11-15,wk inc flu prop ed visits,2,2025-11-29,48,quantile,0.99,0.10114494869646214
2025-11-15,wk inc flu prop ed visits,3,2025-12-06,48,quantile,0.99,0.1464726477641101
2025-11-15,wk inc flu hosp,0,2025-11-15,48,quantile,0.01,0
2025-11-15,wk inc flu hosp,1,2025-11-22,48,quantile,0.01,0
2025-11-15,wk inc flu hosp,2,2025-11-29,48,quantile,0.01,0
2025-11-15,wk inc flu hosp,3,2025-12-06,48,quantile,0.01,0
2025-11-15,wk inc flu hosp,0,2025-11-15,48,quantile,0.025,0
2025-11-15,wk inc flu hosp,1,2025-11-22,48,quantile,0.025,0
2025-11-15,wk inc flu hosp,2,2025-11-29,48,quantile,0.025,0
2025-11-15,wk inc flu hosp,3,2025-12-06,48,quantile,0.025,0
2025-11-15,wk inc flu hosp,0,2025-11-15,48,quantile,0.05,0
2025-11-15,wk inc flu hosp,1,2025-11-22,48,quantile,0.05,0
2025-11-15,wk inc flu hosp,2,2025-11-29,48,quantile,0.05,0
2025-11-15,wk inc flu hosp,3,2025-12-06,48,quantile,0.05,0
2025-11-15,wk inc flu hosp,0,2025-11-15,48,quantile,0.1,0
2025-11-15,wk inc flu hosp,1,2025-11-22,48,quantile,0.1,0
2025-11-15,wk inc flu hosp,2,2025-11-29,48,quantile,0.1,0
2025-11-15,wk inc flu hosp,3,2025-12-06,48,quantile,0.1,0
2025-11-15,wk inc flu hosp,0,2025-11-15,48,quantile,0.15,0
2025-11-15,wk inc flu hosp,1,2025-11-22,48,quantile,0.15,0
2025-11-15,wk inc flu hosp,2,2025-11-29,48,quantile,0.15,0
2025-11-15,wk inc flu hosp,3,2025-12-06,48,quantile,0.15,0
2025-11-15,wk inc flu hosp,0,2025-11-15,48,quantile,0.2,0
2025-11-15,wk inc flu hosp,1,2025-11-22,48,quantile,0.2,0
2025-11-15,wk inc flu hosp,2,2025-11-29,48,quantile,0.2,0
2025-11-15,wk inc flu hosp,3,2025-12-06,48,quantile,0.2,0
2025-11-15,wk inc flu hosp,0,2025-11-15,48,quantile,0.25,0
2025-11-15,wk inc flu hosp,1,2025-11-22,48,quantile,0.25,0
2025-11-15,wk inc flu hosp,2,2025-11-29,48,quantile,0.25,0
2025-11-15,wk inc flu hosp,3,2025-12-06,48,quantile,0.25,0
2025-11-15,wk inc flu hosp,0,2025-11-15,48,quantile,0.3,39
2025-11-15,wk inc flu hosp,1,2025-11-22,48,quantile,0.3,0
2025-11-15,wk inc flu hosp,2,2025-11-29,48,quantile,0.3,0
2025-11-15,wk inc flu hosp,3,2025-12-06,48,quantile,0.3,46
2025-11-15,wk inc flu hosp,0,2025-11-15,48,quantile,0.35,95
2025-11-15,wk inc flu hosp,1,2025-11-22,48,quantile,0.35,0
2025-11-15,wk inc flu hosp,2,2025-11-29,48,quantile,0.35,42
2025-11-15,wk inc flu hosp,3,2025-12-06,48,quantile,0.35,196
2025-11-15,wk inc flu hosp,0,2025-11-15,48,quantile,0.4,141
2025-11-15,wk inc flu hosp,1,2025-11-22,48,quantile,0.4,54
2025-11-15,wk inc flu hosp,2,2025-11-29,48,quantile,0.4,109
2025-11-15,wk inc flu hosp,3,2025-12-06,48,quantile,0.4,319
2025-11-15,wk inc flu hosp,0,2025-11-15,48,quantile,0.45,169
2025-11-15,wk inc flu hosp,1,2025-11-22,48,quantile,0.45,101
2025-11-15,wk inc flu hosp,2,2025-11-29,48,quantile,0.45,172
2025-11-15,wk inc flu hosp,3,2025-12-06,48,quantile,0.45,412
2025-11-15,wk inc flu hosp,0,2025-11-15,48,quantile,0.5,207
2025-11-15,wk inc flu hosp,1,2025-11-22,48,quantile,0.5,158
2025-11-15,wk inc flu hosp,2,2025-11-29,48,quantile,0.5,243
2025-11-15,wk inc flu hosp,3,2025-12-06,48,quantile,0.5,515
2025-11-15,wk inc flu hosp,0,2025-11-15,48,quantile,0.55,229
2025-11-15,wk inc flu hosp,1,2025-11-22,48,quantile,0.55,223
2025-11-15,wk inc flu hosp,2,2025-11-29,48,quantile,0.55,323
2025-11-15,wk inc flu hosp,3,2025-12-06,48,quantile,0.55,690
2025-11-15,wk inc flu hosp,0,2025-11-15,48,quantile,0.6,252
2025-11-15,wk inc flu hosp,1,2025-11-22,48,quantile,0.6,265
2025-11-15,wk inc flu hosp,2,2025-11-29,48,quantile,0.6,420
2025-11-15,wk inc flu hosp,3,2025-12-06,48,quantile,0.6,867
2025-11-15,wk inc flu hosp,0,2025-11-15,48,quantile,0.65,273
2025-11-15,wk inc flu hosp,1,2025-11-22,48,quantile,0.65,315
2025-11-15,wk inc flu hosp,2,2025-11-29,48,quantile,0.65,506
2025-11-15,wk inc flu hosp,3,2025-12-06,48,quantile,0.65,998
2025-11-15,wk inc flu hosp,0,2025-11-15,48,quantile,0.7,287
2025-11-15,wk inc flu hosp,1,2025-11-22,48,quantile,0.7,370
2025-11-15,wk inc flu hosp,2,2025-11-29,48,quantile,0.7,579
2025-11-15,wk inc flu hosp,3,2025-12-06,48,quantile,0.7,1103
2025-11-15,wk inc flu hosp,0,2025-11-15,48,quantile,0.75,308
2025-11-15,wk inc flu hosp,1,2025-11-22,48,quantile,0.75,440
2025-11-15,wk inc flu hosp,2,2025-11-29,48,quantile,0.75,668
2025-11-15,wk inc flu hosp,3,2025-12-06,48,quantile,0.75,1262
2025-11-15,wk inc flu hosp,0,2025-11-15,48,quantile,0.8,364
2025-11-15,wk inc flu hosp,1,2025-11-22,48,quantile,0.8,543
2025-11-15,wk inc flu hosp,2,2025-11-29,48,quantile,0.8,783
2025-11-15,wk inc flu hosp,3,2025-12-06,48,quantile,0.8,1412
2025-11-15,wk inc flu hosp,0,2025-11-15,48,quantile,0.85,395
2025-11-15,wk inc flu hosp,1,2025-11-22,48,quantile,0.85,620
2025-11-15,wk inc flu hosp,2,2025-11-29,48,quantile,0.85,897
2025-11-15,wk inc flu hosp,3,2025-12-06,48,quantile,0.85,1532
2025-11-15,wk inc flu hosp,0,2025-11-15,48,quantile,0.9,414
2025-11-15,wk inc flu hosp,1,2025-11-22,48,quantile,0.9,728
2025-11-15,wk inc flu hosp,2,2025-11-29,48,quantile,0.9,1025
2025-11-15,wk inc flu hosp,3,2025-12-06,48,quantile,0.9,1889
2025-11-15,wk inc flu hosp,0,2025-11-15,48,quantile,0.95,477
2025-11-15,wk inc flu hosp,1,2025-11-22,48,quantile,0.95,872
2025-11-15,wk inc flu hosp,2,2025-11-29,48,quantile,0.95,1189
2025-11-15,wk inc flu hosp,3,2025-12-06,48,quantile,0.95,2083
2025-11-15,wk inc flu hosp,0,2025-11-15,48,quantile,0.975,630
2025-11-15,wk inc flu hosp,1,2025-11-22,48,quantile,0.975,1350
2025-11-15,wk inc flu hosp,2,2025-11-29,48,quantile,0.975,2148
2025-11-15,wk inc flu hosp,3,2025-12-06,48,quantile,0.975,3809
2025-11-15,wk inc flu hosp,0,2025-11-15,48,quantile,0.99,630
2025-11-15,wk inc flu hosp,1,2025-11-22,48,quantile,0.99,1350
2025-11-15,wk inc flu hosp,2,2025-11-29,48,quantile,0.99,2148
2025-11-15,wk inc flu hosp,3,2025-12-06,48,quantile,0.99,3893
2025-11-15,wk inc flu prop ed visits,0,2025-11-15,US,quantile,0.01,0
2025-11-15,wk inc flu prop ed visits,1,2025-11-22,US,quantile,0.01,0
2025-11-15,wk inc flu prop ed visits,2,2025-11-29,US,quantile,0.01,0
2025-11-15,wk inc flu prop ed visits,3,2025-12-06,US,quantile,0.01,0
2025-11-15,wk inc flu prop ed visits,0,2025-11-15,US,quantile,0.025,0
2025-11-15,wk inc flu prop ed visits,1,2025-11-22,US,quantile,0.025,0
2025-11-15,wk inc flu prop ed visits,2,2025-11-29,US,quantile,0.025,0
2025-11-15,wk inc flu prop ed visits,3,2025-12-06,US,quantile,0.025,0
2025-11-15,wk inc flu prop ed visits,0,2025-11-15,US,quantile,0.05,0
2025-11-15,wk inc flu prop ed visits,1,2025-11-22,US,quantile,0.05,0
2025-11-15,wk inc flu prop ed visits,2,2025-11-29,US,quantile,0.05,0
2025-11-15,wk inc flu prop ed visits,3,2025-12-06,US,quantile,0.05,0
2025-11-15,wk inc flu prop ed visits,0,2025-11-15,US,quantile,0.1,0
2025-11-15,wk inc flu prop ed visits,1,2025-11-22,US,quantile,0.1,0
2025-11-15,wk inc flu prop ed visits,2,2025-11-29,US,quantile,0.1,0
2025-11-15,wk inc flu prop ed visits,3,2025-12-06,US,quantile,0.1,0
2025-11-15,wk inc flu prop ed visits,0,2025-11-15,US,quantile,0.15,0
2025-11-15,wk inc flu prop ed visits,1,2025-11-22,US,quantile,0.15,0
2025-11-15,wk inc flu prop ed visits,2,2025-11-29,US,quantile,0.15,0
2025-11-15,wk inc flu prop ed visits,3,2025-12-06,US,quantile,0.15,0
2025-11-15,wk inc flu prop ed visits,0,2025-11-15,US,quantile,0.2,0
2025-11-15,wk inc flu prop ed visits,1,2025-11-22,US,quantile,0.2,0
2025-11-15,wk inc flu prop ed visits,2,2025-11-29,US,quantile,0.2,0
2025-11-15,wk inc flu prop ed visits,3,2025-12-06,US,quantile,0.2,0
2025-11-15,wk inc flu prop ed visits,0,2025-11-15,US,quantile,0.25,0
2025-11-15,wk inc flu prop ed visits,1,2025-11-22,US,quantile,0.25,0
2025-11-15,wk inc flu prop ed visits,2,2025-11-29,US,quantile,0.25,0
2025-11-15,wk inc flu prop ed visits,3,2025-12-06,US,quantile,0.25,0
2025-11-15,wk inc flu prop ed visits,0,2025-11-15,US,quantile,0.3,0
2025-11-15,wk inc flu prop ed visits,1,2025-11-22,US,quantile,0.3,0
2025-11-15,wk inc flu prop ed visits,2,2025-11-29,US,quantile,0.3,0
2025-11-15,wk inc flu prop ed visits,3,2025-12-06,US,quantile,0.3,0
2025-11-15,wk inc flu prop ed visits,0,2025-11-15,US,quantile,0.35,0
2025-11-15,wk inc flu prop ed visits,1,2025-11-22,US,quantile,0.35,0
2025-11-15,wk inc flu prop ed visits,2,2025-11-29,US,quantile,0.35,0
2025-11-15,wk inc flu prop ed visits,3,2025-12-06,US,quantile,0.35,0
2025-11-15,wk inc flu prop ed visits,0,2025-11-15,US,quantile,0.4,1.8798516493156157e-4
2025-11-15,wk inc flu prop ed visits,1,2025-11-22,US,quantile,0.4,0
2025-11-15,wk inc flu prop ed visits,2,2025-11-29,US,quantile,0.4,0
2025-11-15,wk inc flu prop ed visits,3,2025-12-06,US,quantile,0.4,0
2025-11-15,wk inc flu prop ed visits,0,2025-11-15,US,quantile,0.45,6.597672540830759e-4
2025-11-15,wk inc flu prop ed visits,1,2025-11-22,US,quantile,0.45,0
2025-11-15,wk inc flu prop ed visits,2,2025-11-29,US,quantile,0.45,0
2025-11-15,wk inc flu prop ed visits,3,2025-12-06,US,quantile,0.45,0.002189448154618742
2025-11-15,wk inc flu prop ed visits,0,2025-11-15,US,quantile,0.5,0.001603712531600339
2025-11-15,wk inc flu prop ed visits,1,2025-11-22,US,quantile,0.5,1.4595091036212634e-4
2025-11-15,wk inc flu prop ed visits,2,2025-11-29,US,quantile,0.5,0.0019965239085233052
2025-11-15,wk inc flu prop ed visits,3,2025-12-06,US,quantile,0.5,0.0064514647011509815
2025-11-15,wk inc flu prop ed visits,0,2025-11-15,US,quantile,0.55,0.0020924438251598205
2025-11-15,wk inc flu prop ed visits,1,2025-11-22,US,quantile,0.55,0.0014854427314820336
2025-11-15,wk inc flu prop ed visits,2,2025-11-29,US,quantile,0.55,0.0048755099946299636
2025-11-15,wk inc flu prop ed visits,3,2025-12-06,US,quantile,0.55,0.010949545244767725
2025-11-15,wk inc flu prop ed visits,0,2025-11-15,US,quantile,0.6,0.0029549041790837543
2025-11-15,wk inc flu prop ed visits,1,2025-11-22,US,quantile,0.6,0.0037082282357546463
2025-11-15,wk inc flu prop ed visits,2,2025-11-29,US,quantile,0.6,0.007635715096256681
2025-11-15,wk inc flu prop ed visits,3,2025-12-06,US,quantile,0.6,0.015487101967273166
2025-11-15,wk inc flu prop ed visits,0,2025-11-15,US,quantile,0.65,0.003825003631875033
2025-11-15,wk inc flu prop ed visits,1,2025-11-22,US,quantile,0.65,0.005639918816084992
2025-11-15,wk inc flu prop ed visits,2,2025-11-29,US,quantile,0.65,0.01028124559188933
2025-11-15,wk inc flu prop ed visits,3,2025-12-06,US,quantile,0.65,0.019086000902163554
2025-11-15,wk inc flu prop ed visits,0,2025-11-15,US,quantile,0.7,0.00424856763264278
2025-11-15,wk inc flu prop ed visits,1,2025-11-22,US,quantile,0.7,0.0064906549558227875
2025-11-15,wk inc flu prop ed visits,2,2025-11-29,US,quantile,0.7,0.012017342562809594
2025-11-15,wk inc flu prop ed visits,3,2025-12-06,US,quantile,0.7,0.023093591508408784
2025-11-15,wk inc flu prop ed visits,0,2025-11-15,US,quantile,0.75,0.004361012103700032
2025-11-15,wk inc flu prop ed visits,1,2025-11-22,US,quantile,0.75,0.006822456139280411
2025-11-15,wk inc flu prop ed visits,2,2025-11-29,US,quantile,0.75,0.012978993721728423
2025-11-15,wk inc flu prop ed visits,3,2025-12-06,US,quantile,0.75,0.026255724163248437
2025-11-15,wk inc flu prop ed visits,0,2025-11-15,US,quantile,0.8,0.004520209057508658
2025-11-15,wk inc flu prop ed visits,1,2025-11-22,US,quantile,0.8,0.007330176410032269
2025-11-15,wk inc flu prop ed visits,2,2025-11-29,US,quantile,0.8,0.01480715146516152
2025-11-15,wk inc flu prop ed visits,3,2025-12-06,US,quantile,0.8,0.028786661723211385
2025-11-15,wk inc flu prop ed visits,0,2025-11-15,US,quantile,0.85,0.004678032286742598
2025-11-15,wk inc flu prop ed visits,1,2025-11-22,US,quantile,0.85,0.00787659792624187
2025-11-15,wk inc flu prop ed visits,2,2025-11-29,US,quantile,0.85,0.01643616242776732
2025-11-15,wk inc flu prop ed visits,3,2025-12-06,US,quantile,0.85,0.031933782353901874
2025-11-15,wk inc flu prop ed visits,0,2025-11-15,US,quantile,0.9,0.004821336842885639
2025-11-15,wk inc flu prop ed visits,1,2025-11-22,US,quantile,0.9,0.008501831906633811
2025-11-15,wk inc flu prop ed visits,2,2025-11-29,US,quantile,0.9,0.01781891052360052
2025-11-15,wk inc flu prop ed visits,3,2025-12-06,US,quantile,0.9,0.03595202893143176
2025-11-15,wk inc flu prop ed visits,0,2025-11-15,US,quantile,0.95,0.005152057710274351
2025-11-15,wk inc flu prop ed visits,1,2025-11-22,US,quantile,0.95,0.0092947235574592
2025-11-15,wk inc flu prop ed visits,2,2025-11-29,US,quantile,0.95,0.019272985419080638
2025-11-15,wk inc flu prop ed visits,3,2025-12-06,US,quantile,0.95,0.03886244938757444
2025-11-15,wk inc flu prop ed visits,0,2025-11-15,US,quantile,0.975,0.007995001106178536
2025-11-15,wk inc flu prop ed visits,1,2025-11-22,US,quantile,0.975,0.017239627811180304
2025-11-15,wk inc flu prop ed visits,2,2025-11-29,US,quantile,0.975,0.029204888731127927
2025-11-15,wk inc flu prop ed visits,3,2025-12-06,US,quantile,0.975,0.0529770485398971
2025-11-15,wk inc flu prop ed visits,0,2025-11-15,US,quantile,0.99,0.007995001106178536
2025-11-15,wk inc flu prop ed visits,1,2025-11-22,US,quantile,0.99,0.017239627811180304
2025-11-15,wk inc flu prop ed visits,2,2025-11-29,US,quantile,0.99,0.031176706101034707
2025-11-15,wk inc flu prop ed visits,3,2025-12-06,US,quantile,0.99,0.058954831822340924
2025-11-15,wk inc flu hosp,0,2025-11-15,US,quantile,0.01,0
2025-11-15,wk inc flu hosp,1,2025-11-22,US,quantile,0.01,0
2025-11-15,wk inc flu hosp,2,2025-11-29,US,quantile,0.01,0
2025-11-15,wk inc flu hosp,3,2025-12-06,US,quantile,0.01,0
2025-11-15,wk inc flu hosp,0,2025-11-15,US,quantile,0.025,0
2025-11-15,wk inc flu hosp,1,2025-11-22,US,quantile,0.025,0
2025-11-15,wk inc flu hosp,2,2025-11-29,US,quantile,0.025,0
2025-11-15,wk inc flu hosp,3,2025-12-06,US,quantile,0.025,0
2025-11-15,wk inc flu hosp,0,2025-11-15,US,quantile,0.05,0
2025-11-15,wk inc flu hosp,1,2025-11-22,US,quantile,0.05,0
2025-11-15,wk inc flu hosp,2,2025-11-29,US,quantile,0.05,0
2025-11-15,wk inc flu hosp,3,2025-12-06,US,quantile,0.05,0
2025-11-15,wk inc flu hosp,0,2025-11-15,US,quantile,0.1,0
2025-11-15,wk inc flu hosp,1,2025-11-22,US,quantile,0.1,0
2025-11-15,wk inc flu hosp,2,2025-11-29,US,quantile,0.1,0
2025-11-15,wk inc flu hosp,3,2025-12-06,US,quantile,0.1,0
2025-11-15,wk inc flu hosp,0,2025-11-15,US,quantile,0.15,0
2025-11-15,wk inc flu hosp,1,2025-11-22,US,quantile,0.15,0
2025-11-15,wk inc flu hosp,2,2025-11-29,US,quantile,0.15,0
2025-11-15,wk inc flu hosp,3,2025-12-06,US,quantile,0.15,0
2025-11-15,wk inc flu hosp,0,2025-11-15,US,quantile,0.2,0
2025-11-15,wk inc flu hosp,1,2025-11-22,US,quantile,0.2,0
2025-11-15,wk inc flu hosp,2,2025-11-29,US,quantile,0.2,0
2025-11-15,wk inc flu hosp,3,2025-12-06,US,quantile,0.2,0
2025-11-15,wk inc flu hosp,0,2025-11-15,US,quantile,0.25,105
2025-11-15,wk inc flu hosp,1,2025-11-22,US,quantile,0.25,0
2025-11-15,wk inc flu hosp,2,2025-11-29,US,quantile,0.25,0
2025-11-15,wk inc flu hosp,3,2025-12-06,US,quantile,0.25,832
2025-11-15,wk inc flu hosp,0,2025-11-15,US,quantile,0.3,779
2025-11-15,wk inc flu hosp,1,2025-11-22,US,quantile,0.3,165
2025-11-15,wk inc flu hosp,2,2025-11-29,US,quantile,0.3,893
2025-11-15,wk inc flu hosp,3,2025-12-06,US,quantile,0.3,2644
2025-11-15,wk inc flu hosp,0,2025-11-15,US,quantile,0.35,1001
2025-11-15,wk inc flu hosp,1,2025-11-22,US,quantile,0.35,598
2025-11-15,wk inc flu hosp,2,2025-11-29,US,quantile,0.35,1730
2025-11-15,wk inc flu hosp,3,2025-12-06,US,quantile,0.35,4084
2025-11-15,wk inc flu hosp,0,2025-11-15,US,quantile,0.4,1317
2025-11-15,wk inc flu hosp,1,2025-11-22,US,quantile,0.4,1190
2025-11-15,wk inc flu hosp,2,2025-11-29,US,quantile,0.4,2504
2025-11-15,wk inc flu hosp,3,2025-12-06,US,quantile,0.4,5261
2025-11-15,wk inc flu hosp,0,2025-11-15,US,quantile,0.45,1515
2025-11-15,wk inc flu hosp,1,2025-11-22,US,quantile,0.45,1742
2025-11-15,wk inc flu hosp,2,2025-11-29,US,quantile,0.45,3489
2025-11-15,wk inc flu hosp,3,2025-12-06,US,quantile,0.45,6562
2025-11-15,wk inc flu hosp,0,2025-11-15,US,quantile,0.5,1707
2025-11-15,wk inc flu hosp,1,2025-11-22,US,quantile,0.5,2351
2025-11-15,wk inc flu hosp,2,2025-11-29,US,quantile,0.5,4285
2025-11-15,wk inc flu hosp,3,2025-12-06,US,quantile,0.5,7635
2025-11-15,wk inc flu hosp,0,2025-11-15,US,quantile,0.55,1874
2025-11-15,wk inc flu hosp,1,2025-11-22,US,quantile,0.55,2782
2025-11-15,wk inc flu hosp,2,2025-11-29,US,quantile,0.55,4926
2025-11-15,wk inc flu hosp,3,2025-12-06,US,quantile,0.55,8909
2025-11-15,wk inc flu hosp,0,2025-11-15,US,quantile,0.6,1952
2025-11-15,wk inc flu hosp,1,2025-11-22,US,quantile,0.6,2994
2025-11-15,wk inc flu hosp,2,2025-11-29,US,quantile,0.6,5350
2025-11-15,wk inc flu hosp,3,2025-12-06,US,quantile,0.6,10073
2025-11-15,wk inc flu hosp,0,2025-11-15,US,quantile,0.65,2144
2025-11-15,wk inc flu hosp,1,2025-11-22,US,quantile,0.65,3266
2025-11-15,wk inc flu hosp,2,2025-11-29,US,quantile,0.65,5896
2025-11-15,wk inc flu hosp,3,2025-12-06,US,quantile,0.65,11052
2025-11-15,wk inc flu hosp,0,2025-11-15,US,quantile,0.7,2188
2025-11-15,wk inc flu hosp,1,2025-11-22,US,quantile,0.7,3404
2025-11-15,wk inc flu hosp,2,2025-11-29,US,quantile,0.7,6273
2025-11-15,wk inc flu hosp,3,2025-12-06,US,quantile,0.7,12578
2025-11-15,wk inc flu hosp,0,2025-11-15,US,quantile,0.75,2247
2025-11-15,wk inc flu hosp,1,2025-11-22,US,quantile,0.75,3558
2025-11-15,wk inc flu hosp,2,2025-11-29,US,quantile,0.75,6661
2025-11-15,wk inc flu hosp,3,2025-12-06,US,quantile,0.75,13480
2025-11-15,wk inc flu hosp,0,2025-11-15,US,quantile,0.8,2302
2025-11-15,wk inc flu hosp,1,2025-11-22,US,quantile,0.8,3780
2025-11-15,wk inc flu hosp,2,2025-11-29,US,quantile,0.8,7396
2025-11-15,wk inc flu hosp,3,2025-12-06,US,quantile,0.8,14466
2025-11-15,wk inc flu hosp,0,2025-11-15,US,quantile,0.85,2401
2025-11-15,wk inc flu hosp,1,2025-11-22,US,quantile,0.85,4141
2025-11-15,wk inc flu hosp,2,2025-11-29,US,quantile,0.85,8332
2025-11-15,wk inc flu hosp,3,2025-12-06,US,quantile,0.85,15852
2025-11-15,wk inc flu hosp,0,2025-11-15,US,quantile,0.9,2491
2025-11-15,wk inc flu hosp,1,2025-11-22,US,quantile,0.9,4434
2025-11-15,wk inc flu hosp,2,2025-11-29,US,quantile,0.9,8889
2025-11-15,wk inc flu hosp,3,2025-12-06,US,quantile,0.9,17200
2025-11-15,wk inc flu hosp,0,2025-11-15,US,quantile,0.95,2687
2025-11-15,wk inc flu hosp,1,2025-11-22,US,quantile,0.95,5420
2025-11-15,wk inc flu hosp,2,2025-11-29,US,quantile,0.95,10758
2025-11-15,wk inc flu hosp,3,2025-12-06,US,quantile,0.95,21146
2025-11-15,wk inc flu hosp,0,2025-11-15,US,quantile,0.975,3813
2025-11-15,wk inc flu hosp,1,2025-11-22,US,quantile,0.975,8216
2025-11-15,wk inc flu hosp,2,2025-11-29,US,quantile,0.975,14485
2025-11-15,wk inc flu hosp,3,2025-12-06,US,quantile,0.975,27624
2025-11-15,wk inc flu hosp,0,2025-11-15,US,quantile,0.99,3813
2025-11-15,wk inc flu hosp,1,2025-11-22,US,quantile,0.99,8629
2025-11-15,wk inc flu hosp,2,2025-11-29,US,quantile,0.99,15029
2025-11-15,wk inc flu hosp,3,2025-12-06,US,quantile,0.99,28477
2025-11-15,wk inc flu prop ed visits,0,2025-11-15,49,quantile,0.01,0
2025-11-15,wk inc flu prop ed visits,1,2025-11-22,49,quantile,0.01,0
2025-11-15,wk inc flu prop ed visits,2,2025-11-29,49,quantile,0.01,0
2025-11-15,wk inc flu prop ed visits,3,2025-12-06,49,quantile,0.01,0
2025-11-15,wk inc flu prop ed visits,0,2025-11-15,49,quantile,0.025,0
2025-11-15,wk inc flu prop ed visits,1,2025-11-22,49,quantile,0.025,0
2025-11-15,wk inc flu prop ed visits,2,2025-11-29,49,quantile,0.025,0
2025-11-15,wk inc flu prop ed visits,3,2025-12-06,49,quantile,0.025,0
2025-11-15,wk inc flu prop ed visits,0,2025-11-15,49,quantile,0.05,0
2025-11-15,wk inc flu prop ed visits,1,2025-11-22,49,quantile,0.05,0
2025-11-15,wk inc flu prop ed visits,2,2025-11-29,49,quantile,0.05,0
2025-11-15,wk inc flu prop ed visits,3,2025-12-06,49,quantile,0.05,0
2025-11-15,wk inc flu prop ed visits,0,2025-11-15,49,quantile,0.1,0
2025-11-15,wk inc flu prop ed visits,1,2025-11-22,49,quantile,0.1,0
2025-11-15,wk inc flu prop ed visits,2,2025-11-29,49,quantile,0.1,0
2025-11-15,wk inc flu prop ed visits,3,2025-12-06,49,quantile,0.1,0
2025-11-15,wk inc flu prop ed visits,0,2025-11-15,49,quantile,0.15,0
2025-11-15,wk inc flu prop ed visits,1,2025-11-22,49,quantile,0.15,0
2025-11-15,wk inc flu prop ed visits,2,2025-11-29,49,quantile,0.15,0
2025-11-15,wk inc flu prop ed visits,3,2025-12-06,49,quantile,0.15,0
2025-11-15,wk inc flu prop ed visits,0,2025-11-15,49,quantile,0.2,0
2025-11-15,wk inc flu prop ed visits,1,2025-11-22,49,quantile,0.2,0
2025-11-15,wk inc flu prop ed visits,2,2025-11-29,49,quantile,0.2,0
2025-11-15,wk inc flu prop ed visits,3,2025-12-06,49,quantile,0.2,0
2025-11-15,wk inc flu prop ed visits,0,2025-11-15,49,quantile,0.25,0
2025-11-15,wk inc flu prop ed visits,1,2025-11-22,49,quantile,0.25,0
2025-11-15,wk inc flu prop ed visits,2,2025-11-29,49,quantile,0.25,0
2025-11-15,wk inc flu prop ed visits,3,2025-12-06,49,quantile,0.25,0
2025-11-15,wk inc flu prop ed visits,0,2025-11-15,49,quantile,0.3,0
2025-11-15,wk inc flu prop ed visits,1,2025-11-22,49,quantile,0.3,0
2025-11-15,wk inc flu prop ed visits,2,2025-11-29,49,quantile,0.3,0
2025-11-15,wk inc flu prop ed visits,3,2025-12-06,49,quantile,0.3,0
2025-11-15,wk inc flu prop ed visits,0,2025-11-15,49,quantile,0.35,0
2025-11-15,wk inc flu prop ed visits,1,2025-11-22,49,quantile,0.35,0
2025-11-15,wk inc flu prop ed visits,2,2025-11-29,49,quantile,0.35,0
2025-11-15,wk inc flu prop ed visits,3,2025-12-06,49,quantile,0.35,0
2025-11-15,wk inc flu prop ed visits,0,2025-11-15,49,quantile,0.4,0
2025-11-15,wk inc flu prop ed visits,1,2025-11-22,49,quantile,0.4,0
2025-11-15,wk inc flu prop ed visits,2,2025-11-29,49,quantile,0.4,0
2025-11-15,wk inc flu prop ed visits,3,2025-12-06,49,quantile,0.4,0
2025-11-15,wk inc flu prop ed visits,0,2025-11-15,49,quantile,0.45,0
2025-11-15,wk inc flu prop ed visits,1,2025-11-22,49,quantile,0.45,0
2025-11-15,wk inc flu prop ed visits,2,2025-11-29,49,quantile,0.45,0
2025-11-15,wk inc flu prop ed visits,3,2025-12-06,49,quantile,0.45,0
2025-11-15,wk inc flu prop ed visits,0,2025-11-15,49,quantile,0.5,0
2025-11-15,wk inc flu prop ed visits,1,2025-11-22,49,quantile,0.5,0
2025-11-15,wk inc flu prop ed visits,2,2025-11-29,49,quantile,0.5,0
2025-11-15,wk inc flu prop ed visits,3,2025-12-06,49,quantile,0.5,0
2025-11-15,wk inc flu prop ed visits,0,2025-11-15,49,quantile,0.55,0
2025-11-15,wk inc flu prop ed visits,1,2025-11-22,49,quantile,0.55,0
2025-11-15,wk inc flu prop ed visits,2,2025-11-29,49,quantile,0.55,0
2025-11-15,wk inc flu prop ed visits,3,2025-12-06,49,quantile,0.55,0
2025-11-15,wk inc flu prop ed visits,0,2025-11-15,49,quantile,0.6,0
2025-11-15,wk inc flu prop ed visits,1,2025-11-22,49,quantile,0.6,0
2025-11-15,wk inc flu prop ed visits,2,2025-11-29,49,quantile,0.6,0
2025-11-15,wk inc flu prop ed visits,3,2025-12-06,49,quantile,0.6,0
2025-11-15,wk inc flu prop ed visits,0,2025-11-15,49,quantile,0.65,0
2025-11-15,wk inc flu prop ed visits,1,2025-11-22,49,quantile,0.65,0
2025-11-15,wk inc flu prop ed visits,2,2025-11-29,49,quantile,0.65,0.0036975610772093112
2025-11-15,wk inc flu prop ed visits,3,2025-12-06,49,quantile,0.65,0.00911404165913137
2025-11-15,wk inc flu prop ed visits,0,2025-11-15,49,quantile,0.7,7.636060275339974e-5
2025-11-15,wk inc flu prop ed visits,1,2025-11-22,49,quantile,0.7,0
2025-11-15,wk inc flu prop ed visits,2,2025-11-29,49,quantile,0.7,0.011131615140964068
2025-11-15,wk inc flu prop ed visits,3,2025-12-06,49,quantile,0.7,0.02101014582628514
2025-11-15,wk inc flu prop ed visits,0,2025-11-15,49,quantile,0.75,0.002420652323546559
2025-11-15,wk inc flu prop ed visits,1,2025-11-22,49,quantile,0.75,0.0033128352579702923
2025-11-15,wk inc flu prop ed visits,2,2025-11-29,49,quantile,0.75,0.01618908722048192
2025-11-15,wk inc flu prop ed visits,3,2025-12-06,49,quantile,0.75,0.02825989648763553
2025-11-15,wk inc flu prop ed visits,0,2025-11-15,49,quantile,0.8,0.005441427370643471
2025-11-15,wk inc flu prop ed visits,1,2025-11-22,49,quantile,0.8,0.006984635560919492
2025-11-15,wk inc flu prop ed visits,2,2025-11-29,49,quantile,0.8,0.020927881359580187
2025-11-15,wk inc flu prop ed visits,3,2025-12-06,49,quantile,0.8,0.034566199701957116
2025-11-15,wk inc flu prop ed visits,0,2025-11-15,49,quantile,0.85,0.006323553909040845
2025-11-15,wk inc flu prop ed visits,1,2025-11-22,49,quantile,0.85,0.009051745319815264
2025-11-15,wk inc flu prop ed visits,2,2025-11-29,49,quantile,0.85,0.025542720613360236
2025-11-15,wk inc flu prop ed visits,3,2025-12-06,49,quantile,0.85,0.04087988105378957
2025-11-15,wk inc flu prop ed visits,0,2025-11-15,49,quantile,0.9,0.007856324232157406
2025-11-15,wk inc flu prop ed visits,1,2025-11-22,49,quantile,0.9,0.012843722625510248
2025-11-15,wk inc flu prop ed visits,2,2025-11-29,49,quantile,0.9,0.031757746207623255
2025-11-15,wk inc flu prop ed visits,3,2025-12-06,49,quantile,0.9,0.05002800662150759
2025-11-15,wk inc flu prop ed visits,0,2025-11-15,49,quantile,0.95,0.008735661525574687
2025-11-15,wk inc flu prop ed visits,1,2025-11-22,49,quantile,0.95,0.014905772506845162
2025-11-15,wk inc flu prop ed visits,2,2025-11-29,49,quantile,0.95,0.03967741824611153
2025-11-15,wk inc flu prop ed visits,3,2025-12-06,49,quantile,0.95,0.06113360822917298
2025-11-15,wk inc flu prop ed visits,0,2025-11-15,49,quantile,0.975,0.009653389560841512
2025-11-15,wk inc flu prop ed visits,1,2025-11-22,49,quantile,0.975,0.018045835738484603
2025-11-15,wk inc flu prop ed visits,2,2025-11-29,49,quantile,0.975,0.04473627011193186
2025-11-15,wk inc flu prop ed visits,3,2025-12-06,49,quantile,0.975,0.06776327303448942
2025-11-15,wk inc flu prop ed visits,0,2025-11-15,49,quantile,0.99,0.013588632303824072
2025-11-15,wk inc flu prop ed visits,1,2025-11-22,49,quantile,0.99,0.02787014853840139
2025-11-15,wk inc flu prop ed visits,2,2025-11-29,49,quantile,0.99,0.05619465374767314
2025-11-15,wk inc flu prop ed visits,3,2025-12-06,49,quantile,0.99,0.08167583121413581
2025-11-15,wk inc flu hosp,0,2025-11-15,49,quantile,0.01,0
2025-11-15,wk inc flu hosp,1,2025-11-22,49,quantile,0.01,0
2025-11-15,wk inc flu hosp,2,2025-11-29,49,quantile,0.01,0
2025-11-15,wk inc flu hosp,3,2025-12-06,49,quantile,0.01,0
2025-11-15,wk inc flu hosp,0,2025-11-15,49,quantile,0.025,0
2025-11-15,wk inc flu hosp,1,2025-11-22,49,quantile,0.025,0
2025-11-15,wk inc flu hosp,2,2025-11-29,49,quantile,0.025,0
2025-11-15,wk inc flu hosp,3,2025-12-06,49,quantile,0.025,0
2025-11-15,wk inc flu hosp,0,2025-11-15,49,quantile,0.05,0
2025-11-15,wk inc flu hosp,1,2025-11-22,49,quantile,0.05,0
2025-11-15,wk inc flu hosp,2,2025-11-29,49,quantile,0.05,0
2025-11-15,wk inc flu hosp,3,2025-12-06,49,quantile,0.05,0
2025-11-15,wk inc flu hosp,0,2025-11-15,49,quantile,0.1,0
2025-11-15,wk inc flu hosp,1,2025-11-22,49,quantile,0.1,0
2025-11-15,wk inc flu hosp,2,2025-11-29,49,quantile,0.1,0
2025-11-15,wk inc flu hosp,3,2025-12-06,49,quantile,0.1,0
2025-11-15,wk inc flu hosp,0,2025-11-15,49,quantile,0.15,0
2025-11-15,wk inc flu hosp,1,2025-11-22,49,quantile,0.15,0
2025-11-15,wk inc flu hosp,2,2025-11-29,49,quantile,0.15,0
2025-11-15,wk inc flu hosp,3,2025-12-06,49,quantile,0.15,0
2025-11-15,wk inc flu hosp,0,2025-11-15,49,quantile,0.2,0
2025-11-15,wk inc flu hosp,1,2025-11-22,49,quantile,0.2,0
2025-11-15,wk inc flu hosp,2,2025-11-29,49,quantile,0.2,0
2025-11-15,wk inc flu hosp,3,2025-12-06,49,quantile,0.2,0
2025-11-15,wk inc flu hosp,0,2025-11-15,49,quantile,0.25,0
2025-11-15,wk inc flu hosp,1,2025-11-22,49,quantile,0.25,0
2025-11-15,wk inc flu hosp,2,2025-11-29,49,quantile,0.25,0
2025-11-15,wk inc flu hosp,3,2025-12-06,49,quantile,0.25,0
2025-11-15,wk inc flu hosp,0,2025-11-15,49,quantile,0.3,0
2025-11-15,wk inc flu hosp,1,2025-11-22,49,quantile,0.3,0
2025-11-15,wk inc flu hosp,2,2025-11-29,49,quantile,0.3,0
2025-11-15,wk inc flu hosp,3,2025-12-06,49,quantile,0.3,5
2025-11-15,wk inc flu hosp,0,2025-11-15,49,quantile,0.35,1
2025-11-15,wk inc flu hosp,1,2025-11-22,49,quantile,0.35,0
2025-11-15,wk inc flu hosp,2,2025-11-29,49,quantile,0.35,0
2025-11-15,wk inc flu hosp,3,2025-12-06,49,quantile,0.35,21
2025-11-15,wk inc flu hosp,0,2025-11-15,49,quantile,0.4,2
2025-11-15,wk inc flu hosp,1,2025-11-22,49,quantile,0.4,0
2025-11-15,wk inc flu hosp,2,2025-11-29,49,quantile,0.4,3
2025-11-15,wk inc flu hosp,3,2025-12-06,49,quantile,0.4,30
2025-11-15,wk inc flu hosp,0,2025-11-15,49,quantile,0.45,5
2025-11-15,wk inc flu hosp,1,2025-11-22,49,quantile,0.45,2
2025-11-15,wk inc flu hosp,2,2025-11-29,49,quantile,0.45,9
2025-11-15,wk inc flu hosp,3,2025-12-06,49,quantile,0.45,40
2025-11-15,wk inc flu hosp,0,2025-11-15,49,quantile,0.5,6
2025-11-15,wk inc flu hosp,1,2025-11-22,49,quantile,0.5,7
2025-11-15,wk inc flu hosp,2,2025-11-29,49,quantile,0.5,16
2025-11-15,wk inc flu hosp,3,2025-12-06,49,quantile,0.5,51
2025-11-15,wk inc flu hosp,0,2025-11-15,49,quantile,0.55,10
2025-11-15,wk inc flu hosp,1,2025-11-22,49,quantile,0.55,12
2025-11-15,wk inc flu hosp,2,2025-11-29,49,quantile,0.55,26
2025-11-15,wk inc flu hosp,3,2025-12-06,49,quantile,0.55,64
2025-11-15,wk inc flu hosp,0,2025-11-15,49,quantile,0.6,12
2025-11-15,wk inc flu hosp,1,2025-11-22,49,quantile,0.6,16
2025-11-15,wk inc flu hosp,2,2025-11-29,49,quantile,0.6,34
2025-11-15,wk inc flu hosp,3,2025-12-06,49,quantile,0.6,75
2025-11-15,wk inc flu hosp,0,2025-11-15,49,quantile,0.65,15
2025-11-15,wk inc flu hosp,1,2025-11-22,49,quantile,0.65,20
2025-11-15,wk inc flu hosp,2,2025-11-29,49,quantile,0.65,42
2025-11-15,wk inc flu hosp,3,2025-12-06,49,quantile,0.65,89
2025-11-15,wk inc flu hosp,0,2025-11-15,49,quantile,0.7,16
2025-11-15,wk inc flu hosp,1,2025-11-22,49,quantile,0.7,24
2025-11-15,wk inc flu hosp,2,2025-11-29,49,quantile,0.7,47
2025-11-15,wk inc flu hosp,3,2025-12-06,49,quantile,0.7,97
2025-11-15,wk inc flu hosp,0,2025-11-15,49,quantile,0.75,16
2025-11-15,wk inc flu hosp,1,2025-11-22,49,quantile,0.75,27
2025-11-15,wk inc flu hosp,2,2025-11-29,49,quantile,0.75,53
2025-11-15,wk inc flu hosp,3,2025-12-06,49,quantile,0.75,104
2025-11-15,wk inc flu hosp,0,2025-11-15,49,quantile,0.8,17
2025-11-15,wk inc flu hosp,1,2025-11-22,49,quantile,0.8,30
2025-11-15,wk inc flu hosp,2,2025-11-29,49,quantile,0.8,58
2025-11-15,wk inc flu hosp,3,2025-12-06,49,quantile,0.8,111
2025-11-15,wk inc flu hosp,0,2025-11-15,49,quantile,0.85,19
2025-11-15,wk inc flu hosp,1,2025-11-22,49,quantile,0.85,35
2025-11-15,wk inc flu hosp,2,2025-11-29,49,quantile,0.85,64
2025-11-15,wk inc flu hosp,3,2025-12-06,49,quantile,0.85,122
2025-11-15,wk inc flu hosp,0,2025-11-15,49,quantile,0.9,22
2025-11-15,wk inc flu hosp,1,2025-11-22,49,quantile,0.9,41
2025-11-15,wk inc flu hosp,2,2025-11-29,49,quantile,0.9,72
2025-11-15,wk inc flu hosp,3,2025-12-06,49,quantile,0.9,135
2025-11-15,wk inc flu hosp,0,2025-11-15,49,quantile,0.95,39
2025-11-15,wk inc flu hosp,1,2025-11-22,49,quantile,0.95,60
2025-11-15,wk inc flu hosp,2,2025-11-29,49,quantile,0.95,99
2025-11-15,wk inc flu hosp,3,2025-12-06,49,quantile,0.95,168
2025-11-15,wk inc flu hosp,0,2025-11-15,49,quantile,0.975,45
2025-11-15,wk inc flu hosp,1,2025-11-22,49,quantile,0.975,87
2025-11-15,wk inc flu hosp,2,2025-11-29,49,quantile,0.975,133
2025-11-15,wk inc flu hosp,3,2025-12-06,49,quantile,0.975,208
2025-11-15,wk inc flu hosp,0,2025-11-15,49,quantile,0.99,58
2025-11-15,wk inc flu hosp,1,2025-11-22,49,quantile,0.99,124
2025-11-15,wk inc flu hosp,2,2025-11-29,49,quantile,0.99,218
2025-11-15,wk inc flu hosp,3,2025-12-06,49,quantile,0.99,315
2025-11-15,wk inc flu prop ed visits,0,2025-11-15,50,quantile,0.01,0
2025-11-15,wk inc flu prop ed visits,1,2025-11-22,50,quantile,0.01,0
2025-11-15,wk inc flu prop ed visits,2,2025-11-29,50,quantile,0.01,0
2025-11-15,wk inc flu prop ed visits,3,2025-12-06,50,quantile,0.01,0
2025-11-15,wk inc flu prop ed visits,0,2025-11-15,50,quantile,0.025,0
2025-11-15,wk inc flu prop ed visits,1,2025-11-22,50,quantile,0.025,0
2025-11-15,wk inc flu prop ed visits,2,2025-11-29,50,quantile,0.025,0
2025-11-15,wk inc flu prop ed visits,3,2025-12-06,50,quantile,0.025,0
2025-11-15,wk inc flu prop ed visits,0,2025-11-15,50,quantile,0.05,0
2025-11-15,wk inc flu prop ed visits,1,2025-11-22,50,quantile,0.05,0
2025-11-15,wk inc flu prop ed visits,2,2025-11-29,50,quantile,0.05,0
2025-11-15,wk inc flu prop ed visits,3,2025-12-06,50,quantile,0.05,0
2025-11-15,wk inc flu prop ed visits,0,2025-11-15,50,quantile,0.1,0
2025-11-15,wk inc flu prop ed visits,1,2025-11-22,50,quantile,0.1,0
2025-11-15,wk inc flu prop ed visits,2,2025-11-29,50,quantile,0.1,0
2025-11-15,wk inc flu prop ed visits,3,2025-12-06,50,quantile,0.1,0
2025-11-15,wk inc flu prop ed visits,0,2025-11-15,50,quantile,0.15,0
2025-11-15,wk inc flu prop ed visits,1,2025-11-22,50,quantile,0.15,0
2025-11-15,wk inc flu prop ed visits,2,2025-11-29,50,quantile,0.15,0
2025-11-15,wk inc flu prop ed visits,3,2025-12-06,50,quantile,0.15,0
2025-11-15,wk inc flu prop ed visits,0,2025-11-15,50,quantile,0.2,0
2025-11-15,wk inc flu prop ed visits,1,2025-11-22,50,quantile,0.2,0
2025-11-15,wk inc flu prop ed visits,2,2025-11-29,50,quantile,0.2,0
2025-11-15,wk inc flu prop ed visits,3,2025-12-06,50,quantile,0.2,0
2025-11-15,wk inc flu prop ed visits,0,2025-11-15,50,quantile,0.25,2.665005319457596e-4
2025-11-15,wk inc flu prop ed visits,1,2025-11-22,50,quantile,0.25,0
2025-11-15,wk inc flu prop ed visits,2,2025-11-29,50,quantile,0.25,0
2025-11-15,wk inc flu prop ed visits,3,2025-12-06,50,quantile,0.25,0
2025-11-15,wk inc flu prop ed visits,0,2025-11-15,50,quantile,0.3,7.329662298031564e-4
2025-11-15,wk inc flu prop ed visits,1,2025-11-22,50,quantile,0.3,0
2025-11-15,wk inc flu prop ed visits,2,2025-11-29,50,quantile,0.3,0
2025-11-15,wk inc flu prop ed visits,3,2025-12-06,50,quantile,0.3,0
2025-11-15,wk inc flu prop ed visits,0,2025-11-15,50,quantile,0.35,9.462058857648245e-4
2025-11-15,wk inc flu prop ed visits,1,2025-11-22,50,quantile,0.35,3.967447039820506e-4
2025-11-15,wk inc flu prop ed visits,2,2025-11-29,50,quantile,0.35,0
2025-11-15,wk inc flu prop ed visits,3,2025-12-06,50,quantile,0.35,0
2025-11-15,wk inc flu prop ed visits,0,2025-11-15,50,quantile,0.4,0.001088476596845817
2025-11-15,wk inc flu prop ed visits,1,2025-11-22,50,quantile,0.4,7.863655610522768e-4
2025-11-15,wk inc flu prop ed visits,2,2025-11-29,50,quantile,0.4,0
2025-11-15,wk inc flu prop ed visits,3,2025-12-06,50,quantile,0.4,0
2025-11-15,wk inc flu prop ed visits,0,2025-11-15,50,quantile,0.45,0.0011876473295499847
2025-11-15,wk inc flu prop ed visits,1,2025-11-22,50,quantile,0.45,0.001301021150502297
2025-11-15,wk inc flu prop ed visits,2,2025-11-29,50,quantile,0.45,0
2025-11-15,wk inc flu prop ed visits,3,2025-12-06,50,quantile,0.45,0
2025-11-15,wk inc flu prop ed visits,0,2025-11-15,50,quantile,0.5,0.0013368164832207178
2025-11-15,wk inc flu prop ed visits,1,2025-11-22,50,quantile,0.5,0.0018255576527488498
2025-11-15,wk inc flu prop ed visits,2,2025-11-29,50,quantile,0.5,6.161580525940034e-4
2025-11-15,wk inc flu prop ed visits,3,2025-12-06,50,quantile,0.5,7.850245574444818e-4
2025-11-15,wk inc flu prop ed visits,0,2025-11-15,50,quantile,0.55,0.001524825936650937
2025-11-15,wk inc flu prop ed visits,1,2025-11-22,50,quantile,0.55,0.002225904932637508
2025-11-15,wk inc flu prop ed visits,2,2025-11-29,50,quantile,0.55,0.001231719985265331
2025-11-15,wk inc flu prop ed visits,3,2025-12-06,50,quantile,0.55,0.001919299862865472
2025-11-15,wk inc flu prop ed visits,0,2025-11-15,50,quantile,0.6,0.00175942358354896
2025-11-15,wk inc flu prop ed visits,1,2025-11-22,50,quantile,0.6,0.0026567274082968215
2025-11-15,wk inc flu prop ed visits,2,2025-11-29,50,quantile,0.6,0.0017931941685166185
2025-11-15,wk inc flu prop ed visits,3,2025-12-06,50,quantile,0.6,0.002701397733780865
2025-11-15,wk inc flu prop ed visits,0,2025-11-15,50,quantile,0.65,0.0019492905647552797
2025-11-15,wk inc flu prop ed visits,1,2025-11-22,50,quantile,0.65,0.0030057005357088
2025-11-15,wk inc flu prop ed visits,2,2025-11-29,50,quantile,0.65,0.002464040123417672
2025-11-15,wk inc flu prop ed visits,3,2025-12-06,50,quantile,0.65,0.0036273065375850154
2025-11-15,wk inc flu prop ed visits,0,2025-11-15,50,quantile,0.7,0.0021510662948971285
2025-11-15,wk inc flu prop ed visits,1,2025-11-22,50,quantile,0.7,0.0033486894531055494
2025-11-15,wk inc flu prop ed visits,2,2025-11-29,50,quantile,0.7,0.003304306812179337
2025-11-15,wk inc flu prop ed visits,3,2025-12-06,50,quantile,0.7,0.004718275798448412
2025-11-15,wk inc flu prop ed visits,0,2025-11-15,50,quantile,0.75,0.002437716227747298
2025-11-15,wk inc flu prop ed visits,1,2025-11-22,50,quantile,0.75,0.003966386690355569
2025-11-15,wk inc flu prop ed visits,2,2025-11-29,50,quantile,0.75,0.004438440930844701
2025-11-15,wk inc flu prop ed visits,3,2025-12-06,50,quantile,0.75,0.0061193084802808875
2025-11-15,wk inc flu prop ed visits,0,2025-11-15,50,quantile,0.8,0.002785926950506691
2025-11-15,wk inc flu prop ed visits,1,2025-11-22,50,quantile,0.8,0.004728755858691075
2025-11-15,wk inc flu prop ed visits,2,2025-11-29,50,quantile,0.8,0.005463605536755956
2025-11-15,wk inc flu prop ed visits,3,2025-12-06,50,quantile,0.8,0.007671890188246612
2025-11-15,wk inc flu prop ed visits,0,2025-11-15,50,quantile,0.85,0.0029687705193718176
2025-11-15,wk inc flu prop ed visits,1,2025-11-22,50,quantile,0.85,0.00526906198251358
2025-11-15,wk inc flu prop ed visits,2,2025-11-29,50,quantile,0.85,0.00635270893361875
2025-11-15,wk inc flu prop ed visits,3,2025-12-06,50,quantile,0.85,0.009144035455358733
2025-11-15,wk inc flu prop ed visits,0,2025-11-15,50,quantile,0.9,0.003385566583684914
2025-11-15,wk inc flu prop ed visits,1,2025-11-22,50,quantile,0.9,0.006073205812716234
2025-11-15,wk inc flu prop ed visits,2,2025-11-29,50,quantile,0.9,0.007773140139423076
2025-11-15,wk inc flu prop ed visits,3,2025-12-06,50,quantile,0.9,0.01131755921596012
2025-11-15,wk inc flu prop ed visits,0,2025-11-15,50,quantile,0.95,0.003976090654095783
2025-11-15,wk inc flu prop ed visits,1,2025-11-22,50,quantile,0.95,0.008187942750916834
2025-11-15,wk inc flu prop ed visits,2,2025-11-29,50,quantile,0.95,0.01240349956842647
2025-11-15,wk inc flu prop ed visits,3,2025-12-06,50,quantile,0.95,0.017890720883779482
2025-11-15,wk inc flu prop ed visits,0,2025-11-15,50,quantile,0.975,0.0068513475708781866
2025-11-15,wk inc flu prop ed visits,1,2025-11-22,50,quantile,0.975,0.014977926709260151
2025-11-15,wk inc flu prop ed visits,2,2025-11-29,50,quantile,0.975,0.02328507376831719
2025-11-15,wk inc flu prop ed visits,3,2025-12-06,50,quantile,0.975,0.035775314214514055
2025-11-15,wk inc flu prop ed visits,0,2025-11-15,50,quantile,0.99,0.0068513475708781866
2025-11-15,wk inc flu prop ed visits,1,2025-11-22,50,quantile,0.99,0.014977926709260151
2025-11-15,wk inc flu prop ed visits,2,2025-11-29,50,quantile,0.99,0.02328507376831719
2025-11-15,wk inc flu prop ed visits,3,2025-12-06,50,quantile,0.99,0.035775314214514055
2025-11-15,wk inc flu hosp,0,2025-11-15,50,quantile,0.01,1
2025-11-15,wk inc flu hosp,1,2025-11-22,50,quantile,0.01,0
2025-11-15,wk inc flu hosp,2,2025-11-29,50,quantile,0.01,0
2025-11-15,wk inc flu hosp,3,2025-12-06,50,quantile,0.01,0
2025-11-15,wk inc flu hosp,0,2025-11-15,50,quantile,0.025,1
2025-11-15,wk inc flu hosp,1,2025-11-22,50,quantile,0.025,0
2025-11-15,wk inc flu hosp,2,2025-11-29,50,quantile,0.025,0
2025-11-15,wk inc flu hosp,3,2025-12-06,50,quantile,0.025,0
2025-11-15,wk inc flu hosp,0,2025-11-15,50,quantile,0.05,1
2025-11-15,wk inc flu hosp,1,2025-11-22,50,quantile,0.05,0
2025-11-15,wk inc flu hosp,2,2025-11-29,50,quantile,0.05,0
2025-11-15,wk inc flu hosp,3,2025-12-06,50,quantile,0.05,0
2025-11-15,wk inc flu hosp,0,2025-11-15,50,quantile,0.1,1
2025-11-15,wk inc flu hosp,1,2025-11-22,50,quantile,0.1,0
2025-11-15,wk inc flu hosp,2,2025-11-29,50,quantile,0.1,0
2025-11-15,wk inc flu hosp,3,2025-12-06,50,quantile,0.1,0
2025-11-15,wk inc flu hosp,0,2025-11-15,50,quantile,0.15,1
2025-11-15,wk inc flu hosp,1,2025-11-22,50,quantile,0.15,1
2025-11-15,wk inc flu hosp,2,2025-11-29,50,quantile,0.15,1
2025-11-15,wk inc flu hosp,3,2025-12-06,50,quantile,0.15,1
2025-11-15,wk inc flu hosp,0,2025-11-15,50,quantile,0.2,2
2025-11-15,wk inc flu hosp,1,2025-11-22,50,quantile,0.2,2
2025-11-15,wk inc flu hosp,2,2025-11-29,50,quantile,0.2,2
2025-11-15,wk inc flu hosp,3,2025-12-06,50,quantile,0.2,3
2025-11-15,wk inc flu hosp,0,2025-11-15,50,quantile,0.25,2
2025-11-15,wk inc flu hosp,1,2025-11-22,50,quantile,0.25,3
2025-11-15,wk inc flu hosp,2,2025-11-29,50,quantile,0.25,3
2025-11-15,wk inc flu hosp,3,2025-12-06,50,quantile,0.25,4
2025-11-15,wk inc flu hosp,0,2025-11-15,50,quantile,0.3,2
2025-11-15,wk inc flu hosp,1,2025-11-22,50,quantile,0.3,3
2025-11-15,wk inc flu hosp,2,2025-11-29,50,quantile,0.3,3
2025-11-15,wk inc flu hosp,3,2025-12-06,50,quantile,0.3,4
2025-11-15,wk inc flu hosp,0,2025-11-15,50,quantile,0.35,2
2025-11-15,wk inc flu hosp,1,2025-11-22,50,quantile,0.35,3
2025-11-15,wk inc flu hosp,2,2025-11-29,50,quantile,0.35,4
2025-11-15,wk inc flu hosp,3,2025-12-06,50,quantile,0.35,5
2025-11-15,wk inc flu hosp,0,2025-11-15,50,quantile,0.4,2
2025-11-15,wk inc flu hosp,1,2025-11-22,50,quantile,0.4,3
2025-11-15,wk inc flu hosp,2,2025-11-29,50,quantile,0.4,4
2025-11-15,wk inc flu hosp,3,2025-12-06,50,quantile,0.4,5
2025-11-15,wk inc flu hosp,0,2025-11-15,50,quantile,0.45,2
2025-11-15,wk inc flu hosp,1,2025-11-22,50,quantile,0.45,3
2025-11-15,wk inc flu hosp,2,2025-11-29,50,quantile,0.45,4
2025-11-15,wk inc flu hosp,3,2025-12-06,50,quantile,0.45,5
2025-11-15,wk inc flu hosp,0,2025-11-15,50,quantile,0.5,2
2025-11-15,wk inc flu hosp,1,2025-11-22,50,quantile,0.5,3
2025-11-15,wk inc flu hosp,2,2025-11-29,50,quantile,0.5,4
2025-11-15,wk inc flu hosp,3,2025-12-06,50,quantile,0.5,6
2025-11-15,wk inc flu hosp,0,2025-11-15,50,quantile,0.55,2
2025-11-15,wk inc flu hosp,1,2025-11-22,50,quantile,0.55,4
2025-11-15,wk inc flu hosp,2,2025-11-29,50,quantile,0.55,4
2025-11-15,wk inc flu hosp,3,2025-12-06,50,quantile,0.55,6
2025-11-15,wk inc flu hosp,0,2025-11-15,50,quantile,0.6,2
2025-11-15,wk inc flu hosp,1,2025-11-22,50,quantile,0.6,4
2025-11-15,wk inc flu hosp,2,2025-11-29,50,quantile,0.6,5
2025-11-15,wk inc flu hosp,3,2025-12-06,50,quantile,0.6,6
2025-11-15,wk inc flu hosp,0,2025-11-15,50,quantile,0.65,2
2025-11-15,wk inc flu hosp,1,2025-11-22,50,quantile,0.65,4
2025-11-15,wk inc flu hosp,2,2025-11-29,50,quantile,0.65,5
2025-11-15,wk inc flu hosp,3,2025-12-06,50,quantile,0.65,6
2025-11-15,wk inc flu hosp,0,2025-11-15,50,quantile,0.7,2
2025-11-15,wk inc flu hosp,1,2025-11-22,50,quantile,0.7,4
2025-11-15,wk inc flu hosp,2,2025-11-29,50,quantile,0.7,5
2025-11-15,wk inc flu hosp,3,2025-12-06,50,quantile,0.7,7
2025-11-15,wk inc flu hosp,0,2025-11-15,50,quantile,0.75,3
2025-11-15,wk inc flu hosp,1,2025-11-22,50,quantile,0.75,4
2025-11-15,wk inc flu hosp,2,2025-11-29,50,quantile,0.75,5
2025-11-15,wk inc flu hosp,3,2025-12-06,50,quantile,0.75,7
2025-11-15,wk inc flu hosp,0,2025-11-15,50,quantile,0.8,3
2025-11-15,wk inc flu hosp,1,2025-11-22,50,quantile,0.8,4
2025-11-15,wk inc flu hosp,2,2025-11-29,50,quantile,0.8,6
2025-11-15,wk inc flu hosp,3,2025-12-06,50,quantile,0.8,7
2025-11-15,wk inc flu hosp,0,2025-11-15,50,quantile,0.85,3
2025-11-15,wk inc flu hosp,1,2025-11-22,50,quantile,0.85,4
2025-11-15,wk inc flu hosp,2,2025-11-29,50,quantile,0.85,6
2025-11-15,wk inc flu hosp,3,2025-12-06,50,quantile,0.85,8
2025-11-15,wk inc flu hosp,0,2025-11-15,50,quantile,0.9,3
2025-11-15,wk inc flu hosp,1,2025-11-22,50,quantile,0.9,5
2025-11-15,wk inc flu hosp,2,2025-11-29,50,quantile,0.9,6
2025-11-15,wk inc flu hosp,3,2025-12-06,50,quantile,0.9,9
2025-11-15,wk inc flu hosp,0,2025-11-15,50,quantile,0.95,4
2025-11-15,wk inc flu hosp,1,2025-11-22,50,quantile,0.95,7
2025-11-15,wk inc flu hosp,2,2025-11-29,50,quantile,0.95,11
2025-11-15,wk inc flu hosp,3,2025-12-06,50,quantile,0.95,15
2025-11-15,wk inc flu hosp,0,2025-11-15,50,quantile,0.975,5
2025-11-15,wk inc flu hosp,1,2025-11-22,50,quantile,0.975,9
2025-11-15,wk inc flu hosp,2,2025-11-29,50,quantile,0.975,13
2025-11-15,wk inc flu hosp,3,2025-12-06,50,quantile,0.975,17
2025-11-15,wk inc flu hosp,0,2025-11-15,50,quantile,0.99,5
2025-11-15,wk inc flu hosp,1,2025-11-22,50,quantile,0.99,9
2025-11-15,wk inc flu hosp,2,2025-11-29,50,quantile,0.99,13
2025-11-15,wk inc flu hosp,3,2025-12-06,50,quantile,0.99,17
2025-11-15,wk inc flu prop ed visits,0,2025-11-15,51,quantile,0.01,0
2025-11-15,wk inc flu prop ed visits,1,2025-11-22,51,quantile,0.01,0
2025-11-15,wk inc flu prop ed visits,2,2025-11-29,51,quantile,0.01,0
2025-11-15,wk inc flu prop ed visits,3,2025-12-06,51,quantile,0.01,0
2025-11-15,wk inc flu prop ed visits,0,2025-11-15,51,quantile,0.025,0
2025-11-15,wk inc flu prop ed visits,1,2025-11-22,51,quantile,0.025,0
2025-11-15,wk inc flu prop ed visits,2,2025-11-29,51,quantile,0.025,0
2025-11-15,wk inc flu prop ed visits,3,2025-12-06,51,quantile,0.025,0
2025-11-15,wk inc flu prop ed visits,0,2025-11-15,51,quantile,0.05,0
2025-11-15,wk inc flu prop ed visits,1,2025-11-22,51,quantile,0.05,0
2025-11-15,wk inc flu prop ed visits,2,2025-11-29,51,quantile,0.05,0
2025-11-15,wk inc flu prop ed visits,3,2025-12-06,51,quantile,0.05,0
2025-11-15,wk inc flu prop ed visits,0,2025-11-15,51,quantile,0.1,0
2025-11-15,wk inc flu prop ed visits,1,2025-11-22,51,quantile,0.1,0
2025-11-15,wk inc flu prop ed visits,2,2025-11-29,51,quantile,0.1,0
2025-11-15,wk inc flu prop ed visits,3,2025-12-06,51,quantile,0.1,0
2025-11-15,wk inc flu prop ed visits,0,2025-11-15,51,quantile,0.15,0
2025-11-15,wk inc flu prop ed visits,1,2025-11-22,51,quantile,0.15,0
2025-11-15,wk inc flu prop ed visits,2,2025-11-29,51,quantile,0.15,0
2025-11-15,wk inc flu prop ed visits,3,2025-12-06,51,quantile,0.15,0
2025-11-15,wk inc flu prop ed visits,0,2025-11-15,51,quantile,0.2,0
2025-11-15,wk inc flu prop ed visits,1,2025-11-22,51,quantile,0.2,0
2025-11-15,wk inc flu prop ed visits,2,2025-11-29,51,quantile,0.2,0
2025-11-15,wk inc flu prop ed visits,3,2025-12-06,51,quantile,0.2,0
2025-11-15,wk inc flu prop ed visits,0,2025-11-15,51,quantile,0.25,0
2025-11-15,wk inc flu prop ed visits,1,2025-11-22,51,quantile,0.25,0
2025-11-15,wk inc flu prop ed visits,2,2025-11-29,51,quantile,0.25,0
2025-11-15,wk inc flu prop ed visits,3,2025-12-06,51,quantile,0.25,0
2025-11-15,wk inc flu prop ed visits,0,2025-11-15,51,quantile,0.3,0
2025-11-15,wk inc flu prop ed visits,1,2025-11-22,51,quantile,0.3,0
2025-11-15,wk inc flu prop ed visits,2,2025-11-29,51,quantile,0.3,0
2025-11-15,wk inc flu prop ed visits,3,2025-12-06,51,quantile,0.3,0.0038746874603079514
2025-11-15,wk inc flu prop ed visits,0,2025-11-15,51,quantile,0.35,0
2025-11-15,wk inc flu prop ed visits,1,2025-11-22,51,quantile,0.35,0
2025-11-15,wk inc flu prop ed visits,2,2025-11-29,51,quantile,0.35,0.0012270042159233938
2025-11-15,wk inc flu prop ed visits,3,2025-12-06,51,quantile,0.35,0.006787873401395215
2025-11-15,wk inc flu prop ed visits,0,2025-11-15,51,quantile,0.4,1.376203369335741e-4
2025-11-15,wk inc flu prop ed visits,1,2025-11-22,51,quantile,0.4,0
2025-11-15,wk inc flu prop ed visits,2,2025-11-29,51,quantile,0.4,0.0031375993758981577
2025-11-15,wk inc flu prop ed visits,3,2025-12-06,51,quantile,0.4,0.010126779240093246
2025-11-15,wk inc flu prop ed visits,0,2025-11-15,51,quantile,0.45,3.336333885301222e-4
2025-11-15,wk inc flu prop ed visits,1,2025-11-22,51,quantile,0.45,5.506714993916822e-4
2025-11-15,wk inc flu prop ed visits,2,2025-11-29,51,quantile,0.45,0.004521699911020061
2025-11-15,wk inc flu prop ed visits,3,2025-12-06,51,quantile,0.45,0.012620865382743473
2025-11-15,wk inc flu prop ed visits,0,2025-11-15,51,quantile,0.5,8.076097794173416e-4
2025-11-15,wk inc flu prop ed visits,1,2025-11-22,51,quantile,0.5,0.0014810269126382075
2025-11-15,wk inc flu prop ed visits,2,2025-11-29,51,quantile,0.5,0.00641048305363209
2025-11-15,wk inc flu prop ed visits,3,2025-12-06,51,quantile,0.5,0.015388931680455149
2025-11-15,wk inc flu prop ed visits,0,2025-11-15,51,quantile,0.55,0.0010381810578785284
2025-11-15,wk inc flu prop ed visits,1,2025-11-22,51,quantile,0.55,0.002065023867769445
2025-11-15,wk inc flu prop ed visits,2,2025-11-29,51,quantile,0.55,0.008362033787499702
2025-11-15,wk inc flu prop ed visits,3,2025-12-06,51,quantile,0.55,0.018300275222532268
2025-11-15,wk inc flu prop ed visits,0,2025-11-15,51,quantile,0.6,0.001162234544007654
2025-11-15,wk inc flu prop ed visits,1,2025-11-22,51,quantile,0.6,0.0023548868502132917
2025-11-15,wk inc flu prop ed visits,2,2025-11-29,51,quantile,0.6,0.010194499461499461
2025-11-15,wk inc flu prop ed visits,3,2025-12-06,51,quantile,0.6,0.02033901050970533
2025-11-15,wk inc flu prop ed visits,0,2025-11-15,51,quantile,0.65,0.0014242976625115703
2025-11-15,wk inc flu prop ed visits,1,2025-11-22,51,quantile,0.65,0.002931871086940362
2025-11-15,wk inc flu prop ed visits,2,2025-11-29,51,quantile,0.65,0.011557515139239773
2025-11-15,wk inc flu prop ed visits,3,2025-12-06,51,quantile,0.65,0.022138148886443502
2025-11-15,wk inc flu prop ed visits,0,2025-11-15,51,quantile,0.7,0.0022008629760980414
2025-11-15,wk inc flu prop ed visits,1,2025-11-22,51,quantile,0.7,0.00475300771212369
2025-11-15,wk inc flu prop ed visits,2,2025-11-29,51,quantile,0.7,0.014023676201139491
2025-11-15,wk inc flu prop ed visits,3,2025-12-06,51,quantile,0.7,0.025261740396684572
2025-11-15,wk inc flu prop ed visits,0,2025-11-15,51,quantile,0.75,0.002825584254903356
2025-11-15,wk inc flu prop ed visits,1,2025-11-22,51,quantile,0.75,0.00569440525180381
2025-11-15,wk inc flu prop ed visits,2,2025-11-29,51,quantile,0.75,0.015287362125498527
2025-11-15,wk inc flu prop ed visits,3,2025-12-06,51,quantile,0.75,0.02692929000179768
2025-11-15,wk inc flu prop ed visits,0,2025-11-15,51,quantile,0.8,0.0032208834472069268
2025-11-15,wk inc flu prop ed visits,1,2025-11-22,51,quantile,0.8,0.006630328497322242
2025-11-15,wk inc flu prop ed visits,2,2025-11-29,51,quantile,0.8,0.01628677516460677
2025-11-15,wk inc flu prop ed visits,3,2025-12-06,51,quantile,0.8,0.028502636935169485
2025-11-15,wk inc flu prop ed visits,0,2025-11-15,51,quantile,0.85,0.0035291614575707723
2025-11-15,wk inc flu prop ed visits,1,2025-11-22,51,quantile,0.85,0.008180199334461074
2025-11-15,wk inc flu prop ed visits,2,2025-11-29,51,quantile,0.85,0.017892473234040092
2025-11-15,wk inc flu prop ed visits,3,2025-12-06,51,quantile,0.85,0.030661804853221942
2025-11-15,wk inc flu prop ed visits,0,2025-11-15,51,quantile,0.9,0.0036974992547079456
2025-11-15,wk inc flu prop ed visits,1,2025-11-22,51,quantile,0.9,0.008958325520577494
2025-11-15,wk inc flu prop ed visits,2,2025-11-29,51,quantile,0.9,0.018755763315695947
2025-11-15,wk inc flu prop ed visits,3,2025-12-06,51,quantile,0.9,0.03270417067900822
2025-11-15,wk inc flu prop ed visits,0,2025-11-15,51,quantile,0.95,0.004152049702933255
2025-11-15,wk inc flu prop ed visits,1,2025-11-22,51,quantile,0.95,0.01004737840343669
2025-11-15,wk inc flu prop ed visits,2,2025-11-29,51,quantile,0.95,0.02169444510883847
2025-11-15,wk inc flu prop ed visits,3,2025-12-06,51,quantile,0.95,0.04118348840054906
2025-11-15,wk inc flu prop ed visits,0,2025-11-15,51,quantile,0.975,0.007268083604406544
2025-11-15,wk inc flu prop ed visits,1,2025-11-22,51,quantile,0.975,0.01605932644472994
2025-11-15,wk inc flu prop ed visits,2,2025-11-29,51,quantile,0.975,0.033790746752829295
2025-11-15,wk inc flu prop ed visits,3,2025-12-06,51,quantile,0.975,0.05624131171237216
2025-11-15,wk inc flu prop ed visits,0,2025-11-15,51,quantile,0.99,0.007268083604406544
2025-11-15,wk inc flu prop ed visits,1,2025-11-22,51,quantile,0.99,0.01605932644472994
2025-11-15,wk inc flu prop ed visits,2,2025-11-29,51,quantile,0.99,0.033790746752829295
2025-11-15,wk inc flu prop ed visits,3,2025-12-06,51,quantile,0.99,0.06435493255599402
2025-11-15,wk inc flu hosp,0,2025-11-15,51,quantile,0.01,0
2025-11-15,wk inc flu hosp,1,2025-11-22,51,quantile,0.01,0
2025-11-15,wk inc flu hosp,2,2025-11-29,51,quantile,0.01,0
2025-11-15,wk inc flu hosp,3,2025-12-06,51,quantile,0.01,0
2025-11-15,wk inc flu hosp,0,2025-11-15,51,quantile,0.025,0
2025-11-15,wk inc flu hosp,1,2025-11-22,51,quantile,0.025,0
2025-11-15,wk inc flu hosp,2,2025-11-29,51,quantile,0.025,0
2025-11-15,wk inc flu hosp,3,2025-12-06,51,quantile,0.025,0
2025-11-15,wk inc flu hosp,0,2025-11-15,51,quantile,0.05,0
2025-11-15,wk inc flu hosp,1,2025-11-22,51,quantile,0.05,0
2025-11-15,wk inc flu hosp,2,2025-11-29,51,quantile,0.05,0
2025-11-15,wk inc flu hosp,3,2025-12-06,51,quantile,0.05,0
2025-11-15,wk inc flu hosp,0,2025-11-15,51,quantile,0.1,0
2025-11-15,wk inc flu hosp,1,2025-11-22,51,quantile,0.1,0
2025-11-15,wk inc flu hosp,2,2025-11-29,51,quantile,0.1,0
2025-11-15,wk inc flu hosp,3,2025-12-06,51,quantile,0.1,0
2025-11-15,wk inc flu hosp,0,2025-11-15,51,quantile,0.15,0
2025-11-15,wk inc flu hosp,1,2025-11-22,51,quantile,0.15,0
2025-11-15,wk inc flu hosp,2,2025-11-29,51,quantile,0.15,0
2025-11-15,wk inc flu hosp,3,2025-12-06,51,quantile,0.15,0
2025-11-15,wk inc flu hosp,0,2025-11-15,51,quantile,0.2,0
2025-11-15,wk inc flu hosp,1,2025-11-22,51,quantile,0.2,0
2025-11-15,wk inc flu hosp,2,2025-11-29,51,quantile,0.2,0
2025-11-15,wk inc flu hosp,3,2025-12-06,51,quantile,0.2,0
2025-11-15,wk inc flu hosp,0,2025-11-15,51,quantile,0.25,0
2025-11-15,wk inc flu hosp,1,2025-11-22,51,quantile,0.25,0
2025-11-15,wk inc flu hosp,2,2025-11-29,51,quantile,0.25,0
2025-11-15,wk inc flu hosp,3,2025-12-06,51,quantile,0.25,0
2025-11-15,wk inc flu hosp,0,2025-11-15,51,quantile,0.3,0
2025-11-15,wk inc flu hosp,1,2025-11-22,51,quantile,0.3,0
2025-11-15,wk inc flu hosp,2,2025-11-29,51,quantile,0.3,0
2025-11-15,wk inc flu hosp,3,2025-12-06,51,quantile,0.3,0
2025-11-15,wk inc flu hosp,0,2025-11-15,51,quantile,0.35,0
2025-11-15,wk inc flu hosp,1,2025-11-22,51,quantile,0.35,0
2025-11-15,wk inc flu hosp,2,2025-11-29,51,quantile,0.35,0
2025-11-15,wk inc flu hosp,3,2025-12-06,51,quantile,0.35,24
2025-11-15,wk inc flu hosp,0,2025-11-15,51,quantile,0.4,0
2025-11-15,wk inc flu hosp,1,2025-11-22,51,quantile,0.4,0
2025-11-15,wk inc flu hosp,2,2025-11-29,51,quantile,0.4,14
2025-11-15,wk inc flu hosp,3,2025-12-06,51,quantile,0.4,61
2025-11-15,wk inc flu hosp,0,2025-11-15,51,quantile,0.45,3
2025-11-15,wk inc flu hosp,1,2025-11-22,51,quantile,0.45,0
2025-11-15,wk inc flu hosp,2,2025-11-29,51,quantile,0.45,32
2025-11-15,wk inc flu hosp,3,2025-12-06,51,quantile,0.45,91
2025-11-15,wk inc flu hosp,0,2025-11-15,51,quantile,0.5,9
2025-11-15,wk inc flu hosp,1,2025-11-22,51,quantile,0.5,12
2025-11-15,wk inc flu hosp,2,2025-11-29,51,quantile,0.5,56
2025-11-15,wk inc flu hosp,3,2025-12-06,51,quantile,0.5,132
2025-11-15,wk inc flu hosp,0,2025-11-15,51,quantile,0.55,13
2025-11-15,wk inc flu hosp,1,2025-11-22,51,quantile,0.55,24
2025-11-15,wk inc flu hosp,2,2025-11-29,51,quantile,0.55,81
2025-11-15,wk inc flu hosp,3,2025-12-06,51,quantile,0.55,166
2025-11-15,wk inc flu hosp,0,2025-11-15,51,quantile,0.6,18
2025-11-15,wk inc flu hosp,1,2025-11-22,51,quantile,0.6,33
2025-11-15,wk inc flu hosp,2,2025-11-29,51,quantile,0.6,104
2025-11-15,wk inc flu hosp,3,2025-12-06,51,quantile,0.6,197
2025-11-15,wk inc flu hosp,0,2025-11-15,51,quantile,0.65,22
2025-11-15,wk inc flu hosp,1,2025-11-22,51,quantile,0.65,41
2025-11-15,wk inc flu hosp,2,2025-11-29,51,quantile,0.65,127
2025-11-15,wk inc flu hosp,3,2025-12-06,51,quantile,0.65,229
2025-11-15,wk inc flu hosp,0,2025-11-15,51,quantile,0.7,27
2025-11-15,wk inc flu hosp,1,2025-11-22,51,quantile,0.7,54
2025-11-15,wk inc flu hosp,2,2025-11-29,51,quantile,0.7,142
2025-11-15,wk inc flu hosp,3,2025-12-06,51,quantile,0.7,248
2025-11-15,wk inc flu hosp,0,2025-11-15,51,quantile,0.75,33
2025-11-15,wk inc flu hosp,1,2025-11-22,51,quantile,0.75,67
2025-11-15,wk inc flu hosp,2,2025-11-29,51,quantile,0.75,160
2025-11-15,wk inc flu hosp,3,2025-12-06,51,quantile,0.75,272
2025-11-15,wk inc flu hosp,0,2025-11-15,51,quantile,0.8,35
2025-11-15,wk inc flu hosp,1,2025-11-22,51,quantile,0.8,81
2025-11-15,wk inc flu hosp,2,2025-11-29,51,quantile,0.8,178
2025-11-15,wk inc flu hosp,3,2025-12-06,51,quantile,0.8,299
2025-11-15,wk inc flu hosp,0,2025-11-15,51,quantile,0.85,38
2025-11-15,wk inc flu hosp,1,2025-11-22,51,quantile,0.85,92
2025-11-15,wk inc flu hosp,2,2025-11-29,51,quantile,0.85,191
2025-11-15,wk inc flu hosp,3,2025-12-06,51,quantile,0.85,321
2025-11-15,wk inc flu hosp,0,2025-11-15,51,quantile,0.9,41
2025-11-15,wk inc flu hosp,1,2025-11-22,51,quantile,0.9,100
2025-11-15,wk inc flu hosp,2,2025-11-29,51,quantile,0.9,199
2025-11-15,wk inc flu hosp,3,2025-12-06,51,quantile,0.9,336
2025-11-15,wk inc flu hosp,0,2025-11-15,51,quantile,0.95,45
2025-11-15,wk inc flu hosp,1,2025-11-22,51,quantile,0.95,171
2025-11-15,wk inc flu hosp,2,2025-11-29,51,quantile,0.95,301
2025-11-15,wk inc flu hosp,3,2025-12-06,51,quantile,0.95,475
2025-11-15,wk inc flu hosp,0,2025-11-15,51,quantile,0.975,62
2025-11-15,wk inc flu hosp,1,2025-11-22,51,quantile,0.975,200
2025-11-15,wk inc flu hosp,2,2025-11-29,51,quantile,0.975,365
2025-11-15,wk inc flu hosp,3,2025-12-06,51,quantile,0.975,575
2025-11-15,wk inc flu hosp,0,2025-11-15,51,quantile,0.99,74
2025-11-15,wk inc flu hosp,1,2025-11-22,51,quantile,0.99,213
2025-11-15,wk inc flu hosp,2,2025-11-29,51,quantile,0.99,400
2025-11-15,wk inc flu hosp,3,2025-12-06,51,quantile,0.99,674
2025-11-15,wk inc flu prop ed visits,0,2025-11-15,54,quantile,0.01,0
2025-11-15,wk inc flu prop ed visits,1,2025-11-22,54,quantile,0.01,0
2025-11-15,wk inc flu prop ed visits,2,2025-11-29,54,quantile,0.01,0
2025-11-15,wk inc flu prop ed visits,3,2025-12-06,54,quantile,0.01,0
2025-11-15,wk inc flu prop ed visits,0,2025-11-15,54,quantile,0.025,0
2025-11-15,wk inc flu prop ed visits,1,2025-11-22,54,quantile,0.025,0
2025-11-15,wk inc flu prop ed visits,2,2025-11-29,54,quantile,0.025,0
2025-11-15,wk inc flu prop ed visits,3,2025-12-06,54,quantile,0.025,0
2025-11-15,wk inc flu prop ed visits,0,2025-11-15,54,quantile,0.05,0
2025-11-15,wk inc flu prop ed visits,1,2025-11-22,54,quantile,0.05,0
2025-11-15,wk inc flu prop ed visits,2,2025-11-29,54,quantile,0.05,0
2025-11-15,wk inc flu prop ed visits,3,2025-12-06,54,quantile,0.05,0
2025-11-15,wk inc flu prop ed visits,0,2025-11-15,54,quantile,0.1,0
2025-11-15,wk inc flu prop ed visits,1,2025-11-22,54,quantile,0.1,0
2025-11-15,wk inc flu prop ed visits,2,2025-11-29,54,quantile,0.1,0
2025-11-15,wk inc flu prop ed visits,3,2025-12-06,54,quantile,0.1,0
2025-11-15,wk inc flu prop ed visits,0,2025-11-15,54,quantile,0.15,0
2025-11-15,wk inc flu prop ed visits,1,2025-11-22,54,quantile,0.15,0
2025-11-15,wk inc flu prop ed visits,2,2025-11-29,54,quantile,0.15,0
2025-11-15,wk inc flu prop ed visits,3,2025-12-06,54,quantile,0.15,0
2025-11-15,wk inc flu prop ed visits,0,2025-11-15,54,quantile,0.2,0
2025-11-15,wk inc flu prop ed visits,1,2025-11-22,54,quantile,0.2,0
2025-11-15,wk inc flu prop ed visits,2,2025-11-29,54,quantile,0.2,0
2025-11-15,wk inc flu prop ed visits,3,2025-12-06,54,quantile,0.2,0
2025-11-15,wk inc flu prop ed visits,0,2025-11-15,54,quantile,0.25,0
2025-11-15,wk inc flu prop ed visits,1,2025-11-22,54,quantile,0.25,0
2025-11-15,wk inc flu prop ed visits,2,2025-11-29,54,quantile,0.25,0
2025-11-15,wk inc flu prop ed visits,3,2025-12-06,54,quantile,0.25,0
2025-11-15,wk inc flu prop ed visits,0,2025-11-15,54,quantile,0.3,0
2025-11-15,wk inc flu prop ed visits,1,2025-11-22,54,quantile,0.3,0
2025-11-15,wk inc flu prop ed visits,2,2025-11-29,54,quantile,0.3,0
2025-11-15,wk inc flu prop ed visits,3,2025-12-06,54,quantile,0.3,0
2025-11-15,wk inc flu prop ed visits,0,2025-11-15,54,quantile,0.35,0
2025-11-15,wk inc flu prop ed visits,1,2025-11-22,54,quantile,0.35,0
2025-11-15,wk inc flu prop ed visits,2,2025-11-29,54,quantile,0.35,0
2025-11-15,wk inc flu prop ed visits,3,2025-12-06,54,quantile,0.35,0
2025-11-15,wk inc flu prop ed visits,0,2025-11-15,54,quantile,0.4,0
2025-11-15,wk inc flu prop ed visits,1,2025-11-22,54,quantile,0.4,0
2025-11-15,wk inc flu prop ed visits,2,2025-11-29,54,quantile,0.4,0
2025-11-15,wk inc flu prop ed visits,3,2025-12-06,54,quantile,0.4,6.58151052280694e-4
2025-11-15,wk inc flu prop ed visits,0,2025-11-15,54,quantile,0.45,0
2025-11-15,wk inc flu prop ed visits,1,2025-11-22,54,quantile,0.45,0
2025-11-15,wk inc flu prop ed visits,2,2025-11-29,54,quantile,0.45,1.6448907512504426e-4
2025-11-15,wk inc flu prop ed visits,3,2025-12-06,54,quantile,0.45,0.001996935261098057
2025-11-15,wk inc flu prop ed visits,0,2025-11-15,54,quantile,0.5,2.0400166724406337e-4
2025-11-15,wk inc flu prop ed visits,1,2025-11-22,54,quantile,0.5,4.67897745491501e-4
2025-11-15,wk inc flu prop ed visits,2,2025-11-29,54,quantile,0.5,9.314126446464679e-4
2025-11-15,wk inc flu prop ed visits,3,2025-12-06,54,quantile,0.5,0.0029392385641005985
2025-11-15,wk inc flu prop ed visits,0,2025-11-15,54,quantile,0.55,4.784448013413177e-4
2025-11-15,wk inc flu prop ed visits,1,2025-11-22,54,quantile,0.55,9.339056203031145e-4
2025-11-15,wk inc flu prop ed visits,2,2025-11-29,54,quantile,0.55,0.0016313427314762813
2025-11-15,wk inc flu prop ed visits,3,2025-12-06,54,quantile,0.55,0.004140371763786801
2025-11-15,wk inc flu prop ed visits,0,2025-11-15,54,quantile,0.6,8.643194604626813e-4
2025-11-15,wk inc flu prop ed visits,1,2025-11-22,54,quantile,0.6,0.0015675504599526673
2025-11-15,wk inc flu prop ed visits,2,2025-11-29,54,quantile,0.6,0.00245415770401967
2025-11-15,wk inc flu prop ed visits,3,2025-12-06,54,quantile,0.6,0.005313810263126108
2025-11-15,wk inc flu prop ed visits,0,2025-11-15,54,quantile,0.65,0.001049087611775059
2025-11-15,wk inc flu prop ed visits,1,2025-11-22,54,quantile,0.65,0.0019841088561887875
2025-11-15,wk inc flu prop ed visits,2,2025-11-29,54,quantile,0.65,0.0030373149416886326
2025-11-15,wk inc flu prop ed visits,3,2025-12-06,54,quantile,0.65,0.005986937736509206
2025-11-15,wk inc flu prop ed visits,0,2025-11-15,54,quantile,0.7,0.001321972453625209
2025-11-15,wk inc flu prop ed visits,1,2025-11-22,54,quantile,0.7,0.002890317719553658
2025-11-15,wk inc flu prop ed visits,2,2025-11-29,54,quantile,0.7,0.004443331113247995
2025-11-15,wk inc flu prop ed visits,3,2025-12-06,54,quantile,0.7,0.007705648568986699
2025-11-15,wk inc flu prop ed visits,0,2025-11-15,54,quantile,0.75,0.0015136331230747293
2025-11-15,wk inc flu prop ed visits,1,2025-11-22,54,quantile,0.75,0.003257773970420822
2025-11-15,wk inc flu prop ed visits,2,2025-11-29,54,quantile,0.75,0.005019857676341908
2025-11-15,wk inc flu prop ed visits,3,2025-12-06,54,quantile,0.75,0.008546256007866647
2025-11-15,wk inc flu prop ed visits,0,2025-11-15,54,quantile,0.8,0.001985068227746731
2025-11-15,wk inc flu prop ed visits,1,2025-11-22,54,quantile,0.8,0.00384960075272052
2025-11-15,wk inc flu prop ed visits,2,2025-11-29,54,quantile,0.8,0.005761030394922204
2025-11-15,wk inc flu prop ed visits,3,2025-12-06,54,quantile,0.8,0.009416195024019981
2025-11-15,wk inc flu prop ed visits,0,2025-11-15,54,quantile,0.85,0.0022709777106952197
2025-11-15,wk inc flu prop ed visits,1,2025-11-22,54,quantile,0.85,0.00448748172837324
2025-11-15,wk inc flu prop ed visits,2,2025-11-29,54,quantile,0.85,0.006666787288157609
2025-11-15,wk inc flu prop ed visits,3,2025-12-06,54,quantile,0.85,0.010698084949002463
2025-11-15,wk inc flu prop ed visits,0,2025-11-15,54,quantile,0.9,0.0024430444461158015
2025-11-15,wk inc flu prop ed visits,1,2025-11-22,54,quantile,0.9,0.004857197093404404
2025-11-15,wk inc flu prop ed visits,2,2025-11-29,54,quantile,0.9,0.0075417082983676885
2025-11-15,wk inc flu prop ed visits,3,2025-12-06,54,quantile,0.9,0.01174714171588101
2025-11-15,wk inc flu prop ed visits,0,2025-11-15,54,quantile,0.95,0.002846293418227905
2025-11-15,wk inc flu prop ed visits,1,2025-11-22,54,quantile,0.95,0.00564341782585982
2025-11-15,wk inc flu prop ed visits,2,2025-11-29,54,quantile,0.95,0.009596661317647656
2025-11-15,wk inc flu prop ed visits,3,2025-12-06,54,quantile,0.95,0.015136781657909397
2025-11-15,wk inc flu prop ed visits,0,2025-11-15,54,quantile,0.975,0.004393940819903099
2025-11-15,wk inc flu prop ed visits,1,2025-11-22,54,quantile,0.975,0.008672897697242133
2025-11-15,wk inc flu prop ed visits,2,2025-11-29,54,quantile,0.975,0.014386545710079681
2025-11-15,wk inc flu prop ed visits,3,2025-12-06,54,quantile,0.975,0.023056813119131523
2025-11-15,wk inc flu prop ed visits,0,2025-11-15,54,quantile,0.99,0.004393940819903099
2025-11-15,wk inc flu prop ed visits,1,2025-11-22,54,quantile,0.99,0.008672897697242133
2025-11-15,wk inc flu prop ed visits,2,2025-11-29,54,quantile,0.99,0.014386545710079681
2025-11-15,wk inc flu prop ed visits,3,2025-12-06,54,quantile,0.99,0.023056813119131523
2025-11-15,wk inc flu hosp,0,2025-11-15,54,quantile,0.01,0
2025-11-15,wk inc flu hosp,1,2025-11-22,54,quantile,0.01,0
2025-11-15,wk inc flu hosp,2,2025-11-29,54,quantile,0.01,0
2025-11-15,wk inc flu hosp,3,2025-12-06,54,quantile,0.01,0
2025-11-15,wk inc flu hosp,0,2025-11-15,54,quantile,0.025,0
2025-11-15,wk inc flu hosp,1,2025-11-22,54,quantile,0.025,0
2025-11-15,wk inc flu hosp,2,2025-11-29,54,quantile,0.025,0
2025-11-15,wk inc flu hosp,3,2025-12-06,54,quantile,0.025,0
2025-11-15,wk inc flu hosp,0,2025-11-15,54,quantile,0.05,0
2025-11-15,wk inc flu hosp,1,2025-11-22,54,quantile,0.05,0
2025-11-15,wk inc flu hosp,2,2025-11-29,54,quantile,0.05,0
2025-11-15,wk inc flu hosp,3,2025-12-06,54,quantile,0.05,0
2025-11-15,wk inc flu hosp,0,2025-11-15,54,quantile,0.1,0
2025-11-15,wk inc flu hosp,1,2025-11-22,54,quantile,0.1,0
2025-11-15,wk inc flu hosp,2,2025-11-29,54,quantile,0.1,0
2025-11-15,wk inc flu hosp,3,2025-12-06,54,quantile,0.1,0
2025-11-15,wk inc flu hosp,0,2025-11-15,54,quantile,0.15,0
2025-11-15,wk inc flu hosp,1,2025-11-22,54,quantile,0.15,0
2025-11-15,wk inc flu hosp,2,2025-11-29,54,quantile,0.15,0
2025-11-15,wk inc flu hosp,3,2025-12-06,54,quantile,0.15,0
2025-11-15,wk inc flu hosp,0,2025-11-15,54,quantile,0.2,0
2025-11-15,wk inc flu hosp,1,2025-11-22,54,quantile,0.2,0
2025-11-15,wk inc flu hosp,2,2025-11-29,54,quantile,0.2,0
2025-11-15,wk inc flu hosp,3,2025-12-06,54,quantile,0.2,0
2025-11-15,wk inc flu hosp,0,2025-11-15,54,quantile,0.25,0
2025-11-15,wk inc flu hosp,1,2025-11-22,54,quantile,0.25,0
2025-11-15,wk inc flu hosp,2,2025-11-29,54,quantile,0.25,0
2025-11-15,wk inc flu hosp,3,2025-12-06,54,quantile,0.25,0
2025-11-15,wk inc flu hosp,0,2025-11-15,54,quantile,0.3,0
2025-11-15,wk inc flu hosp,1,2025-11-22,54,quantile,0.3,0
2025-11-15,wk inc flu hosp,2,2025-11-29,54,quantile,0.3,0
2025-11-15,wk inc flu hosp,3,2025-12-06,54,quantile,0.3,0
2025-11-15,wk inc flu hosp,0,2025-11-15,54,quantile,0.35,0
2025-11-15,wk inc flu hosp,1,2025-11-22,54,quantile,0.35,0
2025-11-15,wk inc flu hosp,2,2025-11-29,54,quantile,0.35,0
2025-11-15,wk inc flu hosp,3,2025-12-06,54,quantile,0.35,0
2025-11-15,wk inc flu hosp,0,2025-11-15,54,quantile,0.4,1
2025-11-15,wk inc flu hosp,1,2025-11-22,54,quantile,0.4,0
2025-11-15,wk inc flu hosp,2,2025-11-29,54,quantile,0.4,1
2025-11-15,wk inc flu hosp,3,2025-12-06,54,quantile,0.4,14
2025-11-15,wk inc flu hosp,0,2025-11-15,54,quantile,0.45,3
2025-11-15,wk inc flu hosp,1,2025-11-22,54,quantile,0.45,2
2025-11-15,wk inc flu hosp,2,2025-11-29,54,quantile,0.45,8
2025-11-15,wk inc flu hosp,3,2025-12-06,54,quantile,0.45,23
2025-11-15,wk inc flu hosp,0,2025-11-15,54,quantile,0.5,6
2025-11-15,wk inc flu hosp,1,2025-11-22,54,quantile,0.5,7
2025-11-15,wk inc flu hosp,2,2025-11-29,54,quantile,0.5,16
2025-11-15,wk inc flu hosp,3,2025-12-06,54,quantile,0.5,32
2025-11-15,wk inc flu hosp,0,2025-11-15,54,quantile,0.55,8
2025-11-15,wk inc flu hosp,1,2025-11-22,54,quantile,0.55,13
2025-11-15,wk inc flu hosp,2,2025-11-29,54,quantile,0.55,23
2025-11-15,wk inc flu hosp,3,2025-12-06,54,quantile,0.55,44
2025-11-15,wk inc flu hosp,0,2025-11-15,54,quantile,0.6,9
2025-11-15,wk inc flu hosp,1,2025-11-22,54,quantile,0.6,16
2025-11-15,wk inc flu hosp,2,2025-11-29,54,quantile,0.6,27
2025-11-15,wk inc flu hosp,3,2025-12-06,54,quantile,0.6,52
2025-11-15,wk inc flu hosp,0,2025-11-15,54,quantile,0.65,10
2025-11-15,wk inc flu hosp,1,2025-11-22,54,quantile,0.65,19
2025-11-15,wk inc flu hosp,2,2025-11-29,54,quantile,0.65,31
2025-11-15,wk inc flu hosp,3,2025-12-06,54,quantile,0.65,58
2025-11-15,wk inc flu hosp,0,2025-11-15,54,quantile,0.7,12
2025-11-15,wk inc flu hosp,1,2025-11-22,54,quantile,0.7,27
2025-11-15,wk inc flu hosp,2,2025-11-29,54,quantile,0.7,41
2025-11-15,wk inc flu hosp,3,2025-12-06,54,quantile,0.7,70
2025-11-15,wk inc flu hosp,0,2025-11-15,54,quantile,0.75,15
2025-11-15,wk inc flu hosp,1,2025-11-22,54,quantile,0.75,32
2025-11-15,wk inc flu hosp,2,2025-11-29,54,quantile,0.75,48
2025-11-15,wk inc flu hosp,3,2025-12-06,54,quantile,0.75,80
2025-11-15,wk inc flu hosp,0,2025-11-15,54,quantile,0.8,17
2025-11-15,wk inc flu hosp,1,2025-11-22,54,quantile,0.8,36
2025-11-15,wk inc flu hosp,2,2025-11-29,54,quantile,0.8,55
2025-11-15,wk inc flu hosp,3,2025-12-06,54,quantile,0.8,91
2025-11-15,wk inc flu hosp,0,2025-11-15,54,quantile,0.85,18
2025-11-15,wk inc flu hosp,1,2025-11-22,54,quantile,0.85,40
2025-11-15,wk inc flu hosp,2,2025-11-29,54,quantile,0.85,62
2025-11-15,wk inc flu hosp,3,2025-12-06,54,quantile,0.85,104
2025-11-15,wk inc flu hosp,0,2025-11-15,54,quantile,0.9,20
2025-11-15,wk inc flu hosp,1,2025-11-22,54,quantile,0.9,43
2025-11-15,wk inc flu hosp,2,2025-11-29,54,quantile,0.9,74
2025-11-15,wk inc flu hosp,3,2025-12-06,54,quantile,0.9,137
2025-11-15,wk inc flu hosp,0,2025-11-15,54,quantile,0.95,39
2025-11-15,wk inc flu hosp,1,2025-11-22,54,quantile,0.95,80
2025-11-15,wk inc flu hosp,2,2025-11-29,54,quantile,0.95,136
2025-11-15,wk inc flu hosp,3,2025-12-06,54,quantile,0.95,210
2025-11-15,wk inc flu hosp,0,2025-11-15,54,quantile,0.975,39
2025-11-15,wk inc flu hosp,1,2025-11-22,54,quantile,0.975,81
2025-11-15,wk inc flu hosp,2,2025-11-29,54,quantile,0.975,137
2025-11-15,wk inc flu hosp,3,2025-12-06,54,quantile,0.975,211
2025-11-15,wk inc flu hosp,0,2025-11-15,54,quantile,0.99,39
2025-11-15,wk inc flu hosp,1,2025-11-22,54,quantile,0.99,81
2025-11-15,wk inc flu hosp,2,2025-11-29,54,quantile,0.99,137
2025-11-15,wk inc flu hosp,3,2025-12-06,54,quantile,0.99,211
2025-11-15,wk inc flu prop ed visits,0,2025-11-15,55,quantile,0.01,0
2025-11-15,wk inc flu prop ed visits,1,2025-11-22,55,quantile,0.01,0
2025-11-15,wk inc flu prop ed visits,2,2025-11-29,55,quantile,0.01,0
2025-11-15,wk inc flu prop ed visits,3,2025-12-06,55,quantile,0.01,0
2025-11-15,wk inc flu prop ed visits,0,2025-11-15,55,quantile,0.025,0
2025-11-15,wk inc flu prop ed visits,1,2025-11-22,55,quantile,0.025,0
2025-11-15,wk inc flu prop ed visits,2,2025-11-29,55,quantile,0.025,0
2025-11-15,wk inc flu prop ed visits,3,2025-12-06,55,quantile,0.025,0
2025-11-15,wk inc flu prop ed visits,0,2025-11-15,55,quantile,0.05,0
2025-11-15,wk inc flu prop ed visits,1,2025-11-22,55,quantile,0.05,0
2025-11-15,wk inc flu prop ed visits,2,2025-11-29,55,quantile,0.05,0
2025-11-15,wk inc flu prop ed visits,3,2025-12-06,55,quantile,0.05,0
2025-11-15,wk inc flu prop ed visits,0,2025-11-15,55,quantile,0.1,0
2025-11-15,wk inc flu prop ed visits,1,2025-11-22,55,quantile,0.1,0
2025-11-15,wk inc flu prop ed visits,2,2025-11-29,55,quantile,0.1,0
2025-11-15,wk inc flu prop ed visits,3,2025-12-06,55,quantile,0.1,0
2025-11-15,wk inc flu prop ed visits,0,2025-11-15,55,quantile,0.15,0
2025-11-15,wk inc flu prop ed visits,1,2025-11-22,55,quantile,0.15,0
2025-11-15,wk inc flu prop ed visits,2,2025-11-29,55,quantile,0.15,0
2025-11-15,wk inc flu prop ed visits,3,2025-12-06,55,quantile,0.15,0
2025-11-15,wk inc flu prop ed visits,0,2025-11-15,55,quantile,0.2,0
2025-11-15,wk inc flu prop ed visits,1,2025-11-22,55,quantile,0.2,0
2025-11-15,wk inc flu prop ed visits,2,2025-11-29,55,quantile,0.2,0
2025-11-15,wk inc flu prop ed visits,3,2025-12-06,55,quantile,0.2,0
2025-11-15,wk inc flu prop ed visits,0,2025-11-15,55,quantile,0.25,0
2025-11-15,wk inc flu prop ed visits,1,2025-11-22,55,quantile,0.25,0
2025-11-15,wk inc flu prop ed visits,2,2025-11-29,55,quantile,0.25,0
2025-11-15,wk inc flu prop ed visits,3,2025-12-06,55,quantile,0.25,0
2025-11-15,wk inc flu prop ed visits,0,2025-11-15,55,quantile,0.3,6.944222565842431e-5
2025-11-15,wk inc flu prop ed visits,1,2025-11-22,55,quantile,0.3,0
2025-11-15,wk inc flu prop ed visits,2,2025-11-29,55,quantile,0.3,0
2025-11-15,wk inc flu prop ed visits,3,2025-12-06,55,quantile,0.3,0
2025-11-15,wk inc flu prop ed visits,0,2025-11-15,55,quantile,0.35,5.324138271457286e-4
2025-11-15,wk inc flu prop ed visits,1,2025-11-22,55,quantile,0.35,0
2025-11-15,wk inc flu prop ed visits,2,2025-11-29,55,quantile,0.35,0
2025-11-15,wk inc flu prop ed visits,3,2025-12-06,55,quantile,0.35,0
2025-11-15,wk inc flu prop ed visits,0,2025-11-15,55,quantile,0.4,0.001005156732961574
2025-11-15,wk inc flu prop ed visits,1,2025-11-22,55,quantile,0.4,0
2025-11-15,wk inc flu prop ed visits,2,2025-11-29,55,quantile,0.4,0
2025-11-15,wk inc flu prop ed visits,3,2025-12-06,55,quantile,0.4,0.0018140738142520775
2025-11-15,wk inc flu prop ed visits,0,2025-11-15,55,quantile,0.45,0.0014779922450646947
2025-11-15,wk inc flu prop ed visits,1,2025-11-22,55,quantile,0.45,0.001002868834088934
2025-11-15,wk inc flu prop ed visits,2,2025-11-29,55,quantile,0.45,0.0011266328166362476
2025-11-15,wk inc flu prop ed visits,3,2025-12-06,55,quantile,0.45,0.0046471316486323185
2025-11-15,wk inc flu prop ed visits,0,2025-11-15,55,quantile,0.5,0.001856863041578141
2025-11-15,wk inc flu prop ed visits,1,2025-11-22,55,quantile,0.5,0.0016249530991023595
2025-11-15,wk inc flu prop ed visits,2,2025-11-29,55,quantile,0.5,0.002093074550282795
2025-11-15,wk inc flu prop ed visits,3,2025-12-06,55,quantile,0.5,0.007263266740595084
2025-11-15,wk inc flu prop ed visits,0,2025-11-15,55,quantile,0.55,0.0021534815216091834
2025-11-15,wk inc flu prop ed visits,1,2025-11-22,55,quantile,0.55,0.00202356064307953
2025-11-15,wk inc flu prop ed visits,2,2025-11-29,55,quantile,0.55,0.0029085319500432427
2025-11-15,wk inc flu prop ed visits,3,2025-12-06,55,quantile,0.55,0.008230098340596003
2025-11-15,wk inc flu prop ed visits,0,2025-11-15,55,quantile,0.6,0.002308906299939312
2025-11-15,wk inc flu prop ed visits,1,2025-11-22,55,quantile,0.6,0.002385544593175278
2025-11-15,wk inc flu prop ed visits,2,2025-11-29,55,quantile,0.6,0.003449308700596341
2025-11-15,wk inc flu prop ed visits,3,2025-12-06,55,quantile,0.6,0.009546918281399112
2025-11-15,wk inc flu prop ed visits,0,2025-11-15,55,quantile,0.65,0.002436083734708466
2025-11-15,wk inc flu prop ed visits,1,2025-11-22,55,quantile,0.65,0.0029458184367317963
2025-11-15,wk inc flu prop ed visits,2,2025-11-29,55,quantile,0.65,0.004271989898058062
2025-11-15,wk inc flu prop ed visits,3,2025-12-06,55,quantile,0.65,0.011467427597850568
2025-11-15,wk inc flu prop ed visits,0,2025-11-15,55,quantile,0.7,0.0025775151648547083
2025-11-15,wk inc flu prop ed visits,1,2025-11-22,55,quantile,0.7,0.0032327064577012026
2025-11-15,wk inc flu prop ed visits,2,2025-11-29,55,quantile,0.7,0.00474381770453864
2025-11-15,wk inc flu prop ed visits,3,2025-12-06,55,quantile,0.7,0.012568082678189008
2025-11-15,wk inc flu prop ed visits,0,2025-11-15,55,quantile,0.75,0.0028182008570971223
2025-11-15,wk inc flu prop ed visits,1,2025-11-22,55,quantile,0.75,0.00379599624117655
2025-11-15,wk inc flu prop ed visits,2,2025-11-29,55,quantile,0.75,0.005530555138995851
2025-11-15,wk inc flu prop ed visits,3,2025-12-06,55,quantile,0.75,0.014218583453719125
2025-11-15,wk inc flu prop ed visits,0,2025-11-15,55,quantile,0.8,0.0031916106909542
2025-11-15,wk inc flu prop ed visits,1,2025-11-22,55,quantile,0.8,0.004474202150672203
2025-11-15,wk inc flu prop ed visits,2,2025-11-29,55,quantile,0.8,0.006463186831594722
2025-11-15,wk inc flu prop ed visits,3,2025-12-06,55,quantile,0.8,0.01587132059914596
2025-11-15,wk inc flu prop ed visits,0,2025-11-15,55,quantile,0.85,0.003429316466632205
2025-11-15,wk inc flu prop ed visits,1,2025-11-22,55,quantile,0.85,0.004856895378912706
2025-11-15,wk inc flu prop ed visits,2,2025-11-29,55,quantile,0.85,0.007040813115766394
2025-11-15,wk inc flu prop ed visits,3,2025-12-06,55,quantile,0.85,0.016563555833482846
2025-11-15,wk inc flu prop ed visits,0,2025-11-15,55,quantile,0.9,0.003912821796553556
2025-11-15,wk inc flu prop ed visits,1,2025-11-22,55,quantile,0.9,0.005601362672069282
2025-11-15,wk inc flu prop ed visits,2,2025-11-29,55,quantile,0.9,0.007832539193579346
2025-11-15,wk inc flu prop ed visits,3,2025-12-06,55,quantile,0.9,0.01738683016765209
2025-11-15,wk inc flu prop ed visits,0,2025-11-15,55,quantile,0.95,0.006850812100284102
2025-11-15,wk inc flu prop ed visits,1,2025-11-22,55,quantile,0.95,0.009072292834681583
2025-11-15,wk inc flu prop ed visits,2,2025-11-29,55,quantile,0.95,0.012057317295677964
2025-11-15,wk inc flu prop ed visits,3,2025-12-06,55,quantile,0.95,0.02174748716335543
2025-11-15,wk inc flu prop ed visits,0,2025-11-15,55,quantile,0.975,0.007903529233313868
2025-11-15,wk inc flu prop ed visits,1,2025-11-22,55,quantile,0.975,0.014011531772434641
2025-11-15,wk inc flu prop ed visits,2,2025-11-29,55,quantile,0.975,0.018863733206911756
2025-11-15,wk inc flu prop ed visits,3,2025-12-06,55,quantile,0.975,0.028752463372270252
2025-11-15,wk inc flu prop ed visits,0,2025-11-15,55,quantile,0.99,0.007903529233313868
2025-11-15,wk inc flu prop ed visits,1,2025-11-22,55,quantile,0.99,0.014011531772434641
2025-11-15,wk inc flu prop ed visits,2,2025-11-29,55,quantile,0.99,0.020365070732082696
2025-11-15,wk inc flu prop ed visits,3,2025-12-06,55,quantile,0.99,0.0312724038078417
2025-11-15,wk inc flu hosp,0,2025-11-15,55,quantile,0.01,0
2025-11-15,wk inc flu hosp,1,2025-11-22,55,quantile,0.01,0
2025-11-15,wk inc flu hosp,2,2025-11-29,55,quantile,0.01,0
2025-11-15,wk inc flu hosp,3,2025-12-06,55,quantile,0.01,0
2025-11-15,wk inc flu hosp,0,2025-11-15,55,quantile,0.025,0
2025-11-15,wk inc flu hosp,1,2025-11-22,55,quantile,0.025,0
2025-11-15,wk inc flu hosp,2,2025-11-29,55,quantile,0.025,0
2025-11-15,wk inc flu hosp,3,2025-12-06,55,quantile,0.025,0
2025-11-15,wk inc flu hosp,0,2025-11-15,55,quantile,0.05,0
2025-11-15,wk inc flu hosp,1,2025-11-22,55,quantile,0.05,0
2025-11-15,wk inc flu hosp,2,2025-11-29,55,quantile,0.05,0
2025-11-15,wk inc flu hosp,3,2025-12-06,55,quantile,0.05,0
2025-11-15,wk inc flu hosp,0,2025-11-15,55,quantile,0.1,0
2025-11-15,wk inc flu hosp,1,2025-11-22,55,quantile,0.1,0
2025-11-15,wk inc flu hosp,2,2025-11-29,55,quantile,0.1,0
2025-11-15,wk inc flu hosp,3,2025-12-06,55,quantile,0.1,0
2025-11-15,wk inc flu hosp,0,2025-11-15,55,quantile,0.15,0
2025-11-15,wk inc flu hosp,1,2025-11-22,55,quantile,0.15,0
2025-11-15,wk inc flu hosp,2,2025-11-29,55,quantile,0.15,0
2025-11-15,wk inc flu hosp,3,2025-12-06,55,quantile,0.15,0
2025-11-15,wk inc flu hosp,0,2025-11-15,55,quantile,0.2,0
2025-11-15,wk inc flu hosp,1,2025-11-22,55,quantile,0.2,0
2025-11-15,wk inc flu hosp,2,2025-11-29,55,quantile,0.2,0
2025-11-15,wk inc flu hosp,3,2025-12-06,55,quantile,0.2,0
2025-11-15,wk inc flu hosp,0,2025-11-15,55,quantile,0.25,0
2025-11-15,wk inc flu hosp,1,2025-11-22,55,quantile,0.25,0
2025-11-15,wk inc flu hosp,2,2025-11-29,55,quantile,0.25,0
2025-11-15,wk inc flu hosp,3,2025-12-06,55,quantile,0.25,0
2025-11-15,wk inc flu hosp,0,2025-11-15,55,quantile,0.3,0
2025-11-15,wk inc flu hosp,1,2025-11-22,55,quantile,0.3,0
2025-11-15,wk inc flu hosp,2,2025-11-29,55,quantile,0.3,0
2025-11-15,wk inc flu hosp,3,2025-12-06,55,quantile,0.3,0
2025-11-15,wk inc flu hosp,0,2025-11-15,55,quantile,0.35,0
2025-11-15,wk inc flu hosp,1,2025-11-22,55,quantile,0.35,0
2025-11-15,wk inc flu hosp,2,2025-11-29,55,quantile,0.35,0
2025-11-15,wk inc flu hosp,3,2025-12-06,55,quantile,0.35,0
2025-11-15,wk inc flu hosp,0,2025-11-15,55,quantile,0.4,0
2025-11-15,wk inc flu hosp,1,2025-11-22,55,quantile,0.4,0
2025-11-15,wk inc flu hosp,2,2025-11-29,55,quantile,0.4,0
2025-11-15,wk inc flu hosp,3,2025-12-06,55,quantile,0.4,0
2025-11-15,wk inc flu hosp,0,2025-11-15,55,quantile,0.45,5
2025-11-15,wk inc flu hosp,1,2025-11-22,55,quantile,0.45,0
2025-11-15,wk inc flu hosp,2,2025-11-29,55,quantile,0.45,0
2025-11-15,wk inc flu hosp,3,2025-12-06,55,quantile,0.45,0
2025-11-15,wk inc flu hosp,0,2025-11-15,55,quantile,0.5,7
2025-11-15,wk inc flu hosp,1,2025-11-22,55,quantile,0.5,6
2025-11-15,wk inc flu hosp,2,2025-11-29,55,quantile,0.5,0
2025-11-15,wk inc flu hosp,3,2025-12-06,55,quantile,0.5,19
2025-11-15,wk inc flu hosp,0,2025-11-15,55,quantile,0.55,9
2025-11-15,wk inc flu hosp,1,2025-11-22,55,quantile,0.55,13
2025-11-15,wk inc flu hosp,2,2025-11-29,55,quantile,0.55,14
2025-11-15,wk inc flu hosp,3,2025-12-06,55,quantile,0.55,40
2025-11-15,wk inc flu hosp,0,2025-11-15,55,quantile,0.6,11
2025-11-15,wk inc flu hosp,1,2025-11-22,55,quantile,0.6,17
2025-11-15,wk inc flu hosp,2,2025-11-29,55,quantile,0.6,21
2025-11-15,wk inc flu hosp,3,2025-12-06,55,quantile,0.6,51
2025-11-15,wk inc flu hosp,0,2025-11-15,55,quantile,0.65,12
2025-11-15,wk inc flu hosp,1,2025-11-22,55,quantile,0.65,20
2025-11-15,wk inc flu hosp,2,2025-11-29,55,quantile,0.65,25
2025-11-15,wk inc flu hosp,3,2025-12-06,55,quantile,0.65,63
2025-11-15,wk inc flu hosp,0,2025-11-15,55,quantile,0.7,14
2025-11-15,wk inc flu hosp,1,2025-11-22,55,quantile,0.7,24
2025-11-15,wk inc flu hosp,2,2025-11-29,55,quantile,0.7,31
2025-11-15,wk inc flu hosp,3,2025-12-06,55,quantile,0.7,78
2025-11-15,wk inc flu hosp,0,2025-11-15,55,quantile,0.75,16
2025-11-15,wk inc flu hosp,1,2025-11-22,55,quantile,0.75,29
2025-11-15,wk inc flu hosp,2,2025-11-29,55,quantile,0.75,38
2025-11-15,wk inc flu hosp,3,2025-12-06,55,quantile,0.75,89
2025-11-15,wk inc flu hosp,0,2025-11-15,55,quantile,0.8,17
2025-11-15,wk inc flu hosp,1,2025-11-22,55,quantile,0.8,33
2025-11-15,wk inc flu hosp,2,2025-11-29,55,quantile,0.8,44
2025-11-15,wk inc flu hosp,3,2025-12-06,55,quantile,0.8,106
2025-11-15,wk inc flu hosp,0,2025-11-15,55,quantile,0.85,19
2025-11-15,wk inc flu hosp,1,2025-11-22,55,quantile,0.85,40
2025-11-15,wk inc flu hosp,2,2025-11-29,55,quantile,0.85,52
2025-11-15,wk inc flu hosp,3,2025-12-06,55,quantile,0.85,120
2025-11-15,wk inc flu hosp,0,2025-11-15,55,quantile,0.9,21
2025-11-15,wk inc flu hosp,1,2025-11-22,55,quantile,0.9,44
2025-11-15,wk inc flu hosp,2,2025-11-29,55,quantile,0.9,61
2025-11-15,wk inc flu hosp,3,2025-12-06,55,quantile,0.9,142
2025-11-15,wk inc flu hosp,0,2025-11-15,55,quantile,0.95,28
2025-11-15,wk inc flu hosp,1,2025-11-22,55,quantile,0.95,62
2025-11-15,wk inc flu hosp,2,2025-11-29,55,quantile,0.95,84
2025-11-15,wk inc flu hosp,3,2025-12-06,55,quantile,0.95,176
2025-11-15,wk inc flu hosp,0,2025-11-15,55,quantile,0.975,54
2025-11-15,wk inc flu hosp,1,2025-11-22,55,quantile,0.975,121
2025-11-15,wk inc flu hosp,2,2025-11-29,55,quantile,0.975,186
2025-11-15,wk inc flu hosp,3,2025-12-06,55,quantile,0.975,279
2025-11-15,wk inc flu hosp,0,2025-11-15,55,quantile,0.99,54
2025-11-15,wk inc flu hosp,1,2025-11-22,55,quantile,0.99,121
2025-11-15,wk inc flu hosp,2,2025-11-29,55,quantile,0.99,193
2025-11-15,wk inc flu hosp,3,2025-12-06,55,quantile,0.99,306
2025-11-15,wk inc flu prop ed visits,0,2025-11-15,13,quantile,0.01,0
2025-11-15,wk inc flu prop ed visits,1,2025-11-22,13,quantile,0.01,0
2025-11-15,wk inc flu prop ed visits,2,2025-11-29,13,quantile,0.01,0
2025-11-15,wk inc flu prop ed visits,3,2025-12-06,13,quantile,0.01,0
2025-11-15,wk inc flu prop ed visits,0,2025-11-15,13,quantile,0.025,0
2025-11-15,wk inc flu prop ed visits,1,2025-11-22,13,quantile,0.025,0
2025-11-15,wk inc flu prop ed visits,2,2025-11-29,13,quantile,0.025,0
2025-11-15,wk inc flu prop ed visits,3,2025-12-06,13,quantile,0.025,0
2025-11-15,wk inc flu prop ed visits,0,2025-11-15,13,quantile,0.05,0
2025-11-15,wk inc flu prop ed visits,1,2025-11-22,13,quantile,0.05,0
2025-11-15,wk inc flu prop ed visits,2,2025-11-29,13,quantile,0.05,0
2025-11-15,wk inc flu prop ed visits,3,2025-12-06,13,quantile,0.05,0
2025-11-15,wk inc flu prop ed visits,0,2025-11-15,13,quantile,0.1,0
2025-11-15,wk inc flu prop ed visits,1,2025-11-22,13,quantile,0.1,0
2025-11-15,wk inc flu prop ed visits,2,2025-11-29,13,quantile,0.1,0
2025-11-15,wk inc flu prop ed visits,3,2025-12-06,13,quantile,0.1,0
2025-11-15,wk inc flu prop ed visits,0,2025-11-15,13,quantile,0.15,0
2025-11-15,wk inc flu prop ed visits,1,2025-11-22,13,quantile,0.15,0
2025-11-15,wk inc flu prop ed visits,2,2025-11-29,13,quantile,0.15,0
2025-11-15,wk inc flu prop ed visits,3,2025-12-06,13,quantile,0.15,0
2025-11-15,wk inc flu prop ed visits,0,2025-11-15,13,quantile,0.2,0
2025-11-15,wk inc flu prop ed visits,1,2025-11-22,13,quantile,0.2,0
2025-11-15,wk inc flu prop ed visits,2,2025-11-29,13,quantile,0.2,0
2025-11-15,wk inc flu prop ed visits,3,2025-12-06,13,quantile,0.2,0
2025-11-15,wk inc flu prop ed visits,0,2025-11-15,13,quantile,0.25,0
2025-11-15,wk inc flu prop ed visits,1,2025-11-22,13,quantile,0.25,0
2025-11-15,wk inc flu prop ed visits,2,2025-11-29,13,quantile,0.25,0
2025-11-15,wk inc flu prop ed visits,3,2025-12-06,13,quantile,0.25,0
2025-11-15,wk inc flu prop ed visits,0,2025-11-15,13,quantile,0.3,0
2025-11-15,wk inc flu prop ed visits,1,2025-11-22,13,quantile,0.3,0
2025-11-15,wk inc flu prop ed visits,2,2025-11-29,13,quantile,0.3,0
2025-11-15,wk inc flu prop ed visits,3,2025-12-06,13,quantile,0.3,0
2025-11-15,wk inc flu prop ed visits,0,2025-11-15,13,quantile,0.35,0
2025-11-15,wk inc flu prop ed visits,1,2025-11-22,13,quantile,0.35,0
2025-11-15,wk inc flu prop ed visits,2,2025-11-29,13,quantile,0.35,0
2025-11-15,wk inc flu prop ed visits,3,2025-12-06,13,quantile,0.35,0
2025-11-15,wk inc flu prop ed visits,0,2025-11-15,13,quantile,0.4,5.345471724845191e-6
2025-11-15,wk inc flu prop ed visits,1,2025-11-22,13,quantile,0.4,0
2025-11-15,wk inc flu prop ed visits,2,2025-11-29,13,quantile,0.4,0
2025-11-15,wk inc flu prop ed visits,3,2025-12-06,13,quantile,0.4,0
2025-11-15,wk inc flu prop ed visits,0,2025-11-15,13,quantile,0.45,0.0013600458693478123
2025-11-15,wk inc flu prop ed visits,1,2025-11-22,13,quantile,0.45,0
2025-11-15,wk inc flu prop ed visits,2,2025-11-29,13,quantile,0.45,0
2025-11-15,wk inc flu prop ed visits,3,2025-12-06,13,quantile,0.45,0
2025-11-15,wk inc flu prop ed visits,0,2025-11-15,13,quantile,0.5,0.0022054662781570505
2025-11-15,wk inc flu prop ed visits,1,2025-11-22,13,quantile,0.5,0
2025-11-15,wk inc flu prop ed visits,2,2025-11-29,13,quantile,0.5,0
2025-11-15,wk inc flu prop ed visits,3,2025-12-06,13,quantile,0.5,0
2025-11-15,wk inc flu prop ed visits,0,2025-11-15,13,quantile,0.55,0.0028305116505884746
2025-11-15,wk inc flu prop ed visits,1,2025-11-22,13,quantile,0.55,1.2629678337243075e-4
2025-11-15,wk inc flu prop ed visits,2,2025-11-29,13,quantile,0.55,0
2025-11-15,wk inc flu prop ed visits,3,2025-12-06,13,quantile,0.55,0
2025-11-15,wk inc flu prop ed visits,0,2025-11-15,13,quantile,0.6,0.0037474058192046994
2025-11-15,wk inc flu prop ed visits,1,2025-11-22,13,quantile,0.6,0.0015060090620088815
2025-11-15,wk inc flu prop ed visits,2,2025-11-29,13,quantile,0.6,0
2025-11-15,wk inc flu prop ed visits,3,2025-12-06,13,quantile,0.6,0
2025-11-15,wk inc flu prop ed visits,0,2025-11-15,13,quantile,0.65,0.004190510583657209
2025-11-15,wk inc flu prop ed visits,1,2025-11-22,13,quantile,0.65,0.0029744385937172
2025-11-15,wk inc flu prop ed visits,2,2025-11-29,13,quantile,0.65,0
2025-11-15,wk inc flu prop ed visits,3,2025-12-06,13,quantile,0.65,0
2025-11-15,wk inc flu prop ed visits,0,2025-11-15,13,quantile,0.7,0.004524812480766289
2025-11-15,wk inc flu prop ed visits,1,2025-11-22,13,quantile,0.7,0.004484385045180771
2025-11-15,wk inc flu prop ed visits,2,2025-11-29,13,quantile,0.7,0
2025-11-15,wk inc flu prop ed visits,3,2025-12-06,13,quantile,0.7,0
2025-11-15,wk inc flu prop ed visits,0,2025-11-15,13,quantile,0.75,0.005380689977375253
2025-11-15,wk inc flu prop ed visits,1,2025-11-22,13,quantile,0.75,0.006935904345489726
2025-11-15,wk inc flu prop ed visits,2,2025-11-29,13,quantile,0.75,0
2025-11-15,wk inc flu prop ed visits,3,2025-12-06,13,quantile,0.75,0
2025-11-15,wk inc flu prop ed visits,0,2025-11-15,13,quantile,0.8,0.006316798630733614
2025-11-15,wk inc flu prop ed visits,1,2025-11-22,13,quantile,0.8,0.009077726584585291
2025-11-15,wk inc flu prop ed visits,2,2025-11-29,13,quantile,0.8,0
2025-11-15,wk inc flu prop ed visits,3,2025-12-06,13,quantile,0.8,0.001095854155839679
2025-11-15,wk inc flu prop ed visits,0,2025-11-15,13,quantile,0.85,0.007241318820321356
2025-11-15,wk inc flu prop ed visits,1,2025-11-22,13,quantile,0.85,0.01062863295134774
2025-11-15,wk inc flu prop ed visits,2,2025-11-29,13,quantile,0.85,0
2025-11-15,wk inc flu prop ed visits,3,2025-12-06,13,quantile,0.85,0.004407844128687461
2025-11-15,wk inc flu prop ed visits,0,2025-11-15,13,quantile,0.9,0.007831669839779183
2025-11-15,wk inc flu prop ed visits,1,2025-11-22,13,quantile,0.9,0.011730613673047837
2025-11-15,wk inc flu prop ed visits,2,2025-11-29,13,quantile,0.9,0.0036987790549845197
2025-11-15,wk inc flu prop ed visits,3,2025-12-06,13,quantile,0.9,0.011571196370766122
2025-11-15,wk inc flu prop ed visits,0,2025-11-15,13,quantile,0.95,0.009186051170135847
2025-11-15,wk inc flu prop ed visits,1,2025-11-22,13,quantile,0.95,0.013681094889448776
2025-11-15,wk inc flu prop ed visits,2,2025-11-29,13,quantile,0.95,0.006966731832208911
2025-11-15,wk inc flu prop ed visits,3,2025-12-06,13,quantile,0.95,0.017651385887375536
2025-11-15,wk inc flu prop ed visits,0,2025-11-15,13,quantile,0.975,0.015114059544768256
2025-11-15,wk inc flu prop ed visits,1,2025-11-22,13,quantile,0.975,0.022418152575898513
2025-11-15,wk inc flu prop ed visits,2,2025-11-29,13,quantile,0.975,0.01884331631198059
2025-11-15,wk inc flu prop ed visits,3,2025-12-06,13,quantile,0.975,0.03291764135045129
2025-11-15,wk inc flu prop ed visits,0,2025-11-15,13,quantile,0.99,0.023675278308417685
2025-11-15,wk inc flu prop ed visits,1,2025-11-22,13,quantile,0.99,0.04162059468884873
2025-11-15,wk inc flu prop ed visits,2,2025-11-29,13,quantile,0.99,0.05653414826056927
2025-11-15,wk inc flu prop ed visits,3,2025-12-06,13,quantile,0.99,0.07134480652192368
2025-11-15,wk inc flu hosp,0,2025-11-15,13,quantile,0.01,0
2025-11-15,wk inc flu hosp,1,2025-11-22,13,quantile,0.01,0
2025-11-15,wk inc flu hosp,2,2025-11-29,13,quantile,0.01,0
2025-11-15,wk inc flu hosp,3,2025-12-06,13,quantile,0.01,0
2025-11-15,wk inc flu hosp,0,2025-11-15,13,quantile,0.025,0
2025-11-15,wk inc flu hosp,1,2025-11-22,13,quantile,0.025,0
2025-11-15,wk inc flu hosp,2,2025-11-29,13,quantile,0.025,0
2025-11-15,wk inc flu hosp,3,2025-12-06,13,quantile,0.025,0
2025-11-15,wk inc flu hosp,0,2025-11-15,13,quantile,0.05,0
2025-11-15,wk inc flu hosp,1,2025-11-22,13,quantile,0.05,0
2025-11-15,wk inc flu hosp,2,2025-11-29,13,quantile,0.05,0
2025-11-15,wk inc flu hosp,3,2025-12-06,13,quantile,0.05,0
2025-11-15,wk inc flu hosp,0,2025-11-15,13,quantile,0.1,0
2025-11-15,wk inc flu hosp,1,2025-11-22,13,quantile,0.1,0
2025-11-15,wk inc flu hosp,2,2025-11-29,13,quantile,0.1,0
2025-11-15,wk inc flu hosp,3,2025-12-06,13,quantile,0.1,0
2025-11-15,wk inc flu hosp,0,2025-11-15,13,quantile,0.15,0
2025-11-15,wk inc flu hosp,1,2025-11-22,13,quantile,0.15,0
2025-11-15,wk inc flu hosp,2,2025-11-29,13,quantile,0.15,0
2025-11-15,wk inc flu hosp,3,2025-12-06,13,quantile,0.15,0
2025-11-15,wk inc flu hosp,0,2025-11-15,13,quantile,0.2,0
2025-11-15,wk inc flu hosp,1,2025-11-22,13,quantile,0.2,0
2025-11-15,wk inc flu hosp,2,2025-11-29,13,quantile,0.2,0
2025-11-15,wk inc flu hosp,3,2025-12-06,13,quantile,0.2,0
2025-11-15,wk inc flu hosp,0,2025-11-15,13,quantile,0.25,0
2025-11-15,wk inc flu hosp,1,2025-11-22,13,quantile,0.25,0
2025-11-15,wk inc flu hosp,2,2025-11-29,13,quantile,0.25,0
2025-11-15,wk inc flu hosp,3,2025-12-06,13,quantile,0.25,0
2025-11-15,wk inc flu hosp,0,2025-11-15,13,quantile,0.3,0
2025-11-15,wk inc flu hosp,1,2025-11-22,13,quantile,0.3,0
2025-11-15,wk inc flu hosp,2,2025-11-29,13,quantile,0.3,0
2025-11-15,wk inc flu hosp,3,2025-12-06,13,quantile,0.3,0
2025-11-15,wk inc flu hosp,0,2025-11-15,13,quantile,0.35,13
2025-11-15,wk inc flu hosp,1,2025-11-22,13,quantile,0.35,0
2025-11-15,wk inc flu hosp,2,2025-11-29,13,quantile,0.35,0
2025-11-15,wk inc flu hosp,3,2025-12-06,13,quantile,0.35,0
2025-11-15,wk inc flu hosp,0,2025-11-15,13,quantile,0.4,24
2025-11-15,wk inc flu hosp,1,2025-11-22,13,quantile,0.4,0
2025-11-15,wk inc flu hosp,2,2025-11-29,13,quantile,0.4,0
2025-11-15,wk inc flu hosp,3,2025-12-06,13,quantile,0.4,0
2025-11-15,wk inc flu hosp,0,2025-11-15,13,quantile,0.45,35
2025-11-15,wk inc flu hosp,1,2025-11-22,13,quantile,0.45,12
2025-11-15,wk inc flu hosp,2,2025-11-29,13,quantile,0.45,0
2025-11-15,wk inc flu hosp,3,2025-12-06,13,quantile,0.45,0
2025-11-15,wk inc flu hosp,0,2025-11-15,13,quantile,0.5,43
2025-11-15,wk inc flu hosp,1,2025-11-22,13,quantile,0.5,31
2025-11-15,wk inc flu hosp,2,2025-11-29,13,quantile,0.5,0
2025-11-15,wk inc flu hosp,3,2025-12-06,13,quantile,0.5,0
2025-11-15,wk inc flu hosp,0,2025-11-15,13,quantile,0.55,54
2025-11-15,wk inc flu hosp,1,2025-11-22,13,quantile,0.55,49
2025-11-15,wk inc flu hosp,2,2025-11-29,13,quantile,0.55,0
2025-11-15,wk inc flu hosp,3,2025-12-06,13,quantile,0.55,0
2025-11-15,wk inc flu hosp,0,2025-11-15,13,quantile,0.6,57
2025-11-15,wk inc flu hosp,1,2025-11-22,13,quantile,0.6,55
2025-11-15,wk inc flu hosp,2,2025-11-29,13,quantile,0.6,0
2025-11-15,wk inc flu hosp,3,2025-12-06,13,quantile,0.6,0
2025-11-15,wk inc flu hosp,0,2025-11-15,13,quantile,0.65,59
2025-11-15,wk inc flu hosp,1,2025-11-22,13,quantile,0.65,67
2025-11-15,wk inc flu hosp,2,2025-11-29,13,quantile,0.65,0
2025-11-15,wk inc flu hosp,3,2025-12-06,13,quantile,0.65,0
2025-11-15,wk inc flu hosp,0,2025-11-15,13,quantile,0.7,68
2025-11-15,wk inc flu hosp,1,2025-11-22,13,quantile,0.7,102
2025-11-15,wk inc flu hosp,2,2025-11-29,13,quantile,0.7,0
2025-11-15,wk inc flu hosp,3,2025-12-06,13,quantile,0.7,0
2025-11-15,wk inc flu hosp,0,2025-11-15,13,quantile,0.75,75
2025-11-15,wk inc flu hosp,1,2025-11-22,13,quantile,0.75,117
2025-11-15,wk inc flu hosp,2,2025-11-29,13,quantile,0.75,0
2025-11-15,wk inc flu hosp,3,2025-12-06,13,quantile,0.75,5
2025-11-15,wk inc flu hosp,0,2025-11-15,13,quantile,0.8,79
2025-11-15,wk inc flu hosp,1,2025-11-22,13,quantile,0.8,125
2025-11-15,wk inc flu hosp,2,2025-11-29,13,quantile,0.8,0
2025-11-15,wk inc flu hosp,3,2025-12-06,13,quantile,0.8,38
2025-11-15,wk inc flu hosp,0,2025-11-15,13,quantile,0.85,84
2025-11-15,wk inc flu hosp,1,2025-11-22,13,quantile,0.85,132
2025-11-15,wk inc flu hosp,2,2025-11-29,13,quantile,0.85,22
2025-11-15,wk inc flu hosp,3,2025-12-06,13,quantile,0.85,88
2025-11-15,wk inc flu hosp,0,2025-11-15,13,quantile,0.9,90
2025-11-15,wk inc flu hosp,1,2025-11-22,13,quantile,0.9,142
2025-11-15,wk inc flu hosp,2,2025-11-29,13,quantile,0.9,33
2025-11-15,wk inc flu hosp,3,2025-12-06,13,quantile,0.9,142
2025-11-15,wk inc flu hosp,0,2025-11-15,13,quantile,0.95,106
2025-11-15,wk inc flu hosp,1,2025-11-22,13,quantile,0.95,165
2025-11-15,wk inc flu hosp,2,2025-11-29,13,quantile,0.95,60
2025-11-15,wk inc flu hosp,3,2025-12-06,13,quantile,0.95,196
2025-11-15,wk inc flu hosp,0,2025-11-15,13,quantile,0.975,202
2025-11-15,wk inc flu hosp,1,2025-11-22,13,quantile,0.975,352
2025-11-15,wk inc flu hosp,2,2025-11-29,13,quantile,0.975,347
2025-11-15,wk inc flu hosp,3,2025-12-06,13,quantile,0.975,522
2025-11-15,wk inc flu hosp,0,2025-11-15,13,quantile,0.99,258
2025-11-15,wk inc flu hosp,1,2025-11-22,13,quantile,0.99,459
2025-11-15,wk inc flu hosp,2,2025-11-29,13,quantile,0.99,641
2025-11-15,wk inc flu hosp,3,2025-12-06,13,quantile,0.99,907
2025-11-15,wk inc flu prop ed visits,0,2025-11-15,19,quantile,0.01,0
2025-11-15,wk inc flu prop ed visits,1,2025-11-22,19,quantile,0.01,0
2025-11-15,wk inc flu prop ed visits,2,2025-11-29,19,quantile,0.01,0
2025-11-15,wk inc flu prop ed visits,3,2025-12-06,19,quantile,0.01,0
2025-11-15,wk inc flu prop ed visits,0,2025-11-15,19,quantile,0.025,0
2025-11-15,wk inc flu prop ed visits,1,2025-11-22,19,quantile,0.025,0
2025-11-15,wk inc flu prop ed visits,2,2025-11-29,19,quantile,0.025,0
2025-11-15,wk inc flu prop ed visits,3,2025-12-06,19,quantile,0.025,0
2025-11-15,wk inc flu prop ed visits,0,2025-11-15,19,quantile,0.05,0
2025-11-15,wk inc flu prop ed visits,1,2025-11-22,19,quantile,0.05,0
2025-11-15,wk inc flu prop ed visits,2,2025-11-29,19,quantile,0.05,0
2025-11-15,wk inc flu prop ed visits,3,2025-12-06,19,quantile,0.05,0
2025-11-15,wk inc flu prop ed visits,0,2025-11-15,19,quantile,0.1,0
2025-11-15,wk inc flu prop ed visits,1,2025-11-22,19,quantile,0.1,0
2025-11-15,wk inc flu prop ed visits,2,2025-11-29,19,quantile,0.1,0
2025-11-15,wk inc flu prop ed visits,3,2025-12-06,19,quantile,0.1,0
2025-11-15,wk inc flu prop ed visits,0,2025-11-15,19,quantile,0.15,0
2025-11-15,wk inc flu prop ed visits,1,2025-11-22,19,quantile,0.15,0
2025-11-15,wk inc flu prop ed visits,2,2025-11-29,19,quantile,0.15,0
2025-11-15,wk inc flu prop ed visits,3,2025-12-06,19,quantile,0.15,0
2025-11-15,wk inc flu prop ed visits,0,2025-11-15,19,quantile,0.2,0
2025-11-15,wk inc flu prop ed visits,1,2025-11-22,19,quantile,0.2,0
2025-11-15,wk inc flu prop ed visits,2,2025-11-29,19,quantile,0.2,0
2025-11-15,wk inc flu prop ed visits,3,2025-12-06,19,quantile,0.2,0
2025-11-15,wk inc flu prop ed visits,0,2025-11-15,19,quantile,0.25,0
2025-11-15,wk inc flu prop ed visits,1,2025-11-22,19,quantile,0.25,0
2025-11-15,wk inc flu prop ed visits,2,2025-11-29,19,quantile,0.25,0
2025-11-15,wk inc flu prop ed visits,3,2025-12-06,19,quantile,0.25,0
2025-11-15,wk inc flu prop ed visits,0,2025-11-15,19,quantile,0.3,0
2025-11-15,wk inc flu prop ed visits,1,2025-11-22,19,quantile,0.3,0
2025-11-15,wk inc flu prop ed visits,2,2025-11-29,19,quantile,0.3,0
2025-11-15,wk inc flu prop ed visits,3,2025-12-06,19,quantile,0.3,0
2025-11-15,wk inc flu prop ed visits,0,2025-11-15,19,quantile,0.35,0
2025-11-15,wk inc flu prop ed visits,1,2025-11-22,19,quantile,0.35,0
2025-11-15,wk inc flu prop ed visits,2,2025-11-29,19,quantile,0.35,0
2025-11-15,wk inc flu prop ed visits,3,2025-12-06,19,quantile,0.35,0
2025-11-15,wk inc flu prop ed visits,0,2025-11-15,19,quantile,0.4,0
2025-11-15,wk inc flu prop ed visits,1,2025-11-22,19,quantile,0.4,0
2025-11-15,wk inc flu prop ed visits,2,2025-11-29,19,quantile,0.4,0
2025-11-15,wk inc flu prop ed visits,3,2025-12-06,19,quantile,0.4,0.003422706894460343
2025-11-15,wk inc flu prop ed visits,0,2025-11-15,19,quantile,0.45,5.370143990378223e-4
2025-11-15,wk inc flu prop ed visits,1,2025-11-22,19,quantile,0.45,0
2025-11-15,wk inc flu prop ed visits,2,2025-11-29,19,quantile,0.45,0
2025-11-15,wk inc flu prop ed visits,3,2025-12-06,19,quantile,0.45,0.0090421472235543
2025-11-15,wk inc flu prop ed visits,0,2025-11-15,19,quantile,0.5,0.0010367945426931755
2025-11-15,wk inc flu prop ed visits,1,2025-11-22,19,quantile,0.5,0
2025-11-15,wk inc flu prop ed visits,2,2025-11-29,19,quantile,0.5,0.0015538467688293869
2025-11-15,wk inc flu prop ed visits,3,2025-12-06,19,quantile,0.5,0.012293742977245966
2025-11-15,wk inc flu prop ed visits,0,2025-11-15,19,quantile,0.55,0.001711426958613817
2025-11-15,wk inc flu prop ed visits,1,2025-11-22,19,quantile,0.55,5.462624075236127e-4
2025-11-15,wk inc flu prop ed visits,2,2025-11-29,19,quantile,0.55,0.003545236005652047
2025-11-15,wk inc flu prop ed visits,3,2025-12-06,19,quantile,0.55,0.01631727359106808
2025-11-15,wk inc flu prop ed visits,0,2025-11-15,19,quantile,0.6,0.0022988653937222954
2025-11-15,wk inc flu prop ed visits,1,2025-11-22,19,quantile,0.6,0.001698021420335738
2025-11-15,wk inc flu prop ed visits,2,2025-11-29,19,quantile,0.6,0.005161623905427035
2025-11-15,wk inc flu prop ed visits,3,2025-12-06,19,quantile,0.6,0.019671413693739693
2025-11-15,wk inc flu prop ed visits,0,2025-11-15,19,quantile,0.65,0.0027163557707560225
2025-11-15,wk inc flu prop ed visits,1,2025-11-22,19,quantile,0.65,0.002626809216579538
2025-11-15,wk inc flu prop ed visits,2,2025-11-29,19,quantile,0.65,0.006499479864623309
2025-11-15,wk inc flu prop ed visits,3,2025-12-06,19,quantile,0.65,0.02134005303475784
2025-11-15,wk inc flu prop ed visits,0,2025-11-15,19,quantile,0.7,0.0028887864414116294
2025-11-15,wk inc flu prop ed visits,1,2025-11-22,19,quantile,0.7,0.003267778172221796
2025-11-15,wk inc flu prop ed visits,2,2025-11-29,19,quantile,0.7,0.007791388913913314
2025-11-15,wk inc flu prop ed visits,3,2025-12-06,19,quantile,0.7,0.023113064650896895
2025-11-15,wk inc flu prop ed visits,0,2025-11-15,19,quantile,0.75,0.0035918186126606922
2025-11-15,wk inc flu prop ed visits,1,2025-11-22,19,quantile,0.75,0.004254124745144425
2025-11-15,wk inc flu prop ed visits,2,2025-11-29,19,quantile,0.75,0.00928759905932365
2025-11-15,wk inc flu prop ed visits,3,2025-12-06,19,quantile,0.75,0.025238050066883698
2025-11-15,wk inc flu prop ed visits,0,2025-11-15,19,quantile,0.8,0.003988760878217639
2025-11-15,wk inc flu prop ed visits,1,2025-11-22,19,quantile,0.8,0.00512452335172888
2025-11-15,wk inc flu prop ed visits,2,2025-11-29,19,quantile,0.8,0.010592598409191026
2025-11-15,wk inc flu prop ed visits,3,2025-12-06,19,quantile,0.8,0.02903244999362474
2025-11-15,wk inc flu prop ed visits,0,2025-11-15,19,quantile,0.85,0.0042752624621939985
2025-11-15,wk inc flu prop ed visits,1,2025-11-22,19,quantile,0.85,0.0055993408759293746
2025-11-15,wk inc flu prop ed visits,2,2025-11-29,19,quantile,0.85,0.011591924611519153
2025-11-15,wk inc flu prop ed visits,3,2025-12-06,19,quantile,0.85,0.035803648214166386
2025-11-15,wk inc flu prop ed visits,0,2025-11-15,19,quantile,0.9,0.004827500586829977
2025-11-15,wk inc flu prop ed visits,1,2025-11-22,19,quantile,0.9,0.006733859588756781
2025-11-15,wk inc flu prop ed visits,2,2025-11-29,19,quantile,0.9,0.01457394473554076
2025-11-15,wk inc flu prop ed visits,3,2025-12-06,19,quantile,0.9,0.044506965176423885
2025-11-15,wk inc flu prop ed visits,0,2025-11-15,19,quantile,0.95,0.0057069238451160015
2025-11-15,wk inc flu prop ed visits,1,2025-11-22,19,quantile,0.95,0.008498636372293325
2025-11-15,wk inc flu prop ed visits,2,2025-11-29,19,quantile,0.95,0.018471365673586076
2025-11-15,wk inc flu prop ed visits,3,2025-12-06,19,quantile,0.95,0.056572013211400984
2025-11-15,wk inc flu prop ed visits,0,2025-11-15,19,quantile,0.975,0.008234417544667052
2025-11-15,wk inc flu prop ed visits,1,2025-11-22,19,quantile,0.975,0.0170546626838887
2025-11-15,wk inc flu prop ed visits,2,2025-11-29,19,quantile,0.975,0.03201164102552669
2025-11-15,wk inc flu prop ed visits,3,2025-12-06,19,quantile,0.975,0.10122187266143305
2025-11-15,wk inc flu prop ed visits,0,2025-11-15,19,quantile,0.99,0.008234417544667052
2025-11-15,wk inc flu prop ed visits,1,2025-11-22,19,quantile,0.99,0.0170546626838887
2025-11-15,wk inc flu prop ed visits,2,2025-11-29,19,quantile,0.99,0.03201164102552669
2025-11-15,wk inc flu prop ed visits,3,2025-12-06,19,quantile,0.99,0.10122187266143305
2025-11-15,wk inc flu hosp,0,2025-11-15,19,quantile,0.01,0
2025-11-15,wk inc flu hosp,1,2025-11-22,19,quantile,0.01,0
2025-11-15,wk inc flu hosp,2,2025-11-29,19,quantile,0.01,0
2025-11-15,wk inc flu hosp,3,2025-12-06,19,quantile,0.01,0
2025-11-15,wk inc flu hosp,0,2025-11-15,19,quantile,0.025,0
2025-11-15,wk inc flu hosp,1,2025-11-22,19,quantile,0.025,0
2025-11-15,wk inc flu hosp,2,2025-11-29,19,quantile,0.025,0
2025-11-15,wk inc flu hosp,3,2025-12-06,19,quantile,0.025,0
2025-11-15,wk inc flu hosp,0,2025-11-15,19,quantile,0.05,0
2025-11-15,wk inc flu hosp,1,2025-11-22,19,quantile,0.05,0
2025-11-15,wk inc flu hosp,2,2025-11-29,19,quantile,0.05,0
2025-11-15,wk inc flu hosp,3,2025-12-06,19,quantile,0.05,0
2025-11-15,wk inc flu hosp,0,2025-11-15,19,quantile,0.1,0
2025-11-15,wk inc flu hosp,1,2025-11-22,19,quantile,0.1,0
2025-11-15,wk inc flu hosp,2,2025-11-29,19,quantile,0.1,0
2025-11-15,wk inc flu hosp,3,2025-12-06,19,quantile,0.1,0
2025-11-15,wk inc flu hosp,0,2025-11-15,19,quantile,0.15,0
2025-11-15,wk inc flu hosp,1,2025-11-22,19,quantile,0.15,0
2025-11-15,wk inc flu hosp,2,2025-11-29,19,quantile,0.15,0
2025-11-15,wk inc flu hosp,3,2025-12-06,19,quantile,0.15,7
2025-11-15,wk inc flu hosp,0,2025-11-15,19,quantile,0.2,1
2025-11-15,wk inc flu hosp,1,2025-11-22,19,quantile,0.2,0
2025-11-15,wk inc flu hosp,2,2025-11-29,19,quantile,0.2,3
2025-11-15,wk inc flu hosp,3,2025-12-06,19,quantile,0.2,18
2025-11-15,wk inc flu hosp,0,2025-11-15,19,quantile,0.25,2
2025-11-15,wk inc flu hosp,1,2025-11-22,19,quantile,0.25,1
2025-11-15,wk inc flu hosp,2,2025-11-29,19,quantile,0.25,6
2025-11-15,wk inc flu hosp,3,2025-12-06,19,quantile,0.25,23
2025-11-15,wk inc flu hosp,0,2025-11-15,19,quantile,0.3,3
2025-11-15,wk inc flu hosp,1,2025-11-22,19,quantile,0.3,3
2025-11-15,wk inc flu hosp,2,2025-11-29,19,quantile,0.3,9
2025-11-15,wk inc flu hosp,3,2025-12-06,19,quantile,0.3,29
2025-11-15,wk inc flu hosp,0,2025-11-15,19,quantile,0.35,4
2025-11-15,wk inc flu hosp,1,2025-11-22,19,quantile,0.35,5
2025-11-15,wk inc flu hosp,2,2025-11-29,19,quantile,0.35,12
2025-11-15,wk inc flu hosp,3,2025-12-06,19,quantile,0.35,34
2025-11-15,wk inc flu hosp,0,2025-11-15,19,quantile,0.4,5
2025-11-15,wk inc flu hosp,1,2025-11-22,19,quantile,0.4,6
2025-11-15,wk inc flu hosp,2,2025-11-29,19,quantile,0.4,14
2025-11-15,wk inc flu hosp,3,2025-12-06,19,quantile,0.4,37
2025-11-15,wk inc flu hosp,0,2025-11-15,19,quantile,0.45,6
2025-11-15,wk inc flu hosp,1,2025-11-22,19,quantile,0.45,8
2025-11-15,wk inc flu hosp,2,2025-11-29,19,quantile,0.45,17
2025-11-15,wk inc flu hosp,3,2025-12-06,19,quantile,0.45,42
2025-11-15,wk inc flu hosp,0,2025-11-15,19,quantile,0.5,7
2025-11-15,wk inc flu hosp,1,2025-11-22,19,quantile,0.5,9
2025-11-15,wk inc flu hosp,2,2025-11-29,19,quantile,0.5,19
2025-11-15,wk inc flu hosp,3,2025-12-06,19,quantile,0.5,45
2025-11-15,wk inc flu hosp,0,2025-11-15,19,quantile,0.55,7
2025-11-15,wk inc flu hosp,1,2025-11-22,19,quantile,0.55,10
2025-11-15,wk inc flu hosp,2,2025-11-29,19,quantile,0.55,20
2025-11-15,wk inc flu hosp,3,2025-12-06,19,quantile,0.55,50
2025-11-15,wk inc flu hosp,0,2025-11-15,19,quantile,0.6,7
2025-11-15,wk inc flu hosp,1,2025-11-22,19,quantile,0.6,11
2025-11-15,wk inc flu hosp,2,2025-11-29,19,quantile,0.6,22
2025-11-15,wk inc flu hosp,3,2025-12-06,19,quantile,0.6,53
2025-11-15,wk inc flu hosp,0,2025-11-15,19,quantile,0.65,8
2025-11-15,wk inc flu hosp,1,2025-11-22,19,quantile,0.65,12
2025-11-15,wk inc flu hosp,2,2025-11-29,19,quantile,0.65,24
2025-11-15,wk inc flu hosp,3,2025-12-06,19,quantile,0.65,56
2025-11-15,wk inc flu hosp,0,2025-11-15,19,quantile,0.7,9
2025-11-15,wk inc flu hosp,1,2025-11-22,19,quantile,0.7,13
2025-11-15,wk inc flu hosp,2,2025-11-29,19,quantile,0.7,26
2025-11-15,wk inc flu hosp,3,2025-12-06,19,quantile,0.7,59
2025-11-15,wk inc flu hosp,0,2025-11-15,19,quantile,0.75,10
2025-11-15,wk inc flu hosp,1,2025-11-22,19,quantile,0.75,15
2025-11-15,wk inc flu hosp,2,2025-11-29,19,quantile,0.75,28
2025-11-15,wk inc flu hosp,3,2025-12-06,19,quantile,0.75,62
2025-11-15,wk inc flu hosp,0,2025-11-15,19,quantile,0.8,11
2025-11-15,wk inc flu hosp,1,2025-11-22,19,quantile,0.8,16
2025-11-15,wk inc flu hosp,2,2025-11-29,19,quantile,0.8,30
2025-11-15,wk inc flu hosp,3,2025-12-06,19,quantile,0.8,71
2025-11-15,wk inc flu hosp,0,2025-11-15,19,quantile,0.85,11
2025-11-15,wk inc flu hosp,1,2025-11-22,19,quantile,0.85,18
2025-11-15,wk inc flu hosp,2,2025-11-29,19,quantile,0.85,34
2025-11-15,wk inc flu hosp,3,2025-12-06,19,quantile,0.85,79
2025-11-15,wk inc flu hosp,0,2025-11-15,19,quantile,0.9,13
2025-11-15,wk inc flu hosp,1,2025-11-22,19,quantile,0.9,20
2025-11-15,wk inc flu hosp,2,2025-11-29,19,quantile,0.9,40
2025-11-15,wk inc flu hosp,3,2025-12-06,19,quantile,0.9,89
2025-11-15,wk inc flu hosp,0,2025-11-15,19,quantile,0.95,15
2025-11-15,wk inc flu hosp,1,2025-11-22,19,quantile,0.95,23
2025-11-15,wk inc flu hosp,2,2025-11-29,19,quantile,0.95,46
2025-11-15,wk inc flu hosp,3,2025-12-06,19,quantile,0.95,113
2025-11-15,wk inc flu hosp,0,2025-11-15,19,quantile,0.975,23
2025-11-15,wk inc flu hosp,1,2025-11-22,19,quantile,0.975,44
2025-11-15,wk inc flu hosp,2,2025-11-29,19,quantile,0.975,73
2025-11-15,wk inc flu hosp,3,2025-12-06,19,quantile,0.975,190
2025-11-15,wk inc flu hosp,0,2025-11-15,19,quantile,0.99,23
2025-11-15,wk inc flu hosp,1,2025-11-22,19,quantile,0.99,46
2025-11-15,wk inc flu hosp,2,2025-11-29,19,quantile,0.99,77
2025-11-15,wk inc flu hosp,3,2025-12-06,19,quantile,0.99,214
2025-11-15,wk inc flu prop ed visits,0,2025-11-15,22,quantile,0.01,0
2025-11-15,wk inc flu prop ed visits,1,2025-11-22,22,quantile,0.01,0
2025-11-15,wk inc flu prop ed visits,2,2025-11-29,22,quantile,0.01,0
2025-11-15,wk inc flu prop ed visits,3,2025-12-06,22,quantile,0.01,0
2025-11-15,wk inc flu prop ed visits,0,2025-11-15,22,quantile,0.025,0
2025-11-15,wk inc flu prop ed visits,1,2025-11-22,22,quantile,0.025,0
2025-11-15,wk inc flu prop ed visits,2,2025-11-29,22,quantile,0.025,0
2025-11-15,wk inc flu prop ed visits,3,2025-12-06,22,quantile,0.025,0
2025-11-15,wk inc flu prop ed visits,0,2025-11-15,22,quantile,0.05,0
2025-11-15,wk inc flu prop ed visits,1,2025-11-22,22,quantile,0.05,0
2025-11-15,wk inc flu prop ed visits,2,2025-11-29,22,quantile,0.05,0
2025-11-15,wk inc flu prop ed visits,3,2025-12-06,22,quantile,0.05,0
2025-11-15,wk inc flu prop ed visits,0,2025-11-15,22,quantile,0.1,0
2025-11-15,wk inc flu prop ed visits,1,2025-11-22,22,quantile,0.1,0
2025-11-15,wk inc flu prop ed visits,2,2025-11-29,22,quantile,0.1,0
2025-11-15,wk inc flu prop ed visits,3,2025-12-06,22,quantile,0.1,0
2025-11-15,wk inc flu prop ed visits,0,2025-11-15,22,quantile,0.15,0
2025-11-15,wk inc flu prop ed visits,1,2025-11-22,22,quantile,0.15,0
2025-11-15,wk inc flu prop ed visits,2,2025-11-29,22,quantile,0.15,0
2025-11-15,wk inc flu prop ed visits,3,2025-12-06,22,quantile,0.15,0
2025-11-15,wk inc flu prop ed visits,0,2025-11-15,22,quantile,0.2,0
2025-11-15,wk inc flu prop ed visits,1,2025-11-22,22,quantile,0.2,0
2025-11-15,wk inc flu prop ed visits,2,2025-11-29,22,quantile,0.2,0
2025-11-15,wk inc flu prop ed visits,3,2025-12-06,22,quantile,0.2,0
2025-11-15,wk inc flu prop ed visits,0,2025-11-15,22,quantile,0.25,0
2025-11-15,wk inc flu prop ed visits,1,2025-11-22,22,quantile,0.25,0
2025-11-15,wk inc flu prop ed visits,2,2025-11-29,22,quantile,0.25,0
2025-11-15,wk inc flu prop ed visits,3,2025-12-06,22,quantile,0.25,0
2025-11-15,wk inc flu prop ed visits,0,2025-11-15,22,quantile,0.3,0
2025-11-15,wk inc flu prop ed visits,1,2025-11-22,22,quantile,0.3,0
2025-11-15,wk inc flu prop ed visits,2,2025-11-29,22,quantile,0.3,0
2025-11-15,wk inc flu prop ed visits,3,2025-12-06,22,quantile,0.3,0
2025-11-15,wk inc flu prop ed visits,0,2025-11-15,22,quantile,0.35,0
2025-11-15,wk inc flu prop ed visits,1,2025-11-22,22,quantile,0.35,0
2025-11-15,wk inc flu prop ed visits,2,2025-11-29,22,quantile,0.35,0
2025-11-15,wk inc flu prop ed visits,3,2025-12-06,22,quantile,0.35,0
2025-11-15,wk inc flu prop ed visits,0,2025-11-15,22,quantile,0.4,0
2025-11-15,wk inc flu prop ed visits,1,2025-11-22,22,quantile,0.4,0
2025-11-15,wk inc flu prop ed visits,2,2025-11-29,22,quantile,0.4,0
2025-11-15,wk inc flu prop ed visits,3,2025-12-06,22,quantile,0.4,0
2025-11-15,wk inc flu prop ed visits,0,2025-11-15,22,quantile,0.45,0
2025-11-15,wk inc flu prop ed visits,1,2025-11-22,22,quantile,0.45,0
2025-11-15,wk inc flu prop ed visits,2,2025-11-29,22,quantile,0.45,0
2025-11-15,wk inc flu prop ed visits,3,2025-12-06,22,quantile,0.45,0
2025-11-15,wk inc flu prop ed visits,0,2025-11-15,22,quantile,0.5,0
2025-11-15,wk inc flu prop ed visits,1,2025-11-22,22,quantile,0.5,0
2025-11-15,wk inc flu prop ed visits,2,2025-11-29,22,quantile,0.5,0
2025-11-15,wk inc flu prop ed visits,3,2025-12-06,22,quantile,0.5,0.0060066250479481114
2025-11-15,wk inc flu prop ed visits,0,2025-11-15,22,quantile,0.55,7.112043328130902e-4
2025-11-15,wk inc flu prop ed visits,1,2025-11-22,22,quantile,0.55,0
2025-11-15,wk inc flu prop ed visits,2,2025-11-29,22,quantile,0.55,0
2025-11-15,wk inc flu prop ed visits,3,2025-12-06,22,quantile,0.55,0.01510862024057159
2025-11-15,wk inc flu prop ed visits,0,2025-11-15,22,quantile,0.6,0.001733537189419883
2025-11-15,wk inc flu prop ed visits,1,2025-11-22,22,quantile,0.6,0
2025-11-15,wk inc flu prop ed visits,2,2025-11-29,22,quantile,0.6,0
2025-11-15,wk inc flu prop ed visits,3,2025-12-06,22,quantile,0.6,0.023810542761164778
2025-11-15,wk inc flu prop ed visits,0,2025-11-15,22,quantile,0.65,0.0032342846093645064
2025-11-15,wk inc flu prop ed visits,1,2025-11-22,22,quantile,0.65,4.168926484688182e-4
2025-11-15,wk inc flu prop ed visits,2,2025-11-29,22,quantile,0.65,0.005974086706242099
2025-11-15,wk inc flu prop ed visits,3,2025-12-06,22,quantile,0.65,0.037329578915332215
2025-11-15,wk inc flu prop ed visits,0,2025-11-15,22,quantile,0.7,0.004172034107089531
2025-11-15,wk inc flu prop ed visits,1,2025-11-22,22,quantile,0.7,0.004408167532182044
2025-11-15,wk inc flu prop ed visits,2,2025-11-29,22,quantile,0.7,0.013893988783765274
2025-11-15,wk inc flu prop ed visits,3,2025-12-06,22,quantile,0.7,0.04916172482783086
2025-11-15,wk inc flu prop ed visits,0,2025-11-15,22,quantile,0.75,0.005259156463583948
2025-11-15,wk inc flu prop ed visits,1,2025-11-22,22,quantile,0.75,0.008402294189609789
2025-11-15,wk inc flu prop ed visits,2,2025-11-29,22,quantile,0.75,0.019533859869684166
2025-11-15,wk inc flu prop ed visits,3,2025-12-06,22,quantile,0.75,0.057839311573959135
2025-11-15,wk inc flu prop ed visits,0,2025-11-15,22,quantile,0.8,0.006605127421743415
2025-11-15,wk inc flu prop ed visits,1,2025-11-22,22,quantile,0.8,0.011718923124843714
2025-11-15,wk inc flu prop ed visits,2,2025-11-29,22,quantile,0.8,0.024990804649999507
2025-11-15,wk inc flu prop ed visits,3,2025-12-06,22,quantile,0.8,0.06439467505453175
2025-11-15,wk inc flu prop ed visits,0,2025-11-15,22,quantile,0.85,0.009994752143203167
2025-11-15,wk inc flu prop ed visits,1,2025-11-22,22,quantile,0.85,0.016335767323912412
2025-11-15,wk inc flu prop ed visits,2,2025-11-29,22,quantile,0.85,0.03217813822379678
2025-11-15,wk inc flu prop ed visits,3,2025-12-06,22,quantile,0.85,0.07558214186794758
2025-11-15,wk inc flu prop ed visits,0,2025-11-15,22,quantile,0.9,0.012385869464505435
2025-11-15,wk inc flu prop ed visits,1,2025-11-22,22,quantile,0.9,0.02148594481787267
2025-11-15,wk inc flu prop ed visits,2,2025-11-29,22,quantile,0.9,0.03997648883119301
2025-11-15,wk inc flu prop ed visits,3,2025-12-06,22,quantile,0.9,0.08749725586131366
2025-11-15,wk inc flu prop ed visits,0,2025-11-15,22,quantile,0.95,0.014294911701429828
2025-11-15,wk inc flu prop ed visits,1,2025-11-22,22,quantile,0.95,0.02640397106522401
2025-11-15,wk inc flu prop ed visits,2,2025-11-29,22,quantile,0.95,0.046823972952548226
2025-11-15,wk inc flu prop ed visits,3,2025-12-06,22,quantile,0.95,0.09785253151692763
2025-11-15,wk inc flu prop ed visits,0,2025-11-15,22,quantile,0.975,0.0148037323713139
2025-11-15,wk inc flu prop ed visits,1,2025-11-22,22,quantile,0.975,0.03354879104799231
2025-11-15,wk inc flu prop ed visits,2,2025-11-29,22,quantile,0.975,0.06020317734039693
2025-11-15,wk inc flu prop ed visits,3,2025-12-06,22,quantile,0.975,0.11225031232722428
2025-11-15,wk inc flu prop ed visits,0,2025-11-15,22,quantile,0.99,0.02268952685144314
2025-11-15,wk inc flu prop ed visits,1,2025-11-22,22,quantile,0.99,0.05876543295897868
2025-11-15,wk inc flu prop ed visits,2,2025-11-29,22,quantile,0.99,0.11089429152200712
2025-11-15,wk inc flu prop ed visits,3,2025-12-06,22,quantile,0.99,0.1745481265019277
2025-11-15,wk inc flu hosp,0,2025-11-15,22,quantile,0.01,0
2025-11-15,wk inc flu hosp,1,2025-11-22,22,quantile,0.01,0
2025-11-15,wk inc flu hosp,2,2025-11-29,22,quantile,0.01,0
2025-11-15,wk inc flu hosp,3,2025-12-06,22,quantile,0.01,0
2025-11-15,wk inc flu hosp,0,2025-11-15,22,quantile,0.025,0
2025-11-15,wk inc flu hosp,1,2025-11-22,22,quantile,0.025,0
2025-11-15,wk inc flu hosp,2,2025-11-29,22,quantile,0.025,0
2025-11-15,wk inc flu hosp,3,2025-12-06,22,quantile,0.025,0
2025-11-15,wk inc flu hosp,0,2025-11-15,22,quantile,0.05,0
2025-11-15,wk inc flu hosp,1,2025-11-22,22,quantile,0.05,0
2025-11-15,wk inc flu hosp,2,2025-11-29,22,quantile,0.05,0
2025-11-15,wk inc flu hosp,3,2025-12-06,22,quantile,0.05,0
2025-11-15,wk inc flu hosp,0,2025-11-15,22,quantile,0.1,0
2025-11-15,wk inc flu hosp,1,2025-11-22,22,quantile,0.1,0
2025-11-15,wk inc flu hosp,2,2025-11-29,22,quantile,0.1,0
2025-11-15,wk inc flu hosp,3,2025-12-06,22,quantile,0.1,0
2025-11-15,wk inc flu hosp,0,2025-11-15,22,quantile,0.15,0
2025-11-15,wk inc flu hosp,1,2025-11-22,22,quantile,0.15,0
2025-11-15,wk inc flu hosp,2,2025-11-29,22,quantile,0.15,0
2025-11-15,wk inc flu hosp,3,2025-12-06,22,quantile,0.15,0
2025-11-15,wk inc flu hosp,0,2025-11-15,22,quantile,0.2,0
2025-11-15,wk inc flu hosp,1,2025-11-22,22,quantile,0.2,0
2025-11-15,wk inc flu hosp,2,2025-11-29,22,quantile,0.2,0
2025-11-15,wk inc flu hosp,3,2025-12-06,22,quantile,0.2,0
2025-11-15,wk inc flu hosp,0,2025-11-15,22,quantile,0.25,0
2025-11-15,wk inc flu hosp,1,2025-11-22,22,quantile,0.25,0
2025-11-15,wk inc flu hosp,2,2025-11-29,22,quantile,0.25,0
2025-11-15,wk inc flu hosp,3,2025-12-06,22,quantile,0.25,0
2025-11-15,wk inc flu hosp,0,2025-11-15,22,quantile,0.3,0
2025-11-15,wk inc flu hosp,1,2025-11-22,22,quantile,0.3,0
2025-11-15,wk inc flu hosp,2,2025-11-29,22,quantile,0.3,0
2025-11-15,wk inc flu hosp,3,2025-12-06,22,quantile,0.3,0
2025-11-15,wk inc flu hosp,0,2025-11-15,22,quantile,0.35,1
2025-11-15,wk inc flu hosp,1,2025-11-22,22,quantile,0.35,0
2025-11-15,wk inc flu hosp,2,2025-11-29,22,quantile,0.35,0
2025-11-15,wk inc flu hosp,3,2025-12-06,22,quantile,0.35,0
2025-11-15,wk inc flu hosp,0,2025-11-15,22,quantile,0.4,13
2025-11-15,wk inc flu hosp,1,2025-11-22,22,quantile,0.4,0
2025-11-15,wk inc flu hosp,2,2025-11-29,22,quantile,0.4,0
2025-11-15,wk inc flu hosp,3,2025-12-06,22,quantile,0.4,12
2025-11-15,wk inc flu hosp,0,2025-11-15,22,quantile,0.45,21
2025-11-15,wk inc flu hosp,1,2025-11-22,22,quantile,0.45,3
2025-11-15,wk inc flu hosp,2,2025-11-29,22,quantile,0.45,0
2025-11-15,wk inc flu hosp,3,2025-12-06,22,quantile,0.45,76
2025-11-15,wk inc flu hosp,0,2025-11-15,22,quantile,0.5,31
2025-11-15,wk inc flu hosp,1,2025-11-22,22,quantile,0.5,22
2025-11-15,wk inc flu hosp,2,2025-11-29,22,quantile,0.5,26
2025-11-15,wk inc flu hosp,3,2025-12-06,22,quantile,0.5,165
2025-11-15,wk inc flu hosp,0,2025-11-15,22,quantile,0.55,38
2025-11-15,wk inc flu hosp,1,2025-11-22,22,quantile,0.55,34
2025-11-15,wk inc flu hosp,2,2025-11-29,22,quantile,0.55,62
2025-11-15,wk inc flu hosp,3,2025-12-06,22,quantile,0.55,222
2025-11-15,wk inc flu hosp,0,2025-11-15,22,quantile,0.6,44
2025-11-15,wk inc flu hosp,1,2025-11-22,22,quantile,0.6,45
2025-11-15,wk inc flu hosp,2,2025-11-29,22,quantile,0.6,89
2025-11-15,wk inc flu hosp,3,2025-12-06,22,quantile,0.6,266
2025-11-15,wk inc flu hosp,0,2025-11-15,22,quantile,0.65,50
2025-11-15,wk inc flu hosp,1,2025-11-22,22,quantile,0.65,57
2025-11-15,wk inc flu hosp,2,2025-11-29,22,quantile,0.65,116
2025-11-15,wk inc flu hosp,3,2025-12-06,22,quantile,0.65,326
2025-11-15,wk inc flu hosp,0,2025-11-15,22,quantile,0.7,58
2025-11-15,wk inc flu hosp,1,2025-11-22,22,quantile,0.7,86
2025-11-15,wk inc flu hosp,2,2025-11-29,22,quantile,0.7,154
2025-11-15,wk inc flu hosp,3,2025-12-06,22,quantile,0.7,373
2025-11-15,wk inc flu hosp,0,2025-11-15,22,quantile,0.75,67
2025-11-15,wk inc flu hosp,1,2025-11-22,22,quantile,0.75,108
2025-11-15,wk inc flu hosp,2,2025-11-29,22,quantile,0.75,187
2025-11-15,wk inc flu hosp,3,2025-12-06,22,quantile,0.75,416
2025-11-15,wk inc flu hosp,0,2025-11-15,22,quantile,0.8,75
2025-11-15,wk inc flu hosp,1,2025-11-22,22,quantile,0.8,126
2025-11-15,wk inc flu hosp,2,2025-11-29,22,quantile,0.8,214
2025-11-15,wk inc flu hosp,3,2025-12-06,22,quantile,0.8,478
2025-11-15,wk inc flu hosp,0,2025-11-15,22,quantile,0.85,84
2025-11-15,wk inc flu hosp,1,2025-11-22,22,quantile,0.85,158
2025-11-15,wk inc flu hosp,2,2025-11-29,22,quantile,0.85,264
2025-11-15,wk inc flu hosp,3,2025-12-06,22,quantile,0.85,540
2025-11-15,wk inc flu hosp,0,2025-11-15,22,quantile,0.9,93
2025-11-15,wk inc flu hosp,1,2025-11-22,22,quantile,0.9,176
2025-11-15,wk inc flu hosp,2,2025-11-29,22,quantile,0.9,295
2025-11-15,wk inc flu hosp,3,2025-12-06,22,quantile,0.9,576
2025-11-15,wk inc flu hosp,0,2025-11-15,22,quantile,0.95,99
2025-11-15,wk inc flu hosp,1,2025-11-22,22,quantile,0.95,186
2025-11-15,wk inc flu hosp,2,2025-11-29,22,quantile,0.95,343
2025-11-15,wk inc flu hosp,3,2025-12-06,22,quantile,0.95,665
2025-11-15,wk inc flu hosp,0,2025-11-15,22,quantile,0.975,107
2025-11-15,wk inc flu hosp,1,2025-11-22,22,quantile,0.975,207
2025-11-15,wk inc flu hosp,2,2025-11-29,22,quantile,0.975,437
2025-11-15,wk inc flu hosp,3,2025-12-06,22,quantile,0.975,829
2025-11-15,wk inc flu hosp,0,2025-11-15,22,quantile,0.99,135
2025-11-15,wk inc flu hosp,1,2025-11-22,22,quantile,0.99,299
2025-11-15,wk inc flu hosp,2,2025-11-29,22,quantile,0.99,602
2025-11-15,wk inc flu hosp,3,2025-12-06,22,quantile,0.99,1072
2025-11-15,wk inc flu prop ed visits,0,2025-11-15,23,quantile,0.01,0
2025-11-15,wk inc flu prop ed visits,1,2025-11-22,23,quantile,0.01,0
2025-11-15,wk inc flu prop ed visits,2,2025-11-29,23,quantile,0.01,0
2025-11-15,wk inc flu prop ed visits,3,2025-12-06,23,quantile,0.01,0
2025-11-15,wk inc flu prop ed visits,0,2025-11-15,23,quantile,0.025,0
2025-11-15,wk inc flu prop ed visits,1,2025-11-22,23,quantile,0.025,0
2025-11-15,wk inc flu prop ed visits,2,2025-11-29,23,quantile,0.025,0
2025-11-15,wk inc flu prop ed visits,3,2025-12-06,23,quantile,0.025,0
2025-11-15,wk inc flu prop ed visits,0,2025-11-15,23,quantile,0.05,0
2025-11-15,wk inc flu prop ed visits,1,2025-11-22,23,quantile,0.05,0
2025-11-15,wk inc flu prop ed visits,2,2025-11-29,23,quantile,0.05,0
2025-11-15,wk inc flu prop ed visits,3,2025-12-06,23,quantile,0.05,0
2025-11-15,wk inc flu prop ed visits,0,2025-11-15,23,quantile,0.1,0
2025-11-15,wk inc flu prop ed visits,1,2025-11-22,23,quantile,0.1,0
2025-11-15,wk inc flu prop ed visits,2,2025-11-29,23,quantile,0.1,0
2025-11-15,wk inc flu prop ed visits,3,2025-12-06,23,quantile,0.1,0
2025-11-15,wk inc flu prop ed visits,0,2025-11-15,23,quantile,0.15,0
2025-11-15,wk inc flu prop ed visits,1,2025-11-22,23,quantile,0.15,0
2025-11-15,wk inc flu prop ed visits,2,2025-11-29,23,quantile,0.15,0
2025-11-15,wk inc flu prop ed visits,3,2025-12-06,23,quantile,0.15,0
2025-11-15,wk inc flu prop ed visits,0,2025-11-15,23,quantile,0.2,0
2025-11-15,wk inc flu prop ed visits,1,2025-11-22,23,quantile,0.2,0
2025-11-15,wk inc flu prop ed visits,2,2025-11-29,23,quantile,0.2,0
2025-11-15,wk inc flu prop ed visits,3,2025-12-06,23,quantile,0.2,0
2025-11-15,wk inc flu prop ed visits,0,2025-11-15,23,quantile,0.25,0
2025-11-15,wk inc flu prop ed visits,1,2025-11-22,23,quantile,0.25,0
2025-11-15,wk inc flu prop ed visits,2,2025-11-29,23,quantile,0.25,0
2025-11-15,wk inc flu prop ed visits,3,2025-12-06,23,quantile,0.25,0
2025-11-15,wk inc flu prop ed visits,0,2025-11-15,23,quantile,0.3,0
2025-11-15,wk inc flu prop ed visits,1,2025-11-22,23,quantile,0.3,0
2025-11-15,wk inc flu prop ed visits,2,2025-11-29,23,quantile,0.3,0
2025-11-15,wk inc flu prop ed visits,3,2025-12-06,23,quantile,0.3,0
2025-11-15,wk inc flu prop ed visits,0,2025-11-15,23,quantile,0.35,0
2025-11-15,wk inc flu prop ed visits,1,2025-11-22,23,quantile,0.35,0
2025-11-15,wk inc flu prop ed visits,2,2025-11-29,23,quantile,0.35,0
2025-11-15,wk inc flu prop ed visits,3,2025-12-06,23,quantile,0.35,0
2025-11-15,wk inc flu prop ed visits,0,2025-11-15,23,quantile,0.4,0
2025-11-15,wk inc flu prop ed visits,1,2025-11-22,23,quantile,0.4,0
2025-11-15,wk inc flu prop ed visits,2,2025-11-29,23,quantile,0.4,0
2025-11-15,wk inc flu prop ed visits,3,2025-12-06,23,quantile,0.4,0
2025-11-15,wk inc flu prop ed visits,0,2025-11-15,23,quantile,0.45,0
2025-11-15,wk inc flu prop ed visits,1,2025-11-22,23,quantile,0.45,0
2025-11-15,wk inc flu prop ed visits,2,2025-11-29,23,quantile,0.45,0
2025-11-15,wk inc flu prop ed visits,3,2025-12-06,23,quantile,0.45,0
2025-11-15,wk inc flu prop ed visits,0,2025-11-15,23,quantile,0.5,4.05861786753093e-4
2025-11-15,wk inc flu prop ed visits,1,2025-11-22,23,quantile,0.5,0
2025-11-15,wk inc flu prop ed visits,2,2025-11-29,23,quantile,0.5,0
2025-11-15,wk inc flu prop ed visits,3,2025-12-06,23,quantile,0.5,0.002477094872902045
2025-11-15,wk inc flu prop ed visits,0,2025-11-15,23,quantile,0.55,5.552853343647223e-4
2025-11-15,wk inc flu prop ed visits,1,2025-11-22,23,quantile,0.55,0
2025-11-15,wk inc flu prop ed visits,2,2025-11-29,23,quantile,0.55,6.629112182525623e-4
2025-11-15,wk inc flu prop ed visits,3,2025-12-06,23,quantile,0.55,0.00460817770651902
2025-11-15,wk inc flu prop ed visits,0,2025-11-15,23,quantile,0.6,9.659904205566326e-4
2025-11-15,wk inc flu prop ed visits,1,2025-11-22,23,quantile,0.6,5.386184149546549e-4
2025-11-15,wk inc flu prop ed visits,2,2025-11-29,23,quantile,0.6,0.0016106166467255412
2025-11-15,wk inc flu prop ed visits,3,2025-12-06,23,quantile,0.6,0.006509891630253259
2025-11-15,wk inc flu prop ed visits,0,2025-11-15,23,quantile,0.65,0.0011399331718650377
2025-11-15,wk inc flu prop ed visits,1,2025-11-22,23,quantile,0.65,9.89695977503842e-4
2025-11-15,wk inc flu prop ed visits,2,2025-11-29,23,quantile,0.65,0.0023102347430069385
2025-11-15,wk inc flu prop ed visits,3,2025-12-06,23,quantile,0.65,0.008429330407842451
2025-11-15,wk inc flu prop ed visits,0,2025-11-15,23,quantile,0.7,0.0012598827377677253
2025-11-15,wk inc flu prop ed visits,1,2025-11-22,23,quantile,0.7,0.0013490076205514377
2025-11-15,wk inc flu prop ed visits,2,2025-11-29,23,quantile,0.7,0.0032993903203966677
2025-11-15,wk inc flu prop ed visits,3,2025-12-06,23,quantile,0.7,0.009586294254560049
2025-11-15,wk inc flu prop ed visits,0,2025-11-15,23,quantile,0.75,0.0014276803715492512
2025-11-15,wk inc flu prop ed visits,1,2025-11-22,23,quantile,0.75,0.001870889909743814
2025-11-15,wk inc flu prop ed visits,2,2025-11-29,23,quantile,0.75,0.004238887637198741
2025-11-15,wk inc flu prop ed visits,3,2025-12-06,23,quantile,0.75,0.01084081871284055
2025-11-15,wk inc flu prop ed visits,0,2025-11-15,23,quantile,0.8,0.0018075713676920541
2025-11-15,wk inc flu prop ed visits,1,2025-11-22,23,quantile,0.8,0.0024859109637640703
2025-11-15,wk inc flu prop ed visits,2,2025-11-29,23,quantile,0.8,0.005226048072671521
2025-11-15,wk inc flu prop ed visits,3,2025-12-06,23,quantile,0.8,0.012636987380979415
2025-11-15,wk inc flu prop ed visits,0,2025-11-15,23,quantile,0.85,0.0023389974249864018
2025-11-15,wk inc flu prop ed visits,1,2025-11-22,23,quantile,0.85,0.0035961293593488623
2025-11-15,wk inc flu prop ed visits,2,2025-11-29,23,quantile,0.85,0.007276770658165289
2025-11-15,wk inc flu prop ed visits,3,2025-12-06,23,quantile,0.85,0.015456647691581978
2025-11-15,wk inc flu prop ed visits,0,2025-11-15,23,quantile,0.9,0.002733401414169407
2025-11-15,wk inc flu prop ed visits,1,2025-11-22,23,quantile,0.9,0.004252133755356956
2025-11-15,wk inc flu prop ed visits,2,2025-11-29,23,quantile,0.9,0.008518631717747359
2025-11-15,wk inc flu prop ed visits,3,2025-12-06,23,quantile,0.9,0.017221290616830864
2025-11-15,wk inc flu prop ed visits,0,2025-11-15,23,quantile,0.95,0.0037237166196208912
2025-11-15,wk inc flu prop ed visits,1,2025-11-22,23,quantile,0.95,0.008228963529071086
2025-11-15,wk inc flu prop ed visits,2,2025-11-29,23,quantile,0.95,0.01440538229399926
2025-11-15,wk inc flu prop ed visits,3,2025-12-06,23,quantile,0.95,0.02541149925062227
2025-11-15,wk inc flu prop ed visits,0,2025-11-15,23,quantile,0.975,0.007390589639195956
2025-11-15,wk inc flu prop ed visits,1,2025-11-22,23,quantile,0.975,0.015250269743648183
2025-11-15,wk inc flu prop ed visits,2,2025-11-29,23,quantile,0.975,0.026690200966080404
2025-11-15,wk inc flu prop ed visits,3,2025-12-06,23,quantile,0.975,0.04791525210408348
2025-11-15,wk inc flu prop ed visits,0,2025-11-15,23,quantile,0.99,0.007390589639195956
2025-11-15,wk inc flu prop ed visits,1,2025-11-22,23,quantile,0.99,0.015250269743648183
2025-11-15,wk inc flu prop ed visits,2,2025-11-29,23,quantile,0.99,0.026690200966080404
2025-11-15,wk inc flu prop ed visits,3,2025-12-06,23,quantile,0.99,0.04791525210408348
2025-11-15,wk inc flu hosp,0,2025-11-15,23,quantile,0.01,0
2025-11-15,wk inc flu hosp,1,2025-11-22,23,quantile,0.01,0
2025-11-15,wk inc flu hosp,2,2025-11-29,23,quantile,0.01,0
2025-11-15,wk inc flu hosp,3,2025-12-06,23,quantile,0.01,0
2025-11-15,wk inc flu hosp,0,2025-11-15,23,quantile,0.025,0
2025-11-15,wk inc flu hosp,1,2025-11-22,23,quantile,0.025,0
2025-11-15,wk inc flu hosp,2,2025-11-29,23,quantile,0.025,0
2025-11-15,wk inc flu hosp,3,2025-12-06,23,quantile,0.025,0
2025-11-15,wk inc flu hosp,0,2025-11-15,23,quantile,0.05,0
2025-11-15,wk inc flu hosp,1,2025-11-22,23,quantile,0.05,0
2025-11-15,wk inc flu hosp,2,2025-11-29,23,quantile,0.05,0
2025-11-15,wk inc flu hosp,3,2025-12-06,23,quantile,0.05,0
2025-11-15,wk inc flu hosp,0,2025-11-15,23,quantile,0.1,0
2025-11-15,wk inc flu hosp,1,2025-11-22,23,quantile,0.1,0
2025-11-15,wk inc flu hosp,2,2025-11-29,23,quantile,0.1,0
2025-11-15,wk inc flu hosp,3,2025-12-06,23,quantile,0.1,0
2025-11-15,wk inc flu hosp,0,2025-11-15,23,quantile,0.15,0
2025-11-15,wk inc flu hosp,1,2025-11-22,23,quantile,0.15,0
2025-11-15,wk inc flu hosp,2,2025-11-29,23,quantile,0.15,0
2025-11-15,wk inc flu hosp,3,2025-12-06,23,quantile,0.15,0
2025-11-15,wk inc flu hosp,0,2025-11-15,23,quantile,0.2,1
2025-11-15,wk inc flu hosp,1,2025-11-22,23,quantile,0.2,1
2025-11-15,wk inc flu hosp,2,2025-11-29,23,quantile,0.2,0
2025-11-15,wk inc flu hosp,3,2025-12-06,23,quantile,0.2,1
2025-11-15,wk inc flu hosp,0,2025-11-15,23,quantile,0.25,1
2025-11-15,wk inc flu hosp,1,2025-11-22,23,quantile,0.25,2
2025-11-15,wk inc flu hosp,2,2025-11-29,23,quantile,0.25,1
2025-11-15,wk inc flu hosp,3,2025-12-06,23,quantile,0.25,2
2025-11-15,wk inc flu hosp,0,2025-11-15,23,quantile,0.3,2
2025-11-15,wk inc flu hosp,1,2025-11-22,23,quantile,0.3,2
2025-11-15,wk inc flu hosp,2,2025-11-29,23,quantile,0.3,2
2025-11-15,wk inc flu hosp,3,2025-12-06,23,quantile,0.3,3
2025-11-15,wk inc flu hosp,0,2025-11-15,23,quantile,0.35,2
2025-11-15,wk inc flu hosp,1,2025-11-22,23,quantile,0.35,3
2025-11-15,wk inc flu hosp,2,2025-11-29,23,quantile,0.35,3
2025-11-15,wk inc flu hosp,3,2025-12-06,23,quantile,0.35,5
2025-11-15,wk inc flu hosp,0,2025-11-15,23,quantile,0.4,2
2025-11-15,wk inc flu hosp,1,2025-11-22,23,quantile,0.4,3
2025-11-15,wk inc flu hosp,2,2025-11-29,23,quantile,0.4,3
2025-11-15,wk inc flu hosp,3,2025-12-06,23,quantile,0.4,6
2025-11-15,wk inc flu hosp,0,2025-11-15,23,quantile,0.45,2
2025-11-15,wk inc flu hosp,1,2025-11-22,23,quantile,0.45,3
2025-11-15,wk inc flu hosp,2,2025-11-29,23,quantile,0.45,4
2025-11-15,wk inc flu hosp,3,2025-12-06,23,quantile,0.45,7
2025-11-15,wk inc flu hosp,0,2025-11-15,23,quantile,0.5,2
2025-11-15,wk inc flu hosp,1,2025-11-22,23,quantile,0.5,4
2025-11-15,wk inc flu hosp,2,2025-11-29,23,quantile,0.5,4
2025-11-15,wk inc flu hosp,3,2025-12-06,23,quantile,0.5,8
2025-11-15,wk inc flu hosp,0,2025-11-15,23,quantile,0.55,2
2025-11-15,wk inc flu hosp,1,2025-11-22,23,quantile,0.55,4
2025-11-15,wk inc flu hosp,2,2025-11-29,23,quantile,0.55,5
2025-11-15,wk inc flu hosp,3,2025-12-06,23,quantile,0.55,8
2025-11-15,wk inc flu hosp,0,2025-11-15,23,quantile,0.6,2
2025-11-15,wk inc flu hosp,1,2025-11-22,23,quantile,0.6,4
2025-11-15,wk inc flu hosp,2,2025-11-29,23,quantile,0.6,5
2025-11-15,wk inc flu hosp,3,2025-12-06,23,quantile,0.6,9
2025-11-15,wk inc flu hosp,0,2025-11-15,23,quantile,0.65,2
2025-11-15,wk inc flu hosp,1,2025-11-22,23,quantile,0.65,4
2025-11-15,wk inc flu hosp,2,2025-11-29,23,quantile,0.65,6
2025-11-15,wk inc flu hosp,3,2025-12-06,23,quantile,0.65,10
2025-11-15,wk inc flu hosp,0,2025-11-15,23,quantile,0.7,3
2025-11-15,wk inc flu hosp,1,2025-11-22,23,quantile,0.7,5
2025-11-15,wk inc flu hosp,2,2025-11-29,23,quantile,0.7,6
2025-11-15,wk inc flu hosp,3,2025-12-06,23,quantile,0.7,11
2025-11-15,wk inc flu hosp,0,2025-11-15,23,quantile,0.75,3
2025-11-15,wk inc flu hosp,1,2025-11-22,23,quantile,0.75,6
2025-11-15,wk inc flu hosp,2,2025-11-29,23,quantile,0.75,7
2025-11-15,wk inc flu hosp,3,2025-12-06,23,quantile,0.75,12
2025-11-15,wk inc flu hosp,0,2025-11-15,23,quantile,0.8,3
2025-11-15,wk inc flu hosp,1,2025-11-22,23,quantile,0.8,6
2025-11-15,wk inc flu hosp,2,2025-11-29,23,quantile,0.8,8
2025-11-15,wk inc flu hosp,3,2025-12-06,23,quantile,0.8,13
2025-11-15,wk inc flu hosp,0,2025-11-15,23,quantile,0.85,3
2025-11-15,wk inc flu hosp,1,2025-11-22,23,quantile,0.85,7
2025-11-15,wk inc flu hosp,2,2025-11-29,23,quantile,0.85,10
2025-11-15,wk inc flu hosp,3,2025-12-06,23,quantile,0.85,15
2025-11-15,wk inc flu hosp,0,2025-11-15,23,quantile,0.9,3
2025-11-15,wk inc flu hosp,1,2025-11-22,23,quantile,0.9,8
2025-11-15,wk inc flu hosp,2,2025-11-29,23,quantile,0.9,11
2025-11-15,wk inc flu hosp,3,2025-12-06,23,quantile,0.9,16
2025-11-15,wk inc flu hosp,0,2025-11-15,23,quantile,0.95,7
2025-11-15,wk inc flu hosp,1,2025-11-22,23,quantile,0.95,12
2025-11-15,wk inc flu hosp,2,2025-11-29,23,quantile,0.95,17
2025-11-15,wk inc flu hosp,3,2025-12-06,23,quantile,0.95,32
2025-11-15,wk inc flu hosp,0,2025-11-15,23,quantile,0.975,7
2025-11-15,wk inc flu hosp,1,2025-11-22,23,quantile,0.975,13
2025-11-15,wk inc flu hosp,2,2025-11-29,23,quantile,0.975,21
2025-11-15,wk inc flu hosp,3,2025-12-06,23,quantile,0.975,36
2025-11-15,wk inc flu hosp,0,2025-11-15,23,quantile,0.99,7
2025-11-15,wk inc flu hosp,1,2025-11-22,23,quantile,0.99,13
2025-11-15,wk inc flu hosp,2,2025-11-29,23,quantile,0.99,21
2025-11-15,wk inc flu hosp,3,2025-12-06,23,quantile,0.99,36
2025-11-15,wk inc flu prop ed visits,0,2025-11-15,24,quantile,0.01,0
2025-11-15,wk inc flu prop ed visits,1,2025-11-22,24,quantile,0.01,0
2025-11-15,wk inc flu prop ed visits,2,2025-11-29,24,quantile,0.01,0
2025-11-15,wk inc flu prop ed visits,3,2025-12-06,24,quantile,0.01,0
2025-11-15,wk inc flu prop ed visits,0,2025-11-15,24,quantile,0.025,0
2025-11-15,wk inc flu prop ed visits,1,2025-11-22,24,quantile,0.025,0
2025-11-15,wk inc flu prop ed visits,2,2025-11-29,24,quantile,0.025,0
2025-11-15,wk inc flu prop ed visits,3,2025-12-06,24,quantile,0.025,0
2025-11-15,wk inc flu prop ed visits,0,2025-11-15,24,quantile,0.05,0
2025-11-15,wk inc flu prop ed visits,1,2025-11-22,24,quantile,0.05,0
2025-11-15,wk inc flu prop ed visits,2,2025-11-29,24,quantile,0.05,0
2025-11-15,wk inc flu prop ed visits,3,2025-12-06,24,quantile,0.05,0
2025-11-15,wk inc flu prop ed visits,0,2025-11-15,24,quantile,0.1,0
2025-11-15,wk inc flu prop ed visits,1,2025-11-22,24,quantile,0.1,0
2025-11-15,wk inc flu prop ed visits,2,2025-11-29,24,quantile,0.1,0
2025-11-15,wk inc flu prop ed visits,3,2025-12-06,24,quantile,0.1,0
2025-11-15,wk inc flu prop ed visits,0,2025-11-15,24,quantile,0.15,0
2025-11-15,wk inc flu prop ed visits,1,2025-11-22,24,quantile,0.15,0
2025-11-15,wk inc flu prop ed visits,2,2025-11-29,24,quantile,0.15,0
2025-11-15,wk inc flu prop ed visits,3,2025-12-06,24,quantile,0.15,0
2025-11-15,wk inc flu prop ed visits,0,2025-11-15,24,quantile,0.2,0
2025-11-15,wk inc flu prop ed visits,1,2025-11-22,24,quantile,0.2,0
2025-11-15,wk inc flu prop ed visits,2,2025-11-29,24,quantile,0.2,0
2025-11-15,wk inc flu prop ed visits,3,2025-12-06,24,quantile,0.2,0
2025-11-15,wk inc flu prop ed visits,0,2025-11-15,24,quantile,0.25,0
2025-11-15,wk inc flu prop ed visits,1,2025-11-22,24,quantile,0.25,0
2025-11-15,wk inc flu prop ed visits,2,2025-11-29,24,quantile,0.25,0
2025-11-15,wk inc flu prop ed visits,3,2025-12-06,24,quantile,0.25,0
2025-11-15,wk inc flu prop ed visits,0,2025-11-15,24,quantile,0.3,6.990528199825395e-5
2025-11-15,wk inc flu prop ed visits,1,2025-11-22,24,quantile,0.3,0
2025-11-15,wk inc flu prop ed visits,2,2025-11-29,24,quantile,0.3,0
2025-11-15,wk inc flu prop ed visits,3,2025-12-06,24,quantile,0.3,0
2025-11-15,wk inc flu prop ed visits,0,2025-11-15,24,quantile,0.35,3.301581813058182e-4
2025-11-15,wk inc flu prop ed visits,1,2025-11-22,24,quantile,0.35,0
2025-11-15,wk inc flu prop ed visits,2,2025-11-29,24,quantile,0.35,0
2025-11-15,wk inc flu prop ed visits,3,2025-12-06,24,quantile,0.35,0
2025-11-15,wk inc flu prop ed visits,0,2025-11-15,24,quantile,0.4,7.407032127064022e-4
2025-11-15,wk inc flu prop ed visits,1,2025-11-22,24,quantile,0.4,0
2025-11-15,wk inc flu prop ed visits,2,2025-11-29,24,quantile,0.4,0
2025-11-15,wk inc flu prop ed visits,3,2025-12-06,24,quantile,0.4,2.03424490255619e-4
2025-11-15,wk inc flu prop ed visits,0,2025-11-15,24,quantile,0.45,0.0011234964457356247
2025-11-15,wk inc flu prop ed visits,1,2025-11-22,24,quantile,0.45,2.0593793412511754e-4
2025-11-15,wk inc flu prop ed visits,2,2025-11-29,24,quantile,0.45,0
2025-11-15,wk inc flu prop ed visits,3,2025-12-06,24,quantile,0.45,0.0015512725651938885
2025-11-15,wk inc flu prop ed visits,0,2025-11-15,24,quantile,0.5,0.0015839542729477016
2025-11-15,wk inc flu prop ed visits,1,2025-11-22,24,quantile,0.5,9.842319381005871e-4
2025-11-15,wk inc flu prop ed visits,2,2025-11-29,24,quantile,0.5,0
2025-11-15,wk inc flu prop ed visits,3,2025-12-06,24,quantile,0.5,0.0030433815875329923
2025-11-15,wk inc flu prop ed visits,0,2025-11-15,24,quantile,0.55,0.002069777752537192
2025-11-15,wk inc flu prop ed visits,1,2025-11-22,24,quantile,0.55,0.0016967402931960364
2025-11-15,wk inc flu prop ed visits,2,2025-11-29,24,quantile,0.55,7.665364974058212e-4
2025-11-15,wk inc flu prop ed visits,3,2025-12-06,24,quantile,0.55,0.004358279640154027
2025-11-15,wk inc flu prop ed visits,0,2025-11-15,24,quantile,0.6,0.0025105026272531803
2025-11-15,wk inc flu prop ed visits,1,2025-11-22,24,quantile,0.6,0.0022785803630180775
2025-11-15,wk inc flu prop ed visits,2,2025-11-29,24,quantile,0.6,0.0016774351402546557
2025-11-15,wk inc flu prop ed visits,3,2025-12-06,24,quantile,0.6,0.005575331661766226
2025-11-15,wk inc flu prop ed visits,0,2025-11-15,24,quantile,0.65,0.0026644661233002054
2025-11-15,wk inc flu prop ed visits,1,2025-11-22,24,quantile,0.65,0.002705612973876112
2025-11-15,wk inc flu prop ed visits,2,2025-11-29,24,quantile,0.65,0.0022635085186703467
2025-11-15,wk inc flu prop ed visits,3,2025-12-06,24,quantile,0.65,0.006644355607399656
2025-11-15,wk inc flu prop ed visits,0,2025-11-15,24,quantile,0.7,0.0029752340126432573
2025-11-15,wk inc flu prop ed visits,1,2025-11-22,24,quantile,0.7,0.003230705590469282
2025-11-15,wk inc flu prop ed visits,2,2025-11-29,24,quantile,0.7,0.003067186646866538
2025-11-15,wk inc flu prop ed visits,3,2025-12-06,24,quantile,0.7,0.007920574544807168
2025-11-15,wk inc flu prop ed visits,0,2025-11-15,24,quantile,0.75,0.003110668189689162
2025-11-15,wk inc flu prop ed visits,1,2025-11-22,24,quantile,0.75,0.0036973018568653986
2025-11-15,wk inc flu prop ed visits,2,2025-11-29,24,quantile,0.75,0.003887721008276406
2025-11-15,wk inc flu prop ed visits,3,2025-12-06,24,quantile,0.75,0.008983326091753637
2025-11-15,wk inc flu prop ed visits,0,2025-11-15,24,quantile,0.8,0.003228566145026236
2025-11-15,wk inc flu prop ed visits,1,2025-11-22,24,quantile,0.8,0.003987528445408153
2025-11-15,wk inc flu prop ed visits,2,2025-11-29,24,quantile,0.8,0.0043836122205689445
2025-11-15,wk inc flu prop ed visits,3,2025-12-06,24,quantile,0.8,0.009623510281766202
2025-11-15,wk inc flu prop ed visits,0,2025-11-15,24,quantile,0.85,0.003366825351823693
2025-11-15,wk inc flu prop ed visits,1,2025-11-22,24,quantile,0.85,0.0042730987396616335
2025-11-15,wk inc flu prop ed visits,2,2025-11-29,24,quantile,0.85,0.004923965041786783
2025-11-15,wk inc flu prop ed visits,3,2025-12-06,24,quantile,0.85,0.010853508985766978
2025-11-15,wk inc flu prop ed visits,0,2025-11-15,24,quantile,0.9,0.0034991788751431558
2025-11-15,wk inc flu prop ed visits,1,2025-11-22,24,quantile,0.9,0.004556044453496682
2025-11-15,wk inc flu prop ed visits,2,2025-11-29,24,quantile,0.9,0.005721834661649305
2025-11-15,wk inc flu prop ed visits,3,2025-12-06,24,quantile,0.9,0.011763014733153793
2025-11-15,wk inc flu prop ed visits,0,2025-11-15,24,quantile,0.95,0.00485897273946697
2025-11-15,wk inc flu prop ed visits,1,2025-11-22,24,quantile,0.95,0.0062083782448517965
2025-11-15,wk inc flu prop ed visits,2,2025-11-29,24,quantile,0.95,0.008694217287122821
2025-11-15,wk inc flu prop ed visits,3,2025-12-06,24,quantile,0.95,0.015263490278898789
2025-11-15,wk inc flu prop ed visits,0,2025-11-15,24,quantile,0.975,0.009976168975056654
2025-11-15,wk inc flu prop ed visits,1,2025-11-22,24,quantile,0.975,0.01583209725588186
2025-11-15,wk inc flu prop ed visits,2,2025-11-29,24,quantile,0.975,0.0247396721801309
2025-11-15,wk inc flu prop ed visits,3,2025-12-06,24,quantile,0.975,0.032730220789272096
2025-11-15,wk inc flu prop ed visits,0,2025-11-15,24,quantile,0.99,0.009976168975056654
2025-11-15,wk inc flu prop ed visits,1,2025-11-22,24,quantile,0.99,0.01583209725588186
2025-11-15,wk inc flu prop ed visits,2,2025-11-29,24,quantile,0.99,0.0247396721801309
2025-11-15,wk inc flu prop ed visits,3,2025-12-06,24,quantile,0.99,0.037238083426112845
2025-11-15,wk inc flu hosp,0,2025-11-15,24,quantile,0.01,0
2025-11-15,wk inc flu hosp,1,2025-11-22,24,quantile,0.01,0
2025-11-15,wk inc flu hosp,2,2025-11-29,24,quantile,0.01,0
2025-11-15,wk inc flu hosp,3,2025-12-06,24,quantile,0.01,0
2025-11-15,wk inc flu hosp,0,2025-11-15,24,quantile,0.025,0
2025-11-15,wk inc flu hosp,1,2025-11-22,24,quantile,0.025,0
2025-11-15,wk inc flu hosp,2,2025-11-29,24,quantile,0.025,0
2025-11-15,wk inc flu hosp,3,2025-12-06,24,quantile,0.025,0
2025-11-15,wk inc flu hosp,0,2025-11-15,24,quantile,0.05,0
2025-11-15,wk inc flu hosp,1,2025-11-22,24,quantile,0.05,0
2025-11-15,wk inc flu hosp,2,2025-11-29,24,quantile,0.05,0
2025-11-15,wk inc flu hosp,3,2025-12-06,24,quantile,0.05,0
2025-11-15,wk inc flu hosp,0,2025-11-15,24,quantile,0.1,0
2025-11-15,wk inc flu hosp,1,2025-11-22,24,quantile,0.1,0
2025-11-15,wk inc flu hosp,2,2025-11-29,24,quantile,0.1,0
2025-11-15,wk inc flu hosp,3,2025-12-06,24,quantile,0.1,0
2025-11-15,wk inc flu hosp,0,2025-11-15,24,quantile,0.15,0
2025-11-15,wk inc flu hosp,1,2025-11-22,24,quantile,0.15,0
2025-11-15,wk inc flu hosp,2,2025-11-29,24,quantile,0.15,0
2025-11-15,wk inc flu hosp,3,2025-12-06,24,quantile,0.15,0
2025-11-15,wk inc flu hosp,0,2025-11-15,24,quantile,0.2,3
2025-11-15,wk inc flu hosp,1,2025-11-22,24,quantile,0.2,0
2025-11-15,wk inc flu hosp,2,2025-11-29,24,quantile,0.2,0
2025-11-15,wk inc flu hosp,3,2025-12-06,24,quantile,0.2,0
2025-11-15,wk inc flu hosp,0,2025-11-15,24,quantile,0.25,5
2025-11-15,wk inc flu hosp,1,2025-11-22,24,quantile,0.25,0
2025-11-15,wk inc flu hosp,2,2025-11-29,24,quantile,0.25,0
2025-11-15,wk inc flu hosp,3,2025-12-06,24,quantile,0.25,0
2025-11-15,wk inc flu hosp,0,2025-11-15,24,quantile,0.3,7
2025-11-15,wk inc flu hosp,1,2025-11-22,24,quantile,0.3,3
2025-11-15,wk inc flu hosp,2,2025-11-29,24,quantile,0.3,0
2025-11-15,wk inc flu hosp,3,2025-12-06,24,quantile,0.3,8
2025-11-15,wk inc flu hosp,0,2025-11-15,24,quantile,0.35,10
2025-11-15,wk inc flu hosp,1,2025-11-22,24,quantile,0.35,7
2025-11-15,wk inc flu hosp,2,2025-11-29,24,quantile,0.35,2
2025-11-15,wk inc flu hosp,3,2025-12-06,24,quantile,0.35,15
2025-11-15,wk inc flu hosp,0,2025-11-15,24,quantile,0.4,11
2025-11-15,wk inc flu hosp,1,2025-11-22,24,quantile,0.4,8
2025-11-15,wk inc flu hosp,2,2025-11-29,24,quantile,0.4,5
2025-11-15,wk inc flu hosp,3,2025-12-06,24,quantile,0.4,20
2025-11-15,wk inc flu hosp,0,2025-11-15,24,quantile,0.45,12
2025-11-15,wk inc flu hosp,1,2025-11-22,24,quantile,0.45,11
2025-11-15,wk inc flu hosp,2,2025-11-29,24,quantile,0.45,7
2025-11-15,wk inc flu hosp,3,2025-12-06,24,quantile,0.45,25
2025-11-15,wk inc flu hosp,0,2025-11-15,24,quantile,0.5,13
2025-11-15,wk inc flu hosp,1,2025-11-22,24,quantile,0.5,13
2025-11-15,wk inc flu hosp,2,2025-11-29,24,quantile,0.5,10
2025-11-15,wk inc flu hosp,3,2025-12-06,24,quantile,0.5,29
2025-11-15,wk inc flu hosp,0,2025-11-15,24,quantile,0.55,14
2025-11-15,wk inc flu hosp,1,2025-11-22,24,quantile,0.55,14
2025-11-15,wk inc flu hosp,2,2025-11-29,24,quantile,0.55,12
2025-11-15,wk inc flu hosp,3,2025-12-06,24,quantile,0.55,33
2025-11-15,wk inc flu hosp,0,2025-11-15,24,quantile,0.6,15
2025-11-15,wk inc flu hosp,1,2025-11-22,24,quantile,0.6,17
2025-11-15,wk inc flu hosp,2,2025-11-29,24,quantile,0.6,15
2025-11-15,wk inc flu hosp,3,2025-12-06,24,quantile,0.6,38
2025-11-15,wk inc flu hosp,0,2025-11-15,24,quantile,0.65,17
2025-11-15,wk inc flu hosp,1,2025-11-22,24,quantile,0.65,20
2025-11-15,wk inc flu hosp,2,2025-11-29,24,quantile,0.65,22
2025-11-15,wk inc flu hosp,3,2025-12-06,24,quantile,0.65,45
2025-11-15,wk inc flu hosp,0,2025-11-15,24,quantile,0.7,17
2025-11-15,wk inc flu hosp,1,2025-11-22,24,quantile,0.7,21
2025-11-15,wk inc flu hosp,2,2025-11-29,24,quantile,0.7,24
2025-11-15,wk inc flu hosp,3,2025-12-06,24,quantile,0.7,49
2025-11-15,wk inc flu hosp,0,2025-11-15,24,quantile,0.75,18
2025-11-15,wk inc flu hosp,1,2025-11-22,24,quantile,0.75,23
2025-11-15,wk inc flu hosp,2,2025-11-29,24,quantile,0.75,28
2025-11-15,wk inc flu hosp,3,2025-12-06,24,quantile,0.75,53
2025-11-15,wk inc flu hosp,0,2025-11-15,24,quantile,0.8,19
2025-11-15,wk inc flu hosp,1,2025-11-22,24,quantile,0.8,24
2025-11-15,wk inc flu hosp,2,2025-11-29,24,quantile,0.8,31
2025-11-15,wk inc flu hosp,3,2025-12-06,24,quantile,0.8,57
2025-11-15,wk inc flu hosp,0,2025-11-15,24,quantile,0.85,19
2025-11-15,wk inc flu hosp,1,2025-11-22,24,quantile,0.85,26
2025-11-15,wk inc flu hosp,2,2025-11-29,24,quantile,0.85,34
2025-11-15,wk inc flu hosp,3,2025-12-06,24,quantile,0.85,62
2025-11-15,wk inc flu hosp,0,2025-11-15,24,quantile,0.9,20
2025-11-15,wk inc flu hosp,1,2025-11-22,24,quantile,0.9,27
2025-11-15,wk inc flu hosp,2,2025-11-29,24,quantile,0.9,37
2025-11-15,wk inc flu hosp,3,2025-12-06,24,quantile,0.9,68
2025-11-15,wk inc flu hosp,0,2025-11-15,24,quantile,0.95,21
2025-11-15,wk inc flu hosp,1,2025-11-22,24,quantile,0.95,31
2025-11-15,wk inc flu hosp,2,2025-11-29,24,quantile,0.95,43
2025-11-15,wk inc flu hosp,3,2025-12-06,24,quantile,0.95,84
2025-11-15,wk inc flu hosp,0,2025-11-15,24,quantile,0.975,34
2025-11-15,wk inc flu hosp,1,2025-11-22,24,quantile,0.975,57
2025-11-15,wk inc flu hosp,2,2025-11-29,24,quantile,0.975,84
2025-11-15,wk inc flu hosp,3,2025-12-06,24,quantile,0.975,146
2025-11-15,wk inc flu hosp,0,2025-11-15,24,quantile,0.99,34
2025-11-15,wk inc flu hosp,1,2025-11-22,24,quantile,0.99,57
2025-11-15,wk inc flu hosp,2,2025-11-29,24,quantile,0.99,92
2025-11-15,wk inc flu hosp,3,2025-12-06,24,quantile,0.99,170
2025-11-15,wk inc flu prop ed visits,0,2025-11-15,25,quantile,0.01,0
2025-11-15,wk inc flu prop ed visits,1,2025-11-22,25,quantile,0.01,0
2025-11-15,wk inc flu prop ed visits,2,2025-11-29,25,quantile,0.01,0
2025-11-15,wk inc flu prop ed visits,3,2025-12-06,25,quantile,0.01,0
2025-11-15,wk inc flu prop ed visits,0,2025-11-15,25,quantile,0.025,0
2025-11-15,wk inc flu prop ed visits,1,2025-11-22,25,quantile,0.025,0
2025-11-15,wk inc flu prop ed visits,2,2025-11-29,25,quantile,0.025,0
2025-11-15,wk inc flu prop ed visits,3,2025-12-06,25,quantile,0.025,0
2025-11-15,wk inc flu prop ed visits,0,2025-11-15,25,quantile,0.05,0
2025-11-15,wk inc flu prop ed visits,1,2025-11-22,25,quantile,0.05,0
2025-11-15,wk inc flu prop ed visits,2,2025-11-29,25,quantile,0.05,0
2025-11-15,wk inc flu prop ed visits,3,2025-12-06,25,quantile,0.05,0
2025-11-15,wk inc flu prop ed visits,0,2025-11-15,25,quantile,0.1,0
2025-11-15,wk inc flu prop ed visits,1,2025-11-22,25,quantile,0.1,0
2025-11-15,wk inc flu prop ed visits,2,2025-11-29,25,quantile,0.1,0
2025-11-15,wk inc flu prop ed visits,3,2025-12-06,25,quantile,0.1,0
2025-11-15,wk inc flu prop ed visits,0,2025-11-15,25,quantile,0.15,0
2025-11-15,wk inc flu prop ed visits,1,2025-11-22,25,quantile,0.15,0
2025-11-15,wk inc flu prop ed visits,2,2025-11-29,25,quantile,0.15,0
2025-11-15,wk inc flu prop ed visits,3,2025-12-06,25,quantile,0.15,0
2025-11-15,wk inc flu prop ed visits,0,2025-11-15,25,quantile,0.2,0
2025-11-15,wk inc flu prop ed visits,1,2025-11-22,25,quantile,0.2,0
2025-11-15,wk inc flu prop ed visits,2,2025-11-29,25,quantile,0.2,0
2025-11-15,wk inc flu prop ed visits,3,2025-12-06,25,quantile,0.2,0
2025-11-15,wk inc flu prop ed visits,0,2025-11-15,25,quantile,0.25,0
2025-11-15,wk inc flu prop ed visits,1,2025-11-22,25,quantile,0.25,0
2025-11-15,wk inc flu prop ed visits,2,2025-11-29,25,quantile,0.25,0
2025-11-15,wk inc flu prop ed visits,3,2025-12-06,25,quantile,0.25,0
2025-11-15,wk inc flu prop ed visits,0,2025-11-15,25,quantile,0.3,0
2025-11-15,wk inc flu prop ed visits,1,2025-11-22,25,quantile,0.3,0
2025-11-15,wk inc flu prop ed visits,2,2025-11-29,25,quantile,0.3,0
2025-11-15,wk inc flu prop ed visits,3,2025-12-06,25,quantile,0.3,0
2025-11-15,wk inc flu prop ed visits,0,2025-11-15,25,quantile,0.35,0
2025-11-15,wk inc flu prop ed visits,1,2025-11-22,25,quantile,0.35,0
2025-11-15,wk inc flu prop ed visits,2,2025-11-29,25,quantile,0.35,0
2025-11-15,wk inc flu prop ed visits,3,2025-12-06,25,quantile,0.35,0
2025-11-15,wk inc flu prop ed visits,0,2025-11-15,25,quantile,0.4,0
2025-11-15,wk inc flu prop ed visits,1,2025-11-22,25,quantile,0.4,0
2025-11-15,wk inc flu prop ed visits,2,2025-11-29,25,quantile,0.4,0
2025-11-15,wk inc flu prop ed visits,3,2025-12-06,25,quantile,0.4,0
2025-11-15,wk inc flu prop ed visits,0,2025-11-15,25,quantile,0.45,0
2025-11-15,wk inc flu prop ed visits,1,2025-11-22,25,quantile,0.45,0
2025-11-15,wk inc flu prop ed visits,2,2025-11-29,25,quantile,0.45,0
2025-11-15,wk inc flu prop ed visits,3,2025-12-06,25,quantile,0.45,0
2025-11-15,wk inc flu prop ed visits,0,2025-11-15,25,quantile,0.5,2.556766101315461e-4
2025-11-15,wk inc flu prop ed visits,1,2025-11-22,25,quantile,0.5,0
2025-11-15,wk inc flu prop ed visits,2,2025-11-29,25,quantile,0.5,0
2025-11-15,wk inc flu prop ed visits,3,2025-12-06,25,quantile,0.5,1.1236429775397078e-4
2025-11-15,wk inc flu prop ed visits,0,2025-11-15,25,quantile,0.55,7.245443391157994e-4
2025-11-15,wk inc flu prop ed visits,1,2025-11-22,25,quantile,0.55,0
2025-11-15,wk inc flu prop ed visits,2,2025-11-29,25,quantile,0.55,0
2025-11-15,wk inc flu prop ed visits,3,2025-12-06,25,quantile,0.55,0.00187738580942283
2025-11-15,wk inc flu prop ed visits,0,2025-11-15,25,quantile,0.6,0.001561576446116081
2025-11-15,wk inc flu prop ed visits,1,2025-11-22,25,quantile,0.6,0.0012790046629775024
2025-11-15,wk inc flu prop ed visits,2,2025-11-29,25,quantile,0.6,0.0015827583406007625
2025-11-15,wk inc flu prop ed visits,3,2025-12-06,25,quantile,0.6,0.005005228077371513
2025-11-15,wk inc flu prop ed visits,0,2025-11-15,25,quantile,0.65,0.0017781835966673848
2025-11-15,wk inc flu prop ed visits,1,2025-11-22,25,quantile,0.65,0.0017136165642344095
2025-11-15,wk inc flu prop ed visits,2,2025-11-29,25,quantile,0.65,0.002297432132173952
2025-11-15,wk inc flu prop ed visits,3,2025-12-06,25,quantile,0.65,0.0060779351650604024
2025-11-15,wk inc flu prop ed visits,0,2025-11-15,25,quantile,0.7,0.0019659145350217995
2025-11-15,wk inc flu prop ed visits,1,2025-11-22,25,quantile,0.7,0.0022902426259243285
2025-11-15,wk inc flu prop ed visits,2,2025-11-29,25,quantile,0.7,0.003355680696853412
2025-11-15,wk inc flu prop ed visits,3,2025-12-06,25,quantile,0.7,0.0076303635792925395
2025-11-15,wk inc flu prop ed visits,0,2025-11-15,25,quantile,0.75,0.0021851842243785086
2025-11-15,wk inc flu prop ed visits,1,2025-11-22,25,quantile,0.75,0.00282133915546437
2025-11-15,wk inc flu prop ed visits,2,2025-11-29,25,quantile,0.75,0.004107503209922909
2025-11-15,wk inc flu prop ed visits,3,2025-12-06,25,quantile,0.75,0.008685765391432796
2025-11-15,wk inc flu prop ed visits,0,2025-11-15,25,quantile,0.8,0.0024275015547429303
2025-11-15,wk inc flu prop ed visits,1,2025-11-22,25,quantile,0.8,0.0034395030457452713
2025-11-15,wk inc flu prop ed visits,2,2025-11-29,25,quantile,0.8,0.0051036645558042906
2025-11-15,wk inc flu prop ed visits,3,2025-12-06,25,quantile,0.8,0.010469785637933375
2025-11-15,wk inc flu prop ed visits,0,2025-11-15,25,quantile,0.85,0.0025197410351115255
2025-11-15,wk inc flu prop ed visits,1,2025-11-22,25,quantile,0.85,0.003776915168785174
2025-11-15,wk inc flu prop ed visits,2,2025-11-29,25,quantile,0.85,0.00576737368516271
2025-11-15,wk inc flu prop ed visits,3,2025-12-06,25,quantile,0.85,0.011250762423867054
2025-11-15,wk inc flu prop ed visits,0,2025-11-15,25,quantile,0.9,0.0026651140512473606
2025-11-15,wk inc flu prop ed visits,1,2025-11-22,25,quantile,0.9,0.004252425941554077
2025-11-15,wk inc flu prop ed visits,2,2025-11-29,25,quantile,0.9,0.006570583787438895
2025-11-15,wk inc flu prop ed visits,3,2025-12-06,25,quantile,0.9,0.012314753916808875
2025-11-15,wk inc flu prop ed visits,0,2025-11-15,25,quantile,0.95,0.003046539794030947
2025-11-15,wk inc flu prop ed visits,1,2025-11-22,25,quantile,0.95,0.005691987154075038
2025-11-15,wk inc flu prop ed visits,2,2025-11-29,25,quantile,0.95,0.008514635843871533
2025-11-15,wk inc flu prop ed visits,3,2025-12-06,25,quantile,0.95,0.014819815808408163
2025-11-15,wk inc flu prop ed visits,0,2025-11-15,25,quantile,0.975,0.005696851295902607
2025-11-15,wk inc flu prop ed visits,1,2025-11-22,25,quantile,0.975,0.0104473541831877
2025-11-15,wk inc flu prop ed visits,2,2025-11-29,25,quantile,0.975,0.01718185427659569
2025-11-15,wk inc flu prop ed visits,3,2025-12-06,25,quantile,0.975,0.026483966780022614
2025-11-15,wk inc flu prop ed visits,0,2025-11-15,25,quantile,0.99,0.005696851295902607
2025-11-15,wk inc flu prop ed visits,1,2025-11-22,25,quantile,0.99,0.0104473541831877
2025-11-15,wk inc flu prop ed visits,2,2025-11-29,25,quantile,0.99,0.01718185427659569
2025-11-15,wk inc flu prop ed visits,3,2025-12-06,25,quantile,0.99,0.02828068058435303
2025-11-15,wk inc flu hosp,0,2025-11-15,25,quantile,0.01,0
2025-11-15,wk inc flu hosp,1,2025-11-22,25,quantile,0.01,0
2025-11-15,wk inc flu hosp,2,2025-11-29,25,quantile,0.01,0
2025-11-15,wk inc flu hosp,3,2025-12-06,25,quantile,0.01,0
2025-11-15,wk inc flu hosp,0,2025-11-15,25,quantile,0.025,0
2025-11-15,wk inc flu hosp,1,2025-11-22,25,quantile,0.025,0
2025-11-15,wk inc flu hosp,2,2025-11-29,25,quantile,0.025,0
2025-11-15,wk inc flu hosp,3,2025-12-06,25,quantile,0.025,0
2025-11-15,wk inc flu hosp,0,2025-11-15,25,quantile,0.05,0
2025-11-15,wk inc flu hosp,1,2025-11-22,25,quantile,0.05,0
2025-11-15,wk inc flu hosp,2,2025-11-29,25,quantile,0.05,0
2025-11-15,wk inc flu hosp,3,2025-12-06,25,quantile,0.05,0
2025-11-15,wk inc flu hosp,0,2025-11-15,25,quantile,0.1,0
2025-11-15,wk inc flu hosp,1,2025-11-22,25,quantile,0.1,0
2025-11-15,wk inc flu hosp,2,2025-11-29,25,quantile,0.1,0
2025-11-15,wk inc flu hosp,3,2025-12-06,25,quantile,0.1,0
2025-11-15,wk inc flu hosp,0,2025-11-15,25,quantile,0.15,0
2025-11-15,wk inc flu hosp,1,2025-11-22,25,quantile,0.15,0
2025-11-15,wk inc flu hosp,2,2025-11-29,25,quantile,0.15,0
2025-11-15,wk inc flu hosp,3,2025-12-06,25,quantile,0.15,0
2025-11-15,wk inc flu hosp,0,2025-11-15,25,quantile,0.2,0
2025-11-15,wk inc flu hosp,1,2025-11-22,25,quantile,0.2,0
2025-11-15,wk inc flu hosp,2,2025-11-29,25,quantile,0.2,0
2025-11-15,wk inc flu hosp,3,2025-12-06,25,quantile,0.2,0
2025-11-15,wk inc flu hosp,0,2025-11-15,25,quantile,0.25,0
2025-11-15,wk inc flu hosp,1,2025-11-22,25,quantile,0.25,0
2025-11-15,wk inc flu hosp,2,2025-11-29,25,quantile,0.25,0
2025-11-15,wk inc flu hosp,3,2025-12-06,25,quantile,0.25,0
2025-11-15,wk inc flu hosp,0,2025-11-15,25,quantile,0.3,3
2025-11-15,wk inc flu hosp,1,2025-11-22,25,quantile,0.3,0
2025-11-15,wk inc flu hosp,2,2025-11-29,25,quantile,0.3,0
2025-11-15,wk inc flu hosp,3,2025-12-06,25,quantile,0.3,0
2025-11-15,wk inc flu hosp,0,2025-11-15,25,quantile,0.35,6
2025-11-15,wk inc flu hosp,1,2025-11-22,25,quantile,0.35,1
2025-11-15,wk inc flu hosp,2,2025-11-29,25,quantile,0.35,6
2025-11-15,wk inc flu hosp,3,2025-12-06,25,quantile,0.35,0
2025-11-15,wk inc flu hosp,0,2025-11-15,25,quantile,0.4,9
2025-11-15,wk inc flu hosp,1,2025-11-22,25,quantile,0.4,6
2025-11-15,wk inc flu hosp,2,2025-11-29,25,quantile,0.4,13
2025-11-15,wk inc flu hosp,3,2025-12-06,25,quantile,0.4,7
2025-11-15,wk inc flu hosp,0,2025-11-15,25,quantile,0.45,11
2025-11-15,wk inc flu hosp,1,2025-11-22,25,quantile,0.45,9
2025-11-15,wk inc flu hosp,2,2025-11-29,25,quantile,0.45,17
2025-11-15,wk inc flu hosp,3,2025-12-06,25,quantile,0.45,15
2025-11-15,wk inc flu hosp,0,2025-11-15,25,quantile,0.5,13
2025-11-15,wk inc flu hosp,1,2025-11-22,25,quantile,0.5,13
2025-11-15,wk inc flu hosp,2,2025-11-29,25,quantile,0.5,22
2025-11-15,wk inc flu hosp,3,2025-12-06,25,quantile,0.5,21
2025-11-15,wk inc flu hosp,0,2025-11-15,25,quantile,0.55,14
2025-11-15,wk inc flu hosp,1,2025-11-22,25,quantile,0.55,15
2025-11-15,wk inc flu hosp,2,2025-11-29,25,quantile,0.55,26
2025-11-15,wk inc flu hosp,3,2025-12-06,25,quantile,0.55,29
2025-11-15,wk inc flu hosp,0,2025-11-15,25,quantile,0.6,15
2025-11-15,wk inc flu hosp,1,2025-11-22,25,quantile,0.6,18
2025-11-15,wk inc flu hosp,2,2025-11-29,25,quantile,0.6,32
2025-11-15,wk inc flu hosp,3,2025-12-06,25,quantile,0.6,37
2025-11-15,wk inc flu hosp,0,2025-11-15,25,quantile,0.65,16
2025-11-15,wk inc flu hosp,1,2025-11-22,25,quantile,0.65,20
2025-11-15,wk inc flu hosp,2,2025-11-29,25,quantile,0.65,35
2025-11-15,wk inc flu hosp,3,2025-12-06,25,quantile,0.65,42
2025-11-15,wk inc flu hosp,0,2025-11-15,25,quantile,0.7,18
2025-11-15,wk inc flu hosp,1,2025-11-22,25,quantile,0.7,23
2025-11-15,wk inc flu hosp,2,2025-11-29,25,quantile,0.7,39
2025-11-15,wk inc flu hosp,3,2025-12-06,25,quantile,0.7,48
2025-11-15,wk inc flu hosp,0,2025-11-15,25,quantile,0.75,19
2025-11-15,wk inc flu hosp,1,2025-11-22,25,quantile,0.75,25
2025-11-15,wk inc flu hosp,2,2025-11-29,25,quantile,0.75,43
2025-11-15,wk inc flu hosp,3,2025-12-06,25,quantile,0.75,55
2025-11-15,wk inc flu hosp,0,2025-11-15,25,quantile,0.8,21
2025-11-15,wk inc flu hosp,1,2025-11-22,25,quantile,0.8,27
2025-11-15,wk inc flu hosp,2,2025-11-29,25,quantile,0.8,49
2025-11-15,wk inc flu hosp,3,2025-12-06,25,quantile,0.8,67
2025-11-15,wk inc flu hosp,0,2025-11-15,25,quantile,0.85,21
2025-11-15,wk inc flu hosp,1,2025-11-22,25,quantile,0.85,31
2025-11-15,wk inc flu hosp,2,2025-11-29,25,quantile,0.85,55
2025-11-15,wk inc flu hosp,3,2025-12-06,25,quantile,0.85,75
2025-11-15,wk inc flu hosp,0,2025-11-15,25,quantile,0.9,23
2025-11-15,wk inc flu hosp,1,2025-11-22,25,quantile,0.9,34
2025-11-15,wk inc flu hosp,2,2025-11-29,25,quantile,0.9,63
2025-11-15,wk inc flu hosp,3,2025-12-06,25,quantile,0.9,86
2025-11-15,wk inc flu hosp,0,2025-11-15,25,quantile,0.95,37
2025-11-15,wk inc flu hosp,1,2025-11-22,25,quantile,0.95,76
2025-11-15,wk inc flu hosp,2,2025-11-29,25,quantile,0.95,150
2025-11-15,wk inc flu hosp,3,2025-12-06,25,quantile,0.95,189
2025-11-15,wk inc flu hosp,0,2025-11-15,25,quantile,0.975,71
2025-11-15,wk inc flu hosp,1,2025-11-22,25,quantile,0.975,146
2025-11-15,wk inc flu hosp,2,2025-11-29,25,quantile,0.975,253
2025-11-15,wk inc flu hosp,3,2025-12-06,25,quantile,0.975,348
2025-11-15,wk inc flu hosp,0,2025-11-15,25,quantile,0.99,71
2025-11-15,wk inc flu hosp,1,2025-11-22,25,quantile,0.99,146
2025-11-15,wk inc flu hosp,2,2025-11-29,25,quantile,0.99,253
2025-11-15,wk inc flu hosp,3,2025-12-06,25,quantile,0.99,397
2025-11-15,wk inc flu prop ed visits,0,2025-11-15,34,quantile,0.01,0
2025-11-15,wk inc flu prop ed visits,1,2025-11-22,34,quantile,0.01,0
2025-11-15,wk inc flu prop ed visits,2,2025-11-29,34,quantile,0.01,0
2025-11-15,wk inc flu prop ed visits,3,2025-12-06,34,quantile,0.01,0
2025-11-15,wk inc flu prop ed visits,0,2025-11-15,34,quantile,0.025,0
2025-11-15,wk inc flu prop ed visits,1,2025-11-22,34,quantile,0.025,0
2025-11-15,wk inc flu prop ed visits,2,2025-11-29,34,quantile,0.025,0
2025-11-15,wk inc flu prop ed visits,3,2025-12-06,34,quantile,0.025,0
2025-11-15,wk inc flu prop ed visits,0,2025-11-15,34,quantile,0.05,0
2025-11-15,wk inc flu prop ed visits,1,2025-11-22,34,quantile,0.05,0
2025-11-15,wk inc flu prop ed visits,2,2025-11-29,34,quantile,0.05,0
2025-11-15,wk inc flu prop ed visits,3,2025-12-06,34,quantile,0.05,0
2025-11-15,wk inc flu prop ed visits,0,2025-11-15,34,quantile,0.1,0
2025-11-15,wk inc flu prop ed visits,1,2025-11-22,34,quantile,0.1,0
2025-11-15,wk inc flu prop ed visits,2,2025-11-29,34,quantile,0.1,0
2025-11-15,wk inc flu prop ed visits,3,2025-12-06,34,quantile,0.1,0
2025-11-15,wk inc flu prop ed visits,0,2025-11-15,34,quantile,0.15,0
2025-11-15,wk inc flu prop ed visits,1,2025-11-22,34,quantile,0.15,0
2025-11-15,wk inc flu prop ed visits,2,2025-11-29,34,quantile,0.15,0
2025-11-15,wk inc flu prop ed visits,3,2025-12-06,34,quantile,0.15,0
2025-11-15,wk inc flu prop ed visits,0,2025-11-15,34,quantile,0.2,0
2025-11-15,wk inc flu prop ed visits,1,2025-11-22,34,quantile,0.2,0
2025-11-15,wk inc flu prop ed visits,2,2025-11-29,34,quantile,0.2,0
2025-11-15,wk inc flu prop ed visits,3,2025-12-06,34,quantile,0.2,0
2025-11-15,wk inc flu prop ed visits,0,2025-11-15,34,quantile,0.25,0
2025-11-15,wk inc flu prop ed visits,1,2025-11-22,34,quantile,0.25,0
2025-11-15,wk inc flu prop ed visits,2,2025-11-29,34,quantile,0.25,0
2025-11-15,wk inc flu prop ed visits,3,2025-12-06,34,quantile,0.25,0
2025-11-15,wk inc flu prop ed visits,0,2025-11-15,34,quantile,0.3,0
2025-11-15,wk inc flu prop ed visits,1,2025-11-22,34,quantile,0.3,0
2025-11-15,wk inc flu prop ed visits,2,2025-11-29,34,quantile,0.3,0
2025-11-15,wk inc flu prop ed visits,3,2025-12-06,34,quantile,0.3,0
2025-11-15,wk inc flu prop ed visits,0,2025-11-15,34,quantile,0.35,0
2025-11-15,wk inc flu prop ed visits,1,2025-11-22,34,quantile,0.35,0
2025-11-15,wk inc flu prop ed visits,2,2025-11-29,34,quantile,0.35,0
2025-11-15,wk inc flu prop ed visits,3,2025-12-06,34,quantile,0.35,0
2025-11-15,wk inc flu prop ed visits,0,2025-11-15,34,quantile,0.4,0
2025-11-15,wk inc flu prop ed visits,1,2025-11-22,34,quantile,0.4,0
2025-11-15,wk inc flu prop ed visits,2,2025-11-29,34,quantile,0.4,0
2025-11-15,wk inc flu prop ed visits,3,2025-12-06,34,quantile,0.4,0
2025-11-15,wk inc flu prop ed visits,0,2025-11-15,34,quantile,0.45,0
2025-11-15,wk inc flu prop ed visits,1,2025-11-22,34,quantile,0.45,0
2025-11-15,wk inc flu prop ed visits,2,2025-11-29,34,quantile,0.45,0
2025-11-15,wk inc flu prop ed visits,3,2025-12-06,34,quantile,0.45,0
2025-11-15,wk inc flu prop ed visits,0,2025-11-15,34,quantile,0.5,0
2025-11-15,wk inc flu prop ed visits,1,2025-11-22,34,quantile,0.5,0
2025-11-15,wk inc flu prop ed visits,2,2025-11-29,34,quantile,0.5,0
2025-11-15,wk inc flu prop ed visits,3,2025-12-06,34,quantile,0.5,0
2025-11-15,wk inc flu prop ed visits,0,2025-11-15,34,quantile,0.55,0
2025-11-15,wk inc flu prop ed visits,1,2025-11-22,34,quantile,0.55,0
2025-11-15,wk inc flu prop ed visits,2,2025-11-29,34,quantile,0.55,0
2025-11-15,wk inc flu prop ed visits,3,2025-12-06,34,quantile,0.55,0
2025-11-15,wk inc flu prop ed visits,0,2025-11-15,34,quantile,0.6,0
2025-11-15,wk inc flu prop ed visits,1,2025-11-22,34,quantile,0.6,0
2025-11-15,wk inc flu prop ed visits,2,2025-11-29,34,quantile,0.6,2.816410045790509e-4
2025-11-15,wk inc flu prop ed visits,3,2025-12-06,34,quantile,0.6,0.0010677830276028645
2025-11-15,wk inc flu prop ed visits,0,2025-11-15,34,quantile,0.65,0
2025-11-15,wk inc flu prop ed visits,1,2025-11-22,34,quantile,0.65,0
2025-11-15,wk inc flu prop ed visits,2,2025-11-29,34,quantile,0.65,0.002405675059511403
2025-11-15,wk inc flu prop ed visits,3,2025-12-06,34,quantile,0.65,0.004011671150792747
2025-11-15,wk inc flu prop ed visits,0,2025-11-15,34,quantile,0.7,3.6878999827142083e-4
2025-11-15,wk inc flu prop ed visits,1,2025-11-22,34,quantile,0.7,0
2025-11-15,wk inc flu prop ed visits,2,2025-11-29,34,quantile,0.7,0.003442210638281898
2025-11-15,wk inc flu prop ed visits,3,2025-12-06,34,quantile,0.7,0.005239366441732128
2025-11-15,wk inc flu prop ed visits,0,2025-11-15,34,quantile,0.75,6.165190972753725e-4
2025-11-15,wk inc flu prop ed visits,1,2025-11-22,34,quantile,0.75,2.7070281988697846e-4
2025-11-15,wk inc flu prop ed visits,2,2025-11-29,34,quantile,0.75,0.004292759657095402
2025-11-15,wk inc flu prop ed visits,3,2025-12-06,34,quantile,0.75,0.007020475277682411
2025-11-15,wk inc flu prop ed visits,0,2025-11-15,34,quantile,0.8,8.008657891857228e-4
2025-11-15,wk inc flu prop ed visits,1,2025-11-22,34,quantile,0.8,7.481266115877984e-4
2025-11-15,wk inc flu prop ed visits,2,2025-11-29,34,quantile,0.8,0.005188080222575813
2025-11-15,wk inc flu prop ed visits,3,2025-12-06,34,quantile,0.8,0.00827894695213835
2025-11-15,wk inc flu prop ed visits,0,2025-11-15,34,quantile,0.85,0.001100442134522733
2025-11-15,wk inc flu prop ed visits,1,2025-11-22,34,quantile,0.85,0.0013144403082739487
2025-11-15,wk inc flu prop ed visits,2,2025-11-29,34,quantile,0.85,0.006131373190358374
2025-11-15,wk inc flu prop ed visits,3,2025-12-06,34,quantile,0.85,0.009542675569724173
2025-11-15,wk inc flu prop ed visits,0,2025-11-15,34,quantile,0.9,0.0013450718086406958
2025-11-15,wk inc flu prop ed visits,1,2025-11-22,34,quantile,0.9,0.0019027192049594116
2025-11-15,wk inc flu prop ed visits,2,2025-11-29,34,quantile,0.9,0.007623299796890403
2025-11-15,wk inc flu prop ed visits,3,2025-12-06,34,quantile,0.9,0.011494707032178237
2025-11-15,wk inc flu prop ed visits,0,2025-11-15,34,quantile,0.95,0.0023108018487423285
2025-11-15,wk inc flu prop ed visits,1,2025-11-22,34,quantile,0.95,0.004190376750315122
2025-11-15,wk inc flu prop ed visits,2,2025-11-29,34,quantile,0.95,0.010665854178772584
2025-11-15,wk inc flu prop ed visits,3,2025-12-06,34,quantile,0.95,0.01578222031124985
2025-11-15,wk inc flu prop ed visits,0,2025-11-15,34,quantile,0.975,0.012587301052641766
2025-11-15,wk inc flu prop ed visits,1,2025-11-22,34,quantile,0.975,0.019708712826512553
2025-11-15,wk inc flu prop ed visits,2,2025-11-29,34,quantile,0.975,0.02724640529709394
2025-11-15,wk inc flu prop ed visits,3,2025-12-06,34,quantile,0.975,0.032963928875607375
2025-11-15,wk inc flu prop ed visits,0,2025-11-15,34,quantile,0.99,0.012587301052641766
2025-11-15,wk inc flu prop ed visits,1,2025-11-22,34,quantile,0.99,0.022788843262971446
2025-11-15,wk inc flu prop ed visits,2,2025-11-29,34,quantile,0.99,0.035648024749068245
2025-11-15,wk inc flu prop ed visits,3,2025-12-06,34,quantile,0.99,0.04532816836224705
2025-11-15,wk inc flu hosp,0,2025-11-15,34,quantile,0.01,0
2025-11-15,wk inc flu hosp,1,2025-11-22,34,quantile,0.01,0
2025-11-15,wk inc flu hosp,2,2025-11-29,34,quantile,0.01,0
2025-11-15,wk inc flu hosp,3,2025-12-06,34,quantile,0.01,0
2025-11-15,wk inc flu hosp,0,2025-11-15,34,quantile,0.025,0
2025-11-15,wk inc flu hosp,1,2025-11-22,34,quantile,0.025,0
2025-11-15,wk inc flu hosp,2,2025-11-29,34,quantile,0.025,0
2025-11-15,wk inc flu hosp,3,2025-12-06,34,quantile,0.025,0
2025-11-15,wk inc flu hosp,0,2025-11-15,34,quantile,0.05,0
2025-11-15,wk inc flu hosp,1,2025-11-22,34,quantile,0.05,0
2025-11-15,wk inc flu hosp,2,2025-11-29,34,quantile,0.05,0
2025-11-15,wk inc flu hosp,3,2025-12-06,34,quantile,0.05,0
2025-11-15,wk inc flu hosp,0,2025-11-15,34,quantile,0.1,0
2025-11-15,wk inc flu hosp,1,2025-11-22,34,quantile,0.1,0
2025-11-15,wk inc flu hosp,2,2025-11-29,34,quantile,0.1,0
2025-11-15,wk inc flu hosp,3,2025-12-06,34,quantile,0.1,0
2025-11-15,wk inc flu hosp,0,2025-11-15,34,quantile,0.15,0
2025-11-15,wk inc flu hosp,1,2025-11-22,34,quantile,0.15,0
2025-11-15,wk inc flu hosp,2,2025-11-29,34,quantile,0.15,0
2025-11-15,wk inc flu hosp,3,2025-12-06,34,quantile,0.15,0
2025-11-15,wk inc flu hosp,0,2025-11-15,34,quantile,0.2,0
2025-11-15,wk inc flu hosp,1,2025-11-22,34,quantile,0.2,0
2025-11-15,wk inc flu hosp,2,2025-11-29,34,quantile,0.2,0
2025-11-15,wk inc flu hosp,3,2025-12-06,34,quantile,0.2,0
2025-11-15,wk inc flu hosp,0,2025-11-15,34,quantile,0.25,0
2025-11-15,wk inc flu hosp,1,2025-11-22,34,quantile,0.25,0
2025-11-15,wk inc flu hosp,2,2025-11-29,34,quantile,0.25,0
2025-11-15,wk inc flu hosp,3,2025-12-06,34,quantile,0.25,0
2025-11-15,wk inc flu hosp,0,2025-11-15,34,quantile,0.3,0
2025-11-15,wk inc flu hosp,1,2025-11-22,34,quantile,0.3,0
2025-11-15,wk inc flu hosp,2,2025-11-29,34,quantile,0.3,0
2025-11-15,wk inc flu hosp,3,2025-12-06,34,quantile,0.3,0
2025-11-15,wk inc flu hosp,0,2025-11-15,34,quantile,0.35,0
2025-11-15,wk inc flu hosp,1,2025-11-22,34,quantile,0.35,0
2025-11-15,wk inc flu hosp,2,2025-11-29,34,quantile,0.35,0
2025-11-15,wk inc flu hosp,3,2025-12-06,34,quantile,0.35,0
2025-11-15,wk inc flu hosp,0,2025-11-15,34,quantile,0.4,0
2025-11-15,wk inc flu hosp,1,2025-11-22,34,quantile,0.4,0
2025-11-15,wk inc flu hosp,2,2025-11-29,34,quantile,0.4,0
2025-11-15,wk inc flu hosp,3,2025-12-06,34,quantile,0.4,0
2025-11-15,wk inc flu hosp,0,2025-11-15,34,quantile,0.45,0
2025-11-15,wk inc flu hosp,1,2025-11-22,34,quantile,0.45,0
2025-11-15,wk inc flu hosp,2,2025-11-29,34,quantile,0.45,0
2025-11-15,wk inc flu hosp,3,2025-12-06,34,quantile,0.45,0
2025-11-15,wk inc flu hosp,0,2025-11-15,34,quantile,0.5,0
2025-11-15,wk inc flu hosp,1,2025-11-22,34,quantile,0.5,0
2025-11-15,wk inc flu hosp,2,2025-11-29,34,quantile,0.5,0
2025-11-15,wk inc flu hosp,3,2025-12-06,34,quantile,0.5,0
2025-11-15,wk inc flu hosp,0,2025-11-15,34,quantile,0.55,0
2025-11-15,wk inc flu hosp,1,2025-11-22,34,quantile,0.55,0
2025-11-15,wk inc flu hosp,2,2025-11-29,34,quantile,0.55,3
2025-11-15,wk inc flu hosp,3,2025-12-06,34,quantile,0.55,20
2025-11-15,wk inc flu hosp,0,2025-11-15,34,quantile,0.6,0
2025-11-15,wk inc flu hosp,1,2025-11-22,34,quantile,0.6,0
2025-11-15,wk inc flu hosp,2,2025-11-29,34,quantile,0.6,12
2025-11-15,wk inc flu hosp,3,2025-12-06,34,quantile,0.6,38
2025-11-15,wk inc flu hosp,0,2025-11-15,34,quantile,0.65,0
2025-11-15,wk inc flu hosp,1,2025-11-22,34,quantile,0.65,0
2025-11-15,wk inc flu hosp,2,2025-11-29,34,quantile,0.65,19
2025-11-15,wk inc flu hosp,3,2025-12-06,34,quantile,0.65,53
2025-11-15,wk inc flu hosp,0,2025-11-15,34,quantile,0.7,0
2025-11-15,wk inc flu hosp,1,2025-11-22,34,quantile,0.7,0
2025-11-15,wk inc flu hosp,2,2025-11-29,34,quantile,0.7,34
2025-11-15,wk inc flu hosp,3,2025-12-06,34,quantile,0.7,73
2025-11-15,wk inc flu hosp,0,2025-11-15,34,quantile,0.75,4
2025-11-15,wk inc flu hosp,1,2025-11-22,34,quantile,0.75,0
2025-11-15,wk inc flu hosp,2,2025-11-29,34,quantile,0.75,46
2025-11-15,wk inc flu hosp,3,2025-12-06,34,quantile,0.75,88
2025-11-15,wk inc flu hosp,0,2025-11-15,34,quantile,0.8,8
2025-11-15,wk inc flu hosp,1,2025-11-22,34,quantile,0.8,0
2025-11-15,wk inc flu hosp,2,2025-11-29,34,quantile,0.8,52
2025-11-15,wk inc flu hosp,3,2025-12-06,34,quantile,0.8,97
2025-11-15,wk inc flu hosp,0,2025-11-15,34,quantile,0.85,11
2025-11-15,wk inc flu hosp,1,2025-11-22,34,quantile,0.85,8
2025-11-15,wk inc flu hosp,2,2025-11-29,34,quantile,0.85,77
2025-11-15,wk inc flu hosp,3,2025-12-06,34,quantile,0.85,129
2025-11-15,wk inc flu hosp,0,2025-11-15,34,quantile,0.9,14
2025-11-15,wk inc flu hosp,1,2025-11-22,34,quantile,0.9,22
2025-11-15,wk inc flu hosp,2,2025-11-29,34,quantile,0.9,97
2025-11-15,wk inc flu hosp,3,2025-12-06,34,quantile,0.9,161
2025-11-15,wk inc flu hosp,0,2025-11-15,34,quantile,0.95,33
2025-11-15,wk inc flu hosp,1,2025-11-22,34,quantile,0.95,82
2025-11-15,wk inc flu hosp,2,2025-11-29,34,quantile,0.95,198
2025-11-15,wk inc flu hosp,3,2025-12-06,34,quantile,0.95,285
2025-11-15,wk inc flu hosp,0,2025-11-15,34,quantile,0.975,89
2025-11-15,wk inc flu hosp,1,2025-11-22,34,quantile,0.975,199
2025-11-15,wk inc flu hosp,2,2025-11-29,34,quantile,0.975,343
2025-11-15,wk inc flu hosp,3,2025-12-06,34,quantile,0.975,488
2025-11-15,wk inc flu hosp,0,2025-11-15,34,quantile,0.99,89
2025-11-15,wk inc flu hosp,1,2025-11-22,34,quantile,0.99,199
2025-11-15,wk inc flu hosp,2,2025-11-29,34,quantile,0.99,359
2025-11-15,wk inc flu hosp,3,2025-12-06,34,quantile,0.99,526
2025-11-15,wk inc flu prop ed visits,0,2025-11-15,39,quantile,0.01,0
2025-11-15,wk inc flu prop ed visits,1,2025-11-22,39,quantile,0.01,0
2025-11-15,wk inc flu prop ed visits,2,2025-11-29,39,quantile,0.01,0
2025-11-15,wk inc flu prop ed visits,3,2025-12-06,39,quantile,0.01,0
2025-11-15,wk inc flu prop ed visits,0,2025-11-15,39,quantile,0.025,0
2025-11-15,wk inc flu prop ed visits,1,2025-11-22,39,quantile,0.025,0
2025-11-15,wk inc flu prop ed visits,2,2025-11-29,39,quantile,0.025,0
2025-11-15,wk inc flu prop ed visits,3,2025-12-06,39,quantile,0.025,0
2025-11-15,wk inc flu prop ed visits,0,2025-11-15,39,quantile,0.05,0
2025-11-15,wk inc flu prop ed visits,1,2025-11-22,39,quantile,0.05,0
2025-11-15,wk inc flu prop ed visits,2,2025-11-29,39,quantile,0.05,0
2025-11-15,wk inc flu prop ed visits,3,2025-12-06,39,quantile,0.05,0
2025-11-15,wk inc flu prop ed visits,0,2025-11-15,39,quantile,0.1,0
2025-11-15,wk inc flu prop ed visits,1,2025-11-22,39,quantile,0.1,0
2025-11-15,wk inc flu prop ed visits,2,2025-11-29,39,quantile,0.1,0
2025-11-15,wk inc flu prop ed visits,3,2025-12-06,39,quantile,0.1,0
2025-11-15,wk inc flu prop ed visits,0,2025-11-15,39,quantile,0.15,0
2025-11-15,wk inc flu prop ed visits,1,2025-11-22,39,quantile,0.15,0
2025-11-15,wk inc flu prop ed visits,2,2025-11-29,39,quantile,0.15,0
2025-11-15,wk inc flu prop ed visits,3,2025-12-06,39,quantile,0.15,0
2025-11-15,wk inc flu prop ed visits,0,2025-11-15,39,quantile,0.2,0
2025-11-15,wk inc flu prop ed visits,1,2025-11-22,39,quantile,0.2,0
2025-11-15,wk inc flu prop ed visits,2,2025-11-29,39,quantile,0.2,0
2025-11-15,wk inc flu prop ed visits,3,2025-12-06,39,quantile,0.2,0
2025-11-15,wk inc flu prop ed visits,0,2025-11-15,39,quantile,0.25,0
2025-11-15,wk inc flu prop ed visits,1,2025-11-22,39,quantile,0.25,0
2025-11-15,wk inc flu prop ed visits,2,2025-11-29,39,quantile,0.25,0
2025-11-15,wk inc flu prop ed visits,3,2025-12-06,39,quantile,0.25,0
2025-11-15,wk inc flu prop ed visits,0,2025-11-15,39,quantile,0.3,0
2025-11-15,wk inc flu prop ed visits,1,2025-11-22,39,quantile,0.3,0
2025-11-15,wk inc flu prop ed visits,2,2025-11-29,39,quantile,0.3,0
2025-11-15,wk inc flu prop ed visits,3,2025-12-06,39,quantile,0.3,0
2025-11-15,wk inc flu prop ed visits,0,2025-11-15,39,quantile,0.35,0
2025-11-15,wk inc flu prop ed visits,1,2025-11-22,39,quantile,0.35,0
2025-11-15,wk inc flu prop ed visits,2,2025-11-29,39,quantile,0.35,0
2025-11-15,wk inc flu prop ed visits,3,2025-12-06,39,quantile,0.35,0
2025-11-15,wk inc flu prop ed visits,0,2025-11-15,39,quantile,0.4,0
2025-11-15,wk inc flu prop ed visits,1,2025-11-22,39,quantile,0.4,0
2025-11-15,wk inc flu prop ed visits,2,2025-11-29,39,quantile,0.4,0
2025-11-15,wk inc flu prop ed visits,3,2025-12-06,39,quantile,0.4,0
2025-11-15,wk inc flu prop ed visits,0,2025-11-15,39,quantile,0.45,3.5343536960952157e-4
2025-11-15,wk inc flu prop ed visits,1,2025-11-22,39,quantile,0.45,0
2025-11-15,wk inc flu prop ed visits,2,2025-11-29,39,quantile,0.45,0
2025-11-15,wk inc flu prop ed visits,3,2025-12-06,39,quantile,0.45,0
2025-11-15,wk inc flu prop ed visits,0,2025-11-15,39,quantile,0.5,7.697278597045685e-4
2025-11-15,wk inc flu prop ed visits,1,2025-11-22,39,quantile,0.5,0
2025-11-15,wk inc flu prop ed visits,2,2025-11-29,39,quantile,0.5,0
2025-11-15,wk inc flu prop ed visits,3,2025-12-06,39,quantile,0.5,0
2025-11-15,wk inc flu prop ed visits,0,2025-11-15,39,quantile,0.55,0.0012476555524236796
2025-11-15,wk inc flu prop ed visits,1,2025-11-22,39,quantile,0.55,0
2025-11-15,wk inc flu prop ed visits,2,2025-11-29,39,quantile,0.55,0
2025-11-15,wk inc flu prop ed visits,3,2025-12-06,39,quantile,0.55,0
2025-11-15,wk inc flu prop ed visits,0,2025-11-15,39,quantile,0.6,0.0023224386936273305
2025-11-15,wk inc flu prop ed visits,1,2025-11-22,39,quantile,0.6,0
2025-11-15,wk inc flu prop ed visits,2,2025-11-29,39,quantile,0.6,0
2025-11-15,wk inc flu prop ed visits,3,2025-12-06,39,quantile,0.6,0.0026863466444466437
2025-11-15,wk inc flu prop ed visits,0,2025-11-15,39,quantile,0.65,0.0030092378625715174
2025-11-15,wk inc flu prop ed visits,1,2025-11-22,39,quantile,0.65,0
2025-11-15,wk inc flu prop ed visits,2,2025-11-29,39,quantile,0.65,0.0012471084233173003
2025-11-15,wk inc flu prop ed visits,3,2025-12-06,39,quantile,0.65,0.004435601839443959
2025-11-15,wk inc flu prop ed visits,0,2025-11-15,39,quantile,0.7,0.0031654905869541667
2025-11-15,wk inc flu prop ed visits,1,2025-11-22,39,quantile,0.7,5.333568522295966e-4
2025-11-15,wk inc flu prop ed visits,2,2025-11-29,39,quantile,0.7,0.0021855209702490593
2025-11-15,wk inc flu prop ed visits,3,2025-12-06,39,quantile,0.7,0.005684181971955288
2025-11-15,wk inc flu prop ed visits,0,2025-11-15,39,quantile,0.75,0.003536438991656548
2025-11-15,wk inc flu prop ed visits,1,2025-11-22,39,quantile,0.75,0.0015225154886443699
2025-11-15,wk inc flu prop ed visits,2,2025-11-29,39,quantile,0.75,0.0035962236112749017
2025-11-15,wk inc flu prop ed visits,3,2025-12-06,39,quantile,0.75,0.007559699221181825
2025-11-15,wk inc flu prop ed visits,0,2025-11-15,39,quantile,0.8,0.004091105912028079
2025-11-15,wk inc flu prop ed visits,1,2025-11-22,39,quantile,0.8,0.0028592697901250594
2025-11-15,wk inc flu prop ed visits,2,2025-11-29,39,quantile,0.8,0.005102915107555377
2025-11-15,wk inc flu prop ed visits,3,2025-12-06,39,quantile,0.8,0.009798011209533249
2025-11-15,wk inc flu prop ed visits,0,2025-11-15,39,quantile,0.85,0.00453164953950959
2025-11-15,wk inc flu prop ed visits,1,2025-11-22,39,quantile,0.85,0.003429314691965767
2025-11-15,wk inc flu prop ed visits,2,2025-11-29,39,quantile,0.85,0.005879211420352564
2025-11-15,wk inc flu prop ed visits,3,2025-12-06,39,quantile,0.85,0.012042256513299942
2025-11-15,wk inc flu prop ed visits,0,2025-11-15,39,quantile,0.9,0.005143596856446875
2025-11-15,wk inc flu prop ed visits,1,2025-11-22,39,quantile,0.9,0.004409047091007911
2025-11-15,wk inc flu prop ed visits,2,2025-11-29,39,quantile,0.9,0.007530780632992142
2025-11-15,wk inc flu prop ed visits,3,2025-12-06,39,quantile,0.9,0.014690768630295984
2025-11-15,wk inc flu prop ed visits,0,2025-11-15,39,quantile,0.95,0.010338664333637499
2025-11-15,wk inc flu prop ed visits,1,2025-11-22,39,quantile,0.95,0.012782105648772005
2025-11-15,wk inc flu prop ed visits,2,2025-11-29,39,quantile,0.95,0.018624714742204836
2025-11-15,wk inc flu prop ed visits,3,2025-12-06,39,quantile,0.95,0.02765513138946628
2025-11-15,wk inc flu prop ed visits,0,2025-11-15,39,quantile,0.975,0.014429293843542954
2025-11-15,wk inc flu prop ed visits,1,2025-11-22,39,quantile,0.975,0.02061934648932307
2025-11-15,wk inc flu prop ed visits,2,2025-11-29,39,quantile,0.975,0.029226721123215137
2025-11-15,wk inc flu prop ed visits,3,2025-12-06,39,quantile,0.975,0.03895368690077025
2025-11-15,wk inc flu prop ed visits,0,2025-11-15,39,quantile,0.99,0.014429293843542954
2025-11-15,wk inc flu prop ed visits,1,2025-11-22,39,quantile,0.99,0.02061934648932307
2025-11-15,wk inc flu prop ed visits,2,2025-11-29,39,quantile,0.99,0.029226721123215137
2025-11-15,wk inc flu prop ed visits,3,2025-12-06,39,quantile,0.99,0.042209652972844534
2025-11-15,wk inc flu hosp,0,2025-11-15,39,quantile,0.01,0
2025-11-15,wk inc flu hosp,1,2025-11-22,39,quantile,0.01,0
2025-11-15,wk inc flu hosp,2,2025-11-29,39,quantile,0.01,0
2025-11-15,wk inc flu hosp,3,2025-12-06,39,quantile,0.01,0
2025-11-15,wk inc flu hosp,0,2025-11-15,39,quantile,0.025,0
2025-11-15,wk inc flu hosp,1,2025-11-22,39,quantile,0.025,0
2025-11-15,wk inc flu hosp,2,2025-11-29,39,quantile,0.025,0
2025-11-15,wk inc flu hosp,3,2025-12-06,39,quantile,0.025,0
2025-11-15,wk inc flu hosp,0,2025-11-15,39,quantile,0.05,0
2025-11-15,wk inc flu hosp,1,2025-11-22,39,quantile,0.05,0
2025-11-15,wk inc flu hosp,2,2025-11-29,39,quantile,0.05,0
2025-11-15,wk inc flu hosp,3,2025-12-06,39,quantile,0.05,0
2025-11-15,wk inc flu hosp,0,2025-11-15,39,quantile,0.1,0
2025-11-15,wk inc flu hosp,1,2025-11-22,39,quantile,0.1,0
2025-11-15,wk inc flu hosp,2,2025-11-29,39,quantile,0.1,0
2025-11-15,wk inc flu hosp,3,2025-12-06,39,quantile,0.1,0
2025-11-15,wk inc flu hosp,0,2025-11-15,39,quantile,0.15,0
2025-11-15,wk inc flu hosp,1,2025-11-22,39,quantile,0.15,0
2025-11-15,wk inc flu hosp,2,2025-11-29,39,quantile,0.15,0
2025-11-15,wk inc flu hosp,3,2025-12-06,39,quantile,0.15,0
2025-11-15,wk inc flu hosp,0,2025-11-15,39,quantile,0.2,0
2025-11-15,wk inc flu hosp,1,2025-11-22,39,quantile,0.2,0
2025-11-15,wk inc flu hosp,2,2025-11-29,39,quantile,0.2,0
2025-11-15,wk inc flu hosp,3,2025-12-06,39,quantile,0.2,0
2025-11-15,wk inc flu hosp,0,2025-11-15,39,quantile,0.25,0
2025-11-15,wk inc flu hosp,1,2025-11-22,39,quantile,0.25,0
2025-11-15,wk inc flu hosp,2,2025-11-29,39,quantile,0.25,0
2025-11-15,wk inc flu hosp,3,2025-12-06,39,quantile,0.25,0
2025-11-15,wk inc flu hosp,0,2025-11-15,39,quantile,0.3,0
2025-11-15,wk inc flu hosp,1,2025-11-22,39,quantile,0.3,0
2025-11-15,wk inc flu hosp,2,2025-11-29,39,quantile,0.3,0
2025-11-15,wk inc flu hosp,3,2025-12-06,39,quantile,0.3,0
2025-11-15,wk inc flu hosp,0,2025-11-15,39,quantile,0.35,0
2025-11-15,wk inc flu hosp,1,2025-11-22,39,quantile,0.35,0
2025-11-15,wk inc flu hosp,2,2025-11-29,39,quantile,0.35,0
2025-11-15,wk inc flu hosp,3,2025-12-06,39,quantile,0.35,0
2025-11-15,wk inc flu hosp,0,2025-11-15,39,quantile,0.4,0
2025-11-15,wk inc flu hosp,1,2025-11-22,39,quantile,0.4,0
2025-11-15,wk inc flu hosp,2,2025-11-29,39,quantile,0.4,0
2025-11-15,wk inc flu hosp,3,2025-12-06,39,quantile,0.4,0
2025-11-15,wk inc flu hosp,0,2025-11-15,39,quantile,0.45,4
2025-11-15,wk inc flu hosp,1,2025-11-22,39,quantile,0.45,0
2025-11-15,wk inc flu hosp,2,2025-11-29,39,quantile,0.45,0
2025-11-15,wk inc flu hosp,3,2025-12-06,39,quantile,0.45,0
2025-11-15,wk inc flu hosp,0,2025-11-15,39,quantile,0.5,12
2025-11-15,wk inc flu hosp,1,2025-11-22,39,quantile,0.5,0
2025-11-15,wk inc flu hosp,2,2025-11-29,39,quantile,0.5,0
2025-11-15,wk inc flu hosp,3,2025-12-06,39,quantile,0.5,0
2025-11-15,wk inc flu hosp,0,2025-11-15,39,quantile,0.55,28
2025-11-15,wk inc flu hosp,1,2025-11-22,39,quantile,0.55,0
2025-11-15,wk inc flu hosp,2,2025-11-29,39,quantile,0.55,0
2025-11-15,wk inc flu hosp,3,2025-12-06,39,quantile,0.55,1
2025-11-15,wk inc flu hosp,0,2025-11-15,39,quantile,0.6,36
2025-11-15,wk inc flu hosp,1,2025-11-22,39,quantile,0.6,0
2025-11-15,wk inc flu hosp,2,2025-11-29,39,quantile,0.6,0
2025-11-15,wk inc flu hosp,3,2025-12-06,39,quantile,0.6,36
2025-11-15,wk inc flu hosp,0,2025-11-15,39,quantile,0.65,54
2025-11-15,wk inc flu hosp,1,2025-11-22,39,quantile,0.65,15
2025-11-15,wk inc flu hosp,2,2025-11-29,39,quantile,0.65,25
2025-11-15,wk inc flu hosp,3,2025-12-06,39,quantile,0.65,79
2025-11-15,wk inc flu hosp,0,2025-11-15,39,quantile,0.7,63
2025-11-15,wk inc flu hosp,1,2025-11-22,39,quantile,0.7,42
2025-11-15,wk inc flu hosp,2,2025-11-29,39,quantile,0.7,66
2025-11-15,wk inc flu hosp,3,2025-12-06,39,quantile,0.7,125
2025-11-15,wk inc flu hosp,0,2025-11-15,39,quantile,0.75,66
2025-11-15,wk inc flu hosp,1,2025-11-22,39,quantile,0.75,48
2025-11-15,wk inc flu hosp,2,2025-11-29,39,quantile,0.75,79
2025-11-15,wk inc flu hosp,3,2025-12-06,39,quantile,0.75,145
2025-11-15,wk inc flu hosp,0,2025-11-15,39,quantile,0.8,74
2025-11-15,wk inc flu hosp,1,2025-11-22,39,quantile,0.8,64
2025-11-15,wk inc flu hosp,2,2025-11-29,39,quantile,0.8,102
2025-11-15,wk inc flu hosp,3,2025-12-06,39,quantile,0.8,185
2025-11-15,wk inc flu hosp,0,2025-11-15,39,quantile,0.85,87
2025-11-15,wk inc flu hosp,1,2025-11-22,39,quantile,0.85,84
2025-11-15,wk inc flu hosp,2,2025-11-29,39,quantile,0.85,128
2025-11-15,wk inc flu hosp,3,2025-12-06,39,quantile,0.85,222
2025-11-15,wk inc flu hosp,0,2025-11-15,39,quantile,0.9,97
2025-11-15,wk inc flu hosp,1,2025-11-22,39,quantile,0.9,127
2025-11-15,wk inc flu hosp,2,2025-11-29,39,quantile,0.9,180
2025-11-15,wk inc flu hosp,3,2025-12-06,39,quantile,0.9,290
2025-11-15,wk inc flu hosp,0,2025-11-15,39,quantile,0.95,183
2025-11-15,wk inc flu hosp,1,2025-11-22,39,quantile,0.95,243
2025-11-15,wk inc flu hosp,2,2025-11-29,39,quantile,0.95,306
2025-11-15,wk inc flu hosp,3,2025-12-06,39,quantile,0.95,438
2025-11-15,wk inc flu hosp,0,2025-11-15,39,quantile,0.975,336
2025-11-15,wk inc flu hosp,1,2025-11-22,39,quantile,0.975,461
2025-11-15,wk inc flu hosp,2,2025-11-29,39,quantile,0.975,647
2025-11-15,wk inc flu hosp,3,2025-12-06,39,quantile,0.975,852
2025-11-15,wk inc flu hosp,0,2025-11-15,39,quantile,0.99,336
2025-11-15,wk inc flu hosp,1,2025-11-22,39,quantile,0.99,461
2025-11-15,wk inc flu hosp,2,2025-11-29,39,quantile,0.99,647
2025-11-15,wk inc flu hosp,3,2025-12-06,39,quantile,0.99,898
2025-11-15,wk inc flu prop ed visits,0,2025-11-15,44,quantile,0.01,0
2025-11-15,wk inc flu prop ed visits,1,2025-11-22,44,quantile,0.01,0
2025-11-15,wk inc flu prop ed visits,2,2025-11-29,44,quantile,0.01,0
2025-11-15,wk inc flu prop ed visits,3,2025-12-06,44,quantile,0.01,0
2025-11-15,wk inc flu prop ed visits,0,2025-11-15,44,quantile,0.025,0
2025-11-15,wk inc flu prop ed visits,1,2025-11-22,44,quantile,0.025,0
2025-11-15,wk inc flu prop ed visits,2,2025-11-29,44,quantile,0.025,0
2025-11-15,wk inc flu prop ed visits,3,2025-12-06,44,quantile,0.025,0
2025-11-15,wk inc flu prop ed visits,0,2025-11-15,44,quantile,0.05,0
2025-11-15,wk inc flu prop ed visits,1,2025-11-22,44,quantile,0.05,0
2025-11-15,wk inc flu prop ed visits,2,2025-11-29,44,quantile,0.05,0
2025-11-15,wk inc flu prop ed visits,3,2025-12-06,44,quantile,0.05,0
2025-11-15,wk inc flu prop ed visits,0,2025-11-15,44,quantile,0.1,0
2025-11-15,wk inc flu prop ed visits,1,2025-11-22,44,quantile,0.1,0
2025-11-15,wk inc flu prop ed visits,2,2025-11-29,44,quantile,0.1,0
2025-11-15,wk inc flu prop ed visits,3,2025-12-06,44,quantile,0.1,0
2025-11-15,wk inc flu prop ed visits,0,2025-11-15,44,quantile,0.15,0
2025-11-15,wk inc flu prop ed visits,1,2025-11-22,44,quantile,0.15,0
2025-11-15,wk inc flu prop ed visits,2,2025-11-29,44,quantile,0.15,0
2025-11-15,wk inc flu prop ed visits,3,2025-12-06,44,quantile,0.15,0
2025-11-15,wk inc flu prop ed visits,0,2025-11-15,44,quantile,0.2,0
2025-11-15,wk inc flu prop ed visits,1,2025-11-22,44,quantile,0.2,0
2025-11-15,wk inc flu prop ed visits,2,2025-11-29,44,quantile,0.2,0
2025-11-15,wk inc flu prop ed visits,3,2025-12-06,44,quantile,0.2,0
2025-11-15,wk inc flu prop ed visits,0,2025-11-15,44,quantile,0.25,0
2025-11-15,wk inc flu prop ed visits,1,2025-11-22,44,quantile,0.25,0
2025-11-15,wk inc flu prop ed visits,2,2025-11-29,44,quantile,0.25,0
2025-11-15,wk inc flu prop ed visits,3,2025-12-06,44,quantile,0.25,0
2025-11-15,wk inc flu prop ed visits,0,2025-11-15,44,quantile,0.3,0
2025-11-15,wk inc flu prop ed visits,1,2025-11-22,44,quantile,0.3,0
2025-11-15,wk inc flu prop ed visits,2,2025-11-29,44,quantile,0.3,0
2025-11-15,wk inc flu prop ed visits,3,2025-12-06,44,quantile,0.3,0
2025-11-15,wk inc flu prop ed visits,0,2025-11-15,44,quantile,0.35,0
2025-11-15,wk inc flu prop ed visits,1,2025-11-22,44,quantile,0.35,0
2025-11-15,wk inc flu prop ed visits,2,2025-11-29,44,quantile,0.35,1.6027777343300667e-4
2025-11-15,wk inc flu prop ed visits,3,2025-12-06,44,quantile,0.35,3.7045051159514996e-4
2025-11-15,wk inc flu prop ed visits,0,2025-11-15,44,quantile,0.4,3.3510453661454113e-4
2025-11-15,wk inc flu prop ed visits,1,2025-11-22,44,quantile,0.4,3.113018872675158e-4
2025-11-15,wk inc flu prop ed visits,2,2025-11-29,44,quantile,0.4,0.001009485742347976
2025-11-15,wk inc flu prop ed visits,3,2025-12-06,44,quantile,0.4,0.001388898381635086
2025-11-15,wk inc flu prop ed visits,0,2025-11-15,44,quantile,0.45,8.952958520212129e-4
2025-11-15,wk inc flu prop ed visits,1,2025-11-22,44,quantile,0.45,9.126547039335089e-4
2025-11-15,wk inc flu prop ed visits,2,2025-11-29,44,quantile,0.45,0.0019100782904990362
2025-11-15,wk inc flu prop ed visits,3,2025-12-06,44,quantile,0.45,0.0024948222823896827
2025-11-15,wk inc flu prop ed visits,0,2025-11-15,44,quantile,0.5,0.0011880986308565702
2025-11-15,wk inc flu prop ed visits,1,2025-11-22,44,quantile,0.5,0.0013434555936410765
2025-11-15,wk inc flu prop ed visits,2,2025-11-29,44,quantile,0.5,0.0024442725299428127
2025-11-15,wk inc flu prop ed visits,3,2025-12-06,44,quantile,0.5,0.0031341736336455875
2025-11-15,wk inc flu prop ed visits,0,2025-11-15,44,quantile,0.55,0.0012709958239237153
2025-11-15,wk inc flu prop ed visits,1,2025-11-22,44,quantile,0.55,0.001531525879371729
2025-11-15,wk inc flu prop ed visits,2,2025-11-29,44,quantile,0.55,0.002883723965385989
2025-11-15,wk inc flu prop ed visits,3,2025-12-06,44,quantile,0.55,0.0036813149744261745
2025-11-15,wk inc flu prop ed visits,0,2025-11-15,44,quantile,0.6,0.0013255004396881382
2025-11-15,wk inc flu prop ed visits,1,2025-11-22,44,quantile,0.6,0.0017180478215162293
2025-11-15,wk inc flu prop ed visits,2,2025-11-29,44,quantile,0.6,0.00331616079690506
2025-11-15,wk inc flu prop ed visits,3,2025-12-06,44,quantile,0.6,0.004271923749861949
2025-11-15,wk inc flu prop ed visits,0,2025-11-15,44,quantile,0.65,0.0014233180339944002
2025-11-15,wk inc flu prop ed visits,1,2025-11-22,44,quantile,0.65,0.0018643125325437369
2025-11-15,wk inc flu prop ed visits,2,2025-11-29,44,quantile,0.65,0.0038340041109425848
2025-11-15,wk inc flu prop ed visits,3,2025-12-06,44,quantile,0.65,0.005233096514489423
2025-11-15,wk inc flu prop ed visits,0,2025-11-15,44,quantile,0.7,0.0014940272256949044
2025-11-15,wk inc flu prop ed visits,1,2025-11-22,44,quantile,0.7,0.002093193966659729
2025-11-15,wk inc flu prop ed visits,2,2025-11-29,44,quantile,0.7,0.005494820635786907
2025-11-15,wk inc flu prop ed visits,3,2025-12-06,44,quantile,0.7,0.007794264071620574
2025-11-15,wk inc flu prop ed visits,0,2025-11-15,44,quantile,0.75,0.0015766902185652943
2025-11-15,wk inc flu prop ed visits,1,2025-11-22,44,quantile,0.75,0.0025570641828790153
2025-11-15,wk inc flu prop ed visits,2,2025-11-29,44,quantile,0.75,0.007375731192137218
2025-11-15,wk inc flu prop ed visits,3,2025-12-06,44,quantile,0.75,0.010033687967045339
2025-11-15,wk inc flu prop ed visits,0,2025-11-15,44,quantile,0.8,0.001684412222127839
2025-11-15,wk inc flu prop ed visits,1,2025-11-22,44,quantile,0.8,0.0030238300671073404
2025-11-15,wk inc flu prop ed visits,2,2025-11-29,44,quantile,0.8,0.009012474538430942
2025-11-15,wk inc flu prop ed visits,3,2025-12-06,44,quantile,0.8,0.01255726746489777
2025-11-15,wk inc flu prop ed visits,0,2025-11-15,44,quantile,0.85,0.0018965807587716411
2025-11-15,wk inc flu prop ed visits,1,2025-11-22,44,quantile,0.85,0.0033255595327296196
2025-11-15,wk inc flu prop ed visits,2,2025-11-29,44,quantile,0.85,0.010331659467109379
2025-11-15,wk inc flu prop ed visits,3,2025-12-06,44,quantile,0.85,0.014512857482385781
2025-11-15,wk inc flu prop ed visits,0,2025-11-15,44,quantile,0.9,0.002092358948864615
2025-11-15,wk inc flu prop ed visits,1,2025-11-22,44,quantile,0.9,0.003734619542287488
2025-11-15,wk inc flu prop ed visits,2,2025-11-29,44,quantile,0.9,0.011201643991633092
2025-11-15,wk inc flu prop ed visits,3,2025-12-06,44,quantile,0.9,0.015851491320526375
2025-11-15,wk inc flu prop ed visits,0,2025-11-15,44,quantile,0.95,0.002553207902839185
2025-11-15,wk inc flu prop ed visits,1,2025-11-22,44,quantile,0.95,0.0045304688413137385
2025-11-15,wk inc flu prop ed visits,2,2025-11-29,44,quantile,0.95,0.012300761914520477
2025-11-15,wk inc flu prop ed visits,3,2025-12-06,44,quantile,0.95,0.018290965558955295
2025-11-15,wk inc flu prop ed visits,0,2025-11-15,44,quantile,0.975,0.004465151305632714
2025-11-15,wk inc flu prop ed visits,1,2025-11-22,44,quantile,0.975,0.009209126306681081
2025-11-15,wk inc flu prop ed visits,2,2025-11-29,44,quantile,0.975,0.01773813835582921
2025-11-15,wk inc flu prop ed visits,3,2025-12-06,44,quantile,0.975,0.024402381993821574
2025-11-15,wk inc flu prop ed visits,0,2025-11-15,44,quantile,0.99,0.004465151305632714
2025-11-15,wk inc flu prop ed visits,1,2025-11-22,44,quantile,0.99,0.009209126306681081
2025-11-15,wk inc flu prop ed visits,2,2025-11-29,44,quantile,0.99,0.02231348496964104
2025-11-15,wk inc flu prop ed visits,3,2025-12-06,44,quantile,0.99,0.03053660779368172
2025-11-15,wk inc flu hosp,0,2025-11-15,44,quantile,0.01,1
2025-11-15,wk inc flu hosp,1,2025-11-22,44,quantile,0.01,0
2025-11-15,wk inc flu hosp,2,2025-11-29,44,quantile,0.01,0
2025-11-15,wk inc flu hosp,3,2025-12-06,44,quantile,0.01,0
2025-11-15,wk inc flu hosp,0,2025-11-15,44,quantile,0.025,1
2025-11-15,wk inc flu hosp,1,2025-11-22,44,quantile,0.025,0
2025-11-15,wk inc flu hosp,2,2025-11-29,44,quantile,0.025,0
2025-11-15,wk inc flu hosp,3,2025-12-06,44,quantile,0.025,0
2025-11-15,wk inc flu hosp,0,2025-11-15,44,quantile,0.05,1
2025-11-15,wk inc flu hosp,1,2025-11-22,44,quantile,0.05,0
2025-11-15,wk inc flu hosp,2,2025-11-29,44,quantile,0.05,0
2025-11-15,wk inc flu hosp,3,2025-12-06,44,quantile,0.05,0
2025-11-15,wk inc flu hosp,0,2025-11-15,44,quantile,0.1,1
2025-11-15,wk inc flu hosp,1,2025-11-22,44,quantile,0.1,0
2025-11-15,wk inc flu hosp,2,2025-11-29,44,quantile,0.1,0
2025-11-15,wk inc flu hosp,3,2025-12-06,44,quantile,0.1,0
2025-11-15,wk inc flu hosp,0,2025-11-15,44,quantile,0.15,1
2025-11-15,wk inc flu hosp,1,2025-11-22,44,quantile,0.15,0
2025-11-15,wk inc flu hosp,2,2025-11-29,44,quantile,0.15,0
2025-11-15,wk inc flu hosp,3,2025-12-06,44,quantile,0.15,0
2025-11-15,wk inc flu hosp,0,2025-11-15,44,quantile,0.2,1
2025-11-15,wk inc flu hosp,1,2025-11-22,44,quantile,0.2,1
2025-11-15,wk inc flu hosp,2,2025-11-29,44,quantile,0.2,3
2025-11-15,wk inc flu hosp,3,2025-12-06,44,quantile,0.2,3
2025-11-15,wk inc flu hosp,0,2025-11-15,44,quantile,0.25,1
2025-11-15,wk inc flu hosp,1,2025-11-22,44,quantile,0.25,1
2025-11-15,wk inc flu hosp,2,2025-11-29,44,quantile,0.25,5
2025-11-15,wk inc flu hosp,3,2025-12-06,44,quantile,0.25,6
2025-11-15,wk inc flu hosp,0,2025-11-15,44,quantile,0.3,2
2025-11-15,wk inc flu hosp,1,2025-11-22,44,quantile,0.3,2
2025-11-15,wk inc flu hosp,2,2025-11-29,44,quantile,0.3,7
2025-11-15,wk inc flu hosp,3,2025-12-06,44,quantile,0.3,8
2025-11-15,wk inc flu hosp,0,2025-11-15,44,quantile,0.35,2
2025-11-15,wk inc flu hosp,1,2025-11-22,44,quantile,0.35,3
2025-11-15,wk inc flu hosp,2,2025-11-29,44,quantile,0.35,8
2025-11-15,wk inc flu hosp,3,2025-12-06,44,quantile,0.35,10
2025-11-15,wk inc flu hosp,0,2025-11-15,44,quantile,0.4,2
2025-11-15,wk inc flu hosp,1,2025-11-22,44,quantile,0.4,3
2025-11-15,wk inc flu hosp,2,2025-11-29,44,quantile,0.4,9
2025-11-15,wk inc flu hosp,3,2025-12-06,44,quantile,0.4,10
2025-11-15,wk inc flu hosp,0,2025-11-15,44,quantile,0.45,2
2025-11-15,wk inc flu hosp,1,2025-11-22,44,quantile,0.45,3
2025-11-15,wk inc flu hosp,2,2025-11-29,44,quantile,0.45,9
2025-11-15,wk inc flu hosp,3,2025-12-06,44,quantile,0.45,11
2025-11-15,wk inc flu hosp,0,2025-11-15,44,quantile,0.5,2
2025-11-15,wk inc flu hosp,1,2025-11-22,44,quantile,0.5,4
2025-11-15,wk inc flu hosp,2,2025-11-29,44,quantile,0.5,9
2025-11-15,wk inc flu hosp,3,2025-12-06,44,quantile,0.5,12
2025-11-15,wk inc flu hosp,0,2025-11-15,44,quantile,0.55,3
2025-11-15,wk inc flu hosp,1,2025-11-22,44,quantile,0.55,4
2025-11-15,wk inc flu hosp,2,2025-11-29,44,quantile,0.55,10
2025-11-15,wk inc flu hosp,3,2025-12-06,44,quantile,0.55,12
2025-11-15,wk inc flu hosp,0,2025-11-15,44,quantile,0.6,3
2025-11-15,wk inc flu hosp,1,2025-11-22,44,quantile,0.6,4
2025-11-15,wk inc flu hosp,2,2025-11-29,44,quantile,0.6,10
2025-11-15,wk inc flu hosp,3,2025-12-06,44,quantile,0.6,13
2025-11-15,wk inc flu hosp,0,2025-11-15,44,quantile,0.65,3
2025-11-15,wk inc flu hosp,1,2025-11-22,44,quantile,0.65,4
2025-11-15,wk inc flu hosp,2,2025-11-29,44,quantile,0.65,11
2025-11-15,wk inc flu hosp,3,2025-12-06,44,quantile,0.65,14
2025-11-15,wk inc flu hosp,0,2025-11-15,44,quantile,0.7,3
2025-11-15,wk inc flu hosp,1,2025-11-22,44,quantile,0.7,5
2025-11-15,wk inc flu hosp,2,2025-11-29,44,quantile,0.7,11
2025-11-15,wk inc flu hosp,3,2025-12-06,44,quantile,0.7,15
2025-11-15,wk inc flu hosp,0,2025-11-15,44,quantile,0.75,3
2025-11-15,wk inc flu hosp,1,2025-11-22,44,quantile,0.75,5
2025-11-15,wk inc flu hosp,2,2025-11-29,44,quantile,0.75,12
2025-11-15,wk inc flu hosp,3,2025-12-06,44,quantile,0.75,16
2025-11-15,wk inc flu hosp,0,2025-11-15,44,quantile,0.8,4
2025-11-15,wk inc flu hosp,1,2025-11-22,44,quantile,0.8,5
2025-11-15,wk inc flu hosp,2,2025-11-29,44,quantile,0.8,12
2025-11-15,wk inc flu hosp,3,2025-12-06,44,quantile,0.8,16
2025-11-15,wk inc flu hosp,0,2025-11-15,44,quantile,0.85,4
2025-11-15,wk inc flu hosp,1,2025-11-22,44,quantile,0.85,6
2025-11-15,wk inc flu hosp,2,2025-11-29,44,quantile,0.85,12
2025-11-15,wk inc flu hosp,3,2025-12-06,44,quantile,0.85,17
2025-11-15,wk inc flu hosp,0,2025-11-15,44,quantile,0.9,4
2025-11-15,wk inc flu hosp,1,2025-11-22,44,quantile,0.9,6
2025-11-15,wk inc flu hosp,2,2025-11-29,44,quantile,0.9,13
2025-11-15,wk inc flu hosp,3,2025-12-06,44,quantile,0.9,18
2025-11-15,wk inc flu hosp,0,2025-11-15,44,quantile,0.95,4
2025-11-15,wk inc flu hosp,1,2025-11-22,44,quantile,0.95,8
2025-11-15,wk inc flu hosp,2,2025-11-29,44,quantile,0.95,16
2025-11-15,wk inc flu hosp,3,2025-12-06,44,quantile,0.95,23
2025-11-15,wk inc flu hosp,0,2025-11-15,44,quantile,0.975,5
2025-11-15,wk inc flu hosp,1,2025-11-22,44,quantile,0.975,9
2025-11-15,wk inc flu hosp,2,2025-11-29,44,quantile,0.975,17
2025-11-15,wk inc flu hosp,3,2025-12-06,44,quantile,0.975,24
2025-11-15,wk inc flu hosp,0,2025-11-15,44,quantile,0.99,5
2025-11-15,wk inc flu hosp,1,2025-11-22,44,quantile,0.99,9
2025-11-15,wk inc flu hosp,2,2025-11-29,44,quantile,0.99,17
2025-11-15,wk inc flu hosp,3,2025-12-06,44,quantile,0.99,24
2025-11-15,wk inc flu prop ed visits,0,2025-11-15,56,quantile,0.01,0
2025-11-15,wk inc flu prop ed visits,1,2025-11-22,56,quantile,0.01,0
2025-11-15,wk inc flu prop ed visits,2,2025-11-29,56,quantile,0.01,0
2025-11-15,wk inc flu prop ed visits,3,2025-12-06,56,quantile,0.01,0
2025-11-15,wk inc flu prop ed visits,0,2025-11-15,56,quantile,0.025,0
2025-11-15,wk inc flu prop ed visits,1,2025-11-22,56,quantile,0.025,0
2025-11-15,wk inc flu prop ed visits,2,2025-11-29,56,quantile,0.025,0
2025-11-15,wk inc flu prop ed visits,3,2025-12-06,56,quantile,0.025,0
2025-11-15,wk inc flu prop ed visits,0,2025-11-15,56,quantile,0.05,0
2025-11-15,wk inc flu prop ed visits,1,2025-11-22,56,quantile,0.05,0
2025-11-15,wk inc flu prop ed visits,2,2025-11-29,56,quantile,0.05,0
2025-11-15,wk inc flu prop ed visits,3,2025-12-06,56,quantile,0.05,0
2025-11-15,wk inc flu prop ed visits,0,2025-11-15,56,quantile,0.1,0
2025-11-15,wk inc flu prop ed visits,1,2025-11-22,56,quantile,0.1,0
2025-11-15,wk inc flu prop ed visits,2,2025-11-29,56,quantile,0.1,0
2025-11-15,wk inc flu prop ed visits,3,2025-12-06,56,quantile,0.1,0
2025-11-15,wk inc flu prop ed visits,0,2025-11-15,56,quantile,0.15,0
2025-11-15,wk inc flu prop ed visits,1,2025-11-22,56,quantile,0.15,0
2025-11-15,wk inc flu prop ed visits,2,2025-11-29,56,quantile,0.15,0
2025-11-15,wk inc flu prop ed visits,3,2025-12-06,56,quantile,0.15,0
2025-11-15,wk inc flu prop ed visits,0,2025-11-15,56,quantile,0.2,0
2025-11-15,wk inc flu prop ed visits,1,2025-11-22,56,quantile,0.2,0
2025-11-15,wk inc flu prop ed visits,2,2025-11-29,56,quantile,0.2,0
2025-11-15,wk inc flu prop ed visits,3,2025-12-06,56,quantile,0.2,0
2025-11-15,wk inc flu prop ed visits,0,2025-11-15,56,quantile,0.25,0
2025-11-15,wk inc flu prop ed visits,1,2025-11-22,56,quantile,0.25,0
2025-11-15,wk inc flu prop ed visits,2,2025-11-29,56,quantile,0.25,0
2025-11-15,wk inc flu prop ed visits,3,2025-12-06,56,quantile,0.25,0
2025-11-15,wk inc flu prop ed visits,0,2025-11-15,56,quantile,0.3,0
2025-11-15,wk inc flu prop ed visits,1,2025-11-22,56,quantile,0.3,0
2025-11-15,wk inc flu prop ed visits,2,2025-11-29,56,quantile,0.3,0
2025-11-15,wk inc flu prop ed visits,3,2025-12-06,56,quantile,0.3,0
2025-11-15,wk inc flu prop ed visits,0,2025-11-15,56,quantile,0.35,0
2025-11-15,wk inc flu prop ed visits,1,2025-11-22,56,quantile,0.35,0
2025-11-15,wk inc flu prop ed visits,2,2025-11-29,56,quantile,0.35,0
2025-11-15,wk inc flu prop ed visits,3,2025-12-06,56,quantile,0.35,0
2025-11-15,wk inc flu prop ed visits,0,2025-11-15,56,quantile,0.4,0
2025-11-15,wk inc flu prop ed visits,1,2025-11-22,56,quantile,0.4,0
2025-11-15,wk inc flu prop ed visits,2,2025-11-29,56,quantile,0.4,0
2025-11-15,wk inc flu prop ed visits,3,2025-12-06,56,quantile,0.4,1.3019987380718249e-4
2025-11-15,wk inc flu prop ed visits,0,2025-11-15,56,quantile,0.45,0
2025-11-15,wk inc flu prop ed visits,1,2025-11-22,56,quantile,0.45,0
2025-11-15,wk inc flu prop ed visits,2,2025-11-29,56,quantile,0.45,4.430860646876083e-5
2025-11-15,wk inc flu prop ed visits,3,2025-12-06,56,quantile,0.45,2.624522488152919e-4
2025-11-15,wk inc flu prop ed visits,0,2025-11-15,56,quantile,0.5,7.501925709073654e-5
2025-11-15,wk inc flu prop ed visits,1,2025-11-22,56,quantile,0.5,1.0636238805035905e-4
2025-11-15,wk inc flu prop ed visits,2,2025-11-29,56,quantile,0.5,1.9464373859654684e-4
2025-11-15,wk inc flu prop ed visits,3,2025-12-06,56,quantile,0.5,5.051229602842588e-4
2025-11-15,wk inc flu prop ed visits,0,2025-11-15,56,quantile,0.55,8.875408522296379e-5
2025-11-15,wk inc flu prop ed visits,1,2025-11-22,56,quantile,0.55,1.2716911463499147e-4
2025-11-15,wk inc flu prop ed visits,2,2025-11-29,56,quantile,0.55,2.3095741044955288e-4
2025-11-15,wk inc flu prop ed visits,3,2025-12-06,56,quantile,0.55,6.206839952744727e-4
2025-11-15,wk inc flu prop ed visits,0,2025-11-15,56,quantile,0.6,1.0058550829597339e-4
2025-11-15,wk inc flu prop ed visits,1,2025-11-22,56,quantile,0.6,1.4669398923512975e-4
2025-11-15,wk inc flu prop ed visits,2,2025-11-29,56,quantile,0.6,2.591276666940604e-4
2025-11-15,wk inc flu prop ed visits,3,2025-12-06,56,quantile,0.6,7.096802587717337e-4
2025-11-15,wk inc flu prop ed visits,0,2025-11-15,56,quantile,0.65,1.1653628359606429e-4
2025-11-15,wk inc flu prop ed visits,1,2025-11-22,56,quantile,0.65,1.7606103991474318e-4
2025-11-15,wk inc flu prop ed visits,2,2025-11-29,56,quantile,0.65,2.9965452487928815e-4
2025-11-15,wk inc flu prop ed visits,3,2025-12-06,56,quantile,0.65,8.032283448533856e-4
2025-11-15,wk inc flu prop ed visits,0,2025-11-15,56,quantile,0.7,1.2531078855555435e-4
2025-11-15,wk inc flu prop ed visits,1,2025-11-22,56,quantile,0.7,2.374857953564438e-4
2025-11-15,wk inc flu prop ed visits,2,2025-11-29,56,quantile,0.7,3.7761685695380566e-4
2025-11-15,wk inc flu prop ed visits,3,2025-12-06,56,quantile,0.7,8.95564152752065e-4
2025-11-15,wk inc flu prop ed visits,0,2025-11-15,56,quantile,0.75,1.328718722240176e-4
2025-11-15,wk inc flu prop ed visits,1,2025-11-22,56,quantile,0.75,0.00027357838316239863
2025-11-15,wk inc flu prop ed visits,2,2025-11-29,56,quantile,0.75,4.3305586825933824e-4
2025-11-15,wk inc flu prop ed visits,3,2025-12-06,56,quantile,0.75,9.81430231213329e-4
2025-11-15,wk inc flu prop ed visits,0,2025-11-15,56,quantile,0.8,1.4548338680985435e-4
2025-11-15,wk inc flu prop ed visits,1,2025-11-22,56,quantile,0.8,3.583410839431531e-4
2025-11-15,wk inc flu prop ed visits,2,2025-11-29,56,quantile,0.8,5.333243769721954e-4
2025-11-15,wk inc flu prop ed visits,3,2025-12-06,56,quantile,0.8,0.0011219645710791478
2025-11-15,wk inc flu prop ed visits,0,2025-11-15,56,quantile,0.85,1.6111561294026336e-4
2025-11-15,wk inc flu prop ed visits,1,2025-11-22,56,quantile,0.85,4.1263531516272985e-4
2025-11-15,wk inc flu prop ed visits,2,2025-11-29,56,quantile,0.85,6.097985617634336e-4
2025-11-15,wk inc flu prop ed visits,3,2025-12-06,56,quantile,0.85,0.0013001392289359258
2025-11-15,wk inc flu prop ed visits,0,2025-11-15,56,quantile,0.9,1.7992923822613788e-4
2025-11-15,wk inc flu prop ed visits,1,2025-11-22,56,quantile,0.9,4.657168033392692e-4
2025-11-15,wk inc flu prop ed visits,2,2025-11-29,56,quantile,0.9,7.270259434455479e-4
2025-11-15,wk inc flu prop ed visits,3,2025-12-06,56,quantile,0.9,0.0015727823618861222
2025-11-15,wk inc flu prop ed visits,0,2025-11-15,56,quantile,0.95,2.299433258491992e-4
2025-11-15,wk inc flu prop ed visits,1,2025-11-22,56,quantile,0.95,5.745259512551388e-4
2025-11-15,wk inc flu prop ed visits,2,2025-11-29,56,quantile,0.95,9.401144939728181e-4
2025-11-15,wk inc flu prop ed visits,3,2025-12-06,56,quantile,0.95,0.001856136648916843
2025-11-15,wk inc flu prop ed visits,0,2025-11-15,56,quantile,0.975,2.8483285863725635e-4
2025-11-15,wk inc flu prop ed visits,1,2025-11-22,56,quantile,0.975,7.677256705398207e-4
2025-11-15,wk inc flu prop ed visits,2,2025-11-29,56,quantile,0.975,0.0012909517855215944
2025-11-15,wk inc flu prop ed visits,3,2025-12-06,56,quantile,0.975,0.0022614942813517615
2025-11-15,wk inc flu prop ed visits,0,2025-11-15,56,quantile,0.99,4.336621952764018e-4
2025-11-15,wk inc flu prop ed visits,1,2025-11-22,56,quantile,0.99,0.0010216694690915401
2025-11-15,wk inc flu prop ed visits,2,2025-11-29,56,quantile,0.99,0.0016446040645574894
2025-11-15,wk inc flu prop ed visits,3,2025-12-06,56,quantile,0.99,0.002638335537522424
2025-11-15,wk inc flu hosp,0,2025-11-15,56,quantile,0.01,1
2025-11-15,wk inc flu hosp,1,2025-11-22,56,quantile,0.01,1
2025-11-15,wk inc flu hosp,2,2025-11-29,56,quantile,0.01,1
2025-11-15,wk inc flu hosp,3,2025-12-06,56,quantile,0.01,2
2025-11-15,wk inc flu hosp,0,2025-11-15,56,quantile,0.025,1
2025-11-15,wk inc flu hosp,1,2025-11-22,56,quantile,0.025,1
2025-11-15,wk inc flu hosp,2,2025-11-29,56,quantile,0.025,1
2025-11-15,wk inc flu hosp,3,2025-12-06,56,quantile,0.025,2
2025-11-15,wk inc flu hosp,0,2025-11-15,56,quantile,0.05,1
2025-11-15,wk inc flu hosp,1,2025-11-22,56,quantile,0.05,1
2025-11-15,wk inc flu hosp,2,2025-11-29,56,quantile,0.05,1
2025-11-15,wk inc flu hosp,3,2025-12-06,56,quantile,0.05,2
2025-11-15,wk inc flu hosp,0,2025-11-15,56,quantile,0.1,1
2025-11-15,wk inc flu hosp,1,2025-11-22,56,quantile,0.1,1
2025-11-15,wk inc flu hosp,2,2025-11-29,56,quantile,0.1,2
2025-11-15,wk inc flu hosp,3,2025-12-06,56,quantile,0.1,2
2025-11-15,wk inc flu hosp,0,2025-11-15,56,quantile,0.15,1
2025-11-15,wk inc flu hosp,1,2025-11-22,56,quantile,0.15,2
2025-11-15,wk inc flu hosp,2,2025-11-29,56,quantile,0.15,2
2025-11-15,wk inc flu hosp,3,2025-12-06,56,quantile,0.15,2
2025-11-15,wk inc flu hosp,0,2025-11-15,56,quantile,0.2,1
2025-11-15,wk inc flu hosp,1,2025-11-22,56,quantile,0.2,2
2025-11-15,wk inc flu hosp,2,2025-11-29,56,quantile,0.2,3
2025-11-15,wk inc flu hosp,3,2025-12-06,56,quantile,0.2,3
2025-11-15,wk inc flu hosp,0,2025-11-15,56,quantile,0.25,2
2025-11-15,wk inc flu hosp,1,2025-11-22,56,quantile,0.25,2
2025-11-15,wk inc flu hosp,2,2025-11-29,56,quantile,0.25,3
2025-11-15,wk inc flu hosp,3,2025-12-06,56,quantile,0.25,4
2025-11-15,wk inc flu hosp,0,2025-11-15,56,quantile,0.3,2
2025-11-15,wk inc flu hosp,1,2025-11-22,56,quantile,0.3,3
2025-11-15,wk inc flu hosp,2,2025-11-29,56,quantile,0.3,4
2025-11-15,wk inc flu hosp,3,2025-12-06,56,quantile,0.3,5
2025-11-15,wk inc flu hosp,0,2025-11-15,56,quantile,0.35,2
2025-11-15,wk inc flu hosp,1,2025-11-22,56,quantile,0.35,3
2025-11-15,wk inc flu hosp,2,2025-11-29,56,quantile,0.35,4
2025-11-15,wk inc flu hosp,3,2025-12-06,56,quantile,0.35,5
2025-11-15,wk inc flu hosp,0,2025-11-15,56,quantile,0.4,2
2025-11-15,wk inc flu hosp,1,2025-11-22,56,quantile,0.4,3
2025-11-15,wk inc flu hosp,2,2025-11-29,56,quantile,0.4,4
2025-11-15,wk inc flu hosp,3,2025-12-06,56,quantile,0.4,6
2025-11-15,wk inc flu hosp,0,2025-11-15,56,quantile,0.45,2
2025-11-15,wk inc flu hosp,1,2025-11-22,56,quantile,0.45,3
2025-11-15,wk inc flu hosp,2,2025-11-29,56,quantile,0.45,4
2025-11-15,wk inc flu hosp,3,2025-12-06,56,quantile,0.45,6
2025-11-15,wk inc flu hosp,0,2025-11-15,56,quantile,0.5,2
2025-11-15,wk inc flu hosp,1,2025-11-22,56,quantile,0.5,3
2025-11-15,wk inc flu hosp,2,2025-11-29,56,quantile,0.5,4
2025-11-15,wk inc flu hosp,3,2025-12-06,56,quantile,0.5,6
2025-11-15,wk inc flu hosp,0,2025-11-15,56,quantile,0.55,2
2025-11-15,wk inc flu hosp,1,2025-11-22,56,quantile,0.55,3
2025-11-15,wk inc flu hosp,2,2025-11-29,56,quantile,0.55,4
2025-11-15,wk inc flu hosp,3,2025-12-06,56,quantile,0.55,6
2025-11-15,wk inc flu hosp,0,2025-11-15,56,quantile,0.6,2
2025-11-15,wk inc flu hosp,1,2025-11-22,56,quantile,0.6,3
2025-11-15,wk inc flu hosp,2,2025-11-29,56,quantile,0.6,4
2025-11-15,wk inc flu hosp,3,2025-12-06,56,quantile,0.6,6
2025-11-15,wk inc flu hosp,0,2025-11-15,56,quantile,0.65,2
2025-11-15,wk inc flu hosp,1,2025-11-22,56,quantile,0.65,3
2025-11-15,wk inc flu hosp,2,2025-11-29,56,quantile,0.65,5
2025-11-15,wk inc flu hosp,3,2025-12-06,56,quantile,0.65,7
2025-11-15,wk inc flu hosp,0,2025-11-15,56,quantile,0.7,2
2025-11-15,wk inc flu hosp,1,2025-11-22,56,quantile,0.7,4
2025-11-15,wk inc flu hosp,2,2025-11-29,56,quantile,0.7,5
2025-11-15,wk inc flu hosp,3,2025-12-06,56,quantile,0.7,7
2025-11-15,wk inc flu hosp,0,2025-11-15,56,quantile,0.75,2
2025-11-15,wk inc flu hosp,1,2025-11-22,56,quantile,0.75,4
2025-11-15,wk inc flu hosp,2,2025-11-29,56,quantile,0.75,5
2025-11-15,wk inc flu hosp,3,2025-12-06,56,quantile,0.75,7
2025-11-15,wk inc flu hosp,0,2025-11-15,56,quantile,0.8,3
2025-11-15,wk inc flu hosp,1,2025-11-22,56,quantile,0.8,4
2025-11-15,wk inc flu hosp,2,2025-11-29,56,quantile,0.8,5
2025-11-15,wk inc flu hosp,3,2025-12-06,56,quantile,0.8,8
2025-11-15,wk inc flu hosp,0,2025-11-15,56,quantile,0.85,3
2025-11-15,wk inc flu hosp,1,2025-11-22,56,quantile,0.85,4
2025-11-15,wk inc flu hosp,2,2025-11-29,56,quantile,0.85,6
2025-11-15,wk inc flu hosp,3,2025-12-06,56,quantile,0.85,8
2025-11-15,wk inc flu hosp,0,2025-11-15,56,quantile,0.9,3
2025-11-15,wk inc flu hosp,1,2025-11-22,56,quantile,0.9,5
2025-11-15,wk inc flu hosp,2,2025-11-29,56,quantile,0.9,7
2025-11-15,wk inc flu hosp,3,2025-12-06,56,quantile,0.9,9
2025-11-15,wk inc flu hosp,0,2025-11-15,56,quantile,0.95,3
2025-11-15,wk inc flu hosp,1,2025-11-22,56,quantile,0.95,5
2025-11-15,wk inc flu hosp,2,2025-11-29,56,quantile,0.95,7
2025-11-15,wk inc flu hosp,3,2025-12-06,56,quantile,0.95,10
2025-11-15,wk inc flu hosp,0,2025-11-15,56,quantile,0.975,3
2025-11-15,wk inc flu hosp,1,2025-11-22,56,quantile,0.975,5
2025-11-15,wk inc flu hosp,2,2025-11-29,56,quantile,0.975,7
2025-11-15,wk inc flu hosp,3,2025-12-06,56,quantile,0.975,10
2025-11-15,wk inc flu hosp,0,2025-11-15,56,quantile,0.99,3
2025-11-15,wk inc flu hosp,1,2025-11-22,56,quantile,0.99,5
2025-11-15,wk inc flu hosp,2,2025-11-29,56,quantile,0.99,8
2025-11-15,wk inc flu hosp,3,2025-12-06,56,quantile,0.99,11
2025-11-15,wk inc flu prop ed visits,0,2025-11-15,26,quantile,0.01,0
2025-11-15,wk inc flu prop ed visits,1,2025-11-22,26,quantile,0.01,0
2025-11-15,wk inc flu prop ed visits,2,2025-11-29,26,quantile,0.01,0
2025-11-15,wk inc flu prop ed visits,3,2025-12-06,26,quantile,0.01,0
2025-11-15,wk inc flu prop ed visits,0,2025-11-15,26,quantile,0.025,0
2025-11-15,wk inc flu prop ed visits,1,2025-11-22,26,quantile,0.025,0
2025-11-15,wk inc flu prop ed visits,2,2025-11-29,26,quantile,0.025,0
2025-11-15,wk inc flu prop ed visits,3,2025-12-06,26,quantile,0.025,0
2025-11-15,wk inc flu prop ed visits,0,2025-11-15,26,quantile,0.05,0
2025-11-15,wk inc flu prop ed visits,1,2025-11-22,26,quantile,0.05,0
2025-11-15,wk inc flu prop ed visits,2,2025-11-29,26,quantile,0.05,0
2025-11-15,wk inc flu prop ed visits,3,2025-12-06,26,quantile,0.05,0
2025-11-15,wk inc flu prop ed visits,0,2025-11-15,26,quantile,0.1,0
2025-11-15,wk inc flu prop ed visits,1,2025-11-22,26,quantile,0.1,0
2025-11-15,wk inc flu prop ed visits,2,2025-11-29,26,quantile,0.1,0
2025-11-15,wk inc flu prop ed visits,3,2025-12-06,26,quantile,0.1,0
2025-11-15,wk inc flu prop ed visits,0,2025-11-15,26,quantile,0.15,0
2025-11-15,wk inc flu prop ed visits,1,2025-11-22,26,quantile,0.15,0
2025-11-15,wk inc flu prop ed visits,2,2025-11-29,26,quantile,0.15,0
2025-11-15,wk inc flu prop ed visits,3,2025-12-06,26,quantile,0.15,0
2025-11-15,wk inc flu prop ed visits,0,2025-11-15,26,quantile,0.2,0
2025-11-15,wk inc flu prop ed visits,1,2025-11-22,26,quantile,0.2,0
2025-11-15,wk inc flu prop ed visits,2,2025-11-29,26,quantile,0.2,0
2025-11-15,wk inc flu prop ed visits,3,2025-12-06,26,quantile,0.2,0
2025-11-15,wk inc flu prop ed visits,0,2025-11-15,26,quantile,0.25,0
2025-11-15,wk inc flu prop ed visits,1,2025-11-22,26,quantile,0.25,0
2025-11-15,wk inc flu prop ed visits,2,2025-11-29,26,quantile,0.25,0
2025-11-15,wk inc flu prop ed visits,3,2025-12-06,26,quantile,0.25,0
2025-11-15,wk inc flu prop ed visits,0,2025-11-15,26,quantile,0.3,0
2025-11-15,wk inc flu prop ed visits,1,2025-11-22,26,quantile,0.3,0
2025-11-15,wk inc flu prop ed visits,2,2025-11-29,26,quantile,0.3,0
2025-11-15,wk inc flu prop ed visits,3,2025-12-06,26,quantile,0.3,0
2025-11-15,wk inc flu prop ed visits,0,2025-11-15,26,quantile,0.35,0
2025-11-15,wk inc flu prop ed visits,1,2025-11-22,26,quantile,0.35,0
2025-11-15,wk inc flu prop ed visits,2,2025-11-29,26,quantile,0.35,0
2025-11-15,wk inc flu prop ed visits,3,2025-12-06,26,quantile,0.35,0
2025-11-15,wk inc flu prop ed visits,0,2025-11-15,26,quantile,0.4,0
2025-11-15,wk inc flu prop ed visits,1,2025-11-22,26,quantile,0.4,0
2025-11-15,wk inc flu prop ed visits,2,2025-11-29,26,quantile,0.4,0
2025-11-15,wk inc flu prop ed visits,3,2025-12-06,26,quantile,0.4,0
2025-11-15,wk inc flu prop ed visits,0,2025-11-15,26,quantile,0.45,0
2025-11-15,wk inc flu prop ed visits,1,2025-11-22,26,quantile,0.45,0
2025-11-15,wk inc flu prop ed visits,2,2025-11-29,26,quantile,0.45,0
2025-11-15,wk inc flu prop ed visits,3,2025-12-06,26,quantile,0.45,0.004035322089350516
2025-11-15,wk inc flu prop ed visits,0,2025-11-15,26,quantile,0.5,0
2025-11-15,wk inc flu prop ed visits,1,2025-11-22,26,quantile,0.5,0
2025-11-15,wk inc flu prop ed visits,2,2025-11-29,26,quantile,0.5,0
2025-11-15,wk inc flu prop ed visits,3,2025-12-06,26,quantile,0.5,0.00871977864551569
2025-11-15,wk inc flu prop ed visits,0,2025-11-15,26,quantile,0.55,0
2025-11-15,wk inc flu prop ed visits,1,2025-11-22,26,quantile,0.55,0
2025-11-15,wk inc flu prop ed visits,2,2025-11-29,26,quantile,0.55,0.003463765473383214
2025-11-15,wk inc flu prop ed visits,3,2025-12-06,26,quantile,0.55,0.014719285211755863
2025-11-15,wk inc flu prop ed visits,0,2025-11-15,26,quantile,0.6,0
2025-11-15,wk inc flu prop ed visits,1,2025-11-22,26,quantile,0.6,7.82045247845206e-4
2025-11-15,wk inc flu prop ed visits,2,2025-11-29,26,quantile,0.6,0.005894425427654127
2025-11-15,wk inc flu prop ed visits,3,2025-12-06,26,quantile,0.6,0.01833309042489908
2025-11-15,wk inc flu prop ed visits,0,2025-11-15,26,quantile,0.65,0
2025-11-15,wk inc flu prop ed visits,1,2025-11-22,26,quantile,0.65,0.0024092361762952375
2025-11-15,wk inc flu prop ed visits,2,2025-11-29,26,quantile,0.65,0.008156811652814613
2025-11-15,wk inc flu prop ed visits,3,2025-12-06,26,quantile,0.65,0.022369544512243492
2025-11-15,wk inc flu prop ed visits,0,2025-11-15,26,quantile,0.7,0
2025-11-15,wk inc flu prop ed visits,1,2025-11-22,26,quantile,0.7,0.0034083588361588494
2025-11-15,wk inc flu prop ed visits,2,2025-11-29,26,quantile,0.7,0.009559680345909868
2025-11-15,wk inc flu prop ed visits,3,2025-12-06,26,quantile,0.7,0.02526822137671796
2025-11-15,wk inc flu prop ed visits,0,2025-11-15,26,quantile,0.75,1.6793962216132108e-4
2025-11-15,wk inc flu prop ed visits,1,2025-11-22,26,quantile,0.75,0.004164613165712495
2025-11-15,wk inc flu prop ed visits,2,2025-11-29,26,quantile,0.75,0.010465499305823587
2025-11-15,wk inc flu prop ed visits,3,2025-12-06,26,quantile,0.75,0.02666907915476612
2025-11-15,wk inc flu prop ed visits,0,2025-11-15,26,quantile,0.8,9.902256440606173e-4
2025-11-15,wk inc flu prop ed visits,1,2025-11-22,26,quantile,0.8,0.005150426490908737
2025-11-15,wk inc flu prop ed visits,2,2025-11-29,26,quantile,0.8,0.011953057869204626
2025-11-15,wk inc flu prop ed visits,3,2025-12-06,26,quantile,0.8,0.028599780621409564
2025-11-15,wk inc flu prop ed visits,0,2025-11-15,26,quantile,0.85,0.0015806896925931032
2025-11-15,wk inc flu prop ed visits,1,2025-11-22,26,quantile,0.85,0.006509507199730551
2025-11-15,wk inc flu prop ed visits,2,2025-11-29,26,quantile,0.85,0.013767497668956238
2025-11-15,wk inc flu prop ed visits,3,2025-12-06,26,quantile,0.85,0.031276738296703285
2025-11-15,wk inc flu prop ed visits,0,2025-11-15,26,quantile,0.9,0.0024335303589743834
2025-11-15,wk inc flu prop ed visits,1,2025-11-22,26,quantile,0.9,0.00803347562876761
2025-11-15,wk inc flu prop ed visits,2,2025-11-29,26,quantile,0.9,0.016702998961570698
2025-11-15,wk inc flu prop ed visits,3,2025-12-06,26,quantile,0.9,0.035700742911429245
2025-11-15,wk inc flu prop ed visits,0,2025-11-15,26,quantile,0.95,0.004708581574306774
2025-11-15,wk inc flu prop ed visits,1,2025-11-22,26,quantile,0.95,0.016361678355118578
2025-11-15,wk inc flu prop ed visits,2,2025-11-29,26,quantile,0.95,0.028792269125678317
2025-11-15,wk inc flu prop ed visits,3,2025-12-06,26,quantile,0.95,0.05036666733258389
2025-11-15,wk inc flu prop ed visits,0,2025-11-15,26,quantile,0.975,0.012001824032441004
2025-11-15,wk inc flu prop ed visits,1,2025-11-22,26,quantile,0.975,0.02897026941235499
2025-11-15,wk inc flu prop ed visits,2,2025-11-29,26,quantile,0.975,0.050714212574163094
2025-11-15,wk inc flu prop ed visits,3,2025-12-06,26,quantile,0.975,0.08875997800304163
2025-11-15,wk inc flu prop ed visits,0,2025-11-15,26,quantile,0.99,0.012001824032441004
2025-11-15,wk inc flu prop ed visits,1,2025-11-22,26,quantile,0.99,0.02897026941235499
2025-11-15,wk inc flu prop ed visits,2,2025-11-29,26,quantile,0.99,0.050714212574163094
2025-11-15,wk inc flu prop ed visits,3,2025-12-06,26,quantile,0.99,0.09420878800987217
2025-11-15,wk inc flu hosp,0,2025-11-15,26,quantile,0.01,0
2025-11-15,wk inc flu hosp,1,2025-11-22,26,quantile,0.01,0
2025-11-15,wk inc flu hosp,2,2025-11-29,26,quantile,0.01,0
2025-11-15,wk inc flu hosp,3,2025-12-06,26,quantile,0.01,0
2025-11-15,wk inc flu hosp,0,2025-11-15,26,quantile,0.025,0
2025-11-15,wk inc flu hosp,1,2025-11-22,26,quantile,0.025,0
2025-11-15,wk inc flu hosp,2,2025-11-29,26,quantile,0.025,0
2025-11-15,wk inc flu hosp,3,2025-12-06,26,quantile,0.025,0
2025-11-15,wk inc flu hosp,0,2025-11-15,26,quantile,0.05,0
2025-11-15,wk inc flu hosp,1,2025-11-22,26,quantile,0.05,0
2025-11-15,wk inc flu hosp,2,2025-11-29,26,quantile,0.05,0
2025-11-15,wk inc flu hosp,3,2025-12-06,26,quantile,0.05,0
2025-11-15,wk inc flu hosp,0,2025-11-15,26,quantile,0.1,1
2025-11-15,wk inc flu hosp,1,2025-11-22,26,quantile,0.1,12
2025-11-15,wk inc flu hosp,2,2025-11-29,26,quantile,0.1,22
2025-11-15,wk inc flu hosp,3,2025-12-06,26,quantile,0.1,50
2025-11-15,wk inc flu hosp,0,2025-11-15,26,quantile,0.15,3
2025-11-15,wk inc flu hosp,1,2025-11-22,26,quantile,0.15,18
2025-11-15,wk inc flu hosp,2,2025-11-29,26,quantile,0.15,36
2025-11-15,wk inc flu hosp,3,2025-12-06,26,quantile,0.15,78
2025-11-15,wk inc flu hosp,0,2025-11-15,26,quantile,0.2,6
2025-11-15,wk inc flu hosp,1,2025-11-22,26,quantile,0.2,22
2025-11-15,wk inc flu hosp,2,2025-11-29,26,quantile,0.2,47
2025-11-15,wk inc flu hosp,3,2025-12-06,26,quantile,0.2,97
2025-11-15,wk inc flu hosp,0,2025-11-15,26,quantile,0.25,8
2025-11-15,wk inc flu hosp,1,2025-11-22,26,quantile,0.25,27
2025-11-15,wk inc flu hosp,2,2025-11-29,26,quantile,0.25,58
2025-11-15,wk inc flu hosp,3,2025-12-06,26,quantile,0.25,125
2025-11-15,wk inc flu hosp,0,2025-11-15,26,quantile,0.3,9
2025-11-15,wk inc flu hosp,1,2025-11-22,26,quantile,0.3,30
2025-11-15,wk inc flu hosp,2,2025-11-29,26,quantile,0.3,66
2025-11-15,wk inc flu hosp,3,2025-12-06,26,quantile,0.3,140
2025-11-15,wk inc flu hosp,0,2025-11-15,26,quantile,0.35,14
2025-11-15,wk inc flu hosp,1,2025-11-22,26,quantile,0.35,38
2025-11-15,wk inc flu hosp,2,2025-11-29,26,quantile,0.35,80
2025-11-15,wk inc flu hosp,3,2025-12-06,26,quantile,0.35,155
2025-11-15,wk inc flu hosp,0,2025-11-15,26,quantile,0.4,20
2025-11-15,wk inc flu hosp,1,2025-11-22,26,quantile,0.4,45
2025-11-15,wk inc flu hosp,2,2025-11-29,26,quantile,0.4,90
2025-11-15,wk inc flu hosp,3,2025-12-06,26,quantile,0.4,167
2025-11-15,wk inc flu hosp,0,2025-11-15,26,quantile,0.45,24
2025-11-15,wk inc flu hosp,1,2025-11-22,26,quantile,0.45,51
2025-11-15,wk inc flu hosp,2,2025-11-29,26,quantile,0.45,99
2025-11-15,wk inc flu hosp,3,2025-12-06,26,quantile,0.45,181
2025-11-15,wk inc flu hosp,0,2025-11-15,26,quantile,0.5,27
2025-11-15,wk inc flu hosp,1,2025-11-22,26,quantile,0.5,58
2025-11-15,wk inc flu hosp,2,2025-11-29,26,quantile,0.5,111
2025-11-15,wk inc flu hosp,3,2025-12-06,26,quantile,0.5,198
2025-11-15,wk inc flu hosp,0,2025-11-15,26,quantile,0.55,30
2025-11-15,wk inc flu hosp,1,2025-11-22,26,quantile,0.55,63
2025-11-15,wk inc flu hosp,2,2025-11-29,26,quantile,0.55,121
2025-11-15,wk inc flu hosp,3,2025-12-06,26,quantile,0.55,211
2025-11-15,wk inc flu hosp,0,2025-11-15,26,quantile,0.6,32
2025-11-15,wk inc flu hosp,1,2025-11-22,26,quantile,0.6,68
2025-11-15,wk inc flu hosp,2,2025-11-29,26,quantile,0.6,129
2025-11-15,wk inc flu hosp,3,2025-12-06,26,quantile,0.6,223
2025-11-15,wk inc flu hosp,0,2025-11-15,26,quantile,0.65,34
2025-11-15,wk inc flu hosp,1,2025-11-22,26,quantile,0.65,71
2025-11-15,wk inc flu hosp,2,2025-11-29,26,quantile,0.65,136
2025-11-15,wk inc flu hosp,3,2025-12-06,26,quantile,0.65,236
2025-11-15,wk inc flu hosp,0,2025-11-15,26,quantile,0.7,37
2025-11-15,wk inc flu hosp,1,2025-11-22,26,quantile,0.7,75
2025-11-15,wk inc flu hosp,2,2025-11-29,26,quantile,0.7,143
2025-11-15,wk inc flu hosp,3,2025-12-06,26,quantile,0.7,249
2025-11-15,wk inc flu hosp,0,2025-11-15,26,quantile,0.75,42
2025-11-15,wk inc flu hosp,1,2025-11-22,26,quantile,0.75,81
2025-11-15,wk inc flu hosp,2,2025-11-29,26,quantile,0.75,150
2025-11-15,wk inc flu hosp,3,2025-12-06,26,quantile,0.75,258
2025-11-15,wk inc flu hosp,0,2025-11-15,26,quantile,0.8,45
2025-11-15,wk inc flu hosp,1,2025-11-22,26,quantile,0.8,86
2025-11-15,wk inc flu hosp,2,2025-11-29,26,quantile,0.8,159
2025-11-15,wk inc flu hosp,3,2025-12-06,26,quantile,0.8,268
2025-11-15,wk inc flu hosp,0,2025-11-15,26,quantile,0.85,47
2025-11-15,wk inc flu hosp,1,2025-11-22,26,quantile,0.85,91
2025-11-15,wk inc flu hosp,2,2025-11-29,26,quantile,0.85,168
2025-11-15,wk inc flu hosp,3,2025-12-06,26,quantile,0.85,286
2025-11-15,wk inc flu hosp,0,2025-11-15,26,quantile,0.9,51
2025-11-15,wk inc flu hosp,1,2025-11-22,26,quantile,0.9,97
2025-11-15,wk inc flu hosp,2,2025-11-29,26,quantile,0.9,178
2025-11-15,wk inc flu hosp,3,2025-12-06,26,quantile,0.9,305
2025-11-15,wk inc flu hosp,0,2025-11-15,26,quantile,0.95,62
2025-11-15,wk inc flu hosp,1,2025-11-22,26,quantile,0.95,112
2025-11-15,wk inc flu hosp,2,2025-11-29,26,quantile,0.95,209
2025-11-15,wk inc flu hosp,3,2025-12-06,26,quantile,0.95,361
2025-11-15,wk inc flu hosp,0,2025-11-15,26,quantile,0.975,87
2025-11-15,wk inc flu hosp,1,2025-11-22,26,quantile,0.975,190
2025-11-15,wk inc flu hosp,2,2025-11-29,26,quantile,0.975,319
2025-11-15,wk inc flu hosp,3,2025-12-06,26,quantile,0.975,535
2025-11-15,wk inc flu hosp,0,2025-11-15,26,quantile,0.99,87
2025-11-15,wk inc flu hosp,1,2025-11-22,26,quantile,0.99,203
2025-11-15,wk inc flu hosp,2,2025-11-29,26,quantile,0.99,332
2025-11-15,wk inc flu hosp,3,2025-12-06,26,quantile,0.99,567
2025-11-15,wk inc flu prop ed visits,0,2025-11-15,53,quantile,0.01,0
2025-11-15,wk inc flu prop ed visits,1,2025-11-22,53,quantile,0.01,0
2025-11-15,wk inc flu prop ed visits,2,2025-11-29,53,quantile,0.01,0
2025-11-15,wk inc flu prop ed visits,3,2025-12-06,53,quantile,0.01,0
2025-11-15,wk inc flu prop ed visits,0,2025-11-15,53,quantile,0.025,0
2025-11-15,wk inc flu prop ed visits,1,2025-11-22,53,quantile,0.025,0
2025-11-15,wk inc flu prop ed visits,2,2025-11-29,53,quantile,0.025,0
2025-11-15,wk inc flu prop ed visits,3,2025-12-06,53,quantile,0.025,0
2025-11-15,wk inc flu prop ed visits,0,2025-11-15,53,quantile,0.05,0
2025-11-15,wk inc flu prop ed visits,1,2025-11-22,53,quantile,0.05,0
2025-11-15,wk inc flu prop ed visits,2,2025-11-29,53,quantile,0.05,0
2025-11-15,wk inc flu prop ed visits,3,2025-12-06,53,quantile,0.05,0
2025-11-15,wk inc flu prop ed visits,0,2025-11-15,53,quantile,0.1,0
2025-11-15,wk inc flu prop ed visits,1,2025-11-22,53,quantile,0.1,0
2025-11-15,wk inc flu prop ed visits,2,2025-11-29,53,quantile,0.1,0
2025-11-15,wk inc flu prop ed visits,3,2025-12-06,53,quantile,0.1,0
2025-11-15,wk inc flu prop ed visits,0,2025-11-15,53,quantile,0.15,0
2025-11-15,wk inc flu prop ed visits,1,2025-11-22,53,quantile,0.15,0
2025-11-15,wk inc flu prop ed visits,2,2025-11-29,53,quantile,0.15,0
2025-11-15,wk inc flu prop ed visits,3,2025-12-06,53,quantile,0.15,0
2025-11-15,wk inc flu prop ed visits,0,2025-11-15,53,quantile,0.2,0
2025-11-15,wk inc flu prop ed visits,1,2025-11-22,53,quantile,0.2,0
2025-11-15,wk inc flu prop ed visits,2,2025-11-29,53,quantile,0.2,0
2025-11-15,wk inc flu prop ed visits,3,2025-12-06,53,quantile,0.2,0
2025-11-15,wk inc flu prop ed visits,0,2025-11-15,53,quantile,0.25,0
2025-11-15,wk inc flu prop ed visits,1,2025-11-22,53,quantile,0.25,0
2025-11-15,wk inc flu prop ed visits,2,2025-11-29,53,quantile,0.25,0
2025-11-15,wk inc flu prop ed visits,3,2025-12-06,53,quantile,0.25,0
2025-11-15,wk inc flu prop ed visits,0,2025-11-15,53,quantile,0.3,0
2025-11-15,wk inc flu prop ed visits,1,2025-11-22,53,quantile,0.3,0
2025-11-15,wk inc flu prop ed visits,2,2025-11-29,53,quantile,0.3,0
2025-11-15,wk inc flu prop ed visits,3,2025-12-06,53,quantile,0.3,0
2025-11-15,wk inc flu prop ed visits,0,2025-11-15,53,quantile,0.35,0
2025-11-15,wk inc flu prop ed visits,1,2025-11-22,53,quantile,0.35,0
2025-11-15,wk inc flu prop ed visits,2,2025-11-29,53,quantile,0.35,0
2025-11-15,wk inc flu prop ed visits,3,2025-12-06,53,quantile,0.35,0
2025-11-15,wk inc flu prop ed visits,0,2025-11-15,53,quantile,0.4,0
2025-11-15,wk inc flu prop ed visits,1,2025-11-22,53,quantile,0.4,0
2025-11-15,wk inc flu prop ed visits,2,2025-11-29,53,quantile,0.4,0
2025-11-15,wk inc flu prop ed visits,3,2025-12-06,53,quantile,0.4,0
2025-11-15,wk inc flu prop ed visits,0,2025-11-15,53,quantile,0.45,0
2025-11-15,wk inc flu prop ed visits,1,2025-11-22,53,quantile,0.45,0
2025-11-15,wk inc flu prop ed visits,2,2025-11-29,53,quantile,0.45,0
2025-11-15,wk inc flu prop ed visits,3,2025-12-06,53,quantile,0.45,0.0019867008016429405
2025-11-15,wk inc flu prop ed visits,0,2025-11-15,53,quantile,0.5,1.7352218930202605e-4
2025-11-15,wk inc flu prop ed visits,1,2025-11-22,53,quantile,0.5,0
2025-11-15,wk inc flu prop ed visits,2,2025-11-29,53,quantile,0.5,0.0022045209392304163
2025-11-15,wk inc flu prop ed visits,3,2025-12-06,53,quantile,0.5,0.005487549775949172
2025-11-15,wk inc flu prop ed visits,0,2025-11-15,53,quantile,0.55,6.856190674942204e-4
2025-11-15,wk inc flu prop ed visits,1,2025-11-22,53,quantile,0.55,0
2025-11-15,wk inc flu prop ed visits,2,2025-11-29,53,quantile,0.55,0.00442098401029732
2025-11-15,wk inc flu prop ed visits,3,2025-12-06,53,quantile,0.55,0.00987623618475155
2025-11-15,wk inc flu prop ed visits,0,2025-11-15,53,quantile,0.6,0.001796001970744855
2025-11-15,wk inc flu prop ed visits,1,2025-11-22,53,quantile,0.6,0.002154976958167869
2025-11-15,wk inc flu prop ed visits,2,2025-11-29,53,quantile,0.6,0.008434601266916766
2025-11-15,wk inc flu prop ed visits,3,2025-12-06,53,quantile,0.6,0.014788273963837736
2025-11-15,wk inc flu prop ed visits,0,2025-11-15,53,quantile,0.65,0.0027071364634330226
2025-11-15,wk inc flu prop ed visits,1,2025-11-22,53,quantile,0.65,0.0038011470803349006
2025-11-15,wk inc flu prop ed visits,2,2025-11-29,53,quantile,0.65,0.011180517409907328
2025-11-15,wk inc flu prop ed visits,3,2025-12-06,53,quantile,0.65,0.01833174627553488
2025-11-15,wk inc flu prop ed visits,0,2025-11-15,53,quantile,0.7,0.003798719380260813
2025-11-15,wk inc flu prop ed visits,1,2025-11-22,53,quantile,0.7,0.005287715933067374
2025-11-15,wk inc flu prop ed visits,2,2025-11-29,53,quantile,0.7,0.013688150746700163
2025-11-15,wk inc flu prop ed visits,3,2025-12-06,53,quantile,0.7,0.021361183241810817
2025-11-15,wk inc flu prop ed visits,0,2025-11-15,53,quantile,0.75,0.004573575491732989
2025-11-15,wk inc flu prop ed visits,1,2025-11-22,53,quantile,0.75,0.006810558990603524
2025-11-15,wk inc flu prop ed visits,2,2025-11-29,53,quantile,0.75,0.016861511928777634
2025-11-15,wk inc flu prop ed visits,3,2025-12-06,53,quantile,0.75,0.02503921818516659
2025-11-15,wk inc flu prop ed visits,0,2025-11-15,53,quantile,0.8,0.005790743710357417
2025-11-15,wk inc flu prop ed visits,1,2025-11-22,53,quantile,0.8,0.009052785629895988
2025-11-15,wk inc flu prop ed visits,2,2025-11-29,53,quantile,0.8,0.0213242350767893
2025-11-15,wk inc flu prop ed visits,3,2025-12-06,53,quantile,0.8,0.030118237932416234
2025-11-15,wk inc flu prop ed visits,0,2025-11-15,53,quantile,0.85,0.006622967535853049
2025-11-15,wk inc flu prop ed visits,1,2025-11-22,53,quantile,0.85,0.010283741825530731
2025-11-15,wk inc flu prop ed visits,2,2025-11-29,53,quantile,0.85,0.024394801564468598
2025-11-15,wk inc flu prop ed visits,3,2025-12-06,53,quantile,0.85,0.0342331330731083
2025-11-15,wk inc flu prop ed visits,0,2025-11-15,53,quantile,0.9,0.007411603309428336
2025-11-15,wk inc flu prop ed visits,1,2025-11-22,53,quantile,0.9,0.012150054441440879
2025-11-15,wk inc flu prop ed visits,2,2025-11-29,53,quantile,0.9,0.028893600128828502
2025-11-15,wk inc flu prop ed visits,3,2025-12-06,53,quantile,0.9,0.04187032298748575
2025-11-15,wk inc flu prop ed visits,0,2025-11-15,53,quantile,0.95,0.008663158467860218
2025-11-15,wk inc flu prop ed visits,1,2025-11-22,53,quantile,0.95,0.018674522964942233
2025-11-15,wk inc flu prop ed visits,2,2025-11-29,53,quantile,0.95,0.038878786067258156
2025-11-15,wk inc flu prop ed visits,3,2025-12-06,53,quantile,0.95,0.05476896129651033
2025-11-15,wk inc flu prop ed visits,0,2025-11-15,53,quantile,0.975,0.0141535196798952
2025-11-15,wk inc flu prop ed visits,1,2025-11-22,53,quantile,0.975,0.035535614758353797
2025-11-15,wk inc flu prop ed visits,2,2025-11-29,53,quantile,0.975,0.07842016211611176
2025-11-15,wk inc flu prop ed visits,3,2025-12-06,53,quantile,0.975,0.09722963967844789
2025-11-15,wk inc flu prop ed visits,0,2025-11-15,53,quantile,0.99,0.019806538916003265
2025-11-15,wk inc flu prop ed visits,1,2025-11-22,53,quantile,0.99,0.04118863399446186
2025-11-15,wk inc flu prop ed visits,2,2025-11-29,53,quantile,0.99,0.09700991474151409
2025-11-15,wk inc flu prop ed visits,3,2025-12-06,53,quantile,0.99,0.13068918602301335
2025-11-15,wk inc flu hosp,0,2025-11-15,53,quantile,0.01,0
2025-11-15,wk inc flu hosp,1,2025-11-22,53,quantile,0.01,0
2025-11-15,wk inc flu hosp,2,2025-11-29,53,quantile,0.01,0
2025-11-15,wk inc flu hosp,3,2025-12-06,53,quantile,0.01,0
2025-11-15,wk inc flu hosp,0,2025-11-15,53,quantile,0.025,0
2025-11-15,wk inc flu hosp,1,2025-11-22,53,quantile,0.025,0
2025-11-15,wk inc flu hosp,2,2025-11-29,53,quantile,0.025,0
2025-11-15,wk inc flu hosp,3,2025-12-06,53,quantile,0.025,0
2025-11-15,wk inc flu hosp,0,2025-11-15,53,quantile,0.05,0
2025-11-15,wk inc flu hosp,1,2025-11-22,53,quantile,0.05,0
2025-11-15,wk inc flu hosp,2,2025-11-29,53,quantile,0.05,0
2025-11-15,wk inc flu hosp,3,2025-12-06,53,quantile,0.05,0
2025-11-15,wk inc flu hosp,0,2025-11-15,53,quantile,0.1,0
2025-11-15,wk inc flu hosp,1,2025-11-22,53,quantile,0.1,0
2025-11-15,wk inc flu hosp,2,2025-11-29,53,quantile,0.1,0
2025-11-15,wk inc flu hosp,3,2025-12-06,53,quantile,0.1,0
2025-11-15,wk inc flu hosp,0,2025-11-15,53,quantile,0.15,0
2025-11-15,wk inc flu hosp,1,2025-11-22,53,quantile,0.15,0
2025-11-15,wk inc flu hosp,2,2025-11-29,53,quantile,0.15,0
2025-11-15,wk inc flu hosp,3,2025-12-06,53,quantile,0.15,0
2025-11-15,wk inc flu hosp,0,2025-11-15,53,quantile,0.2,0
2025-11-15,wk inc flu hosp,1,2025-11-22,53,quantile,0.2,0
2025-11-15,wk inc flu hosp,2,2025-11-29,53,quantile,0.2,0
2025-11-15,wk inc flu hosp,3,2025-12-06,53,quantile,0.2,0
2025-11-15,wk inc flu hosp,0,2025-11-15,53,quantile,0.25,0
2025-11-15,wk inc flu hosp,1,2025-11-22,53,quantile,0.25,0
2025-11-15,wk inc flu hosp,2,2025-11-29,53,quantile,0.25,0
2025-11-15,wk inc flu hosp,3,2025-12-06,53,quantile,0.25,0
2025-11-15,wk inc flu hosp,0,2025-11-15,53,quantile,0.3,0
2025-11-15,wk inc flu hosp,1,2025-11-22,53,quantile,0.3,0
2025-11-15,wk inc flu hosp,2,2025-11-29,53,quantile,0.3,0
2025-11-15,wk inc flu hosp,3,2025-12-06,53,quantile,0.3,0
2025-11-15,wk inc flu hosp,0,2025-11-15,53,quantile,0.35,0
2025-11-15,wk inc flu hosp,1,2025-11-22,53,quantile,0.35,0
2025-11-15,wk inc flu hosp,2,2025-11-29,53,quantile,0.35,0
2025-11-15,wk inc flu hosp,3,2025-12-06,53,quantile,0.35,3
2025-11-15,wk inc flu hosp,0,2025-11-15,53,quantile,0.4,0
2025-11-15,wk inc flu hosp,1,2025-11-22,53,quantile,0.4,0
2025-11-15,wk inc flu hosp,2,2025-11-29,53,quantile,0.4,24
2025-11-15,wk inc flu hosp,3,2025-12-06,53,quantile,0.4,44
2025-11-15,wk inc flu hosp,0,2025-11-15,53,quantile,0.45,7
2025-11-15,wk inc flu hosp,1,2025-11-22,53,quantile,0.45,0
2025-11-15,wk inc flu hosp,2,2025-11-29,53,quantile,0.45,44
2025-11-15,wk inc flu hosp,3,2025-12-06,53,quantile,0.45,75
2025-11-15,wk inc flu hosp,0,2025-11-15,53,quantile,0.5,10
2025-11-15,wk inc flu hosp,1,2025-11-22,53,quantile,0.5,8
2025-11-15,wk inc flu hosp,2,2025-11-29,53,quantile,0.5,61
2025-11-15,wk inc flu hosp,3,2025-12-06,53,quantile,0.5,101
2025-11-15,wk inc flu hosp,0,2025-11-15,53,quantile,0.55,17
2025-11-15,wk inc flu hosp,1,2025-11-22,53,quantile,0.55,21
2025-11-15,wk inc flu hosp,2,2025-11-29,53,quantile,0.55,79
2025-11-15,wk inc flu hosp,3,2025-12-06,53,quantile,0.55,124
2025-11-15,wk inc flu hosp,0,2025-11-15,53,quantile,0.6,21
2025-11-15,wk inc flu hosp,1,2025-11-22,53,quantile,0.6,34
2025-11-15,wk inc flu hosp,2,2025-11-29,53,quantile,0.6,103
2025-11-15,wk inc flu hosp,3,2025-12-06,53,quantile,0.6,155
2025-11-15,wk inc flu hosp,0,2025-11-15,53,quantile,0.65,29
2025-11-15,wk inc flu hosp,1,2025-11-22,53,quantile,0.65,46
2025-11-15,wk inc flu hosp,2,2025-11-29,53,quantile,0.65,121
2025-11-15,wk inc flu hosp,3,2025-12-06,53,quantile,0.65,178
2025-11-15,wk inc flu hosp,0,2025-11-15,53,quantile,0.7,31
2025-11-15,wk inc flu hosp,1,2025-11-22,53,quantile,0.7,51
2025-11-15,wk inc flu hosp,2,2025-11-29,53,quantile,0.7,144
2025-11-15,wk inc flu hosp,3,2025-12-06,53,quantile,0.7,211
2025-11-15,wk inc flu hosp,0,2025-11-15,53,quantile,0.75,38
2025-11-15,wk inc flu hosp,1,2025-11-22,53,quantile,0.75,61
2025-11-15,wk inc flu hosp,2,2025-11-29,53,quantile,0.75,170
2025-11-15,wk inc flu hosp,3,2025-12-06,53,quantile,0.75,253
2025-11-15,wk inc flu hosp,0,2025-11-15,53,quantile,0.8,44
2025-11-15,wk inc flu hosp,1,2025-11-22,53,quantile,0.8,72
2025-11-15,wk inc flu hosp,2,2025-11-29,53,quantile,0.8,193
2025-11-15,wk inc flu hosp,3,2025-12-06,53,quantile,0.8,285
2025-11-15,wk inc flu hosp,0,2025-11-15,53,quantile,0.85,49
2025-11-15,wk inc flu hosp,1,2025-11-22,53,quantile,0.85,85
2025-11-15,wk inc flu hosp,2,2025-11-29,53,quantile,0.85,220
2025-11-15,wk inc flu hosp,3,2025-12-06,53,quantile,0.85,320
2025-11-15,wk inc flu hosp,0,2025-11-15,53,quantile,0.9,58
2025-11-15,wk inc flu hosp,1,2025-11-22,53,quantile,0.9,102
2025-11-15,wk inc flu hosp,2,2025-11-29,53,quantile,0.9,254
2025-11-15,wk inc flu hosp,3,2025-12-06,53,quantile,0.9,367
2025-11-15,wk inc flu hosp,0,2025-11-15,53,quantile,0.95,63
2025-11-15,wk inc flu hosp,1,2025-11-22,53,quantile,0.95,134
2025-11-15,wk inc flu hosp,2,2025-11-29,53,quantile,0.95,322
2025-11-15,wk inc flu hosp,3,2025-12-06,53,quantile,0.95,466
2025-11-15,wk inc flu hosp,0,2025-11-15,53,quantile,0.975,79
2025-11-15,wk inc flu hosp,1,2025-11-22,53,quantile,0.975,213
2025-11-15,wk inc flu hosp,2,2025-11-29,53,quantile,0.975,603
2025-11-15,wk inc flu hosp,3,2025-12-06,53,quantile,0.975,984
2025-11-15,wk inc flu hosp,0,2025-11-15,53,quantile,0.99,140
2025-11-15,wk inc flu hosp,1,2025-11-22,53,quantile,0.99,329
2025-11-15,wk inc flu hosp,2,2025-11-29,53,quantile,0.99,807
2025-11-15,wk inc flu hosp,3,2025-12-06,53,quantile,0.99,1287
2025-11-15,wk inc flu prop ed visits,0,2025-11-15,15,quantile,0.01,0
2025-11-15,wk inc flu prop ed visits,1,2025-11-22,15,quantile,0.01,0
2025-11-15,wk inc flu prop ed visits,2,2025-11-29,15,quantile,0.01,0
2025-11-15,wk inc flu prop ed visits,3,2025-12-06,15,quantile,0.01,0
2025-11-15,wk inc flu prop ed visits,0,2025-11-15,15,quantile,0.025,0
2025-11-15,wk inc flu prop ed visits,1,2025-11-22,15,quantile,0.025,0
2025-11-15,wk inc flu prop ed visits,2,2025-11-29,15,quantile,0.025,0
2025-11-15,wk inc flu prop ed visits,3,2025-12-06,15,quantile,0.025,0
2025-11-15,wk inc flu prop ed visits,0,2025-11-15,15,quantile,0.05,0
2025-11-15,wk inc flu prop ed visits,1,2025-11-22,15,quantile,0.05,0
2025-11-15,wk inc flu prop ed visits,2,2025-11-29,15,quantile,0.05,0
2025-11-15,wk inc flu prop ed visits,3,2025-12-06,15,quantile,0.05,0
2025-11-15,wk inc flu prop ed visits,0,2025-11-15,15,quantile,0.1,0
2025-11-15,wk inc flu prop ed visits,1,2025-11-22,15,quantile,0.1,0
2025-11-15,wk inc flu prop ed visits,2,2025-11-29,15,quantile,0.1,0
2025-11-15,wk inc flu prop ed visits,3,2025-12-06,15,quantile,0.1,0
2025-11-15,wk inc flu prop ed visits,0,2025-11-15,15,quantile,0.15,0
2025-11-15,wk inc flu prop ed visits,1,2025-11-22,15,quantile,0.15,0
2025-11-15,wk inc flu prop ed visits,2,2025-11-29,15,quantile,0.15,0
2025-11-15,wk inc flu prop ed visits,3,2025-12-06,15,quantile,0.15,0
2025-11-15,wk inc flu prop ed visits,0,2025-11-15,15,quantile,0.2,0
2025-11-15,wk inc flu prop ed visits,1,2025-11-22,15,quantile,0.2,0
2025-11-15,wk inc flu prop ed visits,2,2025-11-29,15,quantile,0.2,0
2025-11-15,wk inc flu prop ed visits,3,2025-12-06,15,quantile,0.2,0
2025-11-15,wk inc flu prop ed visits,0,2025-11-15,15,quantile,0.25,1.858109360415145e-4
2025-11-15,wk inc flu prop ed visits,1,2025-11-22,15,quantile,0.25,0
2025-11-15,wk inc flu prop ed visits,2,2025-11-29,15,quantile,0.25,0
2025-11-15,wk inc flu prop ed visits,3,2025-12-06,15,quantile,0.25,0
2025-11-15,wk inc flu prop ed visits,0,2025-11-15,15,quantile,0.3,8.111696026966929e-4
2025-11-15,wk inc flu prop ed visits,1,2025-11-22,15,quantile,0.3,0
2025-11-15,wk inc flu prop ed visits,2,2025-11-29,15,quantile,0.3,0
2025-11-15,wk inc flu prop ed visits,3,2025-12-06,15,quantile,0.3,0.004165811648071522
2025-11-15,wk inc flu prop ed visits,0,2025-11-15,15,quantile,0.35,0.0017980159515508238
2025-11-15,wk inc flu prop ed visits,1,2025-11-22,15,quantile,0.35,0.001300611049761796
2025-11-15,wk inc flu prop ed visits,2,2025-11-29,15,quantile,0.35,8.015585771976529e-4
2025-11-15,wk inc flu prop ed visits,3,2025-12-06,15,quantile,0.35,0.008393918371069677
2025-11-15,wk inc flu prop ed visits,0,2025-11-15,15,quantile,0.4,0.0026645598863506642
2025-11-15,wk inc flu prop ed visits,1,2025-11-22,15,quantile,0.4,0.002603471620300641
2025-11-15,wk inc flu prop ed visits,2,2025-11-29,15,quantile,0.4,0.00258518259031735
2025-11-15,wk inc flu prop ed visits,3,2025-12-06,15,quantile,0.4,0.011227933085690088
2025-11-15,wk inc flu prop ed visits,0,2025-11-15,15,quantile,0.45,0.0030480641527121564
2025-11-15,wk inc flu prop ed visits,1,2025-11-22,15,quantile,0.45,0.0033161712772159274
2025-11-15,wk inc flu prop ed visits,2,2025-11-29,15,quantile,0.45,0.003664749871775521
2025-11-15,wk inc flu prop ed visits,3,2025-12-06,15,quantile,0.45,0.012634924935406517
2025-11-15,wk inc flu prop ed visits,0,2025-11-15,15,quantile,0.5,0.003391880056549762
2025-11-15,wk inc flu prop ed visits,1,2025-11-22,15,quantile,0.5,0.004108207276091805
2025-11-15,wk inc flu prop ed visits,2,2025-11-29,15,quantile,0.5,0.005052699970261552
2025-11-15,wk inc flu prop ed visits,3,2025-12-06,15,quantile,0.5,0.014661585471036279
2025-11-15,wk inc flu prop ed visits,0,2025-11-15,15,quantile,0.55,0.0038919978653676177
2025-11-15,wk inc flu prop ed visits,1,2025-11-22,15,quantile,0.55,0.005620747525346533
2025-11-15,wk inc flu prop ed visits,2,2025-11-29,15,quantile,0.55,0.006912235701341751
2025-11-15,wk inc flu prop ed visits,3,2025-12-06,15,quantile,0.55,0.017253735894279414
2025-11-15,wk inc flu prop ed visits,0,2025-11-15,15,quantile,0.6,0.0042142486320356064
2025-11-15,wk inc flu prop ed visits,1,2025-11-22,15,quantile,0.6,0.006703359066412958
2025-11-15,wk inc flu prop ed visits,2,2025-11-29,15,quantile,0.6,0.008748081147224902
2025-11-15,wk inc flu prop ed visits,3,2025-12-06,15,quantile,0.6,0.019706989951527636
2025-11-15,wk inc flu prop ed visits,0,2025-11-15,15,quantile,0.65,0.004680781673427916
2025-11-15,wk inc flu prop ed visits,1,2025-11-22,15,quantile,0.65,0.007643656259005647
2025-11-15,wk inc flu prop ed visits,2,2025-11-29,15,quantile,0.65,0.010041402224307439
2025-11-15,wk inc flu prop ed visits,3,2025-12-06,15,quantile,0.65,0.021367730887947363
2025-11-15,wk inc flu prop ed visits,0,2025-11-15,15,quantile,0.7,0.004930380375241345
2025-11-15,wk inc flu prop ed visits,1,2025-11-22,15,quantile,0.7,0.008610883112882939
2025-11-15,wk inc flu prop ed visits,2,2025-11-29,15,quantile,0.7,0.01129553990402351
2025-11-15,wk inc flu prop ed visits,3,2025-12-06,15,quantile,0.7,0.023342700698721415
2025-11-15,wk inc flu prop ed visits,0,2025-11-15,15,quantile,0.75,0.005578579985362906
2025-11-15,wk inc flu prop ed visits,1,2025-11-22,15,quantile,0.75,0.009672945708712577
2025-11-15,wk inc flu prop ed visits,2,2025-11-29,15,quantile,0.75,0.012578682198525768
2025-11-15,wk inc flu prop ed visits,3,2025-12-06,15,quantile,0.75,0.025169371538546398
2025-11-15,wk inc flu prop ed visits,0,2025-11-15,15,quantile,0.8,0.0060256370699682295
2025-11-15,wk inc flu prop ed visits,1,2025-11-22,15,quantile,0.8,0.011010479181141791
2025-11-15,wk inc flu prop ed visits,2,2025-11-29,15,quantile,0.8,0.014228768772225
2025-11-15,wk inc flu prop ed visits,3,2025-12-06,15,quantile,0.8,0.027593304779795047
2025-11-15,wk inc flu prop ed visits,0,2025-11-15,15,quantile,0.85,0.006873059128469778
2025-11-15,wk inc flu prop ed visits,1,2025-11-22,15,quantile,0.85,0.012875396152342214
2025-11-15,wk inc flu prop ed visits,2,2025-11-29,15,quantile,0.85,0.01663120629764766
2025-11-15,wk inc flu prop ed visits,3,2025-12-06,15,quantile,0.85,0.030581097790275527
2025-11-15,wk inc flu prop ed visits,0,2025-11-15,15,quantile,0.9,0.0078063256841796455
2025-11-15,wk inc flu prop ed visits,1,2025-11-22,15,quantile,0.9,0.014652593701067413
2025-11-15,wk inc flu prop ed visits,2,2025-11-29,15,quantile,0.9,0.0201489492623819
2025-11-15,wk inc flu prop ed visits,3,2025-12-06,15,quantile,0.9,0.03523069743542369
2025-11-15,wk inc flu prop ed visits,0,2025-11-15,15,quantile,0.95,0.008618973412384798
2025-11-15,wk inc flu prop ed visits,1,2025-11-22,15,quantile,0.95,0.016746761039462734
2025-11-15,wk inc flu prop ed visits,2,2025-11-29,15,quantile,0.95,0.02287363304821366
2025-11-15,wk inc flu prop ed visits,3,2025-12-06,15,quantile,0.95,0.038453572737238165
2025-11-15,wk inc flu prop ed visits,0,2025-11-15,15,quantile,0.975,0.009012925373517435
2025-11-15,wk inc flu prop ed visits,1,2025-11-22,15,quantile,0.975,0.018753237153107886
2025-11-15,wk inc flu prop ed visits,2,2025-11-29,15,quantile,0.975,0.025452832159642863
2025-11-15,wk inc flu prop ed visits,3,2025-12-06,15,quantile,0.975,0.04193515256778849
2025-11-15,wk inc flu prop ed visits,0,2025-11-15,15,quantile,0.99,0.009469508617955421
2025-11-15,wk inc flu prop ed visits,1,2025-11-22,15,quantile,0.99,0.022629295186213504
2025-11-15,wk inc flu prop ed visits,2,2025-11-29,15,quantile,0.99,0.031044923390966248
2025-11-15,wk inc flu prop ed visits,3,2025-12-06,15,quantile,0.99,0.04885517908883318
2025-11-15,wk inc flu hosp,0,2025-11-15,15,quantile,0.01,0
2025-11-15,wk inc flu hosp,1,2025-11-22,15,quantile,0.01,0
2025-11-15,wk inc flu hosp,2,2025-11-29,15,quantile,0.01,0
2025-11-15,wk inc flu hosp,3,2025-12-06,15,quantile,0.01,0
2025-11-15,wk inc flu hosp,0,2025-11-15,15,quantile,0.025,0
2025-11-15,wk inc flu hosp,1,2025-11-22,15,quantile,0.025,0
2025-11-15,wk inc flu hosp,2,2025-11-29,15,quantile,0.025,0
2025-11-15,wk inc flu hosp,3,2025-12-06,15,quantile,0.025,0
2025-11-15,wk inc flu hosp,0,2025-11-15,15,quantile,0.05,0
2025-11-15,wk inc flu hosp,1,2025-11-22,15,quantile,0.05,0
2025-11-15,wk inc flu hosp,2,2025-11-29,15,quantile,0.05,0
2025-11-15,wk inc flu hosp,3,2025-12-06,15,quantile,0.05,0
2025-11-15,wk inc flu hosp,0,2025-11-15,15,quantile,0.1,0
2025-11-15,wk inc flu hosp,1,2025-11-22,15,quantile,0.1,0
2025-11-15,wk inc flu hosp,2,2025-11-29,15,quantile,0.1,0
2025-11-15,wk inc flu hosp,3,2025-12-06,15,quantile,0.1,0
2025-11-15,wk inc flu hosp,0,2025-11-15,15,quantile,0.15,0
2025-11-15,wk inc flu hosp,1,2025-11-22,15,quantile,0.15,0
2025-11-15,wk inc flu hosp,2,2025-11-29,15,quantile,0.15,0
2025-11-15,wk inc flu hosp,3,2025-12-06,15,quantile,0.15,0
2025-11-15,wk inc flu hosp,0,2025-11-15,15,quantile,0.2,0
2025-11-15,wk inc flu hosp,1,2025-11-22,15,quantile,0.2,0
2025-11-15,wk inc flu hosp,2,2025-11-29,15,quantile,0.2,0
2025-11-15,wk inc flu hosp,3,2025-12-06,15,quantile,0.2,0
2025-11-15,wk inc flu hosp,0,2025-11-15,15,quantile,0.25,0
2025-11-15,wk inc flu hosp,1,2025-11-22,15,quantile,0.25,0
2025-11-15,wk inc flu hosp,2,2025-11-29,15,quantile,0.25,0
2025-11-15,wk inc flu hosp,3,2025-12-06,15,quantile,0.25,0
2025-11-15,wk inc flu hosp,0,2025-11-15,15,quantile,0.3,0
2025-11-15,wk inc flu hosp,1,2025-11-22,15,quantile,0.3,0
2025-11-15,wk inc flu hosp,2,2025-11-29,15,quantile,0.3,0
2025-11-15,wk inc flu hosp,3,2025-12-06,15,quantile,0.3,0
2025-11-15,wk inc flu hosp,0,2025-11-15,15,quantile,0.35,0
2025-11-15,wk inc flu hosp,1,2025-11-22,15,quantile,0.35,0
2025-11-15,wk inc flu hosp,2,2025-11-29,15,quantile,0.35,0
2025-11-15,wk inc flu hosp,3,2025-12-06,15,quantile,0.35,0
2025-11-15,wk inc flu hosp,0,2025-11-15,15,quantile,0.4,0
2025-11-15,wk inc flu hosp,1,2025-11-22,15,quantile,0.4,0
2025-11-15,wk inc flu hosp,2,2025-11-29,15,quantile,0.4,0
2025-11-15,wk inc flu hosp,3,2025-12-06,15,quantile,0.4,4
2025-11-15,wk inc flu hosp,0,2025-11-15,15,quantile,0.45,0
2025-11-15,wk inc flu hosp,1,2025-11-22,15,quantile,0.45,0
2025-11-15,wk inc flu hosp,2,2025-11-29,15,quantile,0.45,0
2025-11-15,wk inc flu hosp,3,2025-12-06,15,quantile,0.45,6
2025-11-15,wk inc flu hosp,0,2025-11-15,15,quantile,0.5,0
2025-11-15,wk inc flu hosp,1,2025-11-22,15,quantile,0.5,0
2025-11-15,wk inc flu hosp,2,2025-11-29,15,quantile,0.5,0
2025-11-15,wk inc flu hosp,3,2025-12-06,15,quantile,0.5,10
2025-11-15,wk inc flu hosp,0,2025-11-15,15,quantile,0.55,1
2025-11-15,wk inc flu hosp,1,2025-11-22,15,quantile,0.55,0
2025-11-15,wk inc flu hosp,2,2025-11-29,15,quantile,0.55,0
2025-11-15,wk inc flu hosp,3,2025-12-06,15,quantile,0.55,12
2025-11-15,wk inc flu hosp,0,2025-11-15,15,quantile,0.6,1
2025-11-15,wk inc flu hosp,1,2025-11-22,15,quantile,0.6,2
2025-11-15,wk inc flu hosp,2,2025-11-29,15,quantile,0.6,3
2025-11-15,wk inc flu hosp,3,2025-12-06,15,quantile,0.6,16
2025-11-15,wk inc flu hosp,0,2025-11-15,15,quantile,0.65,2
2025-11-15,wk inc flu hosp,1,2025-11-22,15,quantile,0.65,3
2025-11-15,wk inc flu hosp,2,2025-11-29,15,quantile,0.65,4
2025-11-15,wk inc flu hosp,3,2025-12-06,15,quantile,0.65,18
2025-11-15,wk inc flu hosp,0,2025-11-15,15,quantile,0.7,2
2025-11-15,wk inc flu hosp,1,2025-11-22,15,quantile,0.7,5
2025-11-15,wk inc flu hosp,2,2025-11-29,15,quantile,0.7,6
2025-11-15,wk inc flu hosp,3,2025-12-06,15,quantile,0.7,20
2025-11-15,wk inc flu hosp,0,2025-11-15,15,quantile,0.75,3
2025-11-15,wk inc flu hosp,1,2025-11-22,15,quantile,0.75,6
2025-11-15,wk inc flu hosp,2,2025-11-29,15,quantile,0.75,8
2025-11-15,wk inc flu hosp,3,2025-12-06,15,quantile,0.75,22
2025-11-15,wk inc flu hosp,0,2025-11-15,15,quantile,0.8,4
2025-11-15,wk inc flu hosp,1,2025-11-22,15,quantile,0.8,7
2025-11-15,wk inc flu hosp,2,2025-11-29,15,quantile,0.8,10
2025-11-15,wk inc flu hosp,3,2025-12-06,15,quantile,0.8,25
2025-11-15,wk inc flu hosp,0,2025-11-15,15,quantile,0.85,4
2025-11-15,wk inc flu hosp,1,2025-11-22,15,quantile,0.85,10
2025-11-15,wk inc flu hosp,2,2025-11-29,15,quantile,0.85,13
2025-11-15,wk inc flu hosp,3,2025-12-06,15,quantile,0.85,28
2025-11-15,wk inc flu hosp,0,2025-11-15,15,quantile,0.9,5
2025-11-15,wk inc flu hosp,1,2025-11-22,15,quantile,0.9,12
2025-11-15,wk inc flu hosp,2,2025-11-29,15,quantile,0.9,18
2025-11-15,wk inc flu hosp,3,2025-12-06,15,quantile,0.9,34
2025-11-15,wk inc flu hosp,0,2025-11-15,15,quantile,0.95,6
2025-11-15,wk inc flu hosp,1,2025-11-22,15,quantile,0.95,15
2025-11-15,wk inc flu hosp,2,2025-11-29,15,quantile,0.95,22
2025-11-15,wk inc flu hosp,3,2025-12-06,15,quantile,0.95,41
2025-11-15,wk inc flu hosp,0,2025-11-15,15,quantile,0.975,7
2025-11-15,wk inc flu hosp,1,2025-11-22,15,quantile,0.975,20
2025-11-15,wk inc flu hosp,2,2025-11-29,15,quantile,0.975,30
2025-11-15,wk inc flu hosp,3,2025-12-06,15,quantile,0.975,52
2025-11-15,wk inc flu hosp,0,2025-11-15,15,quantile,0.99,9
2025-11-15,wk inc flu hosp,1,2025-11-22,15,quantile,0.99,32
2025-11-15,wk inc flu hosp,2,2025-11-29,15,quantile,0.99,48
2025-11-15,wk inc flu hosp,3,2025-12-06,15,quantile,0.99,74
2025-11-15,wk inc flu prop ed visits,0,2025-11-15,31,quantile,0.01,0
2025-11-15,wk inc flu prop ed visits,1,2025-11-22,31,quantile,0.01,0
2025-11-15,wk inc flu prop ed visits,2,2025-11-29,31,quantile,0.01,0
2025-11-15,wk inc flu prop ed visits,3,2025-12-06,31,quantile,0.01,0
2025-11-15,wk inc flu prop ed visits,0,2025-11-15,31,quantile,0.025,0
2025-11-15,wk inc flu prop ed visits,1,2025-11-22,31,quantile,0.025,0
2025-11-15,wk inc flu prop ed visits,2,2025-11-29,31,quantile,0.025,0
2025-11-15,wk inc flu prop ed visits,3,2025-12-06,31,quantile,0.025,0
2025-11-15,wk inc flu prop ed visits,0,2025-11-15,31,quantile,0.05,0
2025-11-15,wk inc flu prop ed visits,1,2025-11-22,31,quantile,0.05,0
2025-11-15,wk inc flu prop ed visits,2,2025-11-29,31,quantile,0.05,0
2025-11-15,wk inc flu prop ed visits,3,2025-12-06,31,quantile,0.05,0
2025-11-15,wk inc flu prop ed visits,0,2025-11-15,31,quantile,0.1,0
2025-11-15,wk inc flu prop ed visits,1,2025-11-22,31,quantile,0.1,0
2025-11-15,wk inc flu prop ed visits,2,2025-11-29,31,quantile,0.1,0
2025-11-15,wk inc flu prop ed visits,3,2025-12-06,31,quantile,0.1,0
2025-11-15,wk inc flu prop ed visits,0,2025-11-15,31,quantile,0.15,0
2025-11-15,wk inc flu prop ed visits,1,2025-11-22,31,quantile,0.15,0
2025-11-15,wk inc flu prop ed visits,2,2025-11-29,31,quantile,0.15,0
2025-11-15,wk inc flu prop ed visits,3,2025-12-06,31,quantile,0.15,0
2025-11-15,wk inc flu prop ed visits,0,2025-11-15,31,quantile,0.2,2.86149385615777e-4
2025-11-15,wk inc flu prop ed visits,1,2025-11-22,31,quantile,0.2,0
2025-11-15,wk inc flu prop ed visits,2,2025-11-29,31,quantile,0.2,0
2025-11-15,wk inc flu prop ed visits,3,2025-12-06,31,quantile,0.2,0
2025-11-15,wk inc flu prop ed visits,0,2025-11-15,31,quantile,0.25,7.212058479142672e-4
2025-11-15,wk inc flu prop ed visits,1,2025-11-22,31,quantile,0.25,0
2025-11-15,wk inc flu prop ed visits,2,2025-11-29,31,quantile,0.25,0
2025-11-15,wk inc flu prop ed visits,3,2025-12-06,31,quantile,0.25,0
2025-11-15,wk inc flu prop ed visits,0,2025-11-15,31,quantile,0.3,9.286982713659239e-4
2025-11-15,wk inc flu prop ed visits,1,2025-11-22,31,quantile,0.3,0
2025-11-15,wk inc flu prop ed visits,2,2025-11-29,31,quantile,0.3,0
2025-11-15,wk inc flu prop ed visits,3,2025-12-06,31,quantile,0.3,0
2025-11-15,wk inc flu prop ed visits,0,2025-11-15,31,quantile,0.35,0.0011321488408119887
2025-11-15,wk inc flu prop ed visits,1,2025-11-22,31,quantile,0.35,0
2025-11-15,wk inc flu prop ed visits,2,2025-11-29,31,quantile,0.35,0
2025-11-15,wk inc flu prop ed visits,3,2025-12-06,31,quantile,0.35,6.648132316279872e-4
2025-11-15,wk inc flu prop ed visits,0,2025-11-15,31,quantile,0.4,0.0013140291775449679
2025-11-15,wk inc flu prop ed visits,1,2025-11-22,31,quantile,0.4,0
2025-11-15,wk inc flu prop ed visits,2,2025-11-29,31,quantile,0.4,0.0011976373930645667
2025-11-15,wk inc flu prop ed visits,3,2025-12-06,31,quantile,0.4,0.0024443552390755285
2025-11-15,wk inc flu prop ed visits,0,2025-11-15,31,quantile,0.45,0.0017099689588902993
2025-11-15,wk inc flu prop ed visits,1,2025-11-22,31,quantile,0.45,0
2025-11-15,wk inc flu prop ed visits,2,2025-11-29,31,quantile,0.45,0.00236223658600022
2025-11-15,wk inc flu prop ed visits,3,2025-12-06,31,quantile,0.45,0.004129479211999819
2025-11-15,wk inc flu prop ed visits,0,2025-11-15,31,quantile,0.5,0.002376115310580003
2025-11-15,wk inc flu prop ed visits,1,2025-11-22,31,quantile,0.5,1.9255577586880756e-4
2025-11-15,wk inc flu prop ed visits,2,2025-11-29,31,quantile,0.5,0.0037213892283672278
2025-11-15,wk inc flu prop ed visits,3,2025-12-06,31,quantile,0.5,0.00563490325766046
2025-11-15,wk inc flu prop ed visits,0,2025-11-15,31,quantile,0.55,0.0028472645493598943
2025-11-15,wk inc flu prop ed visits,1,2025-11-22,31,quantile,0.55,0.0011161892597925513
2025-11-15,wk inc flu prop ed visits,2,2025-11-29,31,quantile,0.55,0.004889921714773484
2025-11-15,wk inc flu prop ed visits,3,2025-12-06,31,quantile,0.55,0.0069763194576154324
2025-11-15,wk inc flu prop ed visits,0,2025-11-15,31,quantile,0.6,0.0031672535551038857
2025-11-15,wk inc flu prop ed visits,1,2025-11-22,31,quantile,0.6,0.0017527748613436291
2025-11-15,wk inc flu prop ed visits,2,2025-11-29,31,quantile,0.6,0.005676099201216254
2025-11-15,wk inc flu prop ed visits,3,2025-12-06,31,quantile,0.6,0.007995513004025631
2025-11-15,wk inc flu prop ed visits,0,2025-11-15,31,quantile,0.65,0.003485650405751138
2025-11-15,wk inc flu prop ed visits,1,2025-11-22,31,quantile,0.65,0.002247396326998125
2025-11-15,wk inc flu prop ed visits,2,2025-11-29,31,quantile,0.65,0.006622096325769201
2025-11-15,wk inc flu prop ed visits,3,2025-12-06,31,quantile,0.65,0.009343009483502016
2025-11-15,wk inc flu prop ed visits,0,2025-11-15,31,quantile,0.7,0.0037545546380243415
2025-11-15,wk inc flu prop ed visits,1,2025-11-22,31,quantile,0.7,0.0027578909517722815
2025-11-15,wk inc flu prop ed visits,2,2025-11-29,31,quantile,0.7,0.007315896345051515
2025-11-15,wk inc flu prop ed visits,3,2025-12-06,31,quantile,0.7,0.010453802533602568
2025-11-15,wk inc flu prop ed visits,0,2025-11-15,31,quantile,0.75,0.0044715424721002515
2025-11-15,wk inc flu prop ed visits,1,2025-11-22,31,quantile,0.75,0.0037175666182702586
2025-11-15,wk inc flu prop ed visits,2,2025-11-29,31,quantile,0.75,0.008662566533210084
2025-11-15,wk inc flu prop ed visits,3,2025-12-06,31,quantile,0.75,0.012245881183398182
2025-11-15,wk inc flu prop ed visits,0,2025-11-15,31,quantile,0.8,0.00524825383928298
2025-11-15,wk inc flu prop ed visits,1,2025-11-22,31,quantile,0.8,0.004683511556177197
2025-11-15,wk inc flu prop ed visits,2,2025-11-29,31,quantile,0.8,0.010467652361345144
2025-11-15,wk inc flu prop ed visits,3,2025-12-06,31,quantile,0.8,0.015195195706498741
2025-11-15,wk inc flu prop ed visits,0,2025-11-15,31,quantile,0.85,0.0060756240579314304
2025-11-15,wk inc flu prop ed visits,1,2025-11-22,31,quantile,0.85,0.005727111150456022
2025-11-15,wk inc flu prop ed visits,2,2025-11-29,31,quantile,0.85,0.012451228237543036
2025-11-15,wk inc flu prop ed visits,3,2025-12-06,31,quantile,0.85,0.01809362926727919
2025-11-15,wk inc flu prop ed visits,0,2025-11-15,31,quantile,0.9,0.0064774289663497246
2025-11-15,wk inc flu prop ed visits,1,2025-11-22,31,quantile,0.9,0.006652166875121537
2025-11-15,wk inc flu prop ed visits,2,2025-11-29,31,quantile,0.9,0.01342016176276531
2025-11-15,wk inc flu prop ed visits,3,2025-12-06,31,quantile,0.9,0.01924227249333775
2025-11-15,wk inc flu prop ed visits,0,2025-11-15,31,quantile,0.95,0.007015813025413731
2025-11-15,wk inc flu prop ed visits,1,2025-11-22,31,quantile,0.95,0.011889153166708816
2025-11-15,wk inc flu prop ed visits,2,2025-11-29,31,quantile,0.95,0.01892610441800369
2025-11-15,wk inc flu prop ed visits,3,2025-12-06,31,quantile,0.95,0.025307159230153822
2025-11-15,wk inc flu prop ed visits,0,2025-11-15,31,quantile,0.975,0.011269319448717946
2025-11-15,wk inc flu prop ed visits,1,2025-11-22,31,quantile,0.975,0.02737412591145168
2025-11-15,wk inc flu prop ed visits,2,2025-11-29,31,quantile,0.975,0.03751405795615941
2025-11-15,wk inc flu prop ed visits,3,2025-12-06,31,quantile,0.975,0.050433938720064846
2025-11-15,wk inc flu prop ed visits,0,2025-11-15,31,quantile,0.99,0.011269319448717946
2025-11-15,wk inc flu prop ed visits,1,2025-11-22,31,quantile,0.99,0.02737412591145168
2025-11-15,wk inc flu prop ed visits,2,2025-11-29,31,quantile,0.99,0.03958590313400149
2025-11-15,wk inc flu prop ed visits,3,2025-12-06,31,quantile,0.99,0.05705921287016801
2025-11-15,wk inc flu hosp,0,2025-11-15,31,quantile,0.01,0
2025-11-15,wk inc flu hosp,1,2025-11-22,31,quantile,0.01,0
2025-11-15,wk inc flu hosp,2,2025-11-29,31,quantile,0.01,0
2025-11-15,wk inc flu hosp,3,2025-12-06,31,quantile,0.01,0
2025-11-15,wk inc flu hosp,0,2025-11-15,31,quantile,0.025,0
2025-11-15,wk inc flu hosp,1,2025-11-22,31,quantile,0.025,0
2025-11-15,wk inc flu hosp,2,2025-11-29,31,quantile,0.025,0
2025-11-15,wk inc flu hosp,3,2025-12-06,31,quantile,0.025,0
2025-11-15,wk inc flu hosp,0,2025-11-15,31,quantile,0.05,0
2025-11-15,wk inc flu hosp,1,2025-11-22,31,quantile,0.05,0
2025-11-15,wk inc flu hosp,2,2025-11-29,31,quantile,0.05,0
2025-11-15,wk inc flu hosp,3,2025-12-06,31,quantile,0.05,0
2025-11-15,wk inc flu hosp,0,2025-11-15,31,quantile,0.1,0
2025-11-15,wk inc flu hosp,1,2025-11-22,31,quantile,0.1,0
2025-11-15,wk inc flu hosp,2,2025-11-29,31,quantile,0.1,0
2025-11-15,wk inc flu hosp,3,2025-12-06,31,quantile,0.1,0
2025-11-15,wk inc flu hosp,0,2025-11-15,31,quantile,0.15,0
2025-11-15,wk inc flu hosp,1,2025-11-22,31,quantile,0.15,0
2025-11-15,wk inc flu hosp,2,2025-11-29,31,quantile,0.15,0
2025-11-15,wk inc flu hosp,3,2025-12-06,31,quantile,0.15,0
2025-11-15,wk inc flu hosp,0,2025-11-15,31,quantile,0.2,3
2025-11-15,wk inc flu hosp,1,2025-11-22,31,quantile,0.2,0
2025-11-15,wk inc flu hosp,2,2025-11-29,31,quantile,0.2,0
2025-11-15,wk inc flu hosp,3,2025-12-06,31,quantile,0.2,0
2025-11-15,wk inc flu hosp,0,2025-11-15,31,quantile,0.25,4
2025-11-15,wk inc flu hosp,1,2025-11-22,31,quantile,0.25,0
2025-11-15,wk inc flu hosp,2,2025-11-29,31,quantile,0.25,0
2025-11-15,wk inc flu hosp,3,2025-12-06,31,quantile,0.25,0
2025-11-15,wk inc flu hosp,0,2025-11-15,31,quantile,0.3,5
2025-11-15,wk inc flu hosp,1,2025-11-22,31,quantile,0.3,0
2025-11-15,wk inc flu hosp,2,2025-11-29,31,quantile,0.3,0
2025-11-15,wk inc flu hosp,3,2025-12-06,31,quantile,0.3,0
2025-11-15,wk inc flu hosp,0,2025-11-15,31,quantile,0.35,5
2025-11-15,wk inc flu hosp,1,2025-11-22,31,quantile,0.35,0
2025-11-15,wk inc flu hosp,2,2025-11-29,31,quantile,0.35,0
2025-11-15,wk inc flu hosp,3,2025-12-06,31,quantile,0.35,0
2025-11-15,wk inc flu hosp,0,2025-11-15,31,quantile,0.4,7
2025-11-15,wk inc flu hosp,1,2025-11-22,31,quantile,0.4,0
2025-11-15,wk inc flu hosp,2,2025-11-29,31,quantile,0.4,3
2025-11-15,wk inc flu hosp,3,2025-12-06,31,quantile,0.4,2
2025-11-15,wk inc flu hosp,0,2025-11-15,31,quantile,0.45,8
2025-11-15,wk inc flu hosp,1,2025-11-22,31,quantile,0.45,0
2025-11-15,wk inc flu hosp,2,2025-11-29,31,quantile,0.45,7
2025-11-15,wk inc flu hosp,3,2025-12-06,31,quantile,0.45,7
2025-11-15,wk inc flu hosp,0,2025-11-15,31,quantile,0.5,9
2025-11-15,wk inc flu hosp,1,2025-11-22,31,quantile,0.5,2
2025-11-15,wk inc flu hosp,2,2025-11-29,31,quantile,0.5,12
2025-11-15,wk inc flu hosp,3,2025-12-06,31,quantile,0.5,14
2025-11-15,wk inc flu hosp,0,2025-11-15,31,quantile,0.55,10
2025-11-15,wk inc flu hosp,1,2025-11-22,31,quantile,0.55,5
2025-11-15,wk inc flu hosp,2,2025-11-29,31,quantile,0.55,15
2025-11-15,wk inc flu hosp,3,2025-12-06,31,quantile,0.55,18
2025-11-15,wk inc flu hosp,0,2025-11-15,31,quantile,0.6,12
2025-11-15,wk inc flu hosp,1,2025-11-22,31,quantile,0.6,7
2025-11-15,wk inc flu hosp,2,2025-11-29,31,quantile,0.6,18
2025-11-15,wk inc flu hosp,3,2025-12-06,31,quantile,0.6,22
2025-11-15,wk inc flu hosp,0,2025-11-15,31,quantile,0.65,14
2025-11-15,wk inc flu hosp,1,2025-11-22,31,quantile,0.65,9
2025-11-15,wk inc flu hosp,2,2025-11-29,31,quantile,0.65,23
2025-11-15,wk inc flu hosp,3,2025-12-06,31,quantile,0.65,28
2025-11-15,wk inc flu hosp,0,2025-11-15,31,quantile,0.7,15
2025-11-15,wk inc flu hosp,1,2025-11-22,31,quantile,0.7,12
2025-11-15,wk inc flu hosp,2,2025-11-29,31,quantile,0.7,27
2025-11-15,wk inc flu hosp,3,2025-12-06,31,quantile,0.7,34
2025-11-15,wk inc flu hosp,0,2025-11-15,31,quantile,0.75,16
2025-11-15,wk inc flu hosp,1,2025-11-22,31,quantile,0.75,14
2025-11-15,wk inc flu hosp,2,2025-11-29,31,quantile,0.75,29
2025-11-15,wk inc flu hosp,3,2025-12-06,31,quantile,0.75,39
2025-11-15,wk inc flu hosp,0,2025-11-15,31,quantile,0.8,19
2025-11-15,wk inc flu hosp,1,2025-11-22,31,quantile,0.8,20
2025-11-15,wk inc flu hosp,2,2025-11-29,31,quantile,0.8,36
2025-11-15,wk inc flu hosp,3,2025-12-06,31,quantile,0.8,47
2025-11-15,wk inc flu hosp,0,2025-11-15,31,quantile,0.85,23
2025-11-15,wk inc flu hosp,1,2025-11-22,31,quantile,0.85,25
2025-11-15,wk inc flu hosp,2,2025-11-29,31,quantile,0.85,42
2025-11-15,wk inc flu hosp,3,2025-12-06,31,quantile,0.85,56
2025-11-15,wk inc flu hosp,0,2025-11-15,31,quantile,0.9,25
2025-11-15,wk inc flu hosp,1,2025-11-22,31,quantile,0.9,34
2025-11-15,wk inc flu hosp,2,2025-11-29,31,quantile,0.9,55
2025-11-15,wk inc flu hosp,3,2025-12-06,31,quantile,0.9,73
2025-11-15,wk inc flu hosp,0,2025-11-15,31,quantile,0.95,36
2025-11-15,wk inc flu hosp,1,2025-11-22,31,quantile,0.95,54
2025-11-15,wk inc flu hosp,2,2025-11-29,31,quantile,0.95,92
2025-11-15,wk inc flu hosp,3,2025-12-06,31,quantile,0.95,132
2025-11-15,wk inc flu hosp,0,2025-11-15,31,quantile,0.975,40
2025-11-15,wk inc flu hosp,1,2025-11-22,31,quantile,0.975,87
2025-11-15,wk inc flu hosp,2,2025-11-29,31,quantile,0.975,133
2025-11-15,wk inc flu hosp,3,2025-12-06,31,quantile,0.975,187
2025-11-15,wk inc flu hosp,0,2025-11-15,31,quantile,0.99,40
2025-11-15,wk inc flu hosp,1,2025-11-22,31,quantile,0.99,93
2025-11-15,wk inc flu hosp,2,2025-11-29,31,quantile,0.99,139
2025-11-15,wk inc flu hosp,3,2025-12-06,31,quantile,0.99,193
2025-11-15,wk inc flu prop ed visits,0,2025-11-15,45,quantile,0.01,0
2025-11-15,wk inc flu prop ed visits,1,2025-11-22,45,quantile,0.01,0
2025-11-15,wk inc flu prop ed visits,2,2025-11-29,45,quantile,0.01,0
2025-11-15,wk inc flu prop ed visits,3,2025-12-06,45,quantile,0.01,0
2025-11-15,wk inc flu prop ed visits,0,2025-11-15,45,quantile,0.025,0
2025-11-15,wk inc flu prop ed visits,1,2025-11-22,45,quantile,0.025,0
2025-11-15,wk inc flu prop ed visits,2,2025-11-29,45,quantile,0.025,0
2025-11-15,wk inc flu prop ed visits,3,2025-12-06,45,quantile,0.025,0
2025-11-15,wk inc flu prop ed visits,0,2025-11-15,45,quantile,0.05,0
2025-11-15,wk inc flu prop ed visits,1,2025-11-22,45,quantile,0.05,0
2025-11-15,wk inc flu prop ed visits,2,2025-11-29,45,quantile,0.05,0
2025-11-15,wk inc flu prop ed visits,3,2025-12-06,45,quantile,0.05,0
2025-11-15,wk inc flu prop ed visits,0,2025-11-15,45,quantile,0.1,0
2025-11-15,wk inc flu prop ed visits,1,2025-11-22,45,quantile,0.1,0
2025-11-15,wk inc flu prop ed visits,2,2025-11-29,45,quantile,0.1,0
2025-11-15,wk inc flu prop ed visits,3,2025-12-06,45,quantile,0.1,0
2025-11-15,wk inc flu prop ed visits,0,2025-11-15,45,quantile,0.15,0
2025-11-15,wk inc flu prop ed visits,1,2025-11-22,45,quantile,0.15,0
2025-11-15,wk inc flu prop ed visits,2,2025-11-29,45,quantile,0.15,0
2025-11-15,wk inc flu prop ed visits,3,2025-12-06,45,quantile,0.15,0
2025-11-15,wk inc flu prop ed visits,0,2025-11-15,45,quantile,0.2,0
2025-11-15,wk inc flu prop ed visits,1,2025-11-22,45,quantile,0.2,0
2025-11-15,wk inc flu prop ed visits,2,2025-11-29,45,quantile,0.2,0
2025-11-15,wk inc flu prop ed visits,3,2025-12-06,45,quantile,0.2,0
2025-11-15,wk inc flu prop ed visits,0,2025-11-15,45,quantile,0.25,0
2025-11-15,wk inc flu prop ed visits,1,2025-11-22,45,quantile,0.25,0
2025-11-15,wk inc flu prop ed visits,2,2025-11-29,45,quantile,0.25,0
2025-11-15,wk inc flu prop ed visits,3,2025-12-06,45,quantile,0.25,0
2025-11-15,wk inc flu prop ed visits,0,2025-11-15,45,quantile,0.3,0
2025-11-15,wk inc flu prop ed visits,1,2025-11-22,45,quantile,0.3,0
2025-11-15,wk inc flu prop ed visits,2,2025-11-29,45,quantile,0.3,0
2025-11-15,wk inc flu prop ed visits,3,2025-12-06,45,quantile,0.3,0
2025-11-15,wk inc flu prop ed visits,0,2025-11-15,45,quantile,0.35,5.07756166976145e-4
2025-11-15,wk inc flu prop ed visits,1,2025-11-22,45,quantile,0.35,0
2025-11-15,wk inc flu prop ed visits,2,2025-11-29,45,quantile,0.35,0
2025-11-15,wk inc flu prop ed visits,3,2025-12-06,45,quantile,0.35,0.0026142050775350293
2025-11-15,wk inc flu prop ed visits,0,2025-11-15,45,quantile,0.4,0.0014158000137507328
2025-11-15,wk inc flu prop ed visits,1,2025-11-22,45,quantile,0.4,1.8058402281221687e-4
2025-11-15,wk inc flu prop ed visits,2,2025-11-29,45,quantile,0.4,4.1937631777619246e-4
2025-11-15,wk inc flu prop ed visits,3,2025-12-06,45,quantile,0.4,0.0070579555214611974
2025-11-15,wk inc flu prop ed visits,0,2025-11-15,45,quantile,0.45,0.0027126336311353626
2025-11-15,wk inc flu prop ed visits,1,2025-11-22,45,quantile,0.45,0.0027886162444934123
2025-11-15,wk inc flu prop ed visits,2,2025-11-29,45,quantile,0.45,0.0037423269500422196
2025-11-15,wk inc flu prop ed visits,3,2025-12-06,45,quantile,0.45,0.012616897079362421
2025-11-15,wk inc flu prop ed visits,0,2025-11-15,45,quantile,0.5,0.003398231529248492
2025-11-15,wk inc flu prop ed visits,1,2025-11-22,45,quantile,0.5,0.004437749671559128
2025-11-15,wk inc flu prop ed visits,2,2025-11-29,45,quantile,0.5,0.006679728654773002
2025-11-15,wk inc flu prop ed visits,3,2025-12-06,45,quantile,0.5,0.017356724407229074
2025-11-15,wk inc flu prop ed visits,0,2025-11-15,45,quantile,0.55,0.004121871431384165
2025-11-15,wk inc flu prop ed visits,1,2025-11-22,45,quantile,0.55,0.0064131735028706135
2025-11-15,wk inc flu prop ed visits,2,2025-11-29,45,quantile,0.55,0.009751632980574996
2025-11-15,wk inc flu prop ed visits,3,2025-12-06,45,quantile,0.55,0.02204002042873931
2025-11-15,wk inc flu prop ed visits,0,2025-11-15,45,quantile,0.6,0.005004349622327262
2025-11-15,wk inc flu prop ed visits,1,2025-11-22,45,quantile,0.6,0.009115526014875388
2025-11-15,wk inc flu prop ed visits,2,2025-11-29,45,quantile,0.6,0.01315365326911487
2025-11-15,wk inc flu prop ed visits,3,2025-12-06,45,quantile,0.6,0.026312774558594664
2025-11-15,wk inc flu prop ed visits,0,2025-11-15,45,quantile,0.65,0.006324632359321813
2025-11-15,wk inc flu prop ed visits,1,2025-11-22,45,quantile,0.65,0.011588858458832566
2025-11-15,wk inc flu prop ed visits,2,2025-11-29,45,quantile,0.65,0.01693700207182778
2025-11-15,wk inc flu prop ed visits,3,2025-12-06,45,quantile,0.65,0.031220981481278717
2025-11-15,wk inc flu prop ed visits,0,2025-11-15,45,quantile,0.7,0.006624218526357255
2025-11-15,wk inc flu prop ed visits,1,2025-11-22,45,quantile,0.7,0.013539182731317247
2025-11-15,wk inc flu prop ed visits,2,2025-11-29,45,quantile,0.7,0.019813130782976918
2025-11-15,wk inc flu prop ed visits,3,2025-12-06,45,quantile,0.7,0.03549402845801626
2025-11-15,wk inc flu prop ed visits,0,2025-11-15,45,quantile,0.75,0.008250148577218053
2025-11-15,wk inc flu prop ed visits,1,2025-11-22,45,quantile,0.75,0.01583302007316101
2025-11-15,wk inc flu prop ed visits,2,2025-11-29,45,quantile,0.75,0.022849987886125446
2025-11-15,wk inc flu prop ed visits,3,2025-12-06,45,quantile,0.75,0.039936424637151836
2025-11-15,wk inc flu prop ed visits,0,2025-11-15,45,quantile,0.8,0.009142772475717775
2025-11-15,wk inc flu prop ed visits,1,2025-11-22,45,quantile,0.8,0.017473403973742037
2025-11-15,wk inc flu prop ed visits,2,2025-11-29,45,quantile,0.8,0.026110178821748813
2025-11-15,wk inc flu prop ed visits,3,2025-12-06,45,quantile,0.8,0.04482005658640477
2025-11-15,wk inc flu prop ed visits,0,2025-11-15,45,quantile,0.85,0.010731557222232367
2025-11-15,wk inc flu prop ed visits,1,2025-11-22,45,quantile,0.85,0.02172324501556501
2025-11-15,wk inc flu prop ed visits,2,2025-11-29,45,quantile,0.85,0.032975501778798905
2025-11-15,wk inc flu prop ed visits,3,2025-12-06,45,quantile,0.85,0.05293738493195482
2025-11-15,wk inc flu prop ed visits,0,2025-11-15,45,quantile,0.9,0.013056563287450432
2025-11-15,wk inc flu prop ed visits,1,2025-11-22,45,quantile,0.9,0.026096859479766074
2025-11-15,wk inc flu prop ed visits,2,2025-11-29,45,quantile,0.9,0.04182825521169751
2025-11-15,wk inc flu prop ed visits,3,2025-12-06,45,quantile,0.9,0.06359406161323809
2025-11-15,wk inc flu prop ed visits,0,2025-11-15,45,quantile,0.95,0.016482775434476547
2025-11-15,wk inc flu prop ed visits,1,2025-11-22,45,quantile,0.95,0.03417714985513485
2025-11-15,wk inc flu prop ed visits,2,2025-11-29,45,quantile,0.95,0.05214927923589731
2025-11-15,wk inc flu prop ed visits,3,2025-12-06,45,quantile,0.95,0.07511960050452718
2025-11-15,wk inc flu prop ed visits,0,2025-11-15,45,quantile,0.975,0.02060473980886802
2025-11-15,wk inc flu prop ed visits,1,2025-11-22,45,quantile,0.975,0.04994963179018784
2025-11-15,wk inc flu prop ed visits,2,2025-11-29,45,quantile,0.975,0.07110626636364627
2025-11-15,wk inc flu prop ed visits,3,2025-12-06,45,quantile,0.975,0.10258213682992925
2025-11-15,wk inc flu prop ed visits,0,2025-11-15,45,quantile,0.99,0.02378111905459135
2025-11-15,wk inc flu prop ed visits,1,2025-11-22,45,quantile,0.99,0.0713683723348527
2025-11-15,wk inc flu prop ed visits,2,2025-11-29,45,quantile,0.99,0.09956560860346106
2025-11-15,wk inc flu prop ed visits,3,2025-12-06,45,quantile,0.99,0.13956055373366527
2025-11-15,wk inc flu hosp,0,2025-11-15,45,quantile,0.01,0
2025-11-15,wk inc flu hosp,1,2025-11-22,45,quantile,0.01,0
2025-11-15,wk inc flu hosp,2,2025-11-29,45,quantile,0.01,0
2025-11-15,wk inc flu hosp,3,2025-12-06,45,quantile,0.01,0
2025-11-15,wk inc flu hosp,0,2025-11-15,45,quantile,0.025,0
2025-11-15,wk inc flu hosp,1,2025-11-22,45,quantile,0.025,0
2025-11-15,wk inc flu hosp,2,2025-11-29,45,quantile,0.025,0
2025-11-15,wk inc flu hosp,3,2025-12-06,45,quantile,0.025,0
2025-11-15,wk inc flu hosp,0,2025-11-15,45,quantile,0.05,0
2025-11-15,wk inc flu hosp,1,2025-11-22,45,quantile,0.05,0
2025-11-15,wk inc flu hosp,2,2025-11-29,45,quantile,0.05,0
2025-11-15,wk inc flu hosp,3,2025-12-06,45,quantile,0.05,0
2025-11-15,wk inc flu hosp,0,2025-11-15,45,quantile,0.1,0
2025-11-15,wk inc flu hosp,1,2025-11-22,45,quantile,0.1,0
2025-11-15,wk inc flu hosp,2,2025-11-29,45,quantile,0.1,0
2025-11-15,wk inc flu hosp,3,2025-12-06,45,quantile,0.1,0
2025-11-15,wk inc flu hosp,0,2025-11-15,45,quantile,0.15,0
2025-11-15,wk inc flu hosp,1,2025-11-22,45,quantile,0.15,0
2025-11-15,wk inc flu hosp,2,2025-11-29,45,quantile,0.15,0
2025-11-15,wk inc flu hosp,3,2025-12-06,45,quantile,0.15,0
2025-11-15,wk inc flu hosp,0,2025-11-15,45,quantile,0.2,0
2025-11-15,wk inc flu hosp,1,2025-11-22,45,quantile,0.2,0
2025-11-15,wk inc flu hosp,2,2025-11-29,45,quantile,0.2,0
2025-11-15,wk inc flu hosp,3,2025-12-06,45,quantile,0.2,0
2025-11-15,wk inc flu hosp,0,2025-11-15,45,quantile,0.25,2
2025-11-15,wk inc flu hosp,1,2025-11-22,45,quantile,0.25,0
2025-11-15,wk inc flu hosp,2,2025-11-29,45,quantile,0.25,0
2025-11-15,wk inc flu hosp,3,2025-12-06,45,quantile,0.25,20
2025-11-15,wk inc flu hosp,0,2025-11-15,45,quantile,0.3,7
2025-11-15,wk inc flu hosp,1,2025-11-22,45,quantile,0.3,1
2025-11-15,wk inc flu hosp,2,2025-11-29,45,quantile,0.3,7
2025-11-15,wk inc flu hosp,3,2025-12-06,45,quantile,0.3,44
2025-11-15,wk inc flu hosp,0,2025-11-15,45,quantile,0.35,10
2025-11-15,wk inc flu hosp,1,2025-11-22,45,quantile,0.35,8
2025-11-15,wk inc flu hosp,2,2025-11-29,45,quantile,0.35,16
2025-11-15,wk inc flu hosp,3,2025-12-06,45,quantile,0.35,64
2025-11-15,wk inc flu hosp,0,2025-11-15,45,quantile,0.4,15
2025-11-15,wk inc flu hosp,1,2025-11-22,45,quantile,0.4,19
2025-11-15,wk inc flu hosp,2,2025-11-29,45,quantile,0.4,35
2025-11-15,wk inc flu hosp,3,2025-12-06,45,quantile,0.4,92
2025-11-15,wk inc flu hosp,0,2025-11-15,45,quantile,0.45,18
2025-11-15,wk inc flu hosp,1,2025-11-22,45,quantile,0.45,36
2025-11-15,wk inc flu hosp,2,2025-11-29,45,quantile,0.45,57
2025-11-15,wk inc flu hosp,3,2025-12-06,45,quantile,0.45,120
2025-11-15,wk inc flu hosp,0,2025-11-15,45,quantile,0.5,22
2025-11-15,wk inc flu hosp,1,2025-11-22,45,quantile,0.5,45
2025-11-15,wk inc flu hosp,2,2025-11-29,45,quantile,0.5,70
2025-11-15,wk inc flu hosp,3,2025-12-06,45,quantile,0.5,140
2025-11-15,wk inc flu hosp,0,2025-11-15,45,quantile,0.55,25
2025-11-15,wk inc flu hosp,1,2025-11-22,45,quantile,0.55,58
2025-11-15,wk inc flu hosp,2,2025-11-29,45,quantile,0.55,90
2025-11-15,wk inc flu hosp,3,2025-12-06,45,quantile,0.55,171
2025-11-15,wk inc flu hosp,0,2025-11-15,45,quantile,0.6,27
2025-11-15,wk inc flu hosp,1,2025-11-22,45,quantile,0.6,64
2025-11-15,wk inc flu hosp,2,2025-11-29,45,quantile,0.6,100
2025-11-15,wk inc flu hosp,3,2025-12-06,45,quantile,0.6,186
2025-11-15,wk inc flu hosp,0,2025-11-15,45,quantile,0.65,33
2025-11-15,wk inc flu hosp,1,2025-11-22,45,quantile,0.65,73
2025-11-15,wk inc flu hosp,2,2025-11-29,45,quantile,0.65,113
2025-11-15,wk inc flu hosp,3,2025-12-06,45,quantile,0.65,215
2025-11-15,wk inc flu hosp,0,2025-11-15,45,quantile,0.7,39
2025-11-15,wk inc flu hosp,1,2025-11-22,45,quantile,0.7,84
2025-11-15,wk inc flu hosp,2,2025-11-29,45,quantile,0.7,131
2025-11-15,wk inc flu hosp,3,2025-12-06,45,quantile,0.7,244
2025-11-15,wk inc flu hosp,0,2025-11-15,45,quantile,0.75,43
2025-11-15,wk inc flu hosp,1,2025-11-22,45,quantile,0.75,93
2025-11-15,wk inc flu hosp,2,2025-11-29,45,quantile,0.75,146
2025-11-15,wk inc flu hosp,3,2025-12-06,45,quantile,0.75,266
2025-11-15,wk inc flu hosp,0,2025-11-15,45,quantile,0.8,50
2025-11-15,wk inc flu hosp,1,2025-11-22,45,quantile,0.8,114
2025-11-15,wk inc flu hosp,2,2025-11-29,45,quantile,0.8,172
2025-11-15,wk inc flu hosp,3,2025-12-06,45,quantile,0.8,298
2025-11-15,wk inc flu hosp,0,2025-11-15,45,quantile,0.85,71
2025-11-15,wk inc flu hosp,1,2025-11-22,45,quantile,0.85,149
2025-11-15,wk inc flu hosp,2,2025-11-29,45,quantile,0.85,220
2025-11-15,wk inc flu hosp,3,2025-12-06,45,quantile,0.85,359
2025-11-15,wk inc flu hosp,0,2025-11-15,45,quantile,0.9,83
2025-11-15,wk inc flu hosp,1,2025-11-22,45,quantile,0.9,166
2025-11-15,wk inc flu hosp,2,2025-11-29,45,quantile,0.9,246
2025-11-15,wk inc flu hosp,3,2025-12-06,45,quantile,0.9,397
2025-11-15,wk inc flu hosp,0,2025-11-15,45,quantile,0.95,93
2025-11-15,wk inc flu hosp,1,2025-11-22,45,quantile,0.95,189
2025-11-15,wk inc flu hosp,2,2025-11-29,45,quantile,0.95,276
2025-11-15,wk inc flu hosp,3,2025-12-06,45,quantile,0.95,456
2025-11-15,wk inc flu hosp,0,2025-11-15,45,quantile,0.975,124
2025-11-15,wk inc flu hosp,1,2025-11-22,45,quantile,0.975,341
2025-11-15,wk inc flu hosp,2,2025-11-29,45,quantile,0.975,441
2025-11-15,wk inc flu hosp,3,2025-12-06,45,quantile,0.975,638
2025-11-15,wk inc flu hosp,0,2025-11-15,45,quantile,0.99,138
2025-11-15,wk inc flu hosp,1,2025-11-22,45,quantile,0.99,476
2025-11-15,wk inc flu hosp,2,2025-11-29,45,quantile,0.99,626
2025-11-15,wk inc flu hosp,3,2025-12-06,45,quantile,0.99,961
2025-11-15,wk inc flu prop ed visits,0,2025-11-15,06,quantile,0.01,0
2025-11-15,wk inc flu prop ed visits,1,2025-11-22,06,quantile,0.01,0
2025-11-15,wk inc flu prop ed visits,2,2025-11-29,06,quantile,0.01,0
2025-11-15,wk inc flu prop ed visits,3,2025-12-06,06,quantile,0.01,0
2025-11-15,wk inc flu prop ed visits,0,2025-11-15,06,quantile,0.025,0
2025-11-15,wk inc flu prop ed visits,1,2025-11-22,06,quantile,0.025,0
2025-11-15,wk inc flu prop ed visits,2,2025-11-29,06,quantile,0.025,0
2025-11-15,wk inc flu prop ed visits,3,2025-12-06,06,quantile,0.025,0
2025-11-15,wk inc flu prop ed visits,0,2025-11-15,06,quantile,0.05,0
2025-11-15,wk inc flu prop ed visits,1,2025-11-22,06,quantile,0.05,0
2025-11-15,wk inc flu prop ed visits,2,2025-11-29,06,quantile,0.05,0
2025-11-15,wk inc flu prop ed visits,3,2025-12-06,06,quantile,0.05,0
2025-11-15,wk inc flu prop ed visits,0,2025-11-15,06,quantile,0.1,0
2025-11-15,wk inc flu prop ed visits,1,2025-11-22,06,quantile,0.1,0
2025-11-15,wk inc flu prop ed visits,2,2025-11-29,06,quantile,0.1,0
2025-11-15,wk inc flu prop ed visits,3,2025-12-06,06,quantile,0.1,0
2025-11-15,wk inc flu prop ed visits,0,2025-11-15,06,quantile,0.15,0
2025-11-15,wk inc flu prop ed visits,1,2025-11-22,06,quantile,0.15,0
2025-11-15,wk inc flu prop ed visits,2,2025-11-29,06,quantile,0.15,0
2025-11-15,wk inc flu prop ed visits,3,2025-12-06,06,quantile,0.15,0
2025-11-15,wk inc flu prop ed visits,0,2025-11-15,06,quantile,0.2,0
2025-11-15,wk inc flu prop ed visits,1,2025-11-22,06,quantile,0.2,0
2025-11-15,wk inc flu prop ed visits,2,2025-11-29,06,quantile,0.2,0
2025-11-15,wk inc flu prop ed visits,3,2025-12-06,06,quantile,0.2,0
2025-11-15,wk inc flu prop ed visits,0,2025-11-15,06,quantile,0.25,0
2025-11-15,wk inc flu prop ed visits,1,2025-11-22,06,quantile,0.25,0
2025-11-15,wk inc flu prop ed visits,2,2025-11-29,06,quantile,0.25,0
2025-11-15,wk inc flu prop ed visits,3,2025-12-06,06,quantile,0.25,0
2025-11-15,wk inc flu prop ed visits,0,2025-11-15,06,quantile,0.3,0
2025-11-15,wk inc flu prop ed visits,1,2025-11-22,06,quantile,0.3,0
2025-11-15,wk inc flu prop ed visits,2,2025-11-29,06,quantile,0.3,0
2025-11-15,wk inc flu prop ed visits,3,2025-12-06,06,quantile,0.3,0
2025-11-15,wk inc flu prop ed visits,0,2025-11-15,06,quantile,0.35,0
2025-11-15,wk inc flu prop ed visits,1,2025-11-22,06,quantile,0.35,0
2025-11-15,wk inc flu prop ed visits,2,2025-11-29,06,quantile,0.35,0
2025-11-15,wk inc flu prop ed visits,3,2025-12-06,06,quantile,0.35,0
2025-11-15,wk inc flu prop ed visits,0,2025-11-15,06,quantile,0.4,0
2025-11-15,wk inc flu prop ed visits,1,2025-11-22,06,quantile,0.4,0
2025-11-15,wk inc flu prop ed visits,2,2025-11-29,06,quantile,0.4,0
2025-11-15,wk inc flu prop ed visits,3,2025-12-06,06,quantile,0.4,0
2025-11-15,wk inc flu prop ed visits,0,2025-11-15,06,quantile,0.45,5.941305514681418e-4
2025-11-15,wk inc flu prop ed visits,1,2025-11-22,06,quantile,0.45,0
2025-11-15,wk inc flu prop ed visits,2,2025-11-29,06,quantile,0.45,0
2025-11-15,wk inc flu prop ed visits,3,2025-12-06,06,quantile,0.45,0
2025-11-15,wk inc flu prop ed visits,0,2025-11-15,06,quantile,0.5,0.0013093409458181165
2025-11-15,wk inc flu prop ed visits,1,2025-11-22,06,quantile,0.5,0
2025-11-15,wk inc flu prop ed visits,2,2025-11-29,06,quantile,0.5,0
2025-11-15,wk inc flu prop ed visits,3,2025-12-06,06,quantile,0.5,0.004778038892391267
2025-11-15,wk inc flu prop ed visits,0,2025-11-15,06,quantile,0.55,0.0021641591840598356
2025-11-15,wk inc flu prop ed visits,1,2025-11-22,06,quantile,0.55,8.056007922170746e-5
2025-11-15,wk inc flu prop ed visits,2,2025-11-29,06,quantile,0.55,0.001971815402480032
2025-11-15,wk inc flu prop ed visits,3,2025-12-06,06,quantile,0.55,0.010130318605254656
2025-11-15,wk inc flu prop ed visits,0,2025-11-15,06,quantile,0.6,0.003074917591683341
2025-11-15,wk inc flu prop ed visits,1,2025-11-22,06,quantile,0.6,0.0027824718874586525
2025-11-15,wk inc flu prop ed visits,2,2025-11-29,06,quantile,0.6,0.0059745228149128025
2025-11-15,wk inc flu prop ed visits,3,2025-12-06,06,quantile,0.6,0.01579543599341368
2025-11-15,wk inc flu prop ed visits,0,2025-11-15,06,quantile,0.65,0.004021278625971863
2025-11-15,wk inc flu prop ed visits,1,2025-11-22,06,quantile,0.65,0.004543757831415659
2025-11-15,wk inc flu prop ed visits,2,2025-11-29,06,quantile,0.65,0.008307602843745373
2025-11-15,wk inc flu prop ed visits,3,2025-12-06,06,quantile,0.65,0.019725788719461616
2025-11-15,wk inc flu prop ed visits,0,2025-11-15,06,quantile,0.7,0.0046358157835215096
2025-11-15,wk inc flu prop ed visits,1,2025-11-22,06,quantile,0.7,0.006771295962498718
2025-11-15,wk inc flu prop ed visits,2,2025-11-29,06,quantile,0.7,0.011004782138840274
2025-11-15,wk inc flu prop ed visits,3,2025-12-06,06,quantile,0.7,0.02452433144932496
2025-11-15,wk inc flu prop ed visits,0,2025-11-15,06,quantile,0.75,0.006192092959694397
2025-11-15,wk inc flu prop ed visits,1,2025-11-22,06,quantile,0.75,0.008980848635036147
2025-11-15,wk inc flu prop ed visits,2,2025-11-29,06,quantile,0.75,0.013626590386684557
2025-11-15,wk inc flu prop ed visits,3,2025-12-06,06,quantile,0.75,0.028123528578507133
2025-11-15,wk inc flu prop ed visits,0,2025-11-15,06,quantile,0.8,0.0068657973828907025
2025-11-15,wk inc flu prop ed visits,1,2025-11-22,06,quantile,0.8,0.010456938467382505
2025-11-15,wk inc flu prop ed visits,2,2025-11-29,06,quantile,0.8,0.016006558078255143
2025-11-15,wk inc flu prop ed visits,3,2025-12-06,06,quantile,0.8,0.03102836013535424
2025-11-15,wk inc flu prop ed visits,0,2025-11-15,06,quantile,0.85,0.0077864419393220505
2025-11-15,wk inc flu prop ed visits,1,2025-11-22,06,quantile,0.85,0.012428254465406168
2025-11-15,wk inc flu prop ed visits,2,2025-11-29,06,quantile,0.85,0.018687832670524804
2025-11-15,wk inc flu prop ed visits,3,2025-12-06,06,quantile,0.85,0.034578497982680416
2025-11-15,wk inc flu prop ed visits,0,2025-11-15,06,quantile,0.9,0.009094305356862434
2025-11-15,wk inc flu prop ed visits,1,2025-11-22,06,quantile,0.9,0.014562312993235745
2025-11-15,wk inc flu prop ed visits,2,2025-11-29,06,quantile,0.9,0.023200947672006898
2025-11-15,wk inc flu prop ed visits,3,2025-12-06,06,quantile,0.9,0.04153782010014255
2025-11-15,wk inc flu prop ed visits,0,2025-11-15,06,quantile,0.95,0.012236006610563321
2025-11-15,wk inc flu prop ed visits,1,2025-11-22,06,quantile,0.95,0.020917963705302252
2025-11-15,wk inc flu prop ed visits,2,2025-11-29,06,quantile,0.95,0.03310285374625505
2025-11-15,wk inc flu prop ed visits,3,2025-12-06,06,quantile,0.95,0.05293908870431243
2025-11-15,wk inc flu prop ed visits,0,2025-11-15,06,quantile,0.975,0.029877080874075885
2025-11-15,wk inc flu prop ed visits,1,2025-11-22,06,quantile,0.975,0.052141619006475064
2025-11-15,wk inc flu prop ed visits,2,2025-11-29,06,quantile,0.975,0.081920590474785
2025-11-15,wk inc flu prop ed visits,3,2025-12-06,06,quantile,0.975,0.11056690468013136
2025-11-15,wk inc flu prop ed visits,0,2025-11-15,06,quantile,0.99,0.03922062027992807
2025-11-15,wk inc flu prop ed visits,1,2025-11-22,06,quantile,0.99,0.06916133644850359
2025-11-15,wk inc flu prop ed visits,2,2025-11-29,06,quantile,0.99,0.10470450240812613
2025-11-15,wk inc flu prop ed visits,3,2025-12-06,06,quantile,0.99,0.14341757542773484
2025-11-15,wk inc flu hosp,0,2025-11-15,06,quantile,0.01,0
2025-11-15,wk inc flu hosp,1,2025-11-22,06,quantile,0.01,0
2025-11-15,wk inc flu hosp,2,2025-11-29,06,quantile,0.01,0
2025-11-15,wk inc flu hosp,3,2025-12-06,06,quantile,0.01,0
2025-11-15,wk inc flu hosp,0,2025-11-15,06,quantile,0.025,0
2025-11-15,wk inc flu hosp,1,2025-11-22,06,quantile,0.025,0
2025-11-15,wk inc flu hosp,2,2025-11-29,06,quantile,0.025,0
2025-11-15,wk inc flu hosp,3,2025-12-06,06,quantile,0.025,0
2025-11-15,wk inc flu hosp,0,2025-11-15,06,quantile,0.05,0
2025-11-15,wk inc flu hosp,1,2025-11-22,06,quantile,0.05,0
2025-11-15,wk inc flu hosp,2,2025-11-29,06,quantile,0.05,0
2025-11-15,wk inc flu hosp,3,2025-12-06,06,quantile,0.05,0
2025-11-15,wk inc flu hosp,0,2025-11-15,06,quantile,0.1,0
2025-11-15,wk inc flu hosp,1,2025-11-22,06,quantile,0.1,0
2025-11-15,wk inc flu hosp,2,2025-11-29,06,quantile,0.1,0
2025-11-15,wk inc flu hosp,3,2025-12-06,06,quantile,0.1,0
2025-11-15,wk inc flu hosp,0,2025-11-15,06,quantile,0.15,0
2025-11-15,wk inc flu hosp,1,2025-11-22,06,quantile,0.15,0
2025-11-15,wk inc flu hosp,2,2025-11-29,06,quantile,0.15,0
2025-11-15,wk inc flu hosp,3,2025-12-06,06,quantile,0.15,0
2025-11-15,wk inc flu hosp,0,2025-11-15,06,quantile,0.2,0
2025-11-15,wk inc flu hosp,1,2025-11-22,06,quantile,0.2,0
2025-11-15,wk inc flu hosp,2,2025-11-29,06,quantile,0.2,0
2025-11-15,wk inc flu hosp,3,2025-12-06,06,quantile,0.2,0
2025-11-15,wk inc flu hosp,0,2025-11-15,06,quantile,0.25,0
2025-11-15,wk inc flu hosp,1,2025-11-22,06,quantile,0.25,0
2025-11-15,wk inc flu hosp,2,2025-11-29,06,quantile,0.25,0
2025-11-15,wk inc flu hosp,3,2025-12-06,06,quantile,0.25,0
2025-11-15,wk inc flu hosp,0,2025-11-15,06,quantile,0.3,0
2025-11-15,wk inc flu hosp,1,2025-11-22,06,quantile,0.3,0
2025-11-15,wk inc flu hosp,2,2025-11-29,06,quantile,0.3,0
2025-11-15,wk inc flu hosp,3,2025-12-06,06,quantile,0.3,0
2025-11-15,wk inc flu hosp,0,2025-11-15,06,quantile,0.35,0
2025-11-15,wk inc flu hosp,1,2025-11-22,06,quantile,0.35,0
2025-11-15,wk inc flu hosp,2,2025-11-29,06,quantile,0.35,0
2025-11-15,wk inc flu hosp,3,2025-12-06,06,quantile,0.35,0
2025-11-15,wk inc flu hosp,0,2025-11-15,06,quantile,0.4,46
2025-11-15,wk inc flu hosp,1,2025-11-22,06,quantile,0.4,0
2025-11-15,wk inc flu hosp,2,2025-11-29,06,quantile,0.4,0
2025-11-15,wk inc flu hosp,3,2025-12-06,06,quantile,0.4,0
2025-11-15,wk inc flu hosp,0,2025-11-15,06,quantile,0.45,103
2025-11-15,wk inc flu hosp,1,2025-11-22,06,quantile,0.45,0
2025-11-15,wk inc flu hosp,2,2025-11-29,06,quantile,0.45,0
2025-11-15,wk inc flu hosp,3,2025-12-06,06,quantile,0.45,0
2025-11-15,wk inc flu hosp,0,2025-11-15,06,quantile,0.5,141
2025-11-15,wk inc flu hosp,1,2025-11-22,06,quantile,0.5,0
2025-11-15,wk inc flu hosp,2,2025-11-29,06,quantile,0.5,0
2025-11-15,wk inc flu hosp,3,2025-12-06,06,quantile,0.5,223
2025-11-15,wk inc flu hosp,0,2025-11-15,06,quantile,0.55,169
2025-11-15,wk inc flu hosp,1,2025-11-22,06,quantile,0.55,0
2025-11-15,wk inc flu hosp,2,2025-11-29,06,quantile,0.55,0
2025-11-15,wk inc flu hosp,3,2025-12-06,06,quantile,0.55,390
2025-11-15,wk inc flu hosp,0,2025-11-15,06,quantile,0.6,191
2025-11-15,wk inc flu hosp,1,2025-11-22,06,quantile,0.6,20
2025-11-15,wk inc flu hosp,2,2025-11-29,06,quantile,0.6,107
2025-11-15,wk inc flu hosp,3,2025-12-06,06,quantile,0.6,576
2025-11-15,wk inc flu hosp,0,2025-11-15,06,quantile,0.65,219
2025-11-15,wk inc flu hosp,1,2025-11-22,06,quantile,0.65,148
2025-11-15,wk inc flu hosp,2,2025-11-29,06,quantile,0.65,281
2025-11-15,wk inc flu hosp,3,2025-12-06,06,quantile,0.65,808
2025-11-15,wk inc flu hosp,0,2025-11-15,06,quantile,0.7,266
2025-11-15,wk inc flu hosp,1,2025-11-22,06,quantile,0.7,258
2025-11-15,wk inc flu hosp,2,2025-11-29,06,quantile,0.7,449
2025-11-15,wk inc flu hosp,3,2025-12-06,06,quantile,0.7,1050
2025-11-15,wk inc flu hosp,0,2025-11-15,06,quantile,0.75,320
2025-11-15,wk inc flu hosp,1,2025-11-22,06,quantile,0.75,433
2025-11-15,wk inc flu hosp,2,2025-11-29,06,quantile,0.75,693
2025-11-15,wk inc flu hosp,3,2025-12-06,06,quantile,0.75,1477
2025-11-15,wk inc flu hosp,0,2025-11-15,06,quantile,0.8,383
2025-11-15,wk inc flu hosp,1,2025-11-22,06,quantile,0.8,544
2025-11-15,wk inc flu hosp,2,2025-11-29,06,quantile,0.8,847
2025-11-15,wk inc flu hosp,3,2025-12-06,06,quantile,0.8,1744
2025-11-15,wk inc flu hosp,0,2025-11-15,06,quantile,0.85,429
2025-11-15,wk inc flu hosp,1,2025-11-22,06,quantile,0.85,665
2025-11-15,wk inc flu hosp,2,2025-11-29,06,quantile,0.85,1040
2025-11-15,wk inc flu hosp,3,2025-12-06,06,quantile,0.85,1985
2025-11-15,wk inc flu hosp,0,2025-11-15,06,quantile,0.9,523
2025-11-15,wk inc flu hosp,1,2025-11-22,06,quantile,0.9,848
2025-11-15,wk inc flu hosp,2,2025-11-29,06,quantile,0.9,1288
2025-11-15,wk inc flu hosp,3,2025-12-06,06,quantile,0.9,2317
2025-11-15,wk inc flu hosp,0,2025-11-15,06,quantile,0.95,564
2025-11-15,wk inc flu hosp,1,2025-11-22,06,quantile,0.95,1207
2025-11-15,wk inc flu hosp,2,2025-11-29,06,quantile,0.95,1916
2025-11-15,wk inc flu hosp,3,2025-12-06,06,quantile,0.95,3096
2025-11-15,wk inc flu hosp,0,2025-11-15,06,quantile,0.975,1184
2025-11-15,wk inc flu hosp,1,2025-11-22,06,quantile,0.975,2508
2025-11-15,wk inc flu hosp,2,2025-11-29,06,quantile,0.975,3999
2025-11-15,wk inc flu hosp,3,2025-12-06,06,quantile,0.975,5485
2025-11-15,wk inc flu hosp,0,2025-11-15,06,quantile,0.99,1568
2025-11-15,wk inc flu hosp,1,2025-11-22,06,quantile,0.99,3800
2025-11-15,wk inc flu hosp,2,2025-11-29,06,quantile,0.99,5789
2025-11-15,wk inc flu hosp,3,2025-12-06,06,quantile,0.99,7868
2025-11-15,wk inc flu prop ed visits,0,2025-11-15,10,quantile,0.01,0
2025-11-15,wk inc flu prop ed visits,1,2025-11-22,10,quantile,0.01,0
2025-11-15,wk inc flu prop ed visits,2,2025-11-29,10,quantile,0.01,0
2025-11-15,wk inc flu prop ed visits,3,2025-12-06,10,quantile,0.01,0
2025-11-15,wk inc flu prop ed visits,0,2025-11-15,10,quantile,0.025,0
2025-11-15,wk inc flu prop ed visits,1,2025-11-22,10,quantile,0.025,0
2025-11-15,wk inc flu prop ed visits,2,2025-11-29,10,quantile,0.025,0
2025-11-15,wk inc flu prop ed visits,3,2025-12-06,10,quantile,0.025,0
2025-11-15,wk inc flu prop ed visits,0,2025-11-15,10,quantile,0.05,0
2025-11-15,wk inc flu prop ed visits,1,2025-11-22,10,quantile,0.05,0
2025-11-15,wk inc flu prop ed visits,2,2025-11-29,10,quantile,0.05,0
2025-11-15,wk inc flu prop ed visits,3,2025-12-06,10,quantile,0.05,0
2025-11-15,wk inc flu prop ed visits,0,2025-11-15,10,quantile,0.1,0
2025-11-15,wk inc flu prop ed visits,1,2025-11-22,10,quantile,0.1,0
2025-11-15,wk inc flu prop ed visits,2,2025-11-29,10,quantile,0.1,0
2025-11-15,wk inc flu prop ed visits,3,2025-12-06,10,quantile,0.1,0
2025-11-15,wk inc flu prop ed visits,0,2025-11-15,10,quantile,0.15,8.324048244813694e-5
2025-11-15,wk inc flu prop ed visits,1,2025-11-22,10,quantile,0.15,0
2025-11-15,wk inc flu prop ed visits,2,2025-11-29,10,quantile,0.15,0
2025-11-15,wk inc flu prop ed visits,3,2025-12-06,10,quantile,0.15,0
2025-11-15,wk inc flu prop ed visits,0,2025-11-15,10,quantile,0.2,4.934217765084439e-4
2025-11-15,wk inc flu prop ed visits,1,2025-11-22,10,quantile,0.2,0
2025-11-15,wk inc flu prop ed visits,2,2025-11-29,10,quantile,0.2,0
2025-11-15,wk inc flu prop ed visits,3,2025-12-06,10,quantile,0.2,0
2025-11-15,wk inc flu prop ed visits,0,2025-11-15,10,quantile,0.25,7.096723125575579e-4
2025-11-15,wk inc flu prop ed visits,1,2025-11-22,10,quantile,0.25,2.959404761500665e-4
2025-11-15,wk inc flu prop ed visits,2,2025-11-29,10,quantile,0.25,0
2025-11-15,wk inc flu prop ed visits,3,2025-12-06,10,quantile,0.25,0
2025-11-15,wk inc flu prop ed visits,0,2025-11-15,10,quantile,0.3,8.832814794131534e-4
2025-11-15,wk inc flu prop ed visits,1,2025-11-22,10,quantile,0.3,5.378842659922204e-4
2025-11-15,wk inc flu prop ed visits,2,2025-11-29,10,quantile,0.3,8.026965532062741e-5
2025-11-15,wk inc flu prop ed visits,3,2025-12-06,10,quantile,0.3,1.398999132092482e-5
2025-11-15,wk inc flu prop ed visits,0,2025-11-15,10,quantile,0.35,9.928096151738453e-4
2025-11-15,wk inc flu prop ed visits,1,2025-11-22,10,quantile,0.35,6.899524380682442e-4
2025-11-15,wk inc flu prop ed visits,2,2025-11-29,10,quantile,0.35,3.6439521604497216e-4
2025-11-15,wk inc flu prop ed visits,3,2025-12-06,10,quantile,0.35,4.1453077004385467e-4
2025-11-15,wk inc flu prop ed visits,0,2025-11-15,10,quantile,0.4,0.0012129868967911974
2025-11-15,wk inc flu prop ed visits,1,2025-11-22,10,quantile,0.4,9.941930403665155e-4
2025-11-15,wk inc flu prop ed visits,2,2025-11-29,10,quantile,0.4,7.605275322445022e-4
2025-11-15,wk inc flu prop ed visits,3,2025-12-06,10,quantile,0.4,9.452261571439517e-4
2025-11-15,wk inc flu prop ed visits,0,2025-11-15,10,quantile,0.45,0.0013643033361061948
2025-11-15,wk inc flu prop ed visits,1,2025-11-22,10,quantile,0.45,0.0012760029351077912
2025-11-15,wk inc flu prop ed visits,2,2025-11-29,10,quantile,0.45,0.0010838021623787765
2025-11-15,wk inc flu prop ed visits,3,2025-12-06,10,quantile,0.45,0.0013699125329190852
2025-11-15,wk inc flu prop ed visits,0,2025-11-15,10,quantile,0.5,0.0015062173759067873
2025-11-15,wk inc flu prop ed visits,1,2025-11-22,10,quantile,0.5,0.0015945693574605613
2025-11-15,wk inc flu prop ed visits,2,2025-11-29,10,quantile,0.5,0.0014694841447604173
2025-11-15,wk inc flu prop ed visits,3,2025-12-06,10,quantile,0.5,0.0019321506908343803
2025-11-15,wk inc flu prop ed visits,0,2025-11-15,10,quantile,0.55,0.0016421952603706729
2025-11-15,wk inc flu prop ed visits,1,2025-11-22,10,quantile,0.55,0.0018378290807812728
2025-11-15,wk inc flu prop ed visits,2,2025-11-29,10,quantile,0.55,0.0018334313033894034
2025-11-15,wk inc flu prop ed visits,3,2025-12-06,10,quantile,0.55,0.0024059487554267084
2025-11-15,wk inc flu prop ed visits,0,2025-11-15,10,quantile,0.6,0.0017712406920518098
2025-11-15,wk inc flu prop ed visits,1,2025-11-22,10,quantile,0.6,0.0020363783840463413
2025-11-15,wk inc flu prop ed visits,2,2025-11-29,10,quantile,0.6,0.0021058650614099723
2025-11-15,wk inc flu prop ed visits,3,2025-12-06,10,quantile,0.6,0.0027999673366815407
2025-11-15,wk inc flu prop ed visits,0,2025-11-15,10,quantile,0.65,0.0019286033581372283
2025-11-15,wk inc flu prop ed visits,1,2025-11-22,10,quantile,0.65,0.002288968283115067
2025-11-15,wk inc flu prop ed visits,2,2025-11-29,10,quantile,0.65,0.0025396597703437386
2025-11-15,wk inc flu prop ed visits,3,2025-12-06,10,quantile,0.65,0.0033143787720304393
2025-11-15,wk inc flu prop ed visits,0,2025-11-15,10,quantile,0.7,0.0020678406998977427
2025-11-15,wk inc flu prop ed visits,1,2025-11-22,10,quantile,0.7,0.0025671800697766914
2025-11-15,wk inc flu prop ed visits,2,2025-11-29,10,quantile,0.7,0.0029700840346923193
2025-11-15,wk inc flu prop ed visits,3,2025-12-06,10,quantile,0.7,0.0038310587706563313
2025-11-15,wk inc flu prop ed visits,0,2025-11-15,10,quantile,0.75,0.002235206644398988
2025-11-15,wk inc flu prop ed visits,1,2025-11-22,10,quantile,0.75,0.0028292075410764218
2025-11-15,wk inc flu prop ed visits,2,2025-11-29,10,quantile,0.75,0.0035459404499435824
2025-11-15,wk inc flu prop ed visits,3,2025-12-06,10,quantile,0.75,0.004520530930668191
2025-11-15,wk inc flu prop ed visits,0,2025-11-15,10,quantile,0.8,0.0024507835509207047
2025-11-15,wk inc flu prop ed visits,1,2025-11-22,10,quantile,0.8,0.0032517477943754826
2025-11-15,wk inc flu prop ed visits,2,2025-11-29,10,quantile,0.8,0.004468648040813101
2025-11-15,wk inc flu prop ed visits,3,2025-12-06,10,quantile,0.8,0.0056112722682358646
2025-11-15,wk inc flu prop ed visits,0,2025-11-15,10,quantile,0.85,0.002612517257181881
2025-11-15,wk inc flu prop ed visits,1,2025-11-22,10,quantile,0.85,0.00352824809282326
2025-11-15,wk inc flu prop ed visits,2,2025-11-29,10,quantile,0.85,0.005227241966878331
2025-11-15,wk inc flu prop ed visits,3,2025-12-06,10,quantile,0.85,0.006685486567639854
2025-11-15,wk inc flu prop ed visits,0,2025-11-15,10,quantile,0.9,0.0028307008562012807
2025-11-15,wk inc flu prop ed visits,1,2025-11-22,10,quantile,0.9,0.003981126383294727
2025-11-15,wk inc flu prop ed visits,2,2025-11-29,10,quantile,0.9,0.0059786969008271875
2025-11-15,wk inc flu prop ed visits,3,2025-12-06,10,quantile,0.9,0.007624366674334364
2025-11-15,wk inc flu prop ed visits,0,2025-11-15,10,quantile,0.95,0.003191482398651708
2025-11-15,wk inc flu prop ed visits,1,2025-11-22,10,quantile,0.95,0.004842297123979466
2025-11-15,wk inc flu prop ed visits,2,2025-11-29,10,quantile,0.95,0.00736132079693374
2025-11-15,wk inc flu prop ed visits,3,2025-12-06,10,quantile,0.95,0.009236645922249686
2025-11-15,wk inc flu prop ed visits,0,2025-11-15,10,quantile,0.975,0.003973146828559227
2025-11-15,wk inc flu prop ed visits,1,2025-11-22,10,quantile,0.975,0.006820898787262778
2025-11-15,wk inc flu prop ed visits,2,2025-11-29,10,quantile,0.975,0.01058104622370293
2025-11-15,wk inc flu prop ed visits,3,2025-12-06,10,quantile,0.975,0.013262807639610566
2025-11-15,wk inc flu prop ed visits,0,2025-11-15,10,quantile,0.99,0.003973146828559227
2025-11-15,wk inc flu prop ed visits,1,2025-11-22,10,quantile,0.99,0.006820898787262778
2025-11-15,wk inc flu prop ed visits,2,2025-11-29,10,quantile,0.99,0.01058104622370293
2025-11-15,wk inc flu prop ed visits,3,2025-12-06,10,quantile,0.99,0.014699223080569004
2025-11-15,wk inc flu hosp,0,2025-11-15,10,quantile,0.01,0
2025-11-15,wk inc flu hosp,1,2025-11-22,10,quantile,0.01,0
2025-11-15,wk inc flu hosp,2,2025-11-29,10,quantile,0.01,0
2025-11-15,wk inc flu hosp,3,2025-12-06,10,quantile,0.01,0
2025-11-15,wk inc flu hosp,0,2025-11-15,10,quantile,0.025,0
2025-11-15,wk inc flu hosp,1,2025-11-22,10,quantile,0.025,0
2025-11-15,wk inc flu hosp,2,2025-11-29,10,quantile,0.025,0
2025-11-15,wk inc flu hosp,3,2025-12-06,10,quantile,0.025,0
2025-11-15,wk inc flu hosp,0,2025-11-15,10,quantile,0.05,0
2025-11-15,wk inc flu hosp,1,2025-11-22,10,quantile,0.05,0
2025-11-15,wk inc flu hosp,2,2025-11-29,10,quantile,0.05,0
2025-11-15,wk inc flu hosp,3,2025-12-06,10,quantile,0.05,0
2025-11-15,wk inc flu hosp,0,2025-11-15,10,quantile,0.1,0
2025-11-15,wk inc flu hosp,1,2025-11-22,10,quantile,0.1,0
2025-11-15,wk inc flu hosp,2,2025-11-29,10,quantile,0.1,0
2025-11-15,wk inc flu hosp,3,2025-12-06,10,quantile,0.1,0
2025-11-15,wk inc flu hosp,0,2025-11-15,10,quantile,0.15,1
2025-11-15,wk inc flu hosp,1,2025-11-22,10,quantile,0.15,0
2025-11-15,wk inc flu hosp,2,2025-11-29,10,quantile,0.15,0
2025-11-15,wk inc flu hosp,3,2025-12-06,10,quantile,0.15,0
2025-11-15,wk inc flu hosp,0,2025-11-15,10,quantile,0.2,3
2025-11-15,wk inc flu hosp,1,2025-11-22,10,quantile,0.2,1
2025-11-15,wk inc flu hosp,2,2025-11-29,10,quantile,0.2,0
2025-11-15,wk inc flu hosp,3,2025-12-06,10,quantile,0.2,0
2025-11-15,wk inc flu hosp,0,2025-11-15,10,quantile,0.25,3
2025-11-15,wk inc flu hosp,1,2025-11-22,10,quantile,0.25,2
2025-11-15,wk inc flu hosp,2,2025-11-29,10,quantile,0.25,1
2025-11-15,wk inc flu hosp,3,2025-12-06,10,quantile,0.25,0
2025-11-15,wk inc flu hosp,0,2025-11-15,10,quantile,0.3,4
2025-11-15,wk inc flu hosp,1,2025-11-22,10,quantile,0.3,3
2025-11-15,wk inc flu hosp,2,2025-11-29,10,quantile,0.3,2
2025-11-15,wk inc flu hosp,3,2025-12-06,10,quantile,0.3,2
2025-11-15,wk inc flu hosp,0,2025-11-15,10,quantile,0.35,5
2025-11-15,wk inc flu hosp,1,2025-11-22,10,quantile,0.35,4
2025-11-15,wk inc flu hosp,2,2025-11-29,10,quantile,0.35,4
2025-11-15,wk inc flu hosp,3,2025-12-06,10,quantile,0.35,4
2025-11-15,wk inc flu hosp,0,2025-11-15,10,quantile,0.4,5
2025-11-15,wk inc flu hosp,1,2025-11-22,10,quantile,0.4,5
2025-11-15,wk inc flu hosp,2,2025-11-29,10,quantile,0.4,5
2025-11-15,wk inc flu hosp,3,2025-12-06,10,quantile,0.4,6
2025-11-15,wk inc flu hosp,0,2025-11-15,10,quantile,0.45,6
2025-11-15,wk inc flu hosp,1,2025-11-22,10,quantile,0.45,6
2025-11-15,wk inc flu hosp,2,2025-11-29,10,quantile,0.45,6
2025-11-15,wk inc flu hosp,3,2025-12-06,10,quantile,0.45,7
2025-11-15,wk inc flu hosp,0,2025-11-15,10,quantile,0.5,6
2025-11-15,wk inc flu hosp,1,2025-11-22,10,quantile,0.5,6
2025-11-15,wk inc flu hosp,2,2025-11-29,10,quantile,0.5,8
2025-11-15,wk inc flu hosp,3,2025-12-06,10,quantile,0.5,9
2025-11-15,wk inc flu hosp,0,2025-11-15,10,quantile,0.55,7
2025-11-15,wk inc flu hosp,1,2025-11-22,10,quantile,0.55,7
2025-11-15,wk inc flu hosp,2,2025-11-29,10,quantile,0.55,8
2025-11-15,wk inc flu hosp,3,2025-12-06,10,quantile,0.55,10
2025-11-15,wk inc flu hosp,0,2025-11-15,10,quantile,0.6,7
2025-11-15,wk inc flu hosp,1,2025-11-22,10,quantile,0.6,8
2025-11-15,wk inc flu hosp,2,2025-11-29,10,quantile,0.6,10
2025-11-15,wk inc flu hosp,3,2025-12-06,10,quantile,0.6,12
2025-11-15,wk inc flu hosp,0,2025-11-15,10,quantile,0.65,8
2025-11-15,wk inc flu hosp,1,2025-11-22,10,quantile,0.65,8
2025-11-15,wk inc flu hosp,2,2025-11-29,10,quantile,0.65,11
2025-11-15,wk inc flu hosp,3,2025-12-06,10,quantile,0.65,13
2025-11-15,wk inc flu hosp,0,2025-11-15,10,quantile,0.7,9
2025-11-15,wk inc flu hosp,1,2025-11-22,10,quantile,0.7,10
2025-11-15,wk inc flu hosp,2,2025-11-29,10,quantile,0.7,13
2025-11-15,wk inc flu hosp,3,2025-12-06,10,quantile,0.7,15
2025-11-15,wk inc flu hosp,0,2025-11-15,10,quantile,0.75,9
2025-11-15,wk inc flu hosp,1,2025-11-22,10,quantile,0.75,10
2025-11-15,wk inc flu hosp,2,2025-11-29,10,quantile,0.75,15
2025-11-15,wk inc flu hosp,3,2025-12-06,10,quantile,0.75,18
2025-11-15,wk inc flu hosp,0,2025-11-15,10,quantile,0.8,9
2025-11-15,wk inc flu hosp,1,2025-11-22,10,quantile,0.8,11
2025-11-15,wk inc flu hosp,2,2025-11-29,10,quantile,0.8,17
2025-11-15,wk inc flu hosp,3,2025-12-06,10,quantile,0.8,20
2025-11-15,wk inc flu hosp,0,2025-11-15,10,quantile,0.85,9
2025-11-15,wk inc flu hosp,1,2025-11-22,10,quantile,0.85,12
2025-11-15,wk inc flu hosp,2,2025-11-29,10,quantile,0.85,19
2025-11-15,wk inc flu hosp,3,2025-12-06,10,quantile,0.85,24
2025-11-15,wk inc flu hosp,0,2025-11-15,10,quantile,0.9,9
2025-11-15,wk inc flu hosp,1,2025-11-22,10,quantile,0.9,16
2025-11-15,wk inc flu hosp,2,2025-11-29,10,quantile,0.9,24
2025-11-15,wk inc flu hosp,3,2025-12-06,10,quantile,0.9,34
2025-11-15,wk inc flu hosp,0,2025-11-15,10,quantile,0.95,12
2025-11-15,wk inc flu hosp,1,2025-11-22,10,quantile,0.95,22
2025-11-15,wk inc flu hosp,2,2025-11-29,10,quantile,0.95,34
2025-11-15,wk inc flu hosp,3,2025-12-06,10,quantile,0.95,48
2025-11-15,wk inc flu hosp,0,2025-11-15,10,quantile,0.975,12
2025-11-15,wk inc flu hosp,1,2025-11-22,10,quantile,0.975,22
2025-11-15,wk inc flu hosp,2,2025-11-29,10,quantile,0.975,35
2025-11-15,wk inc flu hosp,3,2025-12-06,10,quantile,0.975,49
2025-11-15,wk inc flu hosp,0,2025-11-15,10,quantile,0.99,12
2025-11-15,wk inc flu hosp,1,2025-11-22,10,quantile,0.99,22
2025-11-15,wk inc flu hosp,2,2025-11-29,10,quantile,0.99,35
2025-11-15,wk inc flu hosp,3,2025-12-06,10,quantile,0.99,49
2025-11-15,wk inc flu prop ed visits,0,2025-11-15,30,quantile,0.01,0
2025-11-15,wk inc flu prop ed visits,1,2025-11-22,30,quantile,0.01,0
2025-11-15,wk inc flu prop ed visits,2,2025-11-29,30,quantile,0.01,0
2025-11-15,wk inc flu prop ed visits,3,2025-12-06,30,quantile,0.01,0
2025-11-15,wk inc flu prop ed visits,0,2025-11-15,30,quantile,0.025,0
2025-11-15,wk inc flu prop ed visits,1,2025-11-22,30,quantile,0.025,0
2025-11-15,wk inc flu prop ed visits,2,2025-11-29,30,quantile,0.025,0
2025-11-15,wk inc flu prop ed visits,3,2025-12-06,30,quantile,0.025,0
2025-11-15,wk inc flu prop ed visits,0,2025-11-15,30,quantile,0.05,0
2025-11-15,wk inc flu prop ed visits,1,2025-11-22,30,quantile,0.05,0
2025-11-15,wk inc flu prop ed visits,2,2025-11-29,30,quantile,0.05,0
2025-11-15,wk inc flu prop ed visits,3,2025-12-06,30,quantile,0.05,0
2025-11-15,wk inc flu prop ed visits,0,2025-11-15,30,quantile,0.1,0
2025-11-15,wk inc flu prop ed visits,1,2025-11-22,30,quantile,0.1,0
2025-11-15,wk inc flu prop ed visits,2,2025-11-29,30,quantile,0.1,0
2025-11-15,wk inc flu prop ed visits,3,2025-12-06,30,quantile,0.1,0
2025-11-15,wk inc flu prop ed visits,0,2025-11-15,30,quantile,0.15,0
2025-11-15,wk inc flu prop ed visits,1,2025-11-22,30,quantile,0.15,0
2025-11-15,wk inc flu prop ed visits,2,2025-11-29,30,quantile,0.15,0
2025-11-15,wk inc flu prop ed visits,3,2025-12-06,30,quantile,0.15,0
2025-11-15,wk inc flu prop ed visits,0,2025-11-15,30,quantile,0.2,0
2025-11-15,wk inc flu prop ed visits,1,2025-11-22,30,quantile,0.2,0
2025-11-15,wk inc flu prop ed visits,2,2025-11-29,30,quantile,0.2,0
2025-11-15,wk inc flu prop ed visits,3,2025-12-06,30,quantile,0.2,0
2025-11-15,wk inc flu prop ed visits,0,2025-11-15,30,quantile,0.25,0
2025-11-15,wk inc flu prop ed visits,1,2025-11-22,30,quantile,0.25,0
2025-11-15,wk inc flu prop ed visits,2,2025-11-29,30,quantile,0.25,0
2025-11-15,wk inc flu prop ed visits,3,2025-12-06,30,quantile,0.25,0
2025-11-15,wk inc flu prop ed visits,0,2025-11-15,30,quantile,0.3,0
2025-11-15,wk inc flu prop ed visits,1,2025-11-22,30,quantile,0.3,0
2025-11-15,wk inc flu prop ed visits,2,2025-11-29,30,quantile,0.3,0
2025-11-15,wk inc flu prop ed visits,3,2025-12-06,30,quantile,0.3,0.003366664998552441
2025-11-15,wk inc flu prop ed visits,0,2025-11-15,30,quantile,0.35,0
2025-11-15,wk inc flu prop ed visits,1,2025-11-22,30,quantile,0.35,9.950337985524028e-4
2025-11-15,wk inc flu prop ed visits,2,2025-11-29,30,quantile,0.35,0
2025-11-15,wk inc flu prop ed visits,3,2025-12-06,30,quantile,0.35,0.006045975081848241
2025-11-15,wk inc flu prop ed visits,0,2025-11-15,30,quantile,0.4,0
2025-11-15,wk inc flu prop ed visits,1,2025-11-22,30,quantile,0.4,0.0026944228894695177
2025-11-15,wk inc flu prop ed visits,2,2025-11-29,30,quantile,0.4,3.611260485488064e-4
2025-11-15,wk inc flu prop ed visits,3,2025-12-06,30,quantile,0.4,0.009356622655429475
2025-11-15,wk inc flu prop ed visits,0,2025-11-15,30,quantile,0.45,0
2025-11-15,wk inc flu prop ed visits,1,2025-11-22,30,quantile,0.45,0.004234124201553365
2025-11-15,wk inc flu prop ed visits,2,2025-11-29,30,quantile,0.45,0.0034969609511969375
2025-11-15,wk inc flu prop ed visits,3,2025-12-06,30,quantile,0.45,0.013366783615035916
2025-11-15,wk inc flu prop ed visits,0,2025-11-15,30,quantile,0.5,7.258132556587041e-4
2025-11-15,wk inc flu prop ed visits,1,2025-11-22,30,quantile,0.5,0.005568526692718234
2025-11-15,wk inc flu prop ed visits,2,2025-11-29,30,quantile,0.5,0.005561520164868832
2025-11-15,wk inc flu prop ed visits,3,2025-12-06,30,quantile,0.5,0.016489449231144263
2025-11-15,wk inc flu prop ed visits,0,2025-11-15,30,quantile,0.55,0.0011592552300161622
2025-11-15,wk inc flu prop ed visits,1,2025-11-22,30,quantile,0.55,0.00630482506221171
2025-11-15,wk inc flu prop ed visits,2,2025-11-29,30,quantile,0.55,0.006824354328321942
2025-11-15,wk inc flu prop ed visits,3,2025-12-06,30,quantile,0.55,0.01798572828874676
2025-11-15,wk inc flu prop ed visits,0,2025-11-15,30,quantile,0.6,0.0016007479452364842
2025-11-15,wk inc flu prop ed visits,1,2025-11-22,30,quantile,0.6,0.007170789955507851
2025-11-15,wk inc flu prop ed visits,2,2025-11-29,30,quantile,0.6,0.00807601060409512
2025-11-15,wk inc flu prop ed visits,3,2025-12-06,30,quantile,0.6,0.020193013756414416
2025-11-15,wk inc flu prop ed visits,0,2025-11-15,30,quantile,0.65,0.0020516463762350265
2025-11-15,wk inc flu prop ed visits,1,2025-11-22,30,quantile,0.65,0.00822644175551286
2025-11-15,wk inc flu prop ed visits,2,2025-11-29,30,quantile,0.65,0.00957077655129033
2025-11-15,wk inc flu prop ed visits,3,2025-12-06,30,quantile,0.65,0.022542549806241596
2025-11-15,wk inc flu prop ed visits,0,2025-11-15,30,quantile,0.7,0.0025135010979826537
2025-11-15,wk inc flu prop ed visits,1,2025-11-22,30,quantile,0.7,0.009256434692996522
2025-11-15,wk inc flu prop ed visits,2,2025-11-29,30,quantile,0.7,0.01159251965624402
2025-11-15,wk inc flu prop ed visits,3,2025-12-06,30,quantile,0.7,0.025008404000880564
2025-11-15,wk inc flu prop ed visits,0,2025-11-15,30,quantile,0.75,0.0028536467569895475
2025-11-15,wk inc flu prop ed visits,1,2025-11-22,30,quantile,0.75,0.010171282819652435
2025-11-15,wk inc flu prop ed visits,2,2025-11-29,30,quantile,0.75,0.013179945703044848
2025-11-15,wk inc flu prop ed visits,3,2025-12-06,30,quantile,0.75,0.02710791482717623
2025-11-15,wk inc flu prop ed visits,0,2025-11-15,30,quantile,0.8,0.0034357401732529134
2025-11-15,wk inc flu prop ed visits,1,2025-11-22,30,quantile,0.8,0.01129595559508825
2025-11-15,wk inc flu prop ed visits,2,2025-11-29,30,quantile,0.8,0.014972441676088955
2025-11-15,wk inc flu prop ed visits,3,2025-12-06,30,quantile,0.8,0.0303370353217509
2025-11-15,wk inc flu prop ed visits,0,2025-11-15,30,quantile,0.85,0.004129641226602405
2025-11-15,wk inc flu prop ed visits,1,2025-11-22,30,quantile,0.85,0.013332189528962852
2025-11-15,wk inc flu prop ed visits,2,2025-11-29,30,quantile,0.85,0.017558935590718604
2025-11-15,wk inc flu prop ed visits,3,2025-12-06,30,quantile,0.85,0.033114067814429035
2025-11-15,wk inc flu prop ed visits,0,2025-11-15,30,quantile,0.9,0.0050735282958438155
2025-11-15,wk inc flu prop ed visits,1,2025-11-22,30,quantile,0.9,0.017396492019089528
2025-11-15,wk inc flu prop ed visits,2,2025-11-29,30,quantile,0.9,0.023127422742179795
2025-11-15,wk inc flu prop ed visits,3,2025-12-06,30,quantile,0.9,0.03903378149948918
2025-11-15,wk inc flu prop ed visits,0,2025-11-15,30,quantile,0.95,0.006104319454758868
2025-11-15,wk inc flu prop ed visits,1,2025-11-22,30,quantile,0.95,0.019765856569161234
2025-11-15,wk inc flu prop ed visits,2,2025-11-29,30,quantile,0.95,0.02866438965971118
2025-11-15,wk inc flu prop ed visits,3,2025-12-06,30,quantile,0.95,0.04516773060871218
2025-11-15,wk inc flu prop ed visits,0,2025-11-15,30,quantile,0.975,0.014354745623498024
2025-11-15,wk inc flu prop ed visits,1,2025-11-22,30,quantile,0.975,0.02956278209617843
2025-11-15,wk inc flu prop ed visits,2,2025-11-29,30,quantile,0.975,0.04453186556781333
2025-11-15,wk inc flu prop ed visits,3,2025-12-06,30,quantile,0.975,0.06747825068748932
2025-11-15,wk inc flu prop ed visits,0,2025-11-15,30,quantile,0.99,0.014354745623498024
2025-11-15,wk inc flu prop ed visits,1,2025-11-22,30,quantile,0.99,0.031206541642077496
2025-11-15,wk inc flu prop ed visits,2,2025-11-29,30,quantile,0.99,0.05228588192760728
2025-11-15,wk inc flu prop ed visits,3,2025-12-06,30,quantile,0.99,0.08715857730223961
2025-11-15,wk inc flu hosp,0,2025-11-15,30,quantile,0.01,0
2025-11-15,wk inc flu hosp,1,2025-11-22,30,quantile,0.01,0
2025-11-15,wk inc flu hosp,2,2025-11-29,30,quantile,0.01,0
2025-11-15,wk inc flu hosp,3,2025-12-06,30,quantile,0.01,0
2025-11-15,wk inc flu hosp,0,2025-11-15,30,quantile,0.025,0
2025-11-15,wk inc flu hosp,1,2025-11-22,30,quantile,0.025,0
2025-11-15,wk inc flu hosp,2,2025-11-29,30,quantile,0.025,0
2025-11-15,wk inc flu hosp,3,2025-12-06,30,quantile,0.025,0
2025-11-15,wk inc flu hosp,0,2025-11-15,30,quantile,0.05,0
2025-11-15,wk inc flu hosp,1,2025-11-22,30,quantile,0.05,0
2025-11-15,wk inc flu hosp,2,2025-11-29,30,quantile,0.05,0
2025-11-15,wk inc flu hosp,3,2025-12-06,30,quantile,0.05,0
2025-11-15,wk inc flu hosp,0,2025-11-15,30,quantile,0.1,0
2025-11-15,wk inc flu hosp,1,2025-11-22,30,quantile,0.1,0
2025-11-15,wk inc flu hosp,2,2025-11-29,30,quantile,0.1,0
2025-11-15,wk inc flu hosp,3,2025-12-06,30,quantile,0.1,0
2025-11-15,wk inc flu hosp,0,2025-11-15,30,quantile,0.15,0
2025-11-15,wk inc flu hosp,1,2025-11-22,30,quantile,0.15,0
2025-11-15,wk inc flu hosp,2,2025-11-29,30,quantile,0.15,0
2025-11-15,wk inc flu hosp,3,2025-12-06,30,quantile,0.15,0
2025-11-15,wk inc flu hosp,0,2025-11-15,30,quantile,0.2,0
2025-11-15,wk inc flu hosp,1,2025-11-22,30,quantile,0.2,1
2025-11-15,wk inc flu hosp,2,2025-11-29,30,quantile,0.2,0
2025-11-15,wk inc flu hosp,3,2025-12-06,30,quantile,0.2,1
2025-11-15,wk inc flu hosp,0,2025-11-15,30,quantile,0.25,0
2025-11-15,wk inc flu hosp,1,2025-11-22,30,quantile,0.25,2
2025-11-15,wk inc flu hosp,2,2025-11-29,30,quantile,0.25,0
2025-11-15,wk inc flu hosp,3,2025-12-06,30,quantile,0.25,3
2025-11-15,wk inc flu hosp,0,2025-11-15,30,quantile,0.3,0
2025-11-15,wk inc flu hosp,1,2025-11-22,30,quantile,0.3,3
2025-11-15,wk inc flu hosp,2,2025-11-29,30,quantile,0.3,0
2025-11-15,wk inc flu hosp,3,2025-12-06,30,quantile,0.3,6
2025-11-15,wk inc flu hosp,0,2025-11-15,30,quantile,0.35,0
2025-11-15,wk inc flu hosp,1,2025-11-22,30,quantile,0.35,4
2025-11-15,wk inc flu hosp,2,2025-11-29,30,quantile,0.35,2
2025-11-15,wk inc flu hosp,3,2025-12-06,30,quantile,0.35,8
2025-11-15,wk inc flu hosp,0,2025-11-15,30,quantile,0.4,1
2025-11-15,wk inc flu hosp,1,2025-11-22,30,quantile,0.4,5
2025-11-15,wk inc flu hosp,2,2025-11-29,30,quantile,0.4,3
2025-11-15,wk inc flu hosp,3,2025-12-06,30,quantile,0.4,10
2025-11-15,wk inc flu hosp,0,2025-11-15,30,quantile,0.45,1
2025-11-15,wk inc flu hosp,1,2025-11-22,30,quantile,0.45,6
2025-11-15,wk inc flu hosp,2,2025-11-29,30,quantile,0.45,4
2025-11-15,wk inc flu hosp,3,2025-12-06,30,quantile,0.45,12
2025-11-15,wk inc flu hosp,0,2025-11-15,30,quantile,0.5,1
2025-11-15,wk inc flu hosp,1,2025-11-22,30,quantile,0.5,6
2025-11-15,wk inc flu hosp,2,2025-11-29,30,quantile,0.5,5
2025-11-15,wk inc flu hosp,3,2025-12-06,30,quantile,0.5,14
2025-11-15,wk inc flu hosp,0,2025-11-15,30,quantile,0.55,2
2025-11-15,wk inc flu hosp,1,2025-11-22,30,quantile,0.55,7
2025-11-15,wk inc flu hosp,2,2025-11-29,30,quantile,0.55,7
2025-11-15,wk inc flu hosp,3,2025-12-06,30,quantile,0.55,16
2025-11-15,wk inc flu hosp,0,2025-11-15,30,quantile,0.6,2
2025-11-15,wk inc flu hosp,1,2025-11-22,30,quantile,0.6,8
2025-11-15,wk inc flu hosp,2,2025-11-29,30,quantile,0.6,9
2025-11-15,wk inc flu hosp,3,2025-12-06,30,quantile,0.6,18
2025-11-15,wk inc flu hosp,0,2025-11-15,30,quantile,0.65,3
2025-11-15,wk inc flu hosp,1,2025-11-22,30,quantile,0.65,9
2025-11-15,wk inc flu hosp,2,2025-11-29,30,quantile,0.65,10
2025-11-15,wk inc flu hosp,3,2025-12-06,30,quantile,0.65,19
2025-11-15,wk inc flu hosp,0,2025-11-15,30,quantile,0.7,3
2025-11-15,wk inc flu hosp,1,2025-11-22,30,quantile,0.7,10
2025-11-15,wk inc flu hosp,2,2025-11-29,30,quantile,0.7,11
2025-11-15,wk inc flu hosp,3,2025-12-06,30,quantile,0.7,22
2025-11-15,wk inc flu hosp,0,2025-11-15,30,quantile,0.75,3
2025-11-15,wk inc flu hosp,1,2025-11-22,30,quantile,0.75,11
2025-11-15,wk inc flu hosp,2,2025-11-29,30,quantile,0.75,13
2025-11-15,wk inc flu hosp,3,2025-12-06,30,quantile,0.75,23
2025-11-15,wk inc flu hosp,0,2025-11-15,30,quantile,0.8,3
2025-11-15,wk inc flu hosp,1,2025-11-22,30,quantile,0.8,12
2025-11-15,wk inc flu hosp,2,2025-11-29,30,quantile,0.8,14
2025-11-15,wk inc flu hosp,3,2025-12-06,30,quantile,0.8,26
2025-11-15,wk inc flu hosp,0,2025-11-15,30,quantile,0.85,4
2025-11-15,wk inc flu hosp,1,2025-11-22,30,quantile,0.85,13
2025-11-15,wk inc flu hosp,2,2025-11-29,30,quantile,0.85,16
2025-11-15,wk inc flu hosp,3,2025-12-06,30,quantile,0.85,28
2025-11-15,wk inc flu hosp,0,2025-11-15,30,quantile,0.9,4
2025-11-15,wk inc flu hosp,1,2025-11-22,30,quantile,0.9,14
2025-11-15,wk inc flu hosp,2,2025-11-29,30,quantile,0.9,19
2025-11-15,wk inc flu hosp,3,2025-12-06,30,quantile,0.9,34
2025-11-15,wk inc flu hosp,0,2025-11-15,30,quantile,0.95,5
2025-11-15,wk inc flu hosp,1,2025-11-22,30,quantile,0.95,15
2025-11-15,wk inc flu hosp,2,2025-11-29,30,quantile,0.95,24
2025-11-15,wk inc flu hosp,3,2025-12-06,30,quantile,0.95,51
2025-11-15,wk inc flu hosp,0,2025-11-15,30,quantile,0.975,10
2025-11-15,wk inc flu hosp,1,2025-11-22,30,quantile,0.975,22
2025-11-15,wk inc flu hosp,2,2025-11-29,30,quantile,0.975,37
2025-11-15,wk inc flu hosp,3,2025-12-06,30,quantile,0.975,69
2025-11-15,wk inc flu hosp,0,2025-11-15,30,quantile,0.99,11
2025-11-15,wk inc flu hosp,1,2025-11-22,30,quantile,0.99,23
2025-11-15,wk inc flu hosp,2,2025-11-29,30,quantile,0.99,40
2025-11-15,wk inc flu hosp,3,2025-12-06,30,quantile,0.99,73
2025-11-15,wk inc flu hosp,0,2025-11-15,72,quantile,0.01,152
2025-11-15,wk inc flu hosp,1,2025-11-22,72,quantile,0.01,220
2025-11-15,wk inc flu hosp,2,2025-11-29,72,quantile,0.01,286
2025-11-15,wk inc flu hosp,3,2025-12-06,72,quantile,0.01,346
2025-11-15,wk inc flu hosp,0,2025-11-15,72,quantile,0.025,154
2025-11-15,wk inc flu hosp,1,2025-11-22,72,quantile,0.025,227
2025-11-15,wk inc flu hosp,2,2025-11-29,72,quantile,0.025,298
2025-11-15,wk inc flu hosp,3,2025-12-06,72,quantile,0.025,368
2025-11-15,wk inc flu hosp,0,2025-11-15,72,quantile,0.05,157
2025-11-15,wk inc flu hosp,1,2025-11-22,72,quantile,0.05,235
2025-11-15,wk inc flu hosp,2,2025-11-29,72,quantile,0.05,311
2025-11-15,wk inc flu hosp,3,2025-12-06,72,quantile,0.05,387
2025-11-15,wk inc flu hosp,0,2025-11-15,72,quantile,0.1,162
2025-11-15,wk inc flu hosp,1,2025-11-22,72,quantile,0.1,243
2025-11-15,wk inc flu hosp,2,2025-11-29,72,quantile,0.1,325
2025-11-15,wk inc flu hosp,3,2025-12-06,72,quantile,0.1,406
2025-11-15,wk inc flu hosp,0,2025-11-15,72,quantile,0.15,164
2025-11-15,wk inc flu hosp,1,2025-11-22,72,quantile,0.15,248
2025-11-15,wk inc flu hosp,2,2025-11-29,72,quantile,0.15,333
2025-11-15,wk inc flu hosp,3,2025-12-06,72,quantile,0.15,418
2025-11-15,wk inc flu hosp,0,2025-11-15,72,quantile,0.2,167
2025-11-15,wk inc flu hosp,1,2025-11-22,72,quantile,0.2,253
2025-11-15,wk inc flu hosp,2,2025-11-29,72,quantile,0.2,340
2025-11-15,wk inc flu hosp,3,2025-12-06,72,quantile,0.2,427
2025-11-15,wk inc flu hosp,0,2025-11-15,72,quantile,0.25,169
2025-11-15,wk inc flu hosp,1,2025-11-22,72,quantile,0.25,257
2025-11-15,wk inc flu hosp,2,2025-11-29,72,quantile,0.25,346
2025-11-15,wk inc flu hosp,3,2025-12-06,72,quantile,0.25,435
2025-11-15,wk inc flu hosp,0,2025-11-15,72,quantile,0.3,170
2025-11-15,wk inc flu hosp,1,2025-11-22,72,quantile,0.3,260
2025-11-15,wk inc flu hosp,2,2025-11-29,72,quantile,0.3,351
2025-11-15,wk inc flu hosp,3,2025-12-06,72,quantile,0.3,441
2025-11-15,wk inc flu hosp,0,2025-11-15,72,quantile,0.35,172
2025-11-15,wk inc flu hosp,1,2025-11-22,72,quantile,0.35,263
2025-11-15,wk inc flu hosp,2,2025-11-29,72,quantile,0.35,355
2025-11-15,wk inc flu hosp,3,2025-12-06,72,quantile,0.35,447
2025-11-15,wk inc flu hosp,0,2025-11-15,72,quantile,0.4,174
2025-11-15,wk inc flu hosp,1,2025-11-22,72,quantile,0.4,266
2025-11-15,wk inc flu hosp,2,2025-11-29,72,quantile,0.4,359
2025-11-15,wk inc flu hosp,3,2025-12-06,72,quantile,0.4,452
2025-11-15,wk inc flu hosp,0,2025-11-15,72,quantile,0.45,175
2025-11-15,wk inc flu hosp,1,2025-11-22,72,quantile,0.45,269
2025-11-15,wk inc flu hosp,2,2025-11-29,72,quantile,0.45,363
2025-11-15,wk inc flu hosp,3,2025-12-06,72,quantile,0.45,458
2025-11-15,wk inc flu hosp,0,2025-11-15,72,quantile,0.5,176
2025-11-15,wk inc flu hosp,1,2025-11-22,72,quantile,0.5,272
2025-11-15,wk inc flu hosp,2,2025-11-29,72,quantile,0.5,367
2025-11-15,wk inc flu hosp,3,2025-12-06,72,quantile,0.5,463
2025-11-15,wk inc flu hosp,0,2025-11-15,72,quantile,0.55,178
2025-11-15,wk inc flu hosp,1,2025-11-22,72,quantile,0.55,275
2025-11-15,wk inc flu hosp,2,2025-11-29,72,quantile,0.55,372
2025-11-15,wk inc flu hosp,3,2025-12-06,72,quantile,0.55,469
2025-11-15,wk inc flu hosp,0,2025-11-15,72,quantile,0.6,180
2025-11-15,wk inc flu hosp,1,2025-11-22,72,quantile,0.6,278
2025-11-15,wk inc flu hosp,2,2025-11-29,72,quantile,0.6,377
2025-11-15,wk inc flu hosp,3,2025-12-06,72,quantile,0.6,475
2025-11-15,wk inc flu hosp,0,2025-11-15,72,quantile,0.65,182
2025-11-15,wk inc flu hosp,1,2025-11-22,72,quantile,0.65,281
2025-11-15,wk inc flu hosp,2,2025-11-29,72,quantile,0.65,381
2025-11-15,wk inc flu hosp,3,2025-12-06,72,quantile,0.65,481
2025-11-15,wk inc flu hosp,0,2025-11-15,72,quantile,0.7,183
2025-11-15,wk inc flu hosp,1,2025-11-22,72,quantile,0.7,284
2025-11-15,wk inc flu hosp,2,2025-11-29,72,quantile,0.7,385
2025-11-15,wk inc flu hosp,3,2025-12-06,72,quantile,0.7,487
2025-11-15,wk inc flu hosp,0,2025-11-15,72,quantile,0.75,185
2025-11-15,wk inc flu hosp,1,2025-11-22,72,quantile,0.75,287
2025-11-15,wk inc flu hosp,2,2025-11-29,72,quantile,0.75,391
2025-11-15,wk inc flu hosp,3,2025-12-06,72,quantile,0.75,494
2025-11-15,wk inc flu hosp,0,2025-11-15,72,quantile,0.8,187
2025-11-15,wk inc flu hosp,1,2025-11-22,72,quantile,0.8,291
2025-11-15,wk inc flu hosp,2,2025-11-29,72,quantile,0.8,397
2025-11-15,wk inc flu hosp,3,2025-12-06,72,quantile,0.8,502
2025-11-15,wk inc flu hosp,0,2025-11-15,72,quantile,0.85,189
2025-11-15,wk inc flu hosp,1,2025-11-22,72,quantile,0.85,296
2025-11-15,wk inc flu hosp,2,2025-11-29,72,quantile,0.85,405
2025-11-15,wk inc flu hosp,3,2025-12-06,72,quantile,0.85,513
2025-11-15,wk inc flu hosp,0,2025-11-15,72,quantile,0.9,193
2025-11-15,wk inc flu hosp,1,2025-11-22,72,quantile,0.9,303
2025-11-15,wk inc flu hosp,2,2025-11-29,72,quantile,0.9,415
2025-11-15,wk inc flu hosp,3,2025-12-06,72,quantile,0.9,527
2025-11-15,wk inc flu hosp,0,2025-11-15,72,quantile,0.95,198
2025-11-15,wk inc flu hosp,1,2025-11-22,72,quantile,0.95,315
2025-11-15,wk inc flu hosp,2,2025-11-29,72,quantile,0.95,431
2025-11-15,wk inc flu hosp,3,2025-12-06,72,quantile,0.95,551
2025-11-15,wk inc flu hosp,0,2025-11-15,72,quantile,0.975,204
2025-11-15,wk inc flu hosp,1,2025-11-22,72,quantile,0.975,326
2025-11-15,wk inc flu hosp,2,2025-11-29,72,quantile,0.975,445
2025-11-15,wk inc flu hosp,3,2025-12-06,72,quantile,0.975,574
2025-11-15,wk inc flu hosp,0,2025-11-15,72,quantile,0.99,209
2025-11-15,wk inc flu hosp,1,2025-11-22,72,quantile,0.99,336
2025-11-15,wk inc flu hosp,2,2025-11-29,72,quantile,0.99,464
2025-11-15,wk inc flu hosp,3,2025-12-06,72,quantile,0.99,608
2025-11-15,wk inc flu prop ed visits,0,2025-11-15,05,quantile,0.01,0
2025-11-15,wk inc flu prop ed visits,1,2025-11-22,05,quantile,0.01,0
2025-11-15,wk inc flu prop ed visits,2,2025-11-29,05,quantile,0.01,0
2025-11-15,wk inc flu prop ed visits,3,2025-12-06,05,quantile,0.01,0
2025-11-15,wk inc flu prop ed visits,0,2025-11-15,05,quantile,0.025,0
2025-11-15,wk inc flu prop ed visits,1,2025-11-22,05,quantile,0.025,0
2025-11-15,wk inc flu prop ed visits,2,2025-11-29,05,quantile,0.025,0
2025-11-15,wk inc flu prop ed visits,3,2025-12-06,05,quantile,0.025,0
2025-11-15,wk inc flu prop ed visits,0,2025-11-15,05,quantile,0.05,0
2025-11-15,wk inc flu prop ed visits,1,2025-11-22,05,quantile,0.05,0
2025-11-15,wk inc flu prop ed visits,2,2025-11-29,05,quantile,0.05,0
2025-11-15,wk inc flu prop ed visits,3,2025-12-06,05,quantile,0.05,0
2025-11-15,wk inc flu prop ed visits,0,2025-11-15,05,quantile,0.1,0
2025-11-15,wk inc flu prop ed visits,1,2025-11-22,05,quantile,0.1,0
2025-11-15,wk inc flu prop ed visits,2,2025-11-29,05,quantile,0.1,0
2025-11-15,wk inc flu prop ed visits,3,2025-12-06,05,quantile,0.1,0
2025-11-15,wk inc flu prop ed visits,0,2025-11-15,05,quantile,0.15,0
2025-11-15,wk inc flu prop ed visits,1,2025-11-22,05,quantile,0.15,0
2025-11-15,wk inc flu prop ed visits,2,2025-11-29,05,quantile,0.15,0
2025-11-15,wk inc flu prop ed visits,3,2025-12-06,05,quantile,0.15,0
2025-11-15,wk inc flu prop ed visits,0,2025-11-15,05,quantile,0.2,0
2025-11-15,wk inc flu prop ed visits,1,2025-11-22,05,quantile,0.2,0
2025-11-15,wk inc flu prop ed visits,2,2025-11-29,05,quantile,0.2,0
2025-11-15,wk inc flu prop ed visits,3,2025-12-06,05,quantile,0.2,0
2025-11-15,wk inc flu prop ed visits,0,2025-11-15,05,quantile,0.25,0
2025-11-15,wk inc flu prop ed visits,1,2025-11-22,05,quantile,0.25,0
2025-11-15,wk inc flu prop ed visits,2,2025-11-29,05,quantile,0.25,0
2025-11-15,wk inc flu prop ed visits,3,2025-12-06,05,quantile,0.25,0
2025-11-15,wk inc flu prop ed visits,0,2025-11-15,05,quantile,0.3,9.600703399547689e-4
2025-11-15,wk inc flu prop ed visits,1,2025-11-22,05,quantile,0.3,0
2025-11-15,wk inc flu prop ed visits,2,2025-11-29,05,quantile,0.3,0
2025-11-15,wk inc flu prop ed visits,3,2025-12-06,05,quantile,0.3,0
2025-11-15,wk inc flu prop ed visits,0,2025-11-15,05,quantile,0.35,0.001202251896356472
2025-11-15,wk inc flu prop ed visits,1,2025-11-22,05,quantile,0.35,1.3944604867104733e-4
2025-11-15,wk inc flu prop ed visits,2,2025-11-29,05,quantile,0.35,0
2025-11-15,wk inc flu prop ed visits,3,2025-12-06,05,quantile,0.35,8.072227760213921e-4
2025-11-15,wk inc flu prop ed visits,0,2025-11-15,05,quantile,0.4,0.0015972475466346893
2025-11-15,wk inc flu prop ed visits,1,2025-11-22,05,quantile,0.4,9.97592914113964e-4
2025-11-15,wk inc flu prop ed visits,2,2025-11-29,05,quantile,0.4,3.549908795411008e-4
2025-11-15,wk inc flu prop ed visits,3,2025-12-06,05,quantile,0.4,0.0026427630425705523
2025-11-15,wk inc flu prop ed visits,0,2025-11-15,05,quantile,0.45,0.002352504244002616
2025-11-15,wk inc flu prop ed visits,1,2025-11-22,05,quantile,0.45,0.0021037155767415893
2025-11-15,wk inc flu prop ed visits,2,2025-11-29,05,quantile,0.45,0.0018955216666482926
2025-11-15,wk inc flu prop ed visits,3,2025-12-06,05,quantile,0.45,0.004898291908562976
2025-11-15,wk inc flu prop ed visits,0,2025-11-15,05,quantile,0.5,0.002831409269425614
2025-11-15,wk inc flu prop ed visits,1,2025-11-22,05,quantile,0.5,0.0031215923706612034
2025-11-15,wk inc flu prop ed visits,2,2025-11-29,05,quantile,0.5,0.003637066201390528
2025-11-15,wk inc flu prop ed visits,3,2025-12-06,05,quantile,0.5,0.007067049140842059
2025-11-15,wk inc flu prop ed visits,0,2025-11-15,05,quantile,0.55,0.0032320127996812885
2025-11-15,wk inc flu prop ed visits,1,2025-11-22,05,quantile,0.55,0.004406645390690515
2025-11-15,wk inc flu prop ed visits,2,2025-11-29,05,quantile,0.55,0.00555697195480326
2025-11-15,wk inc flu prop ed visits,3,2025-12-06,05,quantile,0.55,0.00919279330323841
2025-11-15,wk inc flu prop ed visits,0,2025-11-15,05,quantile,0.6,0.0036170655565540017
2025-11-15,wk inc flu prop ed visits,1,2025-11-22,05,quantile,0.6,0.005196819264124914
2025-11-15,wk inc flu prop ed visits,2,2025-11-29,05,quantile,0.6,0.0068615485187218
2025-11-15,wk inc flu prop ed visits,3,2025-12-06,05,quantile,0.6,0.010630223097438506
2025-11-15,wk inc flu prop ed visits,0,2025-11-15,05,quantile,0.65,0.004289294978733793
2025-11-15,wk inc flu prop ed visits,1,2025-11-22,05,quantile,0.65,0.006574182015412516
2025-11-15,wk inc flu prop ed visits,2,2025-11-29,05,quantile,0.65,0.008637023854435185
2025-11-15,wk inc flu prop ed visits,3,2025-12-06,05,quantile,0.65,0.012547488141214138
2025-11-15,wk inc flu prop ed visits,0,2025-11-15,05,quantile,0.7,0.004896756848804409
2025-11-15,wk inc flu prop ed visits,1,2025-11-22,05,quantile,0.7,0.007721942575490047
2025-11-15,wk inc flu prop ed visits,2,2025-11-29,05,quantile,0.7,0.010542337075811871
2025-11-15,wk inc flu prop ed visits,3,2025-12-06,05,quantile,0.7,0.014852254982787935
2025-11-15,wk inc flu prop ed visits,0,2025-11-15,05,quantile,0.75,0.005052662543954764
2025-11-15,wk inc flu prop ed visits,1,2025-11-22,05,quantile,0.75,0.008255939269776611
2025-11-15,wk inc flu prop ed visits,2,2025-11-29,05,quantile,0.75,0.011336098359216493
2025-11-15,wk inc flu prop ed visits,3,2025-12-06,05,quantile,0.75,0.01609803451166091
2025-11-15,wk inc flu prop ed visits,0,2025-11-15,05,quantile,0.8,0.00525715092786838
2025-11-15,wk inc flu prop ed visits,1,2025-11-22,05,quantile,0.8,0.008945511449786323
2025-11-15,wk inc flu prop ed visits,2,2025-11-29,05,quantile,0.8,0.012302077202748328
2025-11-15,wk inc flu prop ed visits,3,2025-12-06,05,quantile,0.8,0.01756227459180158
2025-11-15,wk inc flu prop ed visits,0,2025-11-15,05,quantile,0.85,0.005464362815202082
2025-11-15,wk inc flu prop ed visits,1,2025-11-22,05,quantile,0.85,0.009874014127904566
2025-11-15,wk inc flu prop ed visits,2,2025-11-29,05,quantile,0.85,0.013585575312291103
2025-11-15,wk inc flu prop ed visits,3,2025-12-06,05,quantile,0.85,0.019519093565064313
2025-11-15,wk inc flu prop ed visits,0,2025-11-15,05,quantile,0.9,0.005790152224121802
2025-11-15,wk inc flu prop ed visits,1,2025-11-22,05,quantile,0.9,0.010614715333511935
2025-11-15,wk inc flu prop ed visits,2,2025-11-29,05,quantile,0.9,0.01543815566581899
2025-11-15,wk inc flu prop ed visits,3,2025-12-06,05,quantile,0.9,0.022057568916899254
2025-11-15,wk inc flu prop ed visits,0,2025-11-15,05,quantile,0.95,0.00606723936794059
2025-11-15,wk inc flu prop ed visits,1,2025-11-22,05,quantile,0.95,0.012586230621304546
2025-11-15,wk inc flu prop ed visits,2,2025-11-29,05,quantile,0.95,0.018616063340065814
2025-11-15,wk inc flu prop ed visits,3,2025-12-06,05,quantile,0.95,0.02607107786937098
2025-11-15,wk inc flu prop ed visits,0,2025-11-15,05,quantile,0.975,0.009324313932280802
2025-11-15,wk inc flu prop ed visits,1,2025-11-22,05,quantile,0.975,0.024572858496103495
2025-11-15,wk inc flu prop ed visits,2,2025-11-29,05,quantile,0.975,0.031940553756558736
2025-11-15,wk inc flu prop ed visits,3,2025-12-06,05,quantile,0.975,0.04433246782925809
2025-11-15,wk inc flu prop ed visits,0,2025-11-15,05,quantile,0.99,0.009324313932280802
2025-11-15,wk inc flu prop ed visits,1,2025-11-22,05,quantile,0.99,0.024572858496103495
2025-11-15,wk inc flu prop ed visits,2,2025-11-29,05,quantile,0.99,0.03907991916748104
2025-11-15,wk inc flu prop ed visits,3,2025-12-06,05,quantile,0.99,0.06481691732618132
2025-11-15,wk inc flu hosp,0,2025-11-15,05,quantile,0.01,0
2025-11-15,wk inc flu hosp,1,2025-11-22,05,quantile,0.01,0
2025-11-15,wk inc flu hosp,2,2025-11-29,05,quantile,0.01,0
2025-11-15,wk inc flu hosp,3,2025-12-06,05,quantile,0.01,0
2025-11-15,wk inc flu hosp,0,2025-11-15,05,quantile,0.025,0
2025-11-15,wk inc flu hosp,1,2025-11-22,05,quantile,0.025,0
2025-11-15,wk inc flu hosp,2,2025-11-29,05,quantile,0.025,0
2025-11-15,wk inc flu hosp,3,2025-12-06,05,quantile,0.025,0
2025-11-15,wk inc flu hosp,0,2025-11-15,05,quantile,0.05,0
2025-11-15,wk inc flu hosp,1,2025-11-22,05,quantile,0.05,0
2025-11-15,wk inc flu hosp,2,2025-11-29,05,quantile,0.05,0
2025-11-15,wk inc flu hosp,3,2025-12-06,05,quantile,0.05,0
2025-11-15,wk inc flu hosp,0,2025-11-15,05,quantile,0.1,0
2025-11-15,wk inc flu hosp,1,2025-11-22,05,quantile,0.1,0
2025-11-15,wk inc flu hosp,2,2025-11-29,05,quantile,0.1,0
2025-11-15,wk inc flu hosp,3,2025-12-06,05,quantile,0.1,0
2025-11-15,wk inc flu hosp,0,2025-11-15,05,quantile,0.15,0
2025-11-15,wk inc flu hosp,1,2025-11-22,05,quantile,0.15,0
2025-11-15,wk inc flu hosp,2,2025-11-29,05,quantile,0.15,0
2025-11-15,wk inc flu hosp,3,2025-12-06,05,quantile,0.15,0
2025-11-15,wk inc flu hosp,0,2025-11-15,05,quantile,0.2,1
2025-11-15,wk inc flu hosp,1,2025-11-22,05,quantile,0.2,0
2025-11-15,wk inc flu hosp,2,2025-11-29,05,quantile,0.2,0
2025-11-15,wk inc flu hosp,3,2025-12-06,05,quantile,0.2,0
2025-11-15,wk inc flu hosp,0,2025-11-15,05,quantile,0.25,2
2025-11-15,wk inc flu hosp,1,2025-11-22,05,quantile,0.25,0
2025-11-15,wk inc flu hosp,2,2025-11-29,05,quantile,0.25,0
2025-11-15,wk inc flu hosp,3,2025-12-06,05,quantile,0.25,0
2025-11-15,wk inc flu hosp,0,2025-11-15,05,quantile,0.3,3
2025-11-15,wk inc flu hosp,1,2025-11-22,05,quantile,0.3,3
2025-11-15,wk inc flu hosp,2,2025-11-29,05,quantile,0.3,0
2025-11-15,wk inc flu hosp,3,2025-12-06,05,quantile,0.3,0
2025-11-15,wk inc flu hosp,0,2025-11-15,05,quantile,0.35,4
2025-11-15,wk inc flu hosp,1,2025-11-22,05,quantile,0.35,6
2025-11-15,wk inc flu hosp,2,2025-11-29,05,quantile,0.35,1
2025-11-15,wk inc flu hosp,3,2025-12-06,05,quantile,0.35,4
2025-11-15,wk inc flu hosp,0,2025-11-15,05,quantile,0.4,5
2025-11-15,wk inc flu hosp,1,2025-11-22,05,quantile,0.4,8
2025-11-15,wk inc flu hosp,2,2025-11-29,05,quantile,0.4,4
2025-11-15,wk inc flu hosp,3,2025-12-06,05,quantile,0.4,8
2025-11-15,wk inc flu hosp,0,2025-11-15,05,quantile,0.45,6
2025-11-15,wk inc flu hosp,1,2025-11-22,05,quantile,0.45,9
2025-11-15,wk inc flu hosp,2,2025-11-29,05,quantile,0.45,6
2025-11-15,wk inc flu hosp,3,2025-12-06,05,quantile,0.45,11
2025-11-15,wk inc flu hosp,0,2025-11-15,05,quantile,0.5,7
2025-11-15,wk inc flu hosp,1,2025-11-22,05,quantile,0.5,11
2025-11-15,wk inc flu hosp,2,2025-11-29,05,quantile,0.5,9
2025-11-15,wk inc flu hosp,3,2025-12-06,05,quantile,0.5,14
2025-11-15,wk inc flu hosp,0,2025-11-15,05,quantile,0.55,8
2025-11-15,wk inc flu hosp,1,2025-11-22,05,quantile,0.55,12
2025-11-15,wk inc flu hosp,2,2025-11-29,05,quantile,0.55,12
2025-11-15,wk inc flu hosp,3,2025-12-06,05,quantile,0.55,18
2025-11-15,wk inc flu hosp,0,2025-11-15,05,quantile,0.6,8
2025-11-15,wk inc flu hosp,1,2025-11-22,05,quantile,0.6,15
2025-11-15,wk inc flu hosp,2,2025-11-29,05,quantile,0.6,15
2025-11-15,wk inc flu hosp,3,2025-12-06,05,quantile,0.6,23
2025-11-15,wk inc flu hosp,0,2025-11-15,05,quantile,0.65,10
2025-11-15,wk inc flu hosp,1,2025-11-22,05,quantile,0.65,17
2025-11-15,wk inc flu hosp,2,2025-11-29,05,quantile,0.65,18
2025-11-15,wk inc flu hosp,3,2025-12-06,05,quantile,0.65,27
2025-11-15,wk inc flu hosp,0,2025-11-15,05,quantile,0.7,11
2025-11-15,wk inc flu hosp,1,2025-11-22,05,quantile,0.7,20
2025-11-15,wk inc flu hosp,2,2025-11-29,05,quantile,0.7,22
2025-11-15,wk inc flu hosp,3,2025-12-06,05,quantile,0.7,32
2025-11-15,wk inc flu hosp,0,2025-11-15,05,quantile,0.75,12
2025-11-15,wk inc flu hosp,1,2025-11-22,05,quantile,0.75,21
2025-11-15,wk inc flu hosp,2,2025-11-29,05,quantile,0.75,24
2025-11-15,wk inc flu hosp,3,2025-12-06,05,quantile,0.75,35
2025-11-15,wk inc flu hosp,0,2025-11-15,05,quantile,0.8,13
2025-11-15,wk inc flu hosp,1,2025-11-22,05,quantile,0.8,25
2025-11-15,wk inc flu hosp,2,2025-11-29,05,quantile,0.8,29
2025-11-15,wk inc flu hosp,3,2025-12-06,05,quantile,0.8,40
2025-11-15,wk inc flu hosp,0,2025-11-15,05,quantile,0.85,14
2025-11-15,wk inc flu hosp,1,2025-11-22,05,quantile,0.85,25
2025-11-15,wk inc flu hosp,2,2025-11-29,05,quantile,0.85,30
2025-11-15,wk inc flu hosp,3,2025-12-06,05,quantile,0.85,43
2025-11-15,wk inc flu hosp,0,2025-11-15,05,quantile,0.9,14
2025-11-15,wk inc flu hosp,1,2025-11-22,05,quantile,0.9,27
2025-11-15,wk inc flu hosp,2,2025-11-29,05,quantile,0.9,33
2025-11-15,wk inc flu hosp,3,2025-12-06,05,quantile,0.9,48
2025-11-15,wk inc flu hosp,0,2025-11-15,05,quantile,0.95,15
2025-11-15,wk inc flu hosp,1,2025-11-22,05,quantile,0.95,28
2025-11-15,wk inc flu hosp,2,2025-11-29,05,quantile,0.95,37
2025-11-15,wk inc flu hosp,3,2025-12-06,05,quantile,0.95,58
2025-11-15,wk inc flu hosp,0,2025-11-15,05,quantile,0.975,20
2025-11-15,wk inc flu hosp,1,2025-11-22,05,quantile,0.975,50
2025-11-15,wk inc flu hosp,2,2025-11-29,05,quantile,0.975,69
2025-11-15,wk inc flu hosp,3,2025-12-06,05,quantile,0.975,91
2025-11-15,wk inc flu hosp,0,2025-11-15,05,quantile,0.99,20
2025-11-15,wk inc flu hosp,1,2025-11-22,05,quantile,0.99,50
2025-11-15,wk inc flu hosp,2,2025-11-29,05,quantile,0.99,76
2025-11-15,wk inc flu hosp,3,2025-12-06,05,quantile,0.99,111
2025-11-15,wk inc flu prop ed visits,0,2025-11-15,32,quantile,0.01,0
2025-11-15,wk inc flu prop ed visits,1,2025-11-22,32,quantile,0.01,0
2025-11-15,wk inc flu prop ed visits,2,2025-11-29,32,quantile,0.01,0
2025-11-15,wk inc flu prop ed visits,3,2025-12-06,32,quantile,0.01,0
2025-11-15,wk inc flu prop ed visits,0,2025-11-15,32,quantile,0.025,0
2025-11-15,wk inc flu prop ed visits,1,2025-11-22,32,quantile,0.025,0
2025-11-15,wk inc flu prop ed visits,2,2025-11-29,32,quantile,0.025,0
2025-11-15,wk inc flu prop ed visits,3,2025-12-06,32,quantile,0.025,0
2025-11-15,wk inc flu prop ed visits,0,2025-11-15,32,quantile,0.05,0
2025-11-15,wk inc flu prop ed visits,1,2025-11-22,32,quantile,0.05,0
2025-11-15,wk inc flu prop ed visits,2,2025-11-29,32,quantile,0.05,0
2025-11-15,wk inc flu prop ed visits,3,2025-12-06,32,quantile,0.05,0
2025-11-15,wk inc flu prop ed visits,0,2025-11-15,32,quantile,0.1,0
2025-11-15,wk inc flu prop ed visits,1,2025-11-22,32,quantile,0.1,0
2025-11-15,wk inc flu prop ed visits,2,2025-11-29,32,quantile,0.1,0
2025-11-15,wk inc flu prop ed visits,3,2025-12-06,32,quantile,0.1,0
2025-11-15,wk inc flu prop ed visits,0,2025-11-15,32,quantile,0.15,0
2025-11-15,wk inc flu prop ed visits,1,2025-11-22,32,quantile,0.15,0
2025-11-15,wk inc flu prop ed visits,2,2025-11-29,32,quantile,0.15,0
2025-11-15,wk inc flu prop ed visits,3,2025-12-06,32,quantile,0.15,0
2025-11-15,wk inc flu prop ed visits,0,2025-11-15,32,quantile,0.2,0
2025-11-15,wk inc flu prop ed visits,1,2025-11-22,32,quantile,0.2,0
2025-11-15,wk inc flu prop ed visits,2,2025-11-29,32,quantile,0.2,0
2025-11-15,wk inc flu prop ed visits,3,2025-12-06,32,quantile,0.2,0
2025-11-15,wk inc flu prop ed visits,0,2025-11-15,32,quantile,0.25,0
2025-11-15,wk inc flu prop ed visits,1,2025-11-22,32,quantile,0.25,0
2025-11-15,wk inc flu prop ed visits,2,2025-11-29,32,quantile,0.25,0
2025-11-15,wk inc flu prop ed visits,3,2025-12-06,32,quantile,0.25,0
2025-11-15,wk inc flu prop ed visits,0,2025-11-15,32,quantile,0.3,0
2025-11-15,wk inc flu prop ed visits,1,2025-11-22,32,quantile,0.3,8.428323231164856e-4
2025-11-15,wk inc flu prop ed visits,2,2025-11-29,32,quantile,0.3,0
2025-11-15,wk inc flu prop ed visits,3,2025-12-06,32,quantile,0.3,5.53173693422646e-4
2025-11-15,wk inc flu prop ed visits,0,2025-11-15,32,quantile,0.35,0
2025-11-15,wk inc flu prop ed visits,1,2025-11-22,32,quantile,0.35,0.0017682762583749723
2025-11-15,wk inc flu prop ed visits,2,2025-11-29,32,quantile,0.35,0
2025-11-15,wk inc flu prop ed visits,3,2025-12-06,32,quantile,0.35,0.0023883914115921893
2025-11-15,wk inc flu prop ed visits,0,2025-11-15,32,quantile,0.4,0
2025-11-15,wk inc flu prop ed visits,1,2025-11-22,32,quantile,0.4,0.0030460614606887216
2025-11-15,wk inc flu prop ed visits,2,2025-11-29,32,quantile,0.4,9.912743109414131e-4
2025-11-15,wk inc flu prop ed visits,3,2025-12-06,32,quantile,0.4,0.004847904737534417
2025-11-15,wk inc flu prop ed visits,0,2025-11-15,32,quantile,0.45,3.557015008278212e-4
2025-11-15,wk inc flu prop ed visits,1,2025-11-22,32,quantile,0.45,0.004604396749449633
2025-11-15,wk inc flu prop ed visits,2,2025-11-29,32,quantile,0.45,0.002835362716973961
2025-11-15,wk inc flu prop ed visits,3,2025-12-06,32,quantile,0.45,0.007202481505100083
2025-11-15,wk inc flu prop ed visits,0,2025-11-15,32,quantile,0.5,9.573857781914933e-4
2025-11-15,wk inc flu prop ed visits,1,2025-11-22,32,quantile,0.5,0.005702934140725861
2025-11-15,wk inc flu prop ed visits,2,2025-11-29,32,quantile,0.5,0.00454308078209928
2025-11-15,wk inc flu prop ed visits,3,2025-12-06,32,quantile,0.5,0.009207460821946416
2025-11-15,wk inc flu prop ed visits,0,2025-11-15,32,quantile,0.55,0.0018759786165247138
2025-11-15,wk inc flu prop ed visits,1,2025-11-22,32,quantile,0.55,0.007819825973171799
2025-11-15,wk inc flu prop ed visits,2,2025-11-29,32,quantile,0.55,0.007377320926570626
2025-11-15,wk inc flu prop ed visits,3,2025-12-06,32,quantile,0.55,0.012698840339841333
2025-11-15,wk inc flu prop ed visits,0,2025-11-15,32,quantile,0.6,0.002965809586833774
2025-11-15,wk inc flu prop ed visits,1,2025-11-22,32,quantile,0.6,0.010316682840284317
2025-11-15,wk inc flu prop ed visits,2,2025-11-29,32,quantile,0.6,0.01047550722865485
2025-11-15,wk inc flu prop ed visits,3,2025-12-06,32,quantile,0.6,0.016161552413587205
2025-11-15,wk inc flu prop ed visits,0,2025-11-15,32,quantile,0.65,0.0033566209052539805
2025-11-15,wk inc flu prop ed visits,1,2025-11-22,32,quantile,0.65,0.012621272879716684
2025-11-15,wk inc flu prop ed visits,2,2025-11-29,32,quantile,0.65,0.013220059630573327
2025-11-15,wk inc flu prop ed visits,3,2025-12-06,32,quantile,0.65,0.020046078398200287
2025-11-15,wk inc flu prop ed visits,0,2025-11-15,32,quantile,0.7,0.004144659524377673
2025-11-15,wk inc flu prop ed visits,1,2025-11-22,32,quantile,0.7,0.01425919946165174
2025-11-15,wk inc flu prop ed visits,2,2025-11-29,32,quantile,0.7,0.015884222860451394
2025-11-15,wk inc flu prop ed visits,3,2025-12-06,32,quantile,0.7,0.023445275366418446
2025-11-15,wk inc flu prop ed visits,0,2025-11-15,32,quantile,0.75,0.0056078545892275546
2025-11-15,wk inc flu prop ed visits,1,2025-11-22,32,quantile,0.75,0.016868587316997894
2025-11-15,wk inc flu prop ed visits,2,2025-11-29,32,quantile,0.75,0.019947359396105122
2025-11-15,wk inc flu prop ed visits,3,2025-12-06,32,quantile,0.75,0.02809441339597269
2025-11-15,wk inc flu prop ed visits,0,2025-11-15,32,quantile,0.8,0.0059872213241969705
2025-11-15,wk inc flu prop ed visits,1,2025-11-22,32,quantile,0.8,0.018663636234474094
2025-11-15,wk inc flu prop ed visits,2,2025-11-29,32,quantile,0.8,0.022494951193343802
2025-11-15,wk inc flu prop ed visits,3,2025-12-06,32,quantile,0.8,0.03252112305019388
2025-11-15,wk inc flu prop ed visits,0,2025-11-15,32,quantile,0.85,0.006241796064815318
2025-11-15,wk inc flu prop ed visits,1,2025-11-22,32,quantile,0.85,0.019303375408130475
2025-11-15,wk inc flu prop ed visits,2,2025-11-29,32,quantile,0.85,0.025233843487204515
2025-11-15,wk inc flu prop ed visits,3,2025-12-06,32,quantile,0.85,0.03708278543856504
2025-11-15,wk inc flu prop ed visits,0,2025-11-15,32,quantile,0.9,0.0066418589352701925
2025-11-15,wk inc flu prop ed visits,1,2025-11-22,32,quantile,0.9,0.02019306379476284
2025-11-15,wk inc flu prop ed visits,2,2025-11-29,32,quantile,0.9,0.027909100151291864
2025-11-15,wk inc flu prop ed visits,3,2025-12-06,32,quantile,0.9,0.044294432167302035
2025-11-15,wk inc flu prop ed visits,0,2025-11-15,32,quantile,0.95,0.009592356230740597
2025-11-15,wk inc flu prop ed visits,1,2025-11-22,32,quantile,0.95,0.023672852768465376
2025-11-15,wk inc flu prop ed visits,2,2025-11-29,32,quantile,0.95,0.03168137943837112
2025-11-15,wk inc flu prop ed visits,3,2025-12-06,32,quantile,0.95,0.049348446499458985
2025-11-15,wk inc flu prop ed visits,0,2025-11-15,32,quantile,0.975,0.009838160301359705
2025-11-15,wk inc flu prop ed visits,1,2025-11-22,32,quantile,0.975,0.025006204118165492
2025-11-15,wk inc flu prop ed visits,2,2025-11-29,32,quantile,0.975,0.034265968788387564
2025-11-15,wk inc flu prop ed visits,3,2025-12-06,32,quantile,0.975,0.05222520014557099
2025-11-15,wk inc flu prop ed visits,0,2025-11-15,32,quantile,0.99,0.009932688148572023
2025-11-15,wk inc flu prop ed visits,1,2025-11-22,32,quantile,0.99,0.0257799781138712
2025-11-15,wk inc flu prop ed visits,2,2025-11-29,32,quantile,0.99,0.03748987318649903
2025-11-15,wk inc flu prop ed visits,3,2025-12-06,32,quantile,0.99,0.05616438093098642
2025-11-15,wk inc flu hosp,0,2025-11-15,32,quantile,0.01,0
2025-11-15,wk inc flu hosp,1,2025-11-22,32,quantile,0.01,0
2025-11-15,wk inc flu hosp,2,2025-11-29,32,quantile,0.01,0
2025-11-15,wk inc flu hosp,3,2025-12-06,32,quantile,0.01,0
2025-11-15,wk inc flu hosp,0,2025-11-15,32,quantile,0.025,0
2025-11-15,wk inc flu hosp,1,2025-11-22,32,quantile,0.025,0
2025-11-15,wk inc flu hosp,2,2025-11-29,32,quantile,0.025,0
2025-11-15,wk inc flu hosp,3,2025-12-06,32,quantile,0.025,0
2025-11-15,wk inc flu hosp,0,2025-11-15,32,quantile,0.05,0
2025-11-15,wk inc flu hosp,1,2025-11-22,32,quantile,0.05,0
2025-11-15,wk inc flu hosp,2,2025-11-29,32,quantile,0.05,0
2025-11-15,wk inc flu hosp,3,2025-12-06,32,quantile,0.05,0
2025-11-15,wk inc flu hosp,0,2025-11-15,32,quantile,0.1,0
2025-11-15,wk inc flu hosp,1,2025-11-22,32,quantile,0.1,0
2025-11-15,wk inc flu hosp,2,2025-11-29,32,quantile,0.1,0
2025-11-15,wk inc flu hosp,3,2025-12-06,32,quantile,0.1,0
2025-11-15,wk inc flu hosp,0,2025-11-15,32,quantile,0.15,0
2025-11-15,wk inc flu hosp,1,2025-11-22,32,quantile,0.15,0
2025-11-15,wk inc flu hosp,2,2025-11-29,32,quantile,0.15,0
2025-11-15,wk inc flu hosp,3,2025-12-06,32,quantile,0.15,0
2025-11-15,wk inc flu hosp,0,2025-11-15,32,quantile,0.2,0
2025-11-15,wk inc flu hosp,1,2025-11-22,32,quantile,0.2,0
2025-11-15,wk inc flu hosp,2,2025-11-29,32,quantile,0.2,0
2025-11-15,wk inc flu hosp,3,2025-12-06,32,quantile,0.2,0
2025-11-15,wk inc flu hosp,0,2025-11-15,32,quantile,0.25,0
2025-11-15,wk inc flu hosp,1,2025-11-22,32,quantile,0.25,0
2025-11-15,wk inc flu hosp,2,2025-11-29,32,quantile,0.25,0
2025-11-15,wk inc flu hosp,3,2025-12-06,32,quantile,0.25,0
2025-11-15,wk inc flu hosp,0,2025-11-15,32,quantile,0.3,0
2025-11-15,wk inc flu hosp,1,2025-11-22,32,quantile,0.3,4
2025-11-15,wk inc flu hosp,2,2025-11-29,32,quantile,0.3,0
2025-11-15,wk inc flu hosp,3,2025-12-06,32,quantile,0.3,0
2025-11-15,wk inc flu hosp,0,2025-11-15,32,quantile,0.35,4
2025-11-15,wk inc flu hosp,1,2025-11-22,32,quantile,0.35,13
2025-11-15,wk inc flu hosp,2,2025-11-29,32,quantile,0.35,0
2025-11-15,wk inc flu hosp,3,2025-12-06,32,quantile,0.35,15
2025-11-15,wk inc flu hosp,0,2025-11-15,32,quantile,0.4,9
2025-11-15,wk inc flu hosp,1,2025-11-22,32,quantile,0.4,23
2025-11-15,wk inc flu hosp,2,2025-11-29,32,quantile,0.4,10
2025-11-15,wk inc flu hosp,3,2025-12-06,32,quantile,0.4,39
2025-11-15,wk inc flu hosp,0,2025-11-15,32,quantile,0.45,16
2025-11-15,wk inc flu hosp,1,2025-11-22,32,quantile,0.45,35
2025-11-15,wk inc flu hosp,2,2025-11-29,32,quantile,0.45,24
2025-11-15,wk inc flu hosp,3,2025-12-06,32,quantile,0.45,56
2025-11-15,wk inc flu hosp,0,2025-11-15,32,quantile,0.5,20
2025-11-15,wk inc flu hosp,1,2025-11-22,32,quantile,0.5,40
2025-11-15,wk inc flu hosp,2,2025-11-29,32,quantile,0.5,33
2025-11-15,wk inc flu hosp,3,2025-12-06,32,quantile,0.5,67
2025-11-15,wk inc flu hosp,0,2025-11-15,32,quantile,0.55,21
2025-11-15,wk inc flu hosp,1,2025-11-22,32,quantile,0.55,49
2025-11-15,wk inc flu hosp,2,2025-11-29,32,quantile,0.55,45
2025-11-15,wk inc flu hosp,3,2025-12-06,32,quantile,0.55,84
2025-11-15,wk inc flu hosp,0,2025-11-15,32,quantile,0.6,23
2025-11-15,wk inc flu hosp,1,2025-11-22,32,quantile,0.6,57
2025-11-15,wk inc flu hosp,2,2025-11-29,32,quantile,0.6,56
2025-11-15,wk inc flu hosp,3,2025-12-06,32,quantile,0.6,98
2025-11-15,wk inc flu hosp,0,2025-11-15,32,quantile,0.65,26
2025-11-15,wk inc flu hosp,1,2025-11-22,32,quantile,0.65,67
2025-11-15,wk inc flu hosp,2,2025-11-29,32,quantile,0.65,72
2025-11-15,wk inc flu hosp,3,2025-12-06,32,quantile,0.65,118
2025-11-15,wk inc flu hosp,0,2025-11-15,32,quantile,0.7,29
2025-11-15,wk inc flu hosp,1,2025-11-22,32,quantile,0.7,70
2025-11-15,wk inc flu hosp,2,2025-11-29,32,quantile,0.7,80
2025-11-15,wk inc flu hosp,3,2025-12-06,32,quantile,0.7,137
2025-11-15,wk inc flu hosp,0,2025-11-15,32,quantile,0.75,32
2025-11-15,wk inc flu hosp,1,2025-11-22,32,quantile,0.75,78
2025-11-15,wk inc flu hosp,2,2025-11-29,32,quantile,0.75,94
2025-11-15,wk inc flu hosp,3,2025-12-06,32,quantile,0.75,159
2025-11-15,wk inc flu hosp,0,2025-11-15,32,quantile,0.8,35
2025-11-15,wk inc flu hosp,1,2025-11-22,32,quantile,0.8,85
2025-11-15,wk inc flu hosp,2,2025-11-29,32,quantile,0.8,122
2025-11-15,wk inc flu hosp,3,2025-12-06,32,quantile,0.8,195
2025-11-15,wk inc flu hosp,0,2025-11-15,32,quantile,0.85,38
2025-11-15,wk inc flu hosp,1,2025-11-22,32,quantile,0.85,93
2025-11-15,wk inc flu hosp,2,2025-11-29,32,quantile,0.85,132
2025-11-15,wk inc flu hosp,3,2025-12-06,32,quantile,0.85,216
2025-11-15,wk inc flu hosp,0,2025-11-15,32,quantile,0.9,41
2025-11-15,wk inc flu hosp,1,2025-11-22,32,quantile,0.9,100
2025-11-15,wk inc flu hosp,2,2025-11-29,32,quantile,0.9,150
2025-11-15,wk inc flu hosp,3,2025-12-06,32,quantile,0.9,253
2025-11-15,wk inc flu hosp,0,2025-11-15,32,quantile,0.95,59
2025-11-15,wk inc flu hosp,1,2025-11-22,32,quantile,0.95,122
2025-11-15,wk inc flu hosp,2,2025-11-29,32,quantile,0.95,207
2025-11-15,wk inc flu hosp,3,2025-12-06,32,quantile,0.95,314
2025-11-15,wk inc flu hosp,0,2025-11-15,32,quantile,0.975,84
2025-11-15,wk inc flu hosp,1,2025-11-22,32,quantile,0.975,154
2025-11-15,wk inc flu hosp,2,2025-11-29,32,quantile,0.975,261
2025-11-15,wk inc flu hosp,3,2025-12-06,32,quantile,0.975,381
2025-11-15,wk inc flu hosp,0,2025-11-15,32,quantile,0.99,96
2025-11-15,wk inc flu hosp,1,2025-11-22,32,quantile,0.99,177
2025-11-15,wk inc flu hosp,2,2025-11-29,32,quantile,0.99,331
2025-11-15,wk inc flu hosp,3,2025-12-06,32,quantile,0.99,466
2025-11-15,wk inc flu hosp,0,2025-11-15,29,quantile,0.01,8
2025-11-15,wk inc flu hosp,1,2025-11-22,29,quantile,0.01,0
2025-11-15,wk inc flu hosp,2,2025-11-29,29,quantile,0.01,0
2025-11-15,wk inc flu hosp,3,2025-12-06,29,quantile,0.01,0
2025-11-15,wk inc flu hosp,0,2025-11-15,29,quantile,0.025,14
2025-11-15,wk inc flu hosp,1,2025-11-22,29,quantile,0.025,5
2025-11-15,wk inc flu hosp,2,2025-11-29,29,quantile,0.025,0
2025-11-15,wk inc flu hosp,3,2025-12-06,29,quantile,0.025,0
2025-11-15,wk inc flu hosp,0,2025-11-15,29,quantile,0.05,16
2025-11-15,wk inc flu hosp,1,2025-11-22,29,quantile,0.05,14
2025-11-15,wk inc flu hosp,2,2025-11-29,29,quantile,0.05,10
2025-11-15,wk inc flu hosp,3,2025-12-06,29,quantile,0.05,8
2025-11-15,wk inc flu hosp,0,2025-11-15,29,quantile,0.1,19
2025-11-15,wk inc flu hosp,1,2025-11-22,29,quantile,0.1,20
2025-11-15,wk inc flu hosp,2,2025-11-29,29,quantile,0.1,21
2025-11-15,wk inc flu hosp,3,2025-12-06,29,quantile,0.1,24
2025-11-15,wk inc flu hosp,0,2025-11-15,29,quantile,0.15,21
2025-11-15,wk inc flu hosp,1,2025-11-22,29,quantile,0.15,24
2025-11-15,wk inc flu hosp,2,2025-11-29,29,quantile,0.15,29
2025-11-15,wk inc flu hosp,3,2025-12-06,29,quantile,0.15,34
2025-11-15,wk inc flu hosp,0,2025-11-15,29,quantile,0.2,22
2025-11-15,wk inc flu hosp,1,2025-11-22,29,quantile,0.2,28
2025-11-15,wk inc flu hosp,2,2025-11-29,29,quantile,0.2,35
2025-11-15,wk inc flu hosp,3,2025-12-06,29,quantile,0.2,43
2025-11-15,wk inc flu hosp,0,2025-11-15,29,quantile,0.25,24
2025-11-15,wk inc flu hosp,1,2025-11-22,29,quantile,0.25,31
2025-11-15,wk inc flu hosp,2,2025-11-29,29,quantile,0.25,40
2025-11-15,wk inc flu hosp,3,2025-12-06,29,quantile,0.25,50
2025-11-15,wk inc flu hosp,0,2025-11-15,29,quantile,0.3,25
2025-11-15,wk inc flu hosp,1,2025-11-22,29,quantile,0.3,34
2025-11-15,wk inc flu hosp,2,2025-11-29,29,quantile,0.3,45
2025-11-15,wk inc flu hosp,3,2025-12-06,29,quantile,0.3,56
2025-11-15,wk inc flu hosp,0,2025-11-15,29,quantile,0.35,27
2025-11-15,wk inc flu hosp,1,2025-11-22,29,quantile,0.35,37
2025-11-15,wk inc flu hosp,2,2025-11-29,29,quantile,0.35,49
2025-11-15,wk inc flu hosp,3,2025-12-06,29,quantile,0.35,63
2025-11-15,wk inc flu hosp,0,2025-11-15,29,quantile,0.4,27
2025-11-15,wk inc flu hosp,1,2025-11-22,29,quantile,0.4,39
2025-11-15,wk inc flu hosp,2,2025-11-29,29,quantile,0.4,52
2025-11-15,wk inc flu hosp,3,2025-12-06,29,quantile,0.4,67
2025-11-15,wk inc flu hosp,0,2025-11-15,29,quantile,0.45,28
2025-11-15,wk inc flu hosp,1,2025-11-22,29,quantile,0.45,41
2025-11-15,wk inc flu hosp,2,2025-11-29,29,quantile,0.45,55
2025-11-15,wk inc flu hosp,3,2025-12-06,29,quantile,0.45,72
2025-11-15,wk inc flu hosp,0,2025-11-15,29,quantile,0.5,29
2025-11-15,wk inc flu hosp,1,2025-11-22,29,quantile,0.5,43
2025-11-15,wk inc flu hosp,2,2025-11-29,29,quantile,0.5,59
2025-11-15,wk inc flu hosp,3,2025-12-06,29,quantile,0.5,78
2025-11-15,wk inc flu hosp,0,2025-11-15,29,quantile,0.55,30
2025-11-15,wk inc flu hosp,1,2025-11-22,29,quantile,0.55,45
2025-11-15,wk inc flu hosp,2,2025-11-29,29,quantile,0.55,63
2025-11-15,wk inc flu hosp,3,2025-12-06,29,quantile,0.55,84
2025-11-15,wk inc flu hosp,0,2025-11-15,29,quantile,0.6,31
2025-11-15,wk inc flu hosp,1,2025-11-22,29,quantile,0.6,48
2025-11-15,wk inc flu hosp,2,2025-11-29,29,quantile,0.6,67
2025-11-15,wk inc flu hosp,3,2025-12-06,29,quantile,0.6,90
2025-11-15,wk inc flu hosp,0,2025-11-15,29,quantile,0.65,33
2025-11-15,wk inc flu hosp,1,2025-11-22,29,quantile,0.65,51
2025-11-15,wk inc flu hosp,2,2025-11-29,29,quantile,0.65,72
2025-11-15,wk inc flu hosp,3,2025-12-06,29,quantile,0.65,96
2025-11-15,wk inc flu hosp,0,2025-11-15,29,quantile,0.7,34
2025-11-15,wk inc flu hosp,1,2025-11-22,29,quantile,0.7,53
2025-11-15,wk inc flu hosp,2,2025-11-29,29,quantile,0.7,76
2025-11-15,wk inc flu hosp,3,2025-12-06,29,quantile,0.7,104
2025-11-15,wk inc flu hosp,0,2025-11-15,29,quantile,0.75,36
2025-11-15,wk inc flu hosp,1,2025-11-22,29,quantile,0.75,57
2025-11-15,wk inc flu hosp,2,2025-11-29,29,quantile,0.75,82
2025-11-15,wk inc flu hosp,3,2025-12-06,29,quantile,0.75,112
2025-11-15,wk inc flu hosp,0,2025-11-15,29,quantile,0.8,38
2025-11-15,wk inc flu hosp,1,2025-11-22,29,quantile,0.8,61
2025-11-15,wk inc flu hosp,2,2025-11-29,29,quantile,0.8,89
2025-11-15,wk inc flu hosp,3,2025-12-06,29,quantile,0.8,123
2025-11-15,wk inc flu hosp,0,2025-11-15,29,quantile,0.85,40
2025-11-15,wk inc flu hosp,1,2025-11-22,29,quantile,0.85,65
2025-11-15,wk inc flu hosp,2,2025-11-29,29,quantile,0.85,96
2025-11-15,wk inc flu hosp,3,2025-12-06,29,quantile,0.85,134
2025-11-15,wk inc flu hosp,0,2025-11-15,29,quantile,0.9,44
2025-11-15,wk inc flu hosp,1,2025-11-22,29,quantile,0.9,73
2025-11-15,wk inc flu hosp,2,2025-11-29,29,quantile,0.9,109
2025-11-15,wk inc flu hosp,3,2025-12-06,29,quantile,0.9,153
2025-11-15,wk inc flu hosp,0,2025-11-15,29,quantile,0.95,49
2025-11-15,wk inc flu hosp,1,2025-11-22,29,quantile,0.95,86
2025-11-15,wk inc flu hosp,2,2025-11-29,29,quantile,0.95,129
2025-11-15,wk inc flu hosp,3,2025-12-06,29,quantile,0.95,185
2025-11-15,wk inc flu hosp,0,2025-11-15,29,quantile,0.975,57
2025-11-15,wk inc flu hosp,1,2025-11-22,29,quantile,0.975,99
2025-11-15,wk inc flu hosp,2,2025-11-29,29,quantile,0.975,151
2025-11-15,wk inc flu hosp,3,2025-12-06,29,quantile,0.975,223
2025-11-15,wk inc flu hosp,0,2025-11-15,29,quantile,0.99,63
2025-11-15,wk inc flu hosp,1,2025-11-22,29,quantile,0.99,120
2025-11-15,wk inc flu hosp,2,2025-11-29,29,quantile,0.99,178
2025-11-15,wk inc flu hosp,3,2025-12-06,29,quantile,0.99,265
